<?xml version="1.0"?>
<FCCS_file xmlns:xsi="http://www.w3.org/2001/XMLSchema-instance" schemaVersion="1.4" xsi:noNamespaceSchemaLocation="cash.xsd">
	<fuelbed_number>5142_232</fuelbed_number>
	<fuelbed_name>PP DF WL|25-40yr|Medium density</fuelbed_name>
	<fuelbed_description>Ponderosa pine, Douglas-fir, and western larch forest. Established 25 to 40 years ago following wildfire with salvage logging. Dense, multi-layered forest with poles, seedlings, saplings, and natural fuel accumulations. Shrubs are sparsely distributed with grass. Medium-density.</fuelbed_description>
	<ecoregion>340,330</ecoregion>
	<vegetation_form>2</vegetation_form>
	<structural_class>7</structural_class>
	<cover_type>118,120,144</cover_type>
	<change_agent>18</change_agent>
	<natural_fire_regime>1</natural_fire_regime>
	<condition_class>1</condition_class>
	<user_name>Okanogan Wenatchee NF</user_name>
	<address />
	<affiliation>USFS</affiliation>
	<phone />
	<file_owner_email>rharrod@fs.fed.us</file_owner_email>
	<notes>This fuelbed created in cooperation with Richy Harrod, Jim Bailey, John Barnes, Jen Croft and Rick Lind of the Okanogan and Wenatchee NF.  Modified PNW-105 pg 163  165 for stand and fuel loading data- cut the snags out from fuelbed OW169 to reflect salvage with debris removal.Edited by Susan Prichard and Ellen Eberhardt, February 2009.</notes>
	<date_collected>Apr 2, 2009</date_collected>
	<fuelbed_confidence />
	<fuelbed>
		<canopy>
			<trees>
				<total_percent_cover max="100" min="10" unit="number">24.75</total_percent_cover>
				<overstory>
					<percent_cover max="50" min="0" unit="number">0.5</percent_cover>
					<height max="100" min="30" unit="feet">95</height>
					<height_to_live_crown max="30" min="0" unit="feet">45.0</height_to_live_crown>
					<stem_density max="300" min="0" unit="number_per_acre">0.75</stem_density>
					<diameter_at_breast_height max="24" min="10" unit="inches">25.0</diameter_at_breast_height>
					<species>
						<species_description>
							<tsn>183417</tsn>
							<relative_cover>20</relative_cover>
						</species_description>
						<species_description>
							<tsn>183424</tsn>
							<relative_cover>20</relative_cover>
						</species_description>
						<species_description>
							<tsn>183365</tsn>
							<relative_cover>60</relative_cover>
						</species_description>
					</species>
				</overstory>
				<midstory>
					<percent_cover max="100" min="0" unit="number">11.25</percent_cover>
					<height max="65" min="3" unit="feet">20</height>
					<height_to_live_crown max="35" min="0" unit="feet">4.5</height_to_live_crown>
					<stem_density max="2000" min="0" unit="number_per_acre">125.0</stem_density>
					<diameter_at_breast_height max="14" min="2" unit="inches">6.25</diameter_at_breast_height>
					<species>
						<species_description>
							<tsn>183417</tsn>
							<relative_cover>25</relative_cover>
						</species_description>
						<species_description>
							<tsn>183365</tsn>
							<relative_cover>25</relative_cover>
						</species_description>
						<species_description>
							<tsn>183424</tsn>
							<relative_cover>50</relative_cover>
						</species_description>
					</species>
				</midstory>
				<understory>
					<percent_cover max="100" min="0" unit="number">0.0</percent_cover>
					<height max="25" min="0.1" unit="feet">0.0</height>
					<height_to_live_crown max="25" min="0" unit="feet">0.0</height_to_live_crown>
					<stem_density max="1800" min="0" unit="number_per_acre">0.0</stem_density>
					<diameter_at_breast_height max="7" min="0.1" unit="inches">0.0</diameter_at_breast_height>
					<species>
						<species_description>
							<tsn>183365</tsn>
							<relative_cover>25</relative_cover>
						</species_description>
						<species_description>
							<tsn>183417</tsn>
							<relative_cover>25</relative_cover>
						</species_description>
						<species_description>
							<tsn>183424</tsn>
							<relative_cover>50</relative_cover>
						</species_description>
					</species>
				</understory>
			</trees>
			<snags>
				<class_1_conifers_with_foliage>
					<percent_cover unit="number" />
					<height_to_crown_base unit="feet" />
					<stem_density unit="number_per_acre" />
					<diameter unit="inches" />
					<height unit="feet" />
					<species />
				</class_1_conifers_with_foliage>
				<class_1_all_others>
					<stem_density unit="number_per_acre" />
					<diameter unit="inches" />
					<height unit="feet" />
					<species />
				</class_1_all_others>
				<class_2>
					<stem_density max="30" min="0" unit="number_per_acre">2</stem_density>
					<diameter max="45" min="0" unit="inches">5</diameter>
					<height max="120" min="10" unit="feet">10</height>
					<species>
						<species_description>
							<tsn>183365</tsn>
							<relative_cover>23.00</relative_cover>
						</species_description>
						<species_description>
							<tsn>183424</tsn>
							<relative_cover>77.00</relative_cover>
						</species_description>
					</species>
				</class_2>
				<class_3>
					<stem_density max="30" min="0" unit="number_per_acre">2</stem_density>
					<diameter max="30" min="10" unit="inches">22</diameter>
					<height max="120" min="30" unit="feet">45</height>
					<species>
						<species_description>
							<tsn>183417</tsn>
							<relative_cover>50</relative_cover>
						</species_description>
						<species_description>
							<tsn>183365</tsn>
							<relative_cover>50</relative_cover>
						</species_description>
					</species>
				</class_3>
			</snags>
			<ladder_fuels>
				<minimum_height max="6" min="0" unit="feet">2</minimum_height>
				<maximum_height max="25" min="2" unit="feet">25</maximum_height>
				<is_vertically_contiguous>1</is_vertically_contiguous>
				<type>7</type>
			</ladder_fuels>
		</canopy>
		<shrubs>
			<primary_layer>
				<percent_cover max="50" min="0" unit="number">1.125</percent_cover>
				<height max="10" min="0.1" unit="feet">1</height>
				<percent_live max="100" min="20" unit="number">60.0</percent_live>
				<species>
					<species_description>
						<tsn>23571</tsn>
						<relative_cover>30</relative_cover>
					</species_description>
					<species_description>
						<tsn>28453</tsn>
						<relative_cover>5</relative_cover>
					</species_description>
					<species_description>
						<tsn>23530</tsn>
						<relative_cover>15</relative_cover>
					</species_description>
					<species_description>
						<tsn>25109</tsn>
						<relative_cover>25</relative_cover>
					</species_description>
					<species_description>
						<tsn>25177</tsn>
						<relative_cover>20</relative_cover>
					</species_description>
					<species_description>
						<tsn>22476</tsn>
						<relative_cover>5</relative_cover>
					</species_description>
				</species>
			</primary_layer>
			<secondary_layer>
				<percent_cover unit="number">0.0</percent_cover>
				<height unit="feet" />
				<percent_live unit="number">0.0</percent_live>
				<species />
			</secondary_layer>
			<needle_drape>
				<is_sufficient_to_affect_fire_behavior>0</is_sufficient_to_affect_fire_behavior>
			</needle_drape>
		</shrubs>
		<herbaceous>
			<primary_layer>
				<percent_cover max="100" min="0" unit="number">11.25</percent_cover>
				<height max="2" min="0.1" unit="feet">1</height>
				<loading max="4" min="0.1" unit="tons_per_acre">0.1875</loading>
				<percent_live max="100" min="50" unit="number">60.0</percent_live>
				<species>
					<species_description>
						<tsn>40540</tsn>
						<relative_cover>75</relative_cover>
					</species_description>
					<species_description>
						<tsn>40816</tsn>
						<relative_cover>5</relative_cover>
					</species_description>
					<species_description>
						<tsn>36818</tsn>
						<relative_cover>20</relative_cover>
					</species_description>
				</species>
			</primary_layer>
			<secondary_layer>
				<percent_cover max="30" min="0" unit="number">1.125</percent_cover>
				<height max="5" min="0.1" unit="feet">1</height>
				<loading max="3" min="0" unit="tons_per_acre">0.037500000000000006</loading>
				<percent_live max="100" min="50" unit="number">75.0</percent_live>
				<species>
					<species_description>
						<tsn>36561</tsn>
						<relative_cover>100</relative_cover>
					</species_description>
				</species>
			</secondary_layer>
		</herbaceous>
		<woody_fuel>
			<all_downed_woody_fuel>
				<total_percent_cover max="50" min="0" unit="number">15.0</total_percent_cover>
				<depth max="5" min="0" unit="inches">0.75</depth>
			</all_downed_woody_fuel>
			<sound_wood>
				<all_sound_wood>
					<species>
						<species_description>
							<tsn>183417</tsn>
							<relative_cover>20</relative_cover>
						</species_description>
						<species_description>
							<tsn>183365</tsn>
							<relative_cover>70</relative_cover>
						</species_description>
						<species_description>
							<tsn>183424</tsn>
							<relative_cover>5</relative_cover>
						</species_description>
						<species_description>
							<tsn>183327</tsn>
							<relative_cover>5</relative_cover>
						</species_description>
					</species>
				</all_sound_wood>
				<loadings_zero_to_three_inches>
					<zero_to_quarter_inch max="1" min="0" unit="tons_per_acre">1.125</zero_to_quarter_inch>
					<quarter_inch_to_one_inch max="4" min="0" unit="tons_per_acre">2.25</quarter_inch_to_one_inch>
					<one_to_three_inches max="6" min="0" unit="tons_per_acre">1.125</one_to_three_inches>
				</loadings_zero_to_three_inches>
				<loadings_greater_than_three_inches>
					<three_to_nine_inches max="83" min="0" unit="tons_per_acre">0.375</three_to_nine_inches>
					<nine_to_twenty_inches max="25" min="0" unit="tons_per_acre">0.15000000000000002</nine_to_twenty_inches>
					<greater_than_twenty_inches max="6" min="0" unit="tons_per_acre">0.375</greater_than_twenty_inches>
				</loadings_greater_than_three_inches>
			</sound_wood>
			<rotten_wood>
				<all_rotten_wood>
					<species />
				</all_rotten_wood>
				<loadings_greater_than_three_inches>
					<three_to_nine_inches unit="tons_per_acre">0.125</three_to_nine_inches>
					<nine_to_twenty_inches unit="tons_per_acre">0.05</nine_to_twenty_inches>
					<greater_than_twenty_inches unit="tons_per_acre">0.125</greater_than_twenty_inches>
				</loadings_greater_than_three_inches>
			</rotten_wood>
			<stumps>
				<sound>
					<stem_density max="250" min="0" unit="number_per_acre">422.25</stem_density>
					<diameter max="20" min="6" unit="inches">14</diameter>
					<height max="1" min="0.5" unit="feet">1</height>
					<species>
						<species_description>
							<tsn>183417</tsn>
							<relative_cover>10</relative_cover>
						</species_description>
						<species_description>
							<tsn>183365</tsn>
							<relative_cover>80</relative_cover>
						</species_description>
						<species_description>
							<tsn>183424</tsn>
							<relative_cover>10</relative_cover>
						</species_description>
					</species>
				</sound>
				<rotten>
					<stem_density max="150" min="0" unit="number_per_acre">35</stem_density>
					<diameter max="20" min="6" unit="inches">14</diameter>
					<height max="3" min="1" unit="feet">1</height>
					<species>
						<species_description>
							<tsn>183412</tsn>
							<relative_cover>35</relative_cover>
						</species_description>
						<species_description>
							<tsn>183365</tsn>
							<relative_cover>20</relative_cover>
						</species_description>
						<species_description>
							<tsn>183424</tsn>
							<relative_cover>45</relative_cover>
						</species_description>
					</species>
				</rotten>
				<lightered_pitchy>
					<stem_density unit="number_per_acre" />
					<diameter unit="inches" />
					<height unit="feet" />
					<species />
				</lightered_pitchy>
			</stumps>
		</woody_fuel>
		<moss_lichen_litter>
			<moss>
				<type />
				<percent_cover unit="number" />
				<depth unit="inches" />
			</moss>
			<ground_lichen>
				<percent_cover unit="number" />
				<depth unit="inches" />
			</ground_lichen>
			<litter>
				<percent_cover max="100" min="0" unit="number">43.75</percent_cover>
				<depth max="3" min="0" unit="inches">0.875</depth>
				<arrangement>3</arrangement>
				<litter_type>
					<short_needle_pine>
						<relative_cover />
					</short_needle_pine>
					<long_needle_pine>
						<relative_cover>70.0</relative_cover>
					</long_needle_pine>
					<other_conifer>
						<relative_cover>10.0</relative_cover>
					</other_conifer>
					<broadleaf_deciduous>
						<relative_cover />
					</broadleaf_deciduous>
					<broadleaf_evergreen>
						<relative_cover />
					</broadleaf_evergreen>
					<palm_frond>
						<relative_cover />
					</palm_frond>
					<grass>
						<relative_cover>20.0</relative_cover>
					</grass>
				</litter_type>
			</litter>
		</moss_lichen_litter>
		<ground_fuel>
			<duff>
				<upper>
					<depth max="2" min="0" unit="inches">0.2</depth>
					<percent_cover max="80" min="40" unit="number">60</percent_cover>
					<derivation>1</derivation>
				</upper>
				<lower>
					<depth max="2" min="0" unit="inches">0.2</depth>
					<percent_cover max="80" min="40" unit="number">60</percent_cover>
					<derivation>3</derivation>
				</lower>
			</duff>
			<squirrel_middens>
				<depth unit="inches" />
				<radius unit="feet" />
				<number_per_unit_area unit="number_per_acre" />
			</squirrel_middens>
			<basal_accumulation>
				<depth max="-3" min="-3" unit="inches">0.2</depth>
				<radius max="-3" min="-3" unit="feet">3</radius>
				<number_per_unit_area unit="number_per_acre">0.9</number_per_unit_area>
				<type>2</type>
			</basal_accumulation>
		</ground_fuel>
	</fuelbed>
</FCCS_file>
