<?xml version="1.0"?>
<FCCS_file xmlns:xsi="http://www.w3.org/2001/XMLSchema-instance" schemaVersion="1.4" xsi:noNamespaceSchemaLocation="cash.xsd">
	<fuelbed_number>5359_313</fuelbed_number>
	<fuelbed_name>RF|80-120yr|Rx-SC-PB</fuelbed_name>
	<fuelbed_description>Red fir forest. Occurs at middle elevations of the southern Cascades and Lake Tahoe Basin. Established 80 to 120 years ago. Stand may have had a precommercial thin during the years 25-50 and has had a recent low intensity wildfire or prescribed underburn followed by a select tree harvest with woody fuels piled and burned.</fuelbed_description>
	<ecoregion>260,340</ecoregion>
	<vegetation_form>2</vegetation_form>
	<structural_class>7</structural_class>
	<cover_type>114</cover_type>
	<change_agent>8,12,16,20,30</change_agent>
	<natural_fire_regime>1</natural_fire_regime>
	<condition_class>2</condition_class>
	<user_name>Tom Leuschen</user_name>
	<address>PO Box 664
Twisp, WA 98856</address>
	<affiliation>Fire Vision LLC contract consultant</affiliation>
	<phone>509-997-5052</phone>
	<file_owner_email>tom@firevisionllc.com</file_owner_email>
	<notes>Created from ow025 and changed species for canopy and woody fuels. AA updated species composition based on R5-ECOL-TP-003.</notes>
	<date_collected>Nov 3, 2009</date_collected>
	<fuelbed_confidence />
	<fuelbed>
		<canopy>
			<trees>
				<total_percent_cover max="75" min="40" unit="number">51.0</total_percent_cover>
				<overstory>
					<percent_cover max="80" min="10" unit="number">22.5</percent_cover>
					<height max="40" min="20" unit="feet">100</height>
					<height_to_live_crown max="8" min="4" unit="feet">43.75</height_to_live_crown>
					<stem_density max="300" min="40" unit="number_per_acre">30.0</stem_density>
					<diameter_at_breast_height max="9" min="3.3" unit="inches">19.8</diameter_at_breast_height>
					<species>
						<species_description>
							<tsn>181834</tsn>
							<relative_cover>100</relative_cover>
						</species_description>
					</species>
				</overstory>
				<midstory>
					<percent_cover max="-2" min="-2" unit="number">15.0</percent_cover>
					<height max="-2" min="-2" unit="feet">60</height>
					<height_to_live_crown max="-2" min="-2" unit="feet">6.25</height_to_live_crown>
					<stem_density max="-2" min="-2" unit="number_per_acre">37.5</stem_density>
					<diameter_at_breast_height max="-2" min="-2" unit="inches">8.8</diameter_at_breast_height>
					<species>
						<species_description>
							<tsn>181834</tsn>
							<relative_cover>100</relative_cover>
						</species_description>
					</species>
				</midstory>
				<understory>
					<percent_cover max="70" min="5" unit="number">5.0</percent_cover>
					<height max="10" min="1" unit="feet">5</height>
					<height_to_live_crown max="2" min="0" unit="feet">1</height_to_live_crown>
					<stem_density max="500" min="20" unit="number_per_acre">12.5</stem_density>
					<diameter_at_breast_height max="1" min="0.1" unit="inches">0.5</diameter_at_breast_height>
					<species>
						<species_description>
							<tsn>181834</tsn>
							<relative_cover>90</relative_cover>
						</species_description>
						<species_description>
							<tsn>183356</tsn>
							<relative_cover>10</relative_cover>
						</species_description>
					</species>
				</understory>
			</trees>
			<snags>
				<class_1_conifers_with_foliage>
					<percent_cover unit="number" />
					<height_to_crown_base unit="feet" />
					<stem_density unit="number_per_acre" />
					<diameter unit="inches" />
					<height unit="feet" />
					<species />
				</class_1_conifers_with_foliage>
				<class_1_all_others>
					<stem_density unit="number_per_acre" />
					<diameter unit="inches" />
					<height unit="feet" />
					<species />
				</class_1_all_others>
				<class_2>
					<stem_density max="-3" min="-3" unit="number_per_acre">2</stem_density>
					<diameter max="-3" min="-3" unit="inches">17</diameter>
					<height max="-3" min="-3" unit="feet">35</height>
					<species>
						<species_description>
							<tsn>181834</tsn>
							<relative_cover>100</relative_cover>
						</species_description>
					</species>
				</class_2>
				<class_3>
					<stem_density max="-3" min="-3" unit="number_per_acre">2</stem_density>
					<diameter max="-3" min="-3" unit="inches">17</diameter>
					<height max="-3" min="-3" unit="feet">10</height>
					<species>
						<species_description>
							<tsn>181834</tsn>
							<relative_cover>100</relative_cover>
						</species_description>
					</species>
				</class_3>
			</snags>
			<ladder_fuels>
				<minimum_height max="-3" min="-3" unit="feet">1</minimum_height>
				<maximum_height max="-3" min="-3" unit="feet">5</maximum_height>
				<is_vertically_contiguous>0</is_vertically_contiguous>
				<type>2</type>
			</ladder_fuels>
		</canopy>
		<shrubs>
			<primary_layer>
				<percent_cover max="70" min="30" unit="number">15.0046875</percent_cover>
				<height max="6" min="2" unit="feet">1</height>
				<percent_live max="80" min="40" reference_id="1364" unit="number">70.0</percent_live>
				<species>
					<species_description>
						<tsn>23503</tsn>
						<relative_cover>33</relative_cover>
					</species_description>
					<species_description>
						<tsn>508098</tsn>
						<relative_cover>33</relative_cover>
					</species_description>
					<species_description>
						<tsn>28458</tsn>
						<relative_cover>34</relative_cover>
					</species_description>
				</species>
			</primary_layer>
			<secondary_layer>
				<percent_cover unit="number">0.0</percent_cover>
				<height unit="feet" />
				<percent_live unit="number">0.0</percent_live>
				<species />
			</secondary_layer>
			<needle_drape>
				<is_sufficient_to_affect_fire_behavior>0</is_sufficient_to_affect_fire_behavior>
			</needle_drape>
		</shrubs>
		<herbaceous>
			<primary_layer>
				<percent_cover max="40" min="0" unit="number">5.000625</percent_cover>
				<height max="4" min="0" unit="feet">0.5</height>
				<loading max="1" min="0" unit="tons_per_acre">0.0200025</loading>
				<percent_live max="99" min="75" reference_id="1358" unit="number">89.97749999999999</percent_live>
				<species>
					<species_description>
						<tsn>525109</tsn>
						<relative_cover>25</relative_cover>
					</species_description>
					<species_description>
						<tsn>37693</tsn>
						<relative_cover>25</relative_cover>
					</species_description>
					<species_description>
						<tsn>894656</tsn>
						<relative_cover>25</relative_cover>
					</species_description>
					<species_description>
						<tsn>23761</tsn>
						<relative_cover>25</relative_cover>
					</species_description>
				</species>
			</primary_layer>
			<secondary_layer>
				<percent_cover unit="number">0.0</percent_cover>
				<height unit="feet" />
				<loading unit="tons_per_acre">0.0</loading>
				<percent_live unit="number">0.0</percent_live>
				<species />
			</secondary_layer>
		</herbaceous>
		<woody_fuel>
			<all_downed_woody_fuel>
				<total_percent_cover max="70" min="30" unit="number">79.98</total_percent_cover>
				<depth max="5" min="0.5" unit="inches">0.09997500000000001</depth>
			</all_downed_woody_fuel>
			<sound_wood>
				<all_sound_wood>
					<species>
						<species_description>
							<tsn>181834</tsn>
							<relative_cover>100</relative_cover>
						</species_description>
					</species>
				</all_sound_wood>
				<loadings_zero_to_three_inches>
					<zero_to_quarter_inch max="1" min="0" unit="tons_per_acre">0.29992499999999994</zero_to_quarter_inch>
					<quarter_inch_to_one_inch max="1" min="0.1" unit="tons_per_acre">0.19995000000000002</quarter_inch_to_one_inch>
					<one_to_three_inches max="4" min="0.7" unit="tons_per_acre">0.29992499999999994</one_to_three_inches>
				</loadings_zero_to_three_inches>
				<loadings_greater_than_three_inches>
					<three_to_nine_inches max="0" min="0" unit="tons_per_acre">0.16875</three_to_nine_inches>
					<nine_to_twenty_inches max="0" min="0" unit="tons_per_acre">0.10125</nine_to_twenty_inches>
					<greater_than_twenty_inches max="0" min="0" unit="tons_per_acre">0.0675</greater_than_twenty_inches>
				</loadings_greater_than_three_inches>
			</sound_wood>
			<rotten_wood>
				<all_rotten_wood>
					<species>
						<species_description>
							<tsn>181834</tsn>
							<relative_cover>100</relative_cover>
						</species_description>
					</species>
				</all_rotten_wood>
				<loadings_greater_than_three_inches>
					<three_to_nine_inches max="16" min="5" unit="tons_per_acre">0.73125</three_to_nine_inches>
					<nine_to_twenty_inches max="24" min="4" unit="tons_per_acre">0.7987500000000001</nine_to_twenty_inches>
					<greater_than_twenty_inches max="10" min="0" unit="tons_per_acre">0.8325000000000001</greater_than_twenty_inches>
				</loadings_greater_than_three_inches>
			</rotten_wood>
			<stumps>
				<sound>
					<stem_density max="-3" min="-3" unit="number_per_acre"></stem_density>
					<diameter max="-3" min="-3" unit="inches"></diameter>
					<height max="-3" min="-3" unit="feet"></height>
					<species />
				</sound>
				<rotten>
					<stem_density max="150" min="80" unit="number_per_acre">102.5</stem_density>
					<diameter max="44" min="28" unit="inches">5</diameter>
					<height max="4" min="1" unit="feet">1</height>
					<species>
						<species_description>
							<tsn>183356</tsn>
							<relative_cover>100</relative_cover>
						</species_description>
					</species>
				</rotten>
				<lightered_pitchy>
					<stem_density unit="number_per_acre" />
					<diameter unit="inches" />
					<height unit="feet" />
					<species />
				</lightered_pitchy>
			</stumps>
		</woody_fuel>
		<moss_lichen_litter>
			<moss>
				<type />
				<percent_cover unit="number">0.0</percent_cover>
				<depth unit="inches">0.0</depth>
			</moss>
			<ground_lichen>
				<percent_cover unit="number">0.0</percent_cover>
				<depth unit="inches">0.0</depth>
			</ground_lichen>
			<litter>
				<percent_cover max="100" min="90" unit="number">89.97749999999999</percent_cover>
				<depth max="1.5" min="0.5" unit="inches">0.19995000000000002</depth>
				<arrangement>3</arrangement>
				<litter_type>
					<short_needle_pine>
						<relative_cover />
					</short_needle_pine>
					<long_needle_pine>
						<relative_cover />
					</long_needle_pine>
					<other_conifer>
						<relative_cover>90.0</relative_cover>
					</other_conifer>
					<broadleaf_deciduous>
						<relative_cover />
					</broadleaf_deciduous>
					<broadleaf_evergreen>
						<relative_cover>10.0</relative_cover>
					</broadleaf_evergreen>
					<palm_frond>
						<relative_cover />
					</palm_frond>
					<grass>
						<relative_cover />
					</grass>
				</litter_type>
			</litter>
		</moss_lichen_litter>
		<ground_fuel>
			<duff>
				<upper>
					<depth max="1.5" min="0.25" unit="inches">0.07500000000000001</depth>
					<percent_cover max="70" min="30" unit="number">37.5</percent_cover>
					<derivation>1</derivation>
				</upper>
				<lower>
					<depth max="1.5" min="0.75" unit="inches">0.07500000000000001</depth>
					<percent_cover max="70" min="30" unit="number">22.5</percent_cover>
					<derivation>3</derivation>
				</lower>
			</duff>
			<squirrel_middens>
				<depth unit="inches">0.0</depth>
				<radius unit="feet" />
				<number_per_unit_area unit="number_per_acre">0.0</number_per_unit_area>
			</squirrel_middens>
			<basal_accumulation>
				<depth unit="inches">0.0</depth>
				<radius unit="feet" />
				<number_per_unit_area unit="number_per_acre">0.0</number_per_unit_area>
				<type />
			</basal_accumulation>
		</ground_fuel>
	</fuelbed>
</FCCS_file>
