<?xml version="1.0"?>
<FCCS_file xmlns:xsi="http://www.w3.org/2001/XMLSchema-instance" schemaVersion="1.4" xsi:noNamespaceSchemaLocation="cash.xsd">
	<fuelbed_number>5404_513</fuelbed_number>
	<fuelbed_name>Subalpine (moist)|10-40yr</fuelbed_name>
	<fuelbed_description>Cold, moist subalpine forest. Dense stand of lodgepole pine seedlings and saplings from 10 to 40 years old. The majority of snags have fallen.</fuelbed_description>
	<ecoregion>240,260,340,330</ecoregion>
	<vegetation_form>2</vegetation_form>
	<structural_class>3</structural_class>
	<cover_type>113,125</cover_type>
	<change_agent>18</change_agent>
	<natural_fire_regime>4</natural_fire_regime>
	<condition_class>1</condition_class>
	<user_name>Tom Leuschen, Roger Ottmar</user_name>
	<address>PO Box 664 Twisp, WA 98856</address>
	<affiliation>Fire Vision LLC Contract consultant</affiliation>
	<phone>509-997-5052</phone>
	<file_owner_email>tom@firevisionllc.com</file_owner_email>
	<notes>Entered woody, duff, litter, snags and stand data from photo RB, LP-05. Nonwoody and shrub species and rel. covers from Field Guide to Forested Plant Associations of the Wenatchee National Forest.Edited by Susan Prichard and Ellen Eberhardt, February 2009.</notes>
	<date_collected>Mar 27, 2009</date_collected>
	<fuelbed_confidence />
	<fuelbed>
		<canopy>
			<trees>
				<total_percent_cover max="97" min="25" unit="number">68.39999999999999</total_percent_cover>
				<overstory>
					<percent_cover max="5" min="0" unit="number">34.199999999999996</percent_cover>
					<height max="110" min="17" unit="feet">30</height>
					<height_to_live_crown max="40" min="3" unit="feet">17.325</height_to_live_crown>
					<stem_density max="72" min="0" unit="number_per_acre">85.5</stem_density>
					<diameter_at_breast_height max="25" min="4.5" unit="inches">5</diameter_at_breast_height>
					<species>
						<species_description>
							<tsn>183327</tsn>
							<relative_cover>100</relative_cover>
						</species_description>
					</species>
				</overstory>
				<midstory>
					<percent_cover max="75" min="25" unit="number">51.3</percent_cover>
					<height max="70" min="30" unit="feet">20</height>
					<height_to_live_crown max="60" min="5" unit="feet">5.775</height_to_live_crown>
					<stem_density max="600" min="100" unit="number_per_acre">342.0</stem_density>
					<diameter_at_breast_height max="18" min="8" unit="inches">3</diameter_at_breast_height>
					<species>
						<species_description>
							<tsn>183327</tsn>
							<relative_cover>95</relative_cover>
						</species_description>
						<species_description>
							<tsn>183291</tsn>
							<relative_cover>3</relative_cover>
						</species_description>
						<species_description>
							<tsn>181830</tsn>
							<relative_cover>2</relative_cover>
						</species_description>
					</species>
				</midstory>
				<understory>
					<percent_cover unit="number" />
					<height unit="feet" />
					<height_to_live_crown unit="feet" />
					<stem_density unit="number_per_acre" />
					<diameter_at_breast_height unit="inches" />
					<species />
				</understory>
			</trees>
			<snags>
				<class_1_conifers_with_foliage>
					<percent_cover unit="number"></percent_cover>
					<height_to_crown_base unit="feet"></height_to_crown_base>
					<stem_density unit="number_per_acre"></stem_density>
					<diameter unit="inches"></diameter>
					<height unit="feet"></height>
					<species />
				</class_1_conifers_with_foliage>
				<class_1_all_others>
					<stem_density max="-3" min="-3" unit="number_per_acre">72.5</stem_density>
					<diameter max="-3" min="-3" unit="inches">3.4</diameter>
					<height max="-3" min="-3" unit="feet">30</height>
					<species>
						<species_description>
							<tsn>183327</tsn>
							<relative_cover>100</relative_cover>
						</species_description>
					</species>
				</class_1_all_others>
				<class_2>
					<stem_density max="30" min="0" unit="number_per_acre">50.0</stem_density>
					<diameter max="60" min="2.5" unit="inches">3.4</diameter>
					<height max="90" min="30" unit="feet">30</height>
					<species>
						<species_description>
							<tsn>183327</tsn>
							<relative_cover>100</relative_cover>
						</species_description>
					</species>
				</class_2>
				<class_3>
					<stem_density max="15" min="0" unit="number_per_acre">10</stem_density>
					<diameter max="60" min="2.5" unit="inches">15</diameter>
					<height max="80" min="5" unit="feet">60</height>
					<species>
						<species_description>
							<tsn>181830</tsn>
							<relative_cover>50</relative_cover>
						</species_description>
						<species_description>
							<tsn>183327</tsn>
							<relative_cover>50</relative_cover>
						</species_description>
					</species>
				</class_3>
			</snags>
			<ladder_fuels>
				<minimum_height max="15" min="0.5" unit="feet">5</minimum_height>
				<maximum_height max="30" min="1" unit="feet">30</maximum_height>
				<is_vertically_contiguous>0</is_vertically_contiguous>
				<type>2</type>
			</ladder_fuels>
		</canopy>
		<shrubs>
			<primary_layer>
				<percent_cover max="90" min="15" unit="number">30</percent_cover>
				<height max="10" min="1" unit="feet">3.5</height>
				<percent_live max="100" min="60" unit="number">90</percent_live>
				<species>
					<species_description>
						<tsn>23605</tsn>
						<relative_cover>50</relative_cover>
					</species_description>
					<species_description>
						<tsn>23613</tsn>
						<relative_cover>40</relative_cover>
					</species_description>
					<species_description>
						<tsn>504149</tsn>
						<relative_cover>5</relative_cover>
					</species_description>
					<species_description>
						<tsn>25331</tsn>
						<relative_cover>5</relative_cover>
					</species_description>
				</species>
			</primary_layer>
			<secondary_layer>
				<percent_cover unit="number" />
				<height unit="feet" />
				<percent_live unit="number" />
				<species />
			</secondary_layer>
			<needle_drape>
				<is_sufficient_to_affect_fire_behavior>0</is_sufficient_to_affect_fire_behavior>
			</needle_drape>
		</shrubs>
		<herbaceous>
			<primary_layer>
				<percent_cover max="16" min="0" unit="number">7</percent_cover>
				<height max="2" min="0.5" unit="feet">2.5</height>
				<loading max="4" min="0" unit="tons_per_acre">0.1</loading>
				<percent_live max="99" min="65" unit="number">85</percent_live>
				<species>
					<species_description>
						<tsn>36566</tsn>
						<relative_cover>33</relative_cover>
					</species_description>
					<species_description>
						<tsn>43593</tsn>
						<relative_cover>33</relative_cover>
					</species_description>
					<species_description>
						<tsn>39553</tsn>
						<relative_cover>34</relative_cover>
					</species_description>
				</species>
			</primary_layer>
			<secondary_layer>
				<percent_cover unit="number" />
				<height unit="feet" />
				<loading unit="tons_per_acre" />
				<percent_live unit="number" />
				<species />
			</secondary_layer>
		</herbaceous>
		<woody_fuel>
			<all_downed_woody_fuel>
				<total_percent_cover max="100" min="89" unit="number">72.60000000000001</total_percent_cover>
				<depth max="5" min="1" unit="inches">3.630000000000001</depth>
			</all_downed_woody_fuel>
			<sound_wood>
				<all_sound_wood>
					<species>
						<species_description>
							<tsn>183327</tsn>
							<relative_cover>50</relative_cover>
						</species_description>
						<species_description>
							<tsn>181830</tsn>
							<relative_cover>50</relative_cover>
						</species_description>
					</species>
				</all_sound_wood>
				<loadings_zero_to_three_inches>
					<zero_to_quarter_inch max="0.7" min="0.3" unit="tons_per_acre">0.12100000000000002</zero_to_quarter_inch>
					<quarter_inch_to_one_inch max="1.4" min="0.3" unit="tons_per_acre">0.7260000000000001</quarter_inch_to_one_inch>
					<one_to_three_inches max="2.5" min="0" unit="tons_per_acre">9.317000000000002</one_to_three_inches>
				</loadings_zero_to_three_inches>
				<loadings_greater_than_three_inches>
					<three_to_nine_inches max="11.7" min="1.8" unit="tons_per_acre">3.0</three_to_nine_inches>
					<nine_to_twenty_inches max="6.7" min="0" unit="tons_per_acre">4.5</nine_to_twenty_inches>
					<greater_than_twenty_inches max="0.6" min="0" unit="tons_per_acre">0.0</greater_than_twenty_inches>
				</loadings_greater_than_three_inches>
			</sound_wood>
			<rotten_wood>
				<all_rotten_wood>
					<species>
						<species_description>
							<tsn>183327</tsn>
							<relative_cover>100</relative_cover>
						</species_description>
					</species>
				</all_rotten_wood>
				<loadings_greater_than_three_inches>
					<three_to_nine_inches max="11.7" min="1.8" unit="tons_per_acre">4.0</three_to_nine_inches>
					<nine_to_twenty_inches max="6.7" min="1.1" unit="tons_per_acre">2.5</nine_to_twenty_inches>
					<greater_than_twenty_inches max="0.6" min="0" unit="tons_per_acre">0.0</greater_than_twenty_inches>
				</loadings_greater_than_three_inches>
			</rotten_wood>
			<stumps>
				<sound>
					<stem_density unit="number_per_acre" />
					<diameter unit="inches" />
					<height unit="feet" />
					<species />
				</sound>
				<rotten>
					<stem_density unit="number_per_acre" />
					<diameter unit="inches" />
					<height unit="feet" />
					<species />
				</rotten>
				<lightered_pitchy>
					<stem_density unit="number_per_acre" />
					<diameter unit="inches" />
					<height unit="feet" />
					<species />
				</lightered_pitchy>
			</stumps>
			<piles>
				<clean_loading unit="tons_per_acre">0.126949</clean_loading>
				<dirty_loading unit="tons_per_acre">0.000000</dirty_loading>
				<verydirty_loading unit="tons_per_acre">0.000000</verydirty_loading>
				<pileData>
					<header>pileGroupID,pileGroupName,numPiles,pileType,pileShape,W1,L1,H1,W2,L2,H2,soilPercent,packingRatio,handPileSpecies,species1_TSN,species1_percent,species2_TSN,species2_percent,pileQuality,percentConsumed</header>
					<pileGroups>
						<pileGroup>2,,2,1,5,4.00,10.00,3.50,,,,,,2,,,,,,90</pileGroup>
					</pileGroups>
				</pileData>
			</piles>
		</woody_fuel>
		<moss_lichen_litter>
			<moss>
				<type />
				<percent_cover unit="number" />
				<depth unit="inches" />
			</moss>
			<ground_lichen>
				<percent_cover unit="number" />
				<depth unit="inches" />
			</ground_lichen>
			<litter>
				<percent_cover max="80" min="20" unit="number">89.99100000000001</percent_cover>
				<depth max="1" min="0.1" unit="inches">0.49995000000000006</depth>
				<arrangement>1</arrangement>
				<litter_type>
					<short_needle_pine>
						<relative_cover>100.0</relative_cover>
					</short_needle_pine>
					<long_needle_pine>
						<relative_cover />
					</long_needle_pine>
					<other_conifer>
						<relative_cover />
					</other_conifer>
					<broadleaf_deciduous>
						<relative_cover />
					</broadleaf_deciduous>
					<broadleaf_evergreen>
						<relative_cover />
					</broadleaf_evergreen>
					<palm_frond>
						<relative_cover />
					</palm_frond>
					<grass>
						<relative_cover />
					</grass>
				</litter_type>
			</litter>
		</moss_lichen_litter>
		<ground_fuel>
			<duff>
				<upper>
					<depth max="2" min="0.5" unit="inches">0.35</depth>
					<percent_cover max="99" min="75" unit="number">90</percent_cover>
					<derivation>1</derivation>
				</upper>
				<lower>
					<depth max="2.5" min="0.4" unit="inches">0.35</depth>
					<percent_cover max="100" min="89" unit="number">90</percent_cover>
					<derivation>3</derivation>
				</lower>
			</duff>
			<squirrel_middens>
				<depth unit="inches" />
				<radius unit="feet" />
				<number_per_unit_area unit="number_per_acre" />
			</squirrel_middens>
			<basal_accumulation>
				<depth unit="inches" />
				<radius unit="feet" />
				<number_per_unit_area unit="number_per_acre" />
				<type />
			</basal_accumulation>
		</ground_fuel>
	</fuelbed>
</FCCS_file>
