<?xml version="1.0"?>
<FCCS_file xmlns:xsi="http://www.w3.org/2001/XMLSchema-instance" schemaVersion="1.4" xsi:noNamespaceSchemaLocation="cash.xsd">
	<fuelbed_number>5390_431</fuelbed_number>
	<fuelbed_name>MixedCon (Sierra)|120+yr|Wood</fuelbed_name>
	<fuelbed_description>Sierra mixed conifer forest. Common associates include ponderosa pine, Jeffrey pine, white fir, red fir, and incense cedar. Occurs at middle elevations in the southern Cascades and Sierra Nevada. Established over 120 years ago following stand-replacement wildfire. Past thin and mastication but no recent management.</fuelbed_description>
	<ecoregion>260,340</ecoregion>
	<vegetation_form>2</vegetation_form>
	<structural_class>1</structural_class>
	<cover_type>150</cover_type>
	<change_agent>18</change_agent>
	<natural_fire_regime>1</natural_fire_regime>
	<condition_class>2</condition_class>
	<user_name>Roger ottmar/Tom Leuschen</user_name>
	<address>PNW-Seattle</address>
	<affiliation>PNW-Seattle</affiliation>
	<phone>206-732-7826</phone>
	<file_owner_email>rottmar@fs.fed.us</file_owner_email>
	<notes>Used Lake Tahoe Fuelbed LT074. Altered to represent mastication in past.</notes>
	<date_collected>Mar 2, 2010</date_collected>
	<fuelbed_confidence />
	<fuelbed>
		<canopy>
			<trees>
				<total_percent_cover max="100" min="50" unit="number">17.5</total_percent_cover>
				<overstory>
					<percent_cover max="40" min="5" unit="number">5.0</percent_cover>
					<height max="120" min="30" unit="feet">110</height>
					<height_to_live_crown max="50" min="5" unit="feet">30</height_to_live_crown>
					<stem_density max="40" min="3" unit="number_per_acre">12.5</stem_density>
					<diameter_at_breast_height max="60" min="10" unit="inches">27</diameter_at_breast_height>
					<species>
						<species_description>
							<tsn>183347</tsn>
							<relative_cover>20</relative_cover>
						</species_description>
						<species_description>
							<tsn>181826</tsn>
							<relative_cover>25</relative_cover>
						</species_description>
						<species_description>
							<tsn>183365</tsn>
							<relative_cover>20</relative_cover>
						</species_description>
						<species_description>
							<tsn>183424</tsn>
							<relative_cover>25</relative_cover>
						</species_description>
						<species_description>
							<tsn>501145</tsn>
							<relative_cover>10</relative_cover>
						</species_description>
					</species>
				</overstory>
				<midstory>
					<percent_cover max="70" min="30" unit="number">10.0</percent_cover>
					<height max="80" min="20" unit="feet">80</height>
					<height_to_live_crown max="40" min="2" unit="feet">23</height_to_live_crown>
					<stem_density max="150" min="20" unit="number_per_acre">25.0</stem_density>
					<diameter_at_breast_height max="30" min="6" unit="inches">15</diameter_at_breast_height>
					<species>
						<species_description>
							<tsn>183347</tsn>
							<relative_cover>25</relative_cover>
						</species_description>
						<species_description>
							<tsn>181826</tsn>
							<relative_cover>15</relative_cover>
						</species_description>
						<species_description>
							<tsn>183365</tsn>
							<relative_cover>25</relative_cover>
						</species_description>
						<species_description>
							<tsn>183424</tsn>
							<relative_cover>20</relative_cover>
						</species_description>
						<species_description>
							<tsn>501145</tsn>
							<relative_cover>15</relative_cover>
						</species_description>
					</species>
				</midstory>
				<understory>
					<percent_cover max="60" min="10" unit="number">10</percent_cover>
					<height max="30" min="1" unit="feet">10</height>
					<height_to_live_crown max="15" min="0" unit="feet">0.1</height_to_live_crown>
					<stem_density max="2000" min="50" unit="number_per_acre">15</stem_density>
					<diameter_at_breast_height max="8" min="0.5" unit="inches">2</diameter_at_breast_height>
					<species>
						<species_description>
							<tsn>183347</tsn>
							<relative_cover>10</relative_cover>
						</species_description>
						<species_description>
							<tsn>181826</tsn>
							<relative_cover>45</relative_cover>
						</species_description>
						<species_description>
							<tsn>183365</tsn>
							<relative_cover>10</relative_cover>
						</species_description>
						<species_description>
							<tsn>183424</tsn>
							<relative_cover>10</relative_cover>
						</species_description>
						<species_description>
							<tsn>501145</tsn>
							<relative_cover>25</relative_cover>
						</species_description>
					</species>
				</understory>
			</trees>
			<snags>
				<class_1_conifers_with_foliage>
					<percent_cover unit="number">0.0</percent_cover>
					<height_to_crown_base unit="feet" />
					<stem_density unit="number_per_acre">0.0</stem_density>
					<diameter unit="inches" />
					<height unit="feet" />
					<species />
				</class_1_conifers_with_foliage>
				<class_1_all_others>
					<stem_density max="-3" min="-3" unit="number_per_acre">2.5</stem_density>
					<diameter max="-3" min="-3" unit="inches">15</diameter>
					<height max="-3" min="-3" unit="feet">60</height>
					<species>
						<species_description>
							<tsn>18035</tsn>
							<relative_cover>70</relative_cover>
						</species_description>
						<species_description>
							<tsn>183424</tsn>
							<relative_cover>30</relative_cover>
						</species_description>
					</species>
				</class_1_all_others>
				<class_2>
					<stem_density max="10" min="0" unit="number_per_acre">0.5</stem_density>
					<diameter max="70" min="6" unit="inches">12</diameter>
					<height max="120" min="10" unit="feet">30</height>
					<species>
						<species_description>
							<tsn>18035</tsn>
							<relative_cover>60</relative_cover>
						</species_description>
						<species_description>
							<tsn>183424</tsn>
							<relative_cover>40</relative_cover>
						</species_description>
					</species>
				</class_2>
				<class_3>
					<stem_density max="-3" min="-3" unit="number_per_acre">0.5</stem_density>
					<diameter max="-3" min="-3" unit="inches">12</diameter>
					<height max="-3" min="-3" unit="feet">13</height>
					<species>
						<species_description>
							<tsn>18035</tsn>
							<relative_cover>60</relative_cover>
						</species_description>
						<species_description>
							<tsn>183424</tsn>
							<relative_cover>40</relative_cover>
						</species_description>
					</species>
				</class_3>
			</snags>
			<ladder_fuels>
				<minimum_height max="15" min="0" unit="feet">0.1</minimum_height>
				<maximum_height max="30" min="1" unit="feet">10</maximum_height>
				<is_vertically_contiguous>0</is_vertically_contiguous>
				<type>7</type>
			</ladder_fuels>
		</canopy>
		<shrubs>
			<primary_layer>
				<percent_cover max="10" min="0" unit="number">5.0</percent_cover>
				<height max="6" min="0.5" reference_id="4003" unit="feet">1</height>
				<percent_live max="100" min="70" unit="number">40.0</percent_live>
				<species>
					<species_description>
						<tsn>35330</tsn>
						<relative_cover>30</relative_cover>
					</species_description>
					<species_description>
						<tsn>23467</tsn>
						<relative_cover>30</relative_cover>
					</species_description>
					<species_description>
						<tsn>28453</tsn>
						<relative_cover>30</relative_cover>
					</species_description>
					<species_description>
						<tsn>19507</tsn>
						<relative_cover>10</relative_cover>
					</species_description>
				</species>
			</primary_layer>
			<secondary_layer>
				<percent_cover unit="number">0.0</percent_cover>
				<height unit="feet" />
				<percent_live unit="number">0.0</percent_live>
				<species />
			</secondary_layer>
			<needle_drape>
				<is_sufficient_to_affect_fire_behavior>0</is_sufficient_to_affect_fire_behavior>
			</needle_drape>
		</shrubs>
		<herbaceous>
			<primary_layer>
				<percent_cover max="30" min="2" unit="number">25</percent_cover>
				<height max="2" min="0.5" unit="feet">0.6</height>
				<loading max="0.5" min="0" unit="tons_per_acre">0.1</loading>
				<percent_live max="99" min="40" unit="number">90</percent_live>
				<species>
					<species_description>
						<tsn>36428</tsn>
						<relative_cover>15</relative_cover>
					</species_description>
					<species_description>
						<tsn>525109</tsn>
						<relative_cover>35</relative_cover>
					</species_description>
					<species_description>
						<tsn>40478</tsn>
						<relative_cover>35</relative_cover>
					</species_description>
					<species_description>
						<tsn>36463</tsn>
						<relative_cover>15</relative_cover>
					</species_description>
				</species>
			</primary_layer>
			<secondary_layer>
				<percent_cover unit="number" />
				<height unit="feet" />
				<loading unit="tons_per_acre" />
				<percent_live unit="number" />
				<species />
			</secondary_layer>
		</herbaceous>
		<woody_fuel>
			<all_downed_woody_fuel>
				<total_percent_cover max="95" min="50" unit="number">100</total_percent_cover>
				<depth max="3" min="0.5" unit="inches">6.0</depth>
			</all_downed_woody_fuel>
			<sound_wood>
				<all_sound_wood>
					<species />
				</all_sound_wood>
				<loadings_zero_to_three_inches>
					<zero_to_quarter_inch max="1" min="0" unit="tons_per_acre">6.66</zero_to_quarter_inch>
					<quarter_inch_to_one_inch max="3" min="0" unit="tons_per_acre">13.29</quarter_inch_to_one_inch>
					<one_to_three_inches max="3" min="0" unit="tons_per_acre">14.97</one_to_three_inches>
				</loadings_zero_to_three_inches>
				<loadings_greater_than_three_inches>
					<three_to_nine_inches max="5" min="0" unit="tons_per_acre">8.24</three_to_nine_inches>
					<nine_to_twenty_inches max="5" min="0" unit="tons_per_acre">21.36</nine_to_twenty_inches>
					<greater_than_twenty_inches max="5" min="0" unit="tons_per_acre">7.5</greater_than_twenty_inches>
				</loadings_greater_than_three_inches>
			</sound_wood>
			<rotten_wood>
				<all_rotten_wood>
					<species>
						<species_description>
							<tsn>18035</tsn>
							<relative_cover>60</relative_cover>
						</species_description>
						<species_description>
							<tsn>183424</tsn>
							<relative_cover>40</relative_cover>
						</species_description>
					</species>
				</all_rotten_wood>
				<loadings_greater_than_three_inches>
					<three_to_nine_inches max="5" min="0" unit="tons_per_acre">2.08</three_to_nine_inches>
					<nine_to_twenty_inches max="5" min="0" unit="tons_per_acre">5.2</nine_to_twenty_inches>
					<greater_than_twenty_inches max="5" min="0" unit="tons_per_acre">0</greater_than_twenty_inches>
				</loadings_greater_than_three_inches>
			</rotten_wood>
			<stumps>
				<sound>
					<stem_density unit="number_per_acre" />
					<diameter unit="inches" />
					<height unit="feet" />
					<species />
				</sound>
				<rotten>
					<stem_density max="-3" min="-3" unit="number_per_acre">60</stem_density>
					<diameter max="-3" min="-3" unit="inches">9</diameter>
					<height max="-3" min="-3" unit="feet">1</height>
					<species>
						<species_description>
							<tsn>501145</tsn>
							<relative_cover>30</relative_cover>
						</species_description>
						<species_description>
							<tsn>181826</tsn>
							<relative_cover>70</relative_cover>
						</species_description>
					</species>
				</rotten>
				<lightered_pitchy>
					<stem_density unit="number_per_acre" />
					<diameter unit="inches" />
					<height unit="feet" />
					<species />
				</lightered_pitchy>
			</stumps>
		</woody_fuel>
		<moss_lichen_litter>
			<moss>
				<type />
				<percent_cover unit="number" />
				<depth unit="inches" />
			</moss>
			<ground_lichen>
				<percent_cover unit="number" />
				<depth unit="inches" />
			</ground_lichen>
			<litter>
				<percent_cover max="100" min="75" unit="number">100</percent_cover>
				<depth max="4" min="0.1" unit="inches">1.8</depth>
				<arrangement>1</arrangement>
				<litter_type>
					<short_needle_pine>
						<relative_cover />
					</short_needle_pine>
					<long_needle_pine>
						<relative_cover>55.0</relative_cover>
					</long_needle_pine>
					<other_conifer>
						<relative_cover>35.0</relative_cover>
					</other_conifer>
					<broadleaf_deciduous>
						<relative_cover />
					</broadleaf_deciduous>
					<broadleaf_evergreen>
						<relative_cover />
					</broadleaf_evergreen>
					<palm_frond>
						<relative_cover />
					</palm_frond>
					<grass>
						<relative_cover>10.0</relative_cover>
					</grass>
				</litter_type>
			</litter>
		</moss_lichen_litter>
		<ground_fuel>
			<duff>
				<upper>
					<depth max="2" min="0" unit="inches">0.5</depth>
					<percent_cover max="100" min="75" unit="number">95</percent_cover>
					<derivation>1</derivation>
				</upper>
				<lower>
					<depth max="2" min="0" unit="inches">0.4</depth>
					<percent_cover max="100" min="75" unit="number">95</percent_cover>
					<derivation>3</derivation>
				</lower>
			</duff>
			<squirrel_middens>
				<depth unit="inches" />
				<radius unit="feet" />
				<number_per_unit_area unit="number_per_acre" />
			</squirrel_middens>
			<basal_accumulation>
				<depth unit="inches" />
				<radius unit="feet" />
				<number_per_unit_area unit="number_per_acre" />
				<type />
			</basal_accumulation>
		</ground_fuel>
	</fuelbed>
</FCCS_file>
