<?xml version="1.0"?>
<FCCS_file xmlns:xsi="http://www.w3.org/2001/XMLSchema-instance" schemaVersion="1.4" xsi:noNamespaceSchemaLocation="cash.xsd">
	<fuelbed_number>5284_431</fuelbed_number>
	<fuelbed_name>WL DF|20-40yr|PCT-Rx and Graz</fuelbed_name>
	<fuelbed_description>Dry western larch and Douglas-fir forest. Occurs east of the Cascade Range. Established 20 to 40 years ago after wildfire with recent precommercial thinning and prescribed burning favoring larch. Stand has also been grazed. Larch dominates the midstory. Shrubs, grass, and larch needles contribute to the litter layer. Moderate woody fuel loadings.</fuelbed_description>
	<ecoregion>340,330</ecoregion>
	<vegetation_form>2</vegetation_form>
	<structural_class>4</structural_class>
	<cover_type>118,120,144</cover_type>
	<change_agent>7,8,14</change_agent>
	<natural_fire_regime>1</natural_fire_regime>
	<condition_class>1</condition_class>
	<user_name>Roger, Tom, Jen, Rick</user_name>
	<address />
	<affiliation>USFS</affiliation>
	<phone />
	<file_owner_email>rllind@fs.fed.us</file_owner_email>
	<notes>Used OW189 data to create a stand thinned favoring larch, some snag fall out.Edited by Susan Prichard and Ellen Eberhardt, February 2009.</notes>
	<date_collected>Jun 7, 2010</date_collected>
	<fuelbed_confidence />
	<fuelbed>
		<canopy>
			<trees>
				<total_percent_cover max="75" min="10" unit="number">10.0</total_percent_cover>
				<overstory>
					<percent_cover max="60" min="0" unit="number">1.25</percent_cover>
					<height max="100" min="30" unit="feet">90</height>
					<height_to_live_crown max="50" min="0" unit="feet">40</height_to_live_crown>
					<stem_density max="60" min="0" unit="number_per_acre">1.0</stem_density>
					<diameter_at_breast_height max="35" min="6" unit="inches">20</diameter_at_breast_height>
					<species>
						<species_description>
							<tsn>183424</tsn>
							<relative_cover>20</relative_cover>
						</species_description>
						<species_description>
							<tsn>183417</tsn>
							<relative_cover>75</relative_cover>
						</species_description>
						<species_description>
							<tsn>183327</tsn>
							<relative_cover>5</relative_cover>
						</species_description>
					</species>
				</overstory>
				<midstory>
					<percent_cover max="-3" min="-3" unit="number">10.0</percent_cover>
					<height max="-3" min="-3" unit="feet">30</height>
					<height_to_live_crown max="-3" min="-3" unit="feet">3</height_to_live_crown>
					<stem_density max="-3" min="-3" unit="number_per_acre">27.5</stem_density>
					<diameter_at_breast_height max="-3" min="-3" unit="inches">6</diameter_at_breast_height>
					<species>
						<species_description>
							<tsn>183417</tsn>
							<relative_cover>80</relative_cover>
						</species_description>
						<species_description>
							<tsn>183424</tsn>
							<relative_cover>10</relative_cover>
						</species_description>
						<species_description>
							<tsn>183327</tsn>
							<relative_cover>10</relative_cover>
						</species_description>
					</species>
				</midstory>
				<understory>
					<percent_cover max="100" min="0" unit="number">10</percent_cover>
					<height max="50" min="0" unit="feet">7</height>
					<height_to_live_crown max="40" min="0" unit="feet">0</height_to_live_crown>
					<stem_density max="400" min="10" unit="number_per_acre">50</stem_density>
					<diameter_at_breast_height max="8" min="0" unit="inches">1</diameter_at_breast_height>
					<species>
						<species_description>
							<tsn>183417</tsn>
							<relative_cover>70</relative_cover>
						</species_description>
						<species_description>
							<tsn>183424</tsn>
							<relative_cover>30</relative_cover>
						</species_description>
					</species>
				</understory>
			</trees>
			<snags>
				<class_1_conifers_with_foliage>
					<percent_cover unit="number">0.0</percent_cover>
					<height_to_crown_base unit="feet" />
					<stem_density unit="number_per_acre">0.0</stem_density>
					<diameter unit="inches" />
					<height unit="feet" />
					<species />
				</class_1_conifers_with_foliage>
				<class_1_all_others>
					<stem_density unit="number_per_acre">0.0</stem_density>
					<diameter unit="inches" />
					<height unit="feet" />
					<species />
				</class_1_all_others>
				<class_2>
					<stem_density max="300" min="30" unit="number_per_acre">5.0</stem_density>
					<diameter max="45" min="8" unit="inches">8</diameter>
					<height max="120" min="30" unit="feet">30</height>
					<species>
						<species_description>
							<tsn>183417</tsn>
							<relative_cover>30</relative_cover>
						</species_description>
						<species_description>
							<tsn>183424</tsn>
							<relative_cover>70</relative_cover>
						</species_description>
					</species>
				</class_2>
				<class_3>
					<stem_density max="-3" min="-3" unit="number_per_acre">3.0</stem_density>
					<diameter max="-3" min="-3" unit="inches">14</diameter>
					<height max="-3" min="-3" unit="feet">20</height>
					<species>
						<species_description>
							<tsn>183417</tsn>
							<relative_cover>30</relative_cover>
						</species_description>
						<species_description>
							<tsn>183424</tsn>
							<relative_cover>70</relative_cover>
						</species_description>
					</species>
				</class_3>
			</snags>
			<ladder_fuels>
				<minimum_height max="30" min="0" unit="feet">3</minimum_height>
				<maximum_height max="120" min="0" unit="feet">30</maximum_height>
				<is_vertically_contiguous>0</is_vertically_contiguous>
				<type>7</type>
			</ladder_fuels>
		</canopy>
		<shrubs>
			<primary_layer>
				<percent_cover max="100" min="0" unit="number">10.0</percent_cover>
				<height max="10" min="0.1" unit="feet">3</height>
				<percent_live max="80" min="20" unit="number">20.0</percent_live>
				<species>
					<species_description>
						<tsn>35332</tsn>
						<relative_cover>30</relative_cover>
					</species_description>
					<species_description>
						<tsn>23571</tsn>
						<relative_cover>40</relative_cover>
					</species_description>
					<species_description>
						<tsn>22476</tsn>
						<relative_cover>30</relative_cover>
					</species_description>
				</species>
			</primary_layer>
			<secondary_layer>
				<percent_cover max="5" min="0" unit="number">0.15</percent_cover>
				<height max="2" min="0.1" unit="feet">0.3</height>
				<percent_live max="100" min="60" unit="number">40.0</percent_live>
				<species>
					<species_description>
						<tsn>18832</tsn>
						<relative_cover>100.00</relative_cover>
					</species_description>
				</species>
			</secondary_layer>
			<needle_drape>
				<is_sufficient_to_affect_fire_behavior>0</is_sufficient_to_affect_fire_behavior>
			</needle_drape>
		</shrubs>
		<herbaceous>
			<primary_layer>
				<percent_cover max="100" min="0" unit="number">30</percent_cover>
				<height max="2" min="0.1" unit="feet">0.5</height>
				<loading max="5" min="0" unit="tons_per_acre">0.5</loading>
				<percent_live max="100" min="50" unit="number">80</percent_live>
				<species>
					<species_description>
						<tsn>40540</tsn>
						<relative_cover>90</relative_cover>
					</species_description>
					<species_description>
						<tsn>502264</tsn>
						<relative_cover>3</relative_cover>
					</species_description>
					<species_description>
						<tsn>41063</tsn>
						<relative_cover>2</relative_cover>
					</species_description>
					<species_description>
						<tsn>40816</tsn>
						<relative_cover>5</relative_cover>
					</species_description>
				</species>
			</primary_layer>
			<secondary_layer>
				<percent_cover max="30" min="0" unit="number">3</percent_cover>
				<height max="5" min="0.1" unit="feet">0.2</height>
				<loading max="5" min="0" unit="tons_per_acre">0.01</loading>
				<percent_live max="100" min="50" unit="number">70</percent_live>
				<species>
					<species_description>
						<tsn>24641</tsn>
						<relative_cover>70</relative_cover>
					</species_description>
					<species_description>
						<tsn>21054</tsn>
						<relative_cover>30</relative_cover>
					</species_description>
				</species>
			</secondary_layer>
		</herbaceous>
		<woody_fuel>
			<all_downed_woody_fuel>
				<total_percent_cover max="95" min="0" unit="number">100</total_percent_cover>
				<depth max="5" min="0" unit="inches">2.0</depth>
			</all_downed_woody_fuel>
			<sound_wood>
				<all_sound_wood>
					<species />
				</all_sound_wood>
				<loadings_zero_to_three_inches>
					<zero_to_quarter_inch max="0.5" min="0" unit="tons_per_acre">0.30000000000000004</zero_to_quarter_inch>
					<quarter_inch_to_one_inch max="3" min="0" unit="tons_per_acre">1.0</quarter_inch_to_one_inch>
					<one_to_three_inches max="4" min="0" unit="tons_per_acre">2.0999999999999996</one_to_three_inches>
				</loadings_zero_to_three_inches>
				<loadings_greater_than_three_inches>
					<three_to_nine_inches max="8" min="0" unit="tons_per_acre">8.0</three_to_nine_inches>
					<nine_to_twenty_inches max="8" min="0" unit="tons_per_acre">6.5</nine_to_twenty_inches>
					<greater_than_twenty_inches max="15" min="0" unit="tons_per_acre">0</greater_than_twenty_inches>
				</loadings_greater_than_three_inches>
			</sound_wood>
			<rotten_wood>
				<all_rotten_wood>
					<species>
						<species_description>
							<tsn>183417</tsn>
							<relative_cover>70.00</relative_cover>
						</species_description>
						<species_description>
							<tsn>183424</tsn>
							<relative_cover>30.00</relative_cover>
						</species_description>
					</species>
				</all_rotten_wood>
				<loadings_greater_than_three_inches>
					<three_to_nine_inches max="8" min="0" unit="tons_per_acre">1</three_to_nine_inches>
					<nine_to_twenty_inches max="8" min="0" unit="tons_per_acre">1</nine_to_twenty_inches>
					<greater_than_twenty_inches max="15" min="0" unit="tons_per_acre">0.5</greater_than_twenty_inches>
				</loadings_greater_than_three_inches>
			</rotten_wood>
			<stumps>
				<sound>
					<stem_density max="300" min="0" unit="number_per_acre">200</stem_density>
					<diameter max="60" min="6" unit="inches">6</diameter>
					<height max="4.5" min="0.5" unit="feet">0.5</height>
					<species>
						<species_description>
							<tsn>183424</tsn>
							<relative_cover>90</relative_cover>
						</species_description>
						<species_description>
							<tsn>183417</tsn>
							<relative_cover>10</relative_cover>
						</species_description>
					</species>
				</sound>
				<rotten>
					<stem_density unit="number_per_acre" />
					<diameter unit="inches" />
					<height unit="feet" />
					<species />
				</rotten>
				<lightered_pitchy>
					<stem_density unit="number_per_acre" />
					<diameter unit="inches" />
					<height unit="feet" />
					<species />
				</lightered_pitchy>
			</stumps>
		</woody_fuel>
		<moss_lichen_litter>
			<moss>
				<type />
				<percent_cover unit="number" />
				<depth unit="inches" />
			</moss>
			<ground_lichen>
				<percent_cover unit="number" />
				<depth unit="inches" />
			</ground_lichen>
			<litter>
				<percent_cover max="100" min="50" unit="number">100.0</percent_cover>
				<depth max="3" min="0.1" unit="inches">0.6</depth>
				<arrangement>2</arrangement>
				<litter_type>
					<short_needle_pine>
						<relative_cover>10.0</relative_cover>
					</short_needle_pine>
					<long_needle_pine>
						<relative_cover />
					</long_needle_pine>
					<other_conifer>
						<relative_cover>80.0</relative_cover>
					</other_conifer>
					<broadleaf_deciduous>
						<relative_cover>10.0</relative_cover>
					</broadleaf_deciduous>
					<broadleaf_evergreen>
						<relative_cover />
					</broadleaf_evergreen>
					<palm_frond>
						<relative_cover />
					</palm_frond>
					<grass>
						<relative_cover />
					</grass>
				</litter_type>
			</litter>
		</moss_lichen_litter>
		<ground_fuel>
			<duff>
				<upper>
					<depth max="2" min="0" unit="inches">0.2</depth>
					<percent_cover max="80" min="40" unit="number">50</percent_cover>
					<derivation>1</derivation>
				</upper>
				<lower>
					<depth max="2" min="0" unit="inches">0.1</depth>
					<percent_cover max="80" min="40" unit="number">50</percent_cover>
					<derivation>3</derivation>
				</lower>
			</duff>
			<squirrel_middens>
				<depth unit="inches" />
				<radius unit="feet" />
				<number_per_unit_area unit="number_per_acre" />
			</squirrel_middens>
			<basal_accumulation>
				<depth unit="inches" />
				<radius unit="feet" />
				<number_per_unit_area unit="number_per_acre" />
				<type />
			</basal_accumulation>
		</ground_fuel>
	</fuelbed>
</FCCS_file>
