<?xml version="1.0"?>
<FCCS_file xmlns:xsi="http://www.w3.org/2001/XMLSchema-instance" schemaVersion="1.4" xsi:noNamespaceSchemaLocation="cash.xsd">
	<fuelbed_number>5056_232</fuelbed_number>
	<fuelbed_name>PP (warm)|80-150yr|High density</fuelbed_name>
	<fuelbed_description>Warm, dry ponderosa pine forest. Established 80 to 150 years ago. High-density stand with no history of management.</fuelbed_description>
	<ecoregion>330,340</ecoregion>
	<vegetation_form>2</vegetation_form>
	<structural_class>7</structural_class>
	<cover_type>237</cover_type>
	<change_agent>18</change_agent>
	<natural_fire_regime>1</natural_fire_regime>
	<condition_class>3</condition_class>
	<user_name />
	<address />
	<affiliation />
	<phone />
	<file_owner_email />
	<notes />
	<site_photo />
	<date_collected>2003-09-17</date_collected>
	<fuelbed_confidence />
	<fuelbed>
		<canopy>
			<trees>
				<total_percent_cover max="-3" min="-3" unit="number">31.35</total_percent_cover>
				<overstory>
					<percent_cover max="-3" min="-3" unit="number">2.5</percent_cover>
					<height max="-3" min="-3" unit="feet">110</height>
					<height_to_live_crown max="-3" min="-3" unit="feet">45.0</height_to_live_crown>
					<stem_density max="-3" min="-3" unit="number_per_acre">2.5</stem_density>
					<diameter_at_breast_height max="-3" min="-3" unit="inches">33.75</diameter_at_breast_height>
					<species>
						<species_description>
							<tsn>183365</tsn>
							<relative_cover>100.00</relative_cover>
						</species_description>
					</species>
				</overstory>
				<midstory>
					<percent_cover max="-3" min="-3" unit="number">21.25</percent_cover>
					<height max="-3" min="-3" unit="feet">60</height>
					<height_to_live_crown max="-3" min="-3" unit="feet">30.0</height_to_live_crown>
					<stem_density max="-3" min="-3" unit="number_per_acre">125.0</stem_density>
					<diameter_at_breast_height max="-3" min="-3" unit="inches">12.5</diameter_at_breast_height>
					<species>
						<species_description>
							<tsn>183365</tsn>
							<relative_cover>100.00</relative_cover>
						</species_description>
					</species>
				</midstory>
				<understory>
					<percent_cover unit="number">0.0</percent_cover>
					<height unit="feet">0.0</height>
					<height_to_live_crown unit="feet">0.0</height_to_live_crown>
					<stem_density unit="number_per_acre">0.0</stem_density>
					<diameter_at_breast_height unit="inches">0.0</diameter_at_breast_height>
					<species />
				</understory>
			</trees>
			<snags>
				<class_1_conifers_with_foliage>
					<percent_cover unit="number" />
					<height_to_crown_base unit="feet" />
					<stem_density unit="number_per_acre" />
					<diameter unit="inches" />
					<height unit="feet" />
					<species />
				</class_1_conifers_with_foliage>
				<class_1_all_others>
					<stem_density unit="number_per_acre" />
					<diameter unit="inches" />
					<height unit="feet" />
					<species />
				</class_1_all_others>
				<class_2>
					<stem_density max="-3" min="-3" unit="number_per_acre">25</stem_density>
					<diameter max="-3" min="-3" unit="inches">8</diameter>
					<height max="-3" min="-3" unit="feet">50</height>
					<species>
						<species_description>
							<tsn>183365</tsn>
							<relative_cover>100.00</relative_cover>
						</species_description>
					</species>
				</class_2>
				<class_3>
					<stem_density max="-3" min="-3" unit="number_per_acre">20</stem_density>
					<diameter max="-3" min="-3" unit="inches">8</diameter>
					<height max="-3" min="-3" unit="feet">20</height>
					<species>
						<species_description>
							<tsn>183365</tsn>
							<relative_cover>100.00</relative_cover>
						</species_description>
					</species>
				</class_3>
			</snags>
			<ladder_fuels>
				<minimum_height max="-3" min="-3" unit="feet">20</minimum_height>
				<maximum_height max="-3" min="-3" unit="feet">110</maximum_height>
				<is_vertically_contiguous>0</is_vertically_contiguous>
				<type>7</type>
			</ladder_fuels>
		</canopy>
		<shrubs>
			<primary_layer>
				<percent_cover max="-3" min="-3" unit="number">3.75</percent_cover>
				<height max="-3" min="-3" unit="feet">2</height>
				<percent_live max="-3" min="-3" unit="number">80.0</percent_live>
				<species>
					<species_description>
						<tsn>25290</tsn>
						<relative_cover>43.00</relative_cover>
					</species_description>
					<species_description>
						<tsn>35332</tsn>
						<relative_cover>32.00</relative_cover>
					</species_description>
					<species_description>
						<tsn>18832</tsn>
						<relative_cover>25.00</relative_cover>
					</species_description>
				</species>
			</primary_layer>
			<secondary_layer>
				<percent_cover unit="number">0.0</percent_cover>
				<height unit="feet" />
				<percent_live unit="number">0.0</percent_live>
				<species />
			</secondary_layer>
			<needle_drape>
				<is_sufficient_to_affect_fire_behavior>1</is_sufficient_to_affect_fire_behavior>
			</needle_drape>
		</shrubs>
		<herbaceous>
			<primary_layer>
				<percent_cover max="-3" min="-3" unit="number">3.75</percent_cover>
				<height max="-3" min="-3" unit="feet">0.6</height>
				<percent_live max="-3" min="-3" unit="number">90.0</percent_live>
				<loading max="-3" min="-3" unit="tons_per_acre">0.018750000000000003</loading>
				<species>
					<species_description>
						<tsn>39613</tsn>
						<relative_cover>60.00</relative_cover>
					</species_description>
					<species_description>
						<tsn>40816</tsn>
						<relative_cover>20.00</relative_cover>
					</species_description>
					<species_description>
						<tsn>41103</tsn>
						<relative_cover>20.00</relative_cover>
					</species_description>
				</species>
			</primary_layer>
			<secondary_layer>
				<percent_cover unit="number">0.0</percent_cover>
				<height unit="feet" />
				<percent_live unit="number">0.0</percent_live>
				<loading unit="tons_per_acre">0.0</loading>
				<species />
			</secondary_layer>
		</herbaceous>
		<woody_fuel>
			<all_downed_woody_fuel>
				<total_percent_cover max="-3" min="-3" unit="number">75.0</total_percent_cover>
				<depth max="-3" min="-3" unit="inches">3.0</depth>
			</all_downed_woody_fuel>
			<sound_wood>
				<loadings_zero_to_three_inches>
					<zero_to_quarter_inch max="-3" min="-3" unit="tons_per_acre">1.125</zero_to_quarter_inch>
					<quarter_inch_to_one_inch max="-3" min="-3" unit="tons_per_acre">2.25</quarter_inch_to_one_inch>
					<one_to_three_inches max="-3" min="-3" unit="tons_per_acre">4.65</one_to_three_inches>
				</loadings_zero_to_three_inches>
				<loadings_greater_than_three_inches>
					<three_to_nine_inches max="-3" min="-3" unit="tons_per_acre">1.9500000000000002</three_to_nine_inches>
					<nine_to_twenty_inches max="-3" min="-3" unit="tons_per_acre">2.25</nine_to_twenty_inches>
					<greater_than_twenty_inches max="-3" min="-3" unit="tons_per_acre">0.375</greater_than_twenty_inches>
				</loadings_greater_than_three_inches>
				<all_sound_wood>
					<species>
						<species_description>
							<tsn>183365</tsn>
							<relative_cover>100.00</relative_cover>
						</species_description>
					</species>
				</all_sound_wood>
			</sound_wood>
			<rotten_wood>
				<loadings_greater_than_three_inches>
					<three_to_nine_inches max="-3" min="-3" unit="tons_per_acre">1.55</three_to_nine_inches>
					<nine_to_twenty_inches max="-3" min="-3" unit="tons_per_acre">2.85</nine_to_twenty_inches>
					<greater_than_twenty_inches max="-3" min="-3" unit="tons_per_acre">0.425</greater_than_twenty_inches>
				</loadings_greater_than_three_inches>
				<all_rotten_wood>
					<species>
						<species_description>
							<tsn>183365</tsn>
							<relative_cover>100.00</relative_cover>
						</species_description>
					</species>
				</all_rotten_wood>
			</rotten_wood>
			<stumps>
				<sound>
					<stem_density max="-3" min="-3" unit="number_per_acre">382.5</stem_density>
					<diameter max="-3" min="-3" unit="inches">0</diameter>
					<height max="-3" min="-3" unit="feet">1</height>
					<species>
						<species_description>
							<tsn>183365</tsn>
							<relative_cover>100.00</relative_cover>
						</species_description>
					</species>
				</sound>
				<rotten>
					<stem_density max="-3" min="-3" unit="number_per_acre">10</stem_density>
					<diameter max="-3" min="-3" unit="inches">6</diameter>
					<height max="-3" min="-3" unit="feet">1</height>
					<species>
						<species_description>
							<tsn>183365</tsn>
							<relative_cover>100.00</relative_cover>
						</species_description>
					</species>
				</rotten>
				<lightered_pitchy>
					<stem_density unit="number_per_acre" />
					<diameter unit="inches" />
					<height unit="feet" />
					<species />
				</lightered_pitchy>
			</stumps>
		</woody_fuel>
		<moss_lichen_litter>
			<moss>
				<percent_cover unit="number" />
				<depth unit="inches" />
				<type />
			</moss>
			<ground_lichen>
				<percent_cover unit="number" />
				<depth unit="inches" />
			</ground_lichen>
			<litter>
				<percent_cover max="-3" min="-3" unit="number">100</percent_cover>
				<depth max="-3" min="-3" unit="inches">2.625</depth>
				<arrangement>1</arrangement>
				<litter_type>
					<short_needle_pine>
						<relative_cover />
					</short_needle_pine>
					<long_needle_pine>
						<relative_cover>80.00</relative_cover>
					</long_needle_pine>
					<other_conifer>
						<relative_cover />
					</other_conifer>
					<broadleaf_deciduous>
						<relative_cover>10.00</relative_cover>
					</broadleaf_deciduous>
					<broadleaf_evergreen>
						<relative_cover />
					</broadleaf_evergreen>
					<palm_frond>
						<relative_cover />
					</palm_frond>
					<grass>
						<relative_cover>10.00</relative_cover>
					</grass>
				</litter_type>
			</litter>
		</moss_lichen_litter>
		<ground_fuel>
			<duff>
				<upper>
					<percent_cover max="-3" min="-3" unit="number">100</percent_cover>
					<depth max="-3" min="-3" unit="inches">0.3</depth>
					<derivation>1</derivation>
				</upper>
				<lower>
					<percent_cover max="-3" min="-3" unit="number">60</percent_cover>
					<depth max="-3" min="-3" unit="inches">0.2</depth>
					<derivation>3</derivation>
				</lower>
			</duff>
			<basal_accumulation>
				<radius max="-3" min="-3" unit="feet">3</radius>
				<depth max="-3" min="-3" unit="inches">2</depth>
				<number_per_unit_area unit="number_per_acre">2.5</number_per_unit_area>
				<type>2</type>
			</basal_accumulation>
			<squirrel_middens>
				<depth unit="inches" />
				<number_per_unit_area unit="number_per_acre" />
				<radius unit="feet" />
			</squirrel_middens>
		</ground_fuel>
	</fuelbed>
</FCCS_file>
