<?xml version="1.0"?>
<FCCS_file xmlns:xsi="http://www.w3.org/2001/XMLSchema-instance" schemaVersion="1.4" xsi:noNamespaceSchemaLocation="cash.xsd">
	<fuelbed_number>5426_222</fuelbed_number>
	<fuelbed_name>WH PSF MH|200+yr|High density</fuelbed_name>
	<fuelbed_description>Western hemlock, Pacific silver fir, and mountain hemlock forest. Established over 200 years ago with no history of management. Occurs at high elevations in montane and subalpine forests along the western slopes of the Cascade Crest. Multi-layered, high-density stand with high woody fuel load.</fuelbed_description>
	<ecoregion>240,340,330</ecoregion>
	<vegetation_form>2</vegetation_form>
	<structural_class>1</structural_class>
	<cover_type>112,131</cover_type>
	<change_agent>18</change_agent>
	<natural_fire_regime>5</natural_fire_regime>
	<condition_class>1</condition_class>
	<user_name>Tom Leuschen</user_name>
	<address>PO Box 664 Twisp, WA 98856</address>
	<affiliation>Fire Vision LLC Contract Consultant</affiliation>
	<phone>509-997-5052</phone>
	<file_owner_email>tom@firevisionllc.com</file_owner_email>
	<notes>Created from fuelbed ow070. AA - changed shrub and nonwoody species composition based on ABAM wet (ABAM/CLUN &amp; ABAM/ASCA3) and TSME wet (TSME/ACTR) series in Simpson, 2007. Forested Plant Associations of the Oregon East Cascades. AA - edited name and description May 2009.
</notes>
	<date_collected>May 5, 2009</date_collected>
	<fuelbed_confidence />
	<fuelbed>
		<canopy>
			<trees>
				<total_percent_cover max="70" min="25" unit="number">67.0</total_percent_cover>
				<overstory>
					<percent_cover max="70" min="0" unit="number">40.0</percent_cover>
					<height max="150" min="70" unit="feet">100</height>
					<height_to_live_crown max="80" min="30" unit="feet">45.0</height_to_live_crown>
					<stem_density max="269" min="0" unit="number_per_acre">38.0</stem_density>
					<diameter_at_breast_height max="60" min="11" unit="inches">27.5</diameter_at_breast_height>
					<species>
						<species_description>
							<tsn>183400</tsn>
							<relative_cover>79.00</relative_cover>
						</species_description>
						<species_description>
							<tsn>181824</tsn>
							<relative_cover>17.00</relative_cover>
						</species_description>
						<species_description>
							<tsn>183402</tsn>
							<relative_cover>4.00</relative_cover>
						</species_description>
					</species>
				</overstory>
				<midstory>
					<percent_cover max="45" min="0" unit="number">20.0</percent_cover>
					<height max="100" min="35" unit="feet">80</height>
					<height_to_live_crown max="60" min="15" unit="feet">15.0</height_to_live_crown>
					<stem_density max="120" min="0" unit="number_per_acre">75.0</stem_density>
					<diameter_at_breast_height max="20" min="8" unit="inches">17.5</diameter_at_breast_height>
					<species>
						<species_description>
							<tsn>183400</tsn>
							<relative_cover>60</relative_cover>
						</species_description>
						<species_description>
							<tsn>181824</tsn>
							<relative_cover>40</relative_cover>
						</species_description>
					</species>
				</midstory>
				<understory>
					<percent_cover max="20" min="0" unit="number">0.0</percent_cover>
					<height max="20" min="0.5" unit="feet">0.0</height>
					<height_to_live_crown max="13" min="0" unit="feet">0.0</height_to_live_crown>
					<stem_density max="2000" min="50" unit="number_per_acre">0.0</stem_density>
					<diameter_at_breast_height max="3" min="0.1" unit="inches">0.0</diameter_at_breast_height>
					<species>
						<species_description>
							<tsn>181824</tsn>
							<relative_cover>100</relative_cover>
						</species_description>
					</species>
				</understory>
			</trees>
			<snags>
				<class_1_conifers_with_foliage>
					<percent_cover unit="number" />
					<height_to_crown_base unit="feet" />
					<stem_density unit="number_per_acre" />
					<diameter unit="inches" />
					<height unit="feet" />
					<species />
				</class_1_conifers_with_foliage>
				<class_1_all_others>
					<stem_density max="-3" min="-3" unit="number_per_acre">10</stem_density>
					<diameter max="-3" min="-3" unit="inches">10</diameter>
					<height max="-3" min="-3" unit="feet">40</height>
					<species>
						<species_description>
							<tsn>181824</tsn>
							<relative_cover>60</relative_cover>
						</species_description>
						<species_description>
							<tsn>183400</tsn>
							<relative_cover>40</relative_cover>
						</species_description>
					</species>
				</class_1_all_others>
				<class_2>
					<stem_density max="8" min="0" unit="number_per_acre">6</stem_density>
					<diameter max="60" min="8" unit="inches">16</diameter>
					<height max="150" min="10" unit="feet">70</height>
					<species>
						<species_description>
							<tsn>181824</tsn>
							<relative_cover>100.00</relative_cover>
						</species_description>
					</species>
				</class_2>
				<class_3>
					<stem_density max="8" min="0" unit="number_per_acre">2</stem_density>
					<diameter max="60" min="8" unit="inches">15</diameter>
					<height max="120" min="4.5" unit="feet">10</height>
					<species>
						<species_description>
							<tsn>181824</tsn>
							<relative_cover>100</relative_cover>
						</species_description>
					</species>
				</class_3>
			</snags>
			<ladder_fuels>
				<minimum_height max="30" min="0" unit="feet">0</minimum_height>
				<maximum_height max="80" min="10" unit="feet">100</maximum_height>
				<is_vertically_contiguous>1</is_vertically_contiguous>
				<type>7</type>
			</ladder_fuels>
		</canopy>
		<shrubs>
			<primary_layer>
				<percent_cover max="25" min="5" unit="number">1.875</percent_cover>
				<height max="7" min="1" unit="feet">1</height>
				<percent_live max="100" min="60" unit="number">90.0</percent_live>
				<species>
					<species_description>
						<tsn>18825</tsn>
						<relative_cover>20</relative_cover>
					</species_description>
					<species_description>
						<tsn>23601</tsn>
						<relative_cover>40</relative_cover>
					</species_description>
					<species_description>
						<tsn>23769</tsn>
						<relative_cover>20</relative_cover>
					</species_description>
					<species_description>
						<tsn>24828</tsn>
						<relative_cover>20</relative_cover>
					</species_description>
				</species>
			</primary_layer>
			<secondary_layer>
				<percent_cover unit="number">0.0</percent_cover>
				<height unit="feet" />
				<percent_live unit="number">0.0</percent_live>
				<species />
			</secondary_layer>
			<needle_drape>
				<is_sufficient_to_affect_fire_behavior>0</is_sufficient_to_affect_fire_behavior>
			</needle_drape>
		</shrubs>
		<herbaceous>
			<primary_layer>
				<percent_cover max="60" min="5" unit="number">11.25</percent_cover>
				<height max="2" min="0.1" unit="feet">0.5</height>
				<loading max="0.4" min="0" unit="tons_per_acre">0.07500000000000001</loading>
				<percent_live max="100" min="40" unit="number">80.0</percent_live>
				<species>
					<species_description>
						<tsn>42905</tsn>
						<relative_cover>80</relative_cover>
					</species_description>
					<species_description>
						<tsn>18813</tsn>
						<relative_cover>20</relative_cover>
					</species_description>
				</species>
			</primary_layer>
			<secondary_layer>
				<percent_cover unit="number">0.0</percent_cover>
				<height unit="feet" />
				<loading unit="tons_per_acre">0.0</loading>
				<percent_live unit="number">0.0</percent_live>
				<species />
			</secondary_layer>
		</herbaceous>
		<woody_fuel>
			<all_downed_woody_fuel>
				<total_percent_cover max="88" min="20" unit="number">75.0</total_percent_cover>
				<depth max="8" min="0.3" unit="inches">4.5</depth>
			</all_downed_woody_fuel>
			<sound_wood>
				<all_sound_wood>
					<species>
						<species_description>
							<tsn>181824</tsn>
							<relative_cover>80.00</relative_cover>
						</species_description>
						<species_description>
							<tsn>183402</tsn>
							<relative_cover>20.00</relative_cover>
						</species_description>
					</species>
				</all_sound_wood>
				<loadings_zero_to_three_inches>
					<zero_to_quarter_inch max="1.2" min="0" unit="tons_per_acre">1.3499999999999999</zero_to_quarter_inch>
					<quarter_inch_to_one_inch max="2.2" min="0" unit="tons_per_acre">2.475</quarter_inch_to_one_inch>
					<one_to_three_inches max="5.5" min="0" unit="tons_per_acre">6.1875</one_to_three_inches>
				</loadings_zero_to_three_inches>
				<loadings_greater_than_three_inches>
					<three_to_nine_inches max="10" min="0" unit="tons_per_acre">4.2675</three_to_nine_inches>
					<nine_to_twenty_inches max="20" min="1" unit="tons_per_acre">9.0</nine_to_twenty_inches>
					<greater_than_twenty_inches max="15" min="0" unit="tons_per_acre">5.745</greater_than_twenty_inches>
				</loadings_greater_than_three_inches>
			</sound_wood>
			<rotten_wood>
				<all_rotten_wood>
					<species>
						<species_description>
							<tsn>181824</tsn>
							<relative_cover>80.00</relative_cover>
						</species_description>
						<species_description>
							<tsn>183402</tsn>
							<relative_cover>20.00</relative_cover>
						</species_description>
					</species>
				</all_rotten_wood>
				<loadings_greater_than_three_inches>
					<three_to_nine_inches max="10" min="0" unit="tons_per_acre">3.6725000000000003</three_to_nine_inches>
					<nine_to_twenty_inches max="20" min="1" unit="tons_per_acre">10.0</nine_to_twenty_inches>
					<greater_than_twenty_inches max="15" min="0" unit="tons_per_acre">11.915</greater_than_twenty_inches>
				</loadings_greater_than_three_inches>
			</rotten_wood>
			<stumps>
				<sound>
					<stem_density unit="number_per_acre">113.0</stem_density>
					<diameter unit="inches" />
					<height unit="feet" />
					<species />
				</sound>
				<rotten>
					<stem_density unit="number_per_acre" />
					<diameter unit="inches" />
					<height unit="feet" />
					<species />
				</rotten>
				<lightered_pitchy>
					<stem_density unit="number_per_acre" />
					<diameter unit="inches" />
					<height unit="feet" />
					<species />
				</lightered_pitchy>
			</stumps>
			<piles>
				<clean_loading unit="tons_per_acre">0.035697</clean_loading>
				<dirty_loading unit="tons_per_acre">0.000000</dirty_loading>
				<verydirty_loading unit="tons_per_acre">0.000000</verydirty_loading>
				<pileData>
					<header>pileGroupID,pileGroupName,numPiles,pileType,pileShape,W1,L1,H1,W2,L2,H2,soilPercent,packingRatio,handPileSpecies,species1_TSN,species1_percent,species2_TSN,species2_percent,pileQuality,percentConsumed</header>
					<pileGroups>
						<pileGroup>2,,2,1,5,1.50,15.00,2.00,,,,,,2,,,,,,90</pileGroup>
					</pileGroups>
				</pileData>
			</piles>
		</woody_fuel>
		<moss_lichen_litter>
			<moss>
				<type>2</type>
				<percent_cover max="50" min="5" unit="number">30</percent_cover>
				<depth max="1.2" min="0.1" unit="inches">0.7</depth>
			</moss>
			<ground_lichen>
				<percent_cover unit="number" />
				<depth unit="inches" />
			</ground_lichen>
			<litter>
				<percent_cover max="100" min="80" unit="number">100</percent_cover>
				<depth max="4" min="0.1" unit="inches">4.5</depth>
				<arrangement>1</arrangement>
				<litter_type>
					<short_needle_pine>
						<relative_cover />
					</short_needle_pine>
					<long_needle_pine>
						<relative_cover />
					</long_needle_pine>
					<other_conifer>
						<relative_cover>80.00</relative_cover>
					</other_conifer>
					<broadleaf_deciduous>
						<relative_cover />
					</broadleaf_deciduous>
					<broadleaf_evergreen>
						<relative_cover />
					</broadleaf_evergreen>
					<palm_frond>
						<relative_cover />
					</palm_frond>
					<grass>
						<relative_cover>20.00</relative_cover>
					</grass>
				</litter_type>
			</litter>
		</moss_lichen_litter>
		<ground_fuel>
			<duff>
				<upper>
					<depth max="2.5" min="0.1" unit="inches">2</depth>
					<percent_cover max="100" min="80" unit="number">100</percent_cover>
					<derivation>1</derivation>
				</upper>
				<lower>
					<depth max="2.5" min="0.1" unit="inches">2</depth>
					<percent_cover max="100" min="80" unit="number">100</percent_cover>
					<derivation>3</derivation>
				</lower>
			</duff>
			<squirrel_middens>
				<depth unit="inches" />
				<radius unit="feet" />
				<number_per_unit_area unit="number_per_acre" />
			</squirrel_middens>
			<basal_accumulation>
				<depth max="4" min="1" unit="inches">2.5</depth>
				<radius max="3.33" min="0.5" unit="feet">1</radius>
				<number_per_unit_area unit="number_per_acre">26.6</number_per_unit_area>
				<type>2</type>
			</basal_accumulation>
		</ground_fuel>
	</fuelbed>
</FCCS_file>
