<?xml version="1.0"?>
<FCCS_file xmlns:xsi="http://www.w3.org/2001/XMLSchema-instance" schemaVersion="1.4" xsi:noNamespaceSchemaLocation="cash.xsd">
	<fuelbed_number>5327_312</fuelbed_number>
	<fuelbed_name>JP WF|0-10yr|WF</fuelbed_name>
	<fuelbed_description>Jeffrey pine and white fir forest. Occurs at middle elevations in the south Cascades and Sierra Nevada. Established following stand-replacement wildfire less than 10 years ago, resulting in a grassland with snags and less than 10% live overstory tree cover.</fuelbed_description>
	<ecoregion>260,340</ecoregion>
	<vegetation_form>2</vegetation_form>
	<structural_class>5</structural_class>
	<cover_type>119,154</cover_type>
	<change_agent>30</change_agent>
	<natural_fire_regime>1</natural_fire_regime>
	<condition_class>3</condition_class>
	<user_name>Roger Ottmar/Tom Leuschen</user_name>
	<address>PNW-Seattle </address>
	<affiliation>PNW-Seattle</affiliation>
	<phone>206-732-7826</phone>
	<file_owner_email>rottmar@fs.fed.us</file_owner_email>
	<notes>Used Okanogan/Wenatchee fuelbed 115, adjusted customized page and inputs to reflect species change.
AA edited shrub and nonwoody species composition. AA edited name and description May 2009.</notes>
	<date_collected>Nov 9, 2009</date_collected>
	<fuelbed_confidence />
	<fuelbed>
		<canopy>
			<trees>
				<total_percent_cover max="75" min="40" unit="number">8.5</total_percent_cover>
				<overstory>
					<percent_cover max="80" min="10" unit="number">7.5</percent_cover>
					<height max="40" min="20" unit="feet">88</height>
					<height_to_live_crown max="8" min="4" unit="feet">25.0</height_to_live_crown>
					<stem_density max="300" min="30" unit="number_per_acre">13.5</stem_density>
					<diameter_at_breast_height max="9" min="3.3" unit="inches">26.400000000000002</diameter_at_breast_height>
					<species>
						<species_description>
							<tsn>183345</tsn>
							<relative_cover>100</relative_cover>
						</species_description>
					</species>
				</overstory>
				<midstory>
					<percent_cover unit="number">0.0</percent_cover>
					<height unit="feet" />
					<height_to_live_crown unit="feet">0.0</height_to_live_crown>
					<stem_density unit="number_per_acre">0.0</stem_density>
					<diameter_at_breast_height unit="inches">0.0</diameter_at_breast_height>
					<species />
				</midstory>
				<understory>
					<percent_cover max="70" min="5" unit="number">1.25</percent_cover>
					<height max="10" min="1" unit="feet">2.5</height>
					<height_to_live_crown max="2" min="0" unit="feet">0</height_to_live_crown>
					<stem_density max="500" min="20" unit="number_per_acre">25.0</stem_density>
					<diameter_at_breast_height max="1" min="0.1" unit="inches">0.5</diameter_at_breast_height>
					<species>
						<species_description>
							<tsn>183345</tsn>
							<relative_cover>90</relative_cover>
						</species_description>
						<species_description>
							<tsn>181826</tsn>
							<relative_cover>10</relative_cover>
						</species_description>
					</species>
				</understory>
			</trees>
			<snags>
				<class_1_conifers_with_foliage>
					<percent_cover unit="number" />
					<height_to_crown_base unit="feet" />
					<stem_density unit="number_per_acre" />
					<diameter unit="inches" />
					<height unit="feet" />
					<species />
				</class_1_conifers_with_foliage>
				<class_1_all_others>
					<stem_density max="150" min="0" unit="number_per_acre">100</stem_density>
					<diameter max="25" min="3" unit="inches">15</diameter>
					<height max="90" min="25" unit="feet">75</height>
					<species>
						<species_description>
							<tsn>183345</tsn>
							<relative_cover>70</relative_cover>
						</species_description>
						<species_description>
							<tsn>181826</tsn>
							<relative_cover>30</relative_cover>
						</species_description>
					</species>
				</class_1_all_others>
				<class_2>
					<stem_density max="-3" min="-3" unit="number_per_acre">13</stem_density>
					<diameter max="-3" min="-3" unit="inches">15</diameter>
					<height max="-3" min="-3" unit="feet">15</height>
					<species>
						<species_description>
							<tsn>183345</tsn>
							<relative_cover>70</relative_cover>
						</species_description>
						<species_description>
							<tsn>181826</tsn>
							<relative_cover>30</relative_cover>
						</species_description>
					</species>
				</class_2>
				<class_3>
					<stem_density max="-3" min="-3" unit="number_per_acre">4</stem_density>
					<diameter max="-3" min="-3" unit="inches">20</diameter>
					<height max="-3" min="-3" unit="feet">15</height>
					<species>
						<species_description>
							<tsn>183345</tsn>
							<relative_cover>70</relative_cover>
						</species_description>
						<species_description>
							<tsn>181826</tsn>
							<relative_cover>30</relative_cover>
						</species_description>
					</species>
				</class_3>
			</snags>
			<ladder_fuels>
				<minimum_height unit="feet" />
				<maximum_height unit="feet" />
				<is_vertically_contiguous />
				<type />
			</ladder_fuels>
		</canopy>
		<shrubs>
			<primary_layer>
				<percent_cover max="70" min="20" unit="number">9.375</percent_cover>
				<height max="6" min="2" unit="feet">2</height>
				<percent_live max="80" min="40" unit="number">80.0</percent_live>
				<species>
					<species_description>
						<tsn>28517</tsn>
						<relative_cover>35</relative_cover>
					</species_description>
					<species_description>
						<tsn>35338</tsn>
						<relative_cover>15</relative_cover>
					</species_description>
					<species_description>
						<tsn>23512</tsn>
						<relative_cover>50</relative_cover>
					</species_description>
				</species>
			</primary_layer>
			<secondary_layer>
				<percent_cover unit="number">0.0</percent_cover>
				<height unit="feet" />
				<percent_live unit="number">0.0</percent_live>
				<species />
			</secondary_layer>
			<needle_drape>
				<is_sufficient_to_affect_fire_behavior>0</is_sufficient_to_affect_fire_behavior>
			</needle_drape>
		</shrubs>
		<herbaceous>
			<primary_layer>
				<percent_cover max="40" min="10" unit="number">78.75</percent_cover>
				<height max="4" min="1.5" unit="feet">1</height>
				<loading max="1" min="0.2" unit="tons_per_acre">0.28125</loading>
				<percent_live max="99" min="75" reference_id="1358" unit="number">89.97749999999999</percent_live>
				<species>
					<species_description>
						<tsn>502264</tsn>
						<relative_cover>15</relative_cover>
					</species_description>
					<species_description>
						<tsn>39786</tsn>
						<relative_cover>20</relative_cover>
					</species_description>
					<species_description>
						<tsn>525109</tsn>
						<relative_cover>15</relative_cover>
					</species_description>
					<species_description>
						<tsn>41097</tsn>
						<relative_cover>15</relative_cover>
					</species_description>
					<species_description>
						<tsn>38684</tsn>
						<relative_cover>35</relative_cover>
					</species_description>
				</species>
			</primary_layer>
			<secondary_layer>
				<percent_cover unit="number">0.0</percent_cover>
				<height unit="feet" />
				<loading unit="tons_per_acre">0.0</loading>
				<percent_live unit="number">0.0</percent_live>
				<species />
			</secondary_layer>
		</herbaceous>
		<woody_fuel>
			<all_downed_woody_fuel>
				<total_percent_cover max="70" min="30" unit="number">6.75</total_percent_cover>
				<depth max="5" min="0.5" unit="inches">0.15000000000000002</depth>
			</all_downed_woody_fuel>
			<sound_wood>
				<all_sound_wood>
					<species>
						<species_description>
							<tsn>183345</tsn>
							<relative_cover>70</relative_cover>
						</species_description>
						<species_description>
							<tsn>181826</tsn>
							<relative_cover>30</relative_cover>
						</species_description>
					</species>
				</all_sound_wood>
				<loadings_zero_to_three_inches>
					<zero_to_quarter_inch max="1" min="0" unit="tons_per_acre">0.07500000000000001</zero_to_quarter_inch>
					<quarter_inch_to_one_inch max="1" min="0.1" unit="tons_per_acre">0.30000000000000004</quarter_inch_to_one_inch>
					<one_to_three_inches max="4" min="0.7" unit="tons_per_acre">0.5249999999999999</one_to_three_inches>
				</loadings_zero_to_three_inches>
				<loadings_greater_than_three_inches>
					<three_to_nine_inches max="0" min="0" unit="tons_per_acre">2.7</three_to_nine_inches>
					<nine_to_twenty_inches max="0" min="0" reference_id="1364" unit="tons_per_acre">0.0</nine_to_twenty_inches>
					<greater_than_twenty_inches max="0" min="0" reference_id="1364" unit="tons_per_acre">0.0</greater_than_twenty_inches>
				</loadings_greater_than_three_inches>
			</sound_wood>
			<rotten_wood>
				<all_rotten_wood>
					<species>
						<species_description>
							<tsn>183345</tsn>
							<relative_cover>70</relative_cover>
						</species_description>
						<species_description>
							<tsn>181826</tsn>
							<relative_cover>30</relative_cover>
						</species_description>
					</species>
				</all_rotten_wood>
				<loadings_greater_than_three_inches>
					<three_to_nine_inches max="16" min="5" unit="tons_per_acre">0.99</three_to_nine_inches>
					<nine_to_twenty_inches max="24" min="4" unit="tons_per_acre">0.09000000000000001</nine_to_twenty_inches>
					<greater_than_twenty_inches max="10" min="0" unit="tons_per_acre">0.0</greater_than_twenty_inches>
				</loadings_greater_than_three_inches>
			</rotten_wood>
			<stumps>
				<sound>
					<stem_density unit="number_per_acre">4.5</stem_density>
					<diameter unit="inches" />
					<height unit="feet" />
					<species />
				</sound>
				<rotten>
					<stem_density unit="number_per_acre" />
					<diameter unit="inches" />
					<height unit="feet" />
					<species />
				</rotten>
				<lightered_pitchy>
					<stem_density unit="number_per_acre" />
					<diameter unit="inches" />
					<height unit="feet" />
					<species />
				</lightered_pitchy>
			</stumps>
		</woody_fuel>
		<moss_lichen_litter>
			<moss>
				<type />
				<percent_cover unit="number">0.0</percent_cover>
				<depth unit="inches">0.0</depth>
			</moss>
			<ground_lichen>
				<percent_cover unit="number">0.0</percent_cover>
				<depth unit="inches">0.0</depth>
			</ground_lichen>
			<litter>
				<percent_cover max="100" min="90" unit="number">49.9875</percent_cover>
				<depth max="1.5" min="0.5" unit="inches">0.19995000000000002</depth>
				<arrangement>1</arrangement>
				<litter_type>
					<short_needle_pine>
						<relative_cover />
					</short_needle_pine>
					<long_needle_pine>
						<relative_cover>20.0</relative_cover>
					</long_needle_pine>
					<other_conifer>
						<relative_cover />
					</other_conifer>
					<broadleaf_deciduous>
						<relative_cover />
					</broadleaf_deciduous>
					<broadleaf_evergreen>
						<relative_cover />
					</broadleaf_evergreen>
					<palm_frond>
						<relative_cover />
					</palm_frond>
					<grass>
						<relative_cover>80.0</relative_cover>
					</grass>
				</litter_type>
			</litter>
		</moss_lichen_litter>
		<ground_fuel>
			<duff>
				<upper>
					<depth unit="inches">0.0</depth>
					<percent_cover unit="number">0.0</percent_cover>
					<derivation />
				</upper>
				<lower>
					<depth unit="inches">0.0</depth>
					<percent_cover unit="number">0.0</percent_cover>
					<derivation />
				</lower>
			</duff>
			<squirrel_middens>
				<depth unit="inches">0.0</depth>
				<radius unit="feet" />
				<number_per_unit_area unit="number_per_acre">0.0</number_per_unit_area>
			</squirrel_middens>
			<basal_accumulation>
				<depth unit="inches">0.0</depth>
				<radius unit="feet" />
				<number_per_unit_area unit="number_per_acre">0.0</number_per_unit_area>
				<type />
			</basal_accumulation>
		</ground_fuel>
	</fuelbed>
</FCCS_file>
