<?xml version="1.0"?>
<FCCS_file xmlns:xsi="http://www.w3.org/2001/XMLSchema-instance" schemaVersion="1.4" xsi:noNamespaceSchemaLocation="cash.xsd">
	<fuelbed_number>5187_423</fuelbed_number>
	<fuelbed_name>DF PP GF (dry)|150+yr|SC-Rx</fuelbed_name>
	<fuelbed_description>Dry Douglas-fir, ponderosa pine, grand fir forest. Established over 150 years ago. Recent thin and prescribed burn. Medium-density with medium woody fuel loads. Western larch may be present in overstory.</fuelbed_description>
	<ecoregion>340,330</ecoregion>
	<vegetation_form>2</vegetation_form>
	<structural_class>1</structural_class>
	<cover_type>118,144,151,152</cover_type>
	<change_agent>8,12</change_agent>
	<natural_fire_regime>1</natural_fire_regime>
	<condition_class>2</condition_class>
	<user_name>Tom Leuschen</user_name>
	<address>PO Box 664
Twisp, WA 98856</address>
	<affiliation>Fire Vision LLC contract consultant</affiliation>
	<phone>509-997-5052</phone>
	<file_owner_email>tom@firevisionllc.com</file_owner_email>
	<notes>Created through a cooperative effort with Richy Harrod, Jim Bailey, John Barnes, and Rick Lind from the Okanogan &amp; Wenatchee NF.
Reference:
INT-97/Stand 73 (woody fuel loading), PSW-56/3-MP-4 (litter &amp; duff), Field Guide for Forested Plant Associations of the Wenatchee National Forest; PSME/SYAL/CARU Association and PNW-105/1-MC-3 (stand and veg data)</notes>
	<date_collected>May 28, 2010</date_collected>
	<fuelbed_confidence />
	<fuelbed>
		<canopy>
			<trees>
				<total_percent_cover max="75" min="20" unit="number">16.5</total_percent_cover>
				<overstory>
					<percent_cover max="80" min="1" unit="number">13.750000000000002</percent_cover>
					<height max="121" min="20" unit="feet">121</height>
					<height_to_live_crown max="43" min="4" unit="feet">50</height_to_live_crown>
					<stem_density max="300" min="3" unit="number_per_acre">19.25</stem_density>
					<diameter_at_breast_height max="33" min="3.3" unit="inches">20</diameter_at_breast_height>
					<species>
						<species_description>
							<tsn>183424</tsn>
							<relative_cover>78</relative_cover>
						</species_description>
						<species_description>
							<tsn>183365</tsn>
							<relative_cover>22</relative_cover>
						</species_description>
					</species>
				</overstory>
				<midstory>
					<percent_cover unit="number">0.0</percent_cover>
					<height unit="feet" />
					<height_to_live_crown unit="feet" />
					<stem_density unit="number_per_acre">0.0</stem_density>
					<diameter_at_breast_height unit="inches" />
					<species />
				</midstory>
				<understory>
					<percent_cover max="70" min="5" unit="number">10</percent_cover>
					<height max="21" min="1" unit="feet">7</height>
					<height_to_live_crown max="13" min="0" unit="feet">3</height_to_live_crown>
					<stem_density max="500" min="20" unit="number_per_acre">50</stem_density>
					<diameter_at_breast_height max="2" min="0.1" unit="inches">1</diameter_at_breast_height>
					<species>
						<species_description>
							<tsn>183424</tsn>
							<relative_cover>75</relative_cover>
						</species_description>
						<species_description>
							<tsn>183365</tsn>
							<relative_cover>25</relative_cover>
						</species_description>
					</species>
				</understory>
			</trees>
			<snags>
				<class_1_conifers_with_foliage>
					<percent_cover unit="number">0.0</percent_cover>
					<height_to_crown_base unit="feet" />
					<stem_density unit="number_per_acre">0.0</stem_density>
					<diameter unit="inches" />
					<height unit="feet" />
					<species />
				</class_1_conifers_with_foliage>
				<class_1_all_others>
					<stem_density unit="number_per_acre">0.0</stem_density>
					<diameter unit="inches" />
					<height unit="feet" />
					<species />
				</class_1_all_others>
				<class_2>
					<stem_density unit="number_per_acre">0.0</stem_density>
					<diameter unit="inches" />
					<height unit="feet" />
					<species />
				</class_2>
				<class_3>
					<stem_density max="-3" min="-3" unit="number_per_acre">4.95</stem_density>
					<diameter max="-3" min="-3" unit="inches">15</diameter>
					<height max="-3" min="-3" unit="feet">29</height>
					<species>
						<species_description>
							<tsn>183424</tsn>
							<relative_cover>78</relative_cover>
						</species_description>
						<species_description>
							<tsn>183365</tsn>
							<relative_cover>22</relative_cover>
						</species_description>
					</species>
				</class_3>
			</snags>
			<ladder_fuels>
				<minimum_height max="-3" min="-3" unit="feet">0</minimum_height>
				<maximum_height max="-3" min="-3" unit="feet">7</maximum_height>
				<is_vertically_contiguous />
				<type>7</type>
			</ladder_fuels>
		</canopy>
		<shrubs>
			<primary_layer>
				<percent_cover max="70" min="4" unit="number">34.306999999999995</percent_cover>
				<height max="6" min="1" unit="feet">1.9</height>
				<percent_live max="80" min="40" reference_id="1364" unit="number">63.7</percent_live>
				<species>
					<species_description>
						<tsn>25109</tsn>
						<relative_cover>7</relative_cover>
					</species_description>
					<species_description>
						<tsn>35332</tsn>
						<relative_cover>79</relative_cover>
					</species_description>
					<species_description>
						<tsn>536220</tsn>
						<relative_cover>7</relative_cover>
					</species_description>
					<species_description>
						<tsn>18835</tsn>
						<relative_cover>7</relative_cover>
					</species_description>
				</species>
			</primary_layer>
			<secondary_layer>
				<percent_cover unit="number">0.0</percent_cover>
				<height unit="feet" />
				<percent_live unit="number">0.0</percent_live>
				<species />
			</secondary_layer>
			<needle_drape>
				<is_sufficient_to_affect_fire_behavior>0</is_sufficient_to_affect_fire_behavior>
			</needle_drape>
		</shrubs>
		<herbaceous>
			<primary_layer>
				<percent_cover max="40" min="1" unit="number">72.0</percent_cover>
				<height max="4" min="0.1" unit="feet">0.2</height>
				<loading max="1" min="0.2" unit="tons_per_acre">0.3</loading>
				<percent_live max="99" min="75" reference_id="1358" unit="number">90</percent_live>
				<species>
					<species_description>
						<tsn>40540</tsn>
						<relative_cover>61</relative_cover>
					</species_description>
					<species_description>
						<tsn>39613</tsn>
						<relative_cover>39</relative_cover>
					</species_description>
				</species>
			</primary_layer>
			<secondary_layer>
				<percent_cover unit="number">0.0</percent_cover>
				<height unit="feet" />
				<loading unit="tons_per_acre">0.0</loading>
				<percent_live unit="number" />
				<species />
			</secondary_layer>
		</herbaceous>
		<woody_fuel>
			<all_downed_woody_fuel>
				<total_percent_cover max="70" min="12" unit="number">79.5</total_percent_cover>
				<depth max="5" min="0.02" unit="inches">1.0</depth>
			</all_downed_woody_fuel>
			<sound_wood>
				<all_sound_wood>
					<species />
				</all_sound_wood>
				<loadings_zero_to_three_inches>
					<zero_to_quarter_inch max="1" min="0" unit="tons_per_acre">0.037500000000000006</zero_to_quarter_inch>
					<quarter_inch_to_one_inch max="2" min="0.1" unit="tons_per_acre">0.1875</quarter_inch_to_one_inch>
					<one_to_three_inches max="4" min="0.5" unit="tons_per_acre">0.375</one_to_three_inches>
				</loadings_zero_to_three_inches>
				<loadings_greater_than_three_inches>
					<three_to_nine_inches max="3.4" min="0" unit="tons_per_acre">3.75</three_to_nine_inches>
					<nine_to_twenty_inches max="7.7" min="0" unit="tons_per_acre">2.4375</nine_to_twenty_inches>
					<greater_than_twenty_inches max="3.2" min="0" unit="tons_per_acre">0.0</greater_than_twenty_inches>
				</loadings_greater_than_three_inches>
			</sound_wood>
			<rotten_wood>
				<all_rotten_wood>
					<species>
						<species_description>
							<tsn>183365</tsn>
							<relative_cover>100.00</relative_cover>
						</species_description>
					</species>
				</all_rotten_wood>
				<loadings_greater_than_three_inches>
					<three_to_nine_inches unit="tons_per_acre">6.25</three_to_nine_inches>
					<nine_to_twenty_inches unit="tons_per_acre">4.0625</nine_to_twenty_inches>
					<greater_than_twenty_inches unit="tons_per_acre">0.0</greater_than_twenty_inches>
				</loadings_greater_than_three_inches>
			</rotten_wood>
			<stumps>
				<sound>
					<stem_density max="-3" min="-3" unit="number_per_acre">60</stem_density>
					<diameter max="-3" min="-3" unit="inches">18</diameter>
					<height max="-3" min="-3" unit="feet">2</height>
					<species>
						<species_description>
							<tsn>183424</tsn>
							<relative_cover>78</relative_cover>
						</species_description>
						<species_description>
							<tsn>183365</tsn>
							<relative_cover>22</relative_cover>
						</species_description>
					</species>
				</sound>
				<rotten>
					<stem_density max="150" min="80" unit="number_per_acre">10</stem_density>
					<diameter max="44" min="28" unit="inches">18</diameter>
					<height max="4" min="1" unit="feet">2</height>
					<species>
						<species_description>
							<tsn>183424</tsn>
							<relative_cover>78</relative_cover>
						</species_description>
						<species_description>
							<tsn>183365</tsn>
							<relative_cover>22</relative_cover>
						</species_description>
					</species>
				</rotten>
				<lightered_pitchy>
					<stem_density unit="number_per_acre" />
					<diameter unit="inches" />
					<height unit="feet" />
					<species />
				</lightered_pitchy>
			</stumps>
		</woody_fuel>
		<moss_lichen_litter>
			<moss>
				<type />
				<percent_cover unit="number" />
				<depth unit="inches" />
			</moss>
			<ground_lichen>
				<percent_cover unit="number" />
				<depth unit="inches" />
			</ground_lichen>
			<litter>
				<percent_cover max="100" min="90" unit="number">45.0</percent_cover>
				<depth max="1.5" min="0.5" unit="inches">0.22500000000000003</depth>
				<arrangement>1</arrangement>
				<litter_type>
					<short_needle_pine>
						<relative_cover />
					</short_needle_pine>
					<long_needle_pine>
						<relative_cover>22.0</relative_cover>
					</long_needle_pine>
					<other_conifer>
						<relative_cover>78.0</relative_cover>
					</other_conifer>
					<broadleaf_deciduous>
						<relative_cover />
					</broadleaf_deciduous>
					<broadleaf_evergreen>
						<relative_cover />
					</broadleaf_evergreen>
					<palm_frond>
						<relative_cover />
					</palm_frond>
					<grass>
						<relative_cover />
					</grass>
				</litter_type>
			</litter>
		</moss_lichen_litter>
		<ground_fuel>
			<duff>
				<upper>
					<depth max="1.5" min="0.25" unit="inches">0.30000000000000004</depth>
					<percent_cover max="70" min="30" unit="number">60.0</percent_cover>
					<derivation>1</derivation>
				</upper>
				<lower>
					<depth max="1.5" min="0.75" unit="inches">0.2</depth>
					<percent_cover max="70" min="30" unit="number">40</percent_cover>
					<derivation>3</derivation>
				</lower>
			</duff>
			<squirrel_middens>
				<depth unit="inches" />
				<radius unit="feet" />
				<number_per_unit_area unit="number_per_acre" />
			</squirrel_middens>
			<basal_accumulation>
				<depth unit="inches" />
				<radius unit="feet" />
				<number_per_unit_area unit="number_per_acre" />
				<type />
			</basal_accumulation>
		</ground_fuel>
	</fuelbed>
</FCCS_file>
