<?xml version="1.0"?>
<FCCS_file xmlns:xsi="http://www.w3.org/2001/XMLSchema-instance" schemaVersion="1.4" xsi:noNamespaceSchemaLocation="cash.xsd">
	<fuelbed_number>5371_532</fuelbed_number>
	<fuelbed_name>MixedCon (Sierra)|7-25yr|Past WF</fuelbed_name>
	<fuelbed_description>Sierra mixed conifer forest. Common associates include ponderosa pine, Jeffrey pine, white fir, red fir, and incense cedar. Occurs at middle elevations in the southern Cascades and Sierra Nevada. Established 7 to 25 years ago following stand-replacement wildfire with no subsequent management. </fuelbed_description>
	<ecoregion>260,340</ecoregion>
	<vegetation_form>2</vegetation_form>
	<structural_class>4</structural_class>
	<cover_type>150</cover_type>
	<change_agent>18</change_agent>
	<natural_fire_regime>1</natural_fire_regime>
	<condition_class>3</condition_class>
	<user_name>Roger Ottmar/Tom Leuschen</user_name>
	<address>PNW-Seattle</address>
	<affiliation>PNW-Seattle</affiliation>
	<phone>206-732-7826</phone>
	<file_owner_email>rottmar@fs.fed.us</file_owner_email>
	<notes>Used LT002, adjusted customized page. AA: altered species composition of canopy, shrub and nonwoody layers based on Ecological Guide to Mixed Conifer Plant Associations (pgs 56-65); also consulted R5-ECOL-TP-003.</notes>
	<date_collected>Feb 23, 2010</date_collected>
	<fuelbed_confidence />
	<fuelbed>
		<canopy>
			<trees>
				<total_percent_cover max="100" min="50" unit="number">6.75</total_percent_cover>
				<overstory>
					<percent_cover max="40" min="5" unit="number">2.25</percent_cover>
					<height max="120" min="30" unit="feet">88</height>
					<height_to_live_crown max="50" min="5" unit="feet">39.0</height_to_live_crown>
					<stem_density max="40" min="3" unit="number_per_acre">4.05</stem_density>
					<diameter_at_breast_height max="60" min="10" unit="inches">24</diameter_at_breast_height>
					<species>
						<species_description>
							<tsn>183365</tsn>
							<relative_cover>40</relative_cover>
						</species_description>
						<species_description>
							<tsn>183424</tsn>
							<relative_cover>30</relative_cover>
						</species_description>
						<species_description>
							<tsn>183347</tsn>
							<relative_cover>30</relative_cover>
						</species_description>
					</species>
				</overstory>
				<midstory>
					<percent_cover unit="number">0.0</percent_cover>
					<height unit="feet" />
					<height_to_live_crown unit="feet">0.0</height_to_live_crown>
					<stem_density unit="number_per_acre">0.0</stem_density>
					<diameter_at_breast_height unit="inches" />
					<species />
				</midstory>
				<understory>
					<percent_cover max="60" min="10" unit="number">30</percent_cover>
					<height max="30" min="1" unit="feet">9</height>
					<height_to_live_crown max="15" min="0" unit="feet">2</height_to_live_crown>
					<stem_density max="2000" min="50" unit="number_per_acre">400</stem_density>
					<diameter_at_breast_height max="8" min="0.5" unit="inches">2</diameter_at_breast_height>
					<species>
						<species_description>
							<tsn>183365</tsn>
							<relative_cover>40</relative_cover>
						</species_description>
						<species_description>
							<tsn>501145</tsn>
							<relative_cover>15</relative_cover>
						</species_description>
						<species_description>
							<tsn>183347</tsn>
							<relative_cover>15</relative_cover>
						</species_description>
						<species_description>
							<tsn>183424</tsn>
							<relative_cover>30</relative_cover>
						</species_description>
					</species>
				</understory>
			</trees>
			<snags>
				<class_1_conifers_with_foliage>
					<percent_cover unit="number">23.25</percent_cover>
					<height_to_crown_base unit="feet">30</height_to_crown_base>
					<stem_density unit="number_per_acre">13.95</stem_density>
					<diameter unit="inches">24.0</diameter>
					<height unit="feet">88</height>
					<species>
						<species_description>
							<tsn>183365</tsn>
							<relative_cover>40</relative_cover>
						</species_description>
						<species_description>
							<tsn>183424</tsn>
							<relative_cover>30</relative_cover>
						</species_description>
						<species_description>
							<tsn>183347</tsn>
							<relative_cover>30</relative_cover>
						</species_description>
					</species>
				</class_1_conifers_with_foliage>
				<class_1_all_others>
					<stem_density unit="number_per_acre">13.5</stem_density>
					<diameter unit="inches">24.0</diameter>
					<height unit="feet">88</height>
					<species />
				</class_1_all_others>
				<class_2>
					<stem_density max="0" min="0" unit="number_per_acre"></stem_density>
					<diameter max="0" min="0" unit="inches"></diameter>
					<height max="0" min="0" unit="feet"></height>
					<species>
						<species_description>
							<tsn>183424</tsn>
							<relative_cover>50</relative_cover>
						</species_description>
						<species_description>
							<tsn>18035</tsn>
							<relative_cover>50</relative_cover>
						</species_description>
					</species>
				</class_2>
				<class_3>
					<stem_density max="-3" min="-3" unit="number_per_acre">100</stem_density>
					<diameter max="-3" min="-3" unit="inches">15</diameter>
					<height max="-3" min="-3" unit="feet">45</height>
					<species>
						<species_description>
							<tsn>183424</tsn>
							<relative_cover>50</relative_cover>
						</species_description>
						<species_description>
							<tsn>18035</tsn>
							<relative_cover>50</relative_cover>
						</species_description>
					</species>
				</class_3>
			</snags>
			<ladder_fuels>
				<minimum_height max="15" min="0" unit="feet">2</minimum_height>
				<maximum_height max="30" min="1" unit="feet">9</maximum_height>
				<is_vertically_contiguous>0</is_vertically_contiguous>
				<type>7</type>
			</ladder_fuels>
		</canopy>
		<shrubs>
			<primary_layer>
				<percent_cover max="10" min="0" unit="number">56.25</percent_cover>
				<height max="6" min="0.5" unit="feet">1.7</height>
				<percent_live max="100" min="70" unit="number">80</percent_live>
				<species>
					<species_description>
						<tsn>23467</tsn>
						<relative_cover>40</relative_cover>
					</species_description>
					<species_description>
						<tsn>28453</tsn>
						<relative_cover>40</relative_cover>
					</species_description>
					<species_description>
						<tsn>35335</tsn>
						<relative_cover>20</relative_cover>
					</species_description>
				</species>
			</primary_layer>
			<secondary_layer>
				<percent_cover unit="number">0.0</percent_cover>
				<height unit="feet" />
				<percent_live unit="number" />
				<species />
			</secondary_layer>
			<needle_drape>
				<is_sufficient_to_affect_fire_behavior>0</is_sufficient_to_affect_fire_behavior>
			</needle_drape>
		</shrubs>
		<herbaceous>
			<primary_layer>
				<percent_cover max="30" min="2" unit="number">21.0</percent_cover>
				<height max="2" min="0.5" unit="feet">0.6</height>
				<loading max="0.5" min="0" unit="tons_per_acre">0.098</loading>
				<percent_live max="99" min="40" unit="number">90</percent_live>
				<species>
					<species_description>
						<tsn>36428</tsn>
						<relative_cover>20</relative_cover>
					</species_description>
					<species_description>
						<tsn>525109</tsn>
						<relative_cover>40</relative_cover>
					</species_description>
					<species_description>
						<tsn>40478</tsn>
						<relative_cover>40</relative_cover>
					</species_description>
				</species>
			</primary_layer>
			<secondary_layer>
				<percent_cover unit="number">0.0</percent_cover>
				<height unit="feet" />
				<loading unit="tons_per_acre">0.0</loading>
				<percent_live unit="number" />
				<species />
			</secondary_layer>
		</herbaceous>
		<woody_fuel>
			<all_downed_woody_fuel>
				<total_percent_cover max="95" min="50" unit="number">100</total_percent_cover>
				<depth max="3" min="0.5" unit="inches">3.5</depth>
			</all_downed_woody_fuel>
			<sound_wood>
				<all_sound_wood>
					<species>
						<species_description>
							<tsn>183424</tsn>
							<relative_cover>50</relative_cover>
						</species_description>
						<species_description>
							<tsn>18035</tsn>
							<relative_cover>50</relative_cover>
						</species_description>
					</species>
				</all_sound_wood>
				<loadings_zero_to_three_inches>
					<zero_to_quarter_inch max="1" min="0" unit="tons_per_acre">1.0</zero_to_quarter_inch>
					<quarter_inch_to_one_inch max="3" min="0" unit="tons_per_acre">2.1</quarter_inch_to_one_inch>
					<one_to_three_inches max="3" min="0" unit="tons_per_acre">4.0249999999999995</one_to_three_inches>
				</loadings_zero_to_three_inches>
				<loadings_greater_than_three_inches>
					<three_to_nine_inches max="5" min="0" unit="tons_per_acre">1.3</three_to_nine_inches>
					<nine_to_twenty_inches max="5" min="0" unit="tons_per_acre">1.4</nine_to_twenty_inches>
					<greater_than_twenty_inches max="5" min="0" unit="tons_per_acre">0</greater_than_twenty_inches>
				</loadings_greater_than_three_inches>
			</sound_wood>
			<rotten_wood>
				<all_rotten_wood>
					<species>
						<species_description>
							<tsn>183424</tsn>
							<relative_cover>70</relative_cover>
						</species_description>
						<species_description>
							<tsn>18035</tsn>
							<relative_cover>30</relative_cover>
						</species_description>
					</species>
				</all_rotten_wood>
				<loadings_greater_than_three_inches>
					<three_to_nine_inches max="5" min="0" unit="tons_per_acre">1</three_to_nine_inches>
					<nine_to_twenty_inches max="5" min="0" unit="tons_per_acre">1</nine_to_twenty_inches>
					<greater_than_twenty_inches max="5" min="0" reference_id="4003" unit="tons_per_acre">0</greater_than_twenty_inches>
				</loadings_greater_than_three_inches>
			</rotten_wood>
			<stumps>
				<sound>
					<stem_density unit="number_per_acre" />
					<diameter unit="inches" />
					<height unit="feet" />
					<species />
				</sound>
				<rotten>
					<stem_density unit="number_per_acre" />
					<diameter unit="inches" />
					<height unit="feet" />
					<species />
				</rotten>
				<lightered_pitchy>
					<stem_density unit="number_per_acre" />
					<diameter unit="inches" />
					<height unit="feet" />
					<species />
				</lightered_pitchy>
			</stumps>
		</woody_fuel>
		<moss_lichen_litter>
			<moss>
				<type />
				<percent_cover unit="number" />
				<depth unit="inches" />
			</moss>
			<ground_lichen>
				<percent_cover unit="number" />
				<depth unit="inches" />
			</ground_lichen>
			<litter>
				<percent_cover max="100" min="75" unit="number">100</percent_cover>
				<depth max="4" min="0.1" unit="inches">1.0</depth>
				<arrangement>1</arrangement>
				<litter_type>
					<short_needle_pine>
						<relative_cover />
					</short_needle_pine>
					<long_needle_pine>
						<relative_cover>20.0</relative_cover>
					</long_needle_pine>
					<other_conifer>
						<relative_cover>10.0</relative_cover>
					</other_conifer>
					<broadleaf_deciduous>
						<relative_cover />
					</broadleaf_deciduous>
					<broadleaf_evergreen>
						<relative_cover>60.0</relative_cover>
					</broadleaf_evergreen>
					<palm_frond>
						<relative_cover />
					</palm_frond>
					<grass>
						<relative_cover>10.0</relative_cover>
					</grass>
				</litter_type>
			</litter>
		</moss_lichen_litter>
		<ground_fuel>
			<duff>
				<upper>
					<depth max="2" min="0" unit="inches">0.2</depth>
					<percent_cover max="100" min="75" unit="number">95</percent_cover>
					<derivation>1</derivation>
				</upper>
				<lower>
					<depth unit="inches" />
					<percent_cover unit="number" />
					<derivation />
				</lower>
			</duff>
			<squirrel_middens>
				<depth unit="inches" />
				<radius unit="feet" />
				<number_per_unit_area unit="number_per_acre" />
			</squirrel_middens>
			<basal_accumulation>
				<depth unit="inches" />
				<radius unit="feet" />
				<number_per_unit_area unit="number_per_acre" />
				<type />
			</basal_accumulation>
		</ground_fuel>
	</fuelbed>
</FCCS_file>
