<?xml version="1.0"?>
<FCCS_file xmlns:xsi="http://www.w3.org/2001/XMLSchema-instance" schemaVersion="1.4" xsi:noNamespaceSchemaLocation="cash.xsd">
	<fuelbed_number>5483_121</fuelbed_number>
	<fuelbed_name>WJ BB BG|40-80yr</fuelbed_name>
	<fuelbed_description>Western juniper, bitterbrush and bunchgrass savanna. Occurs as transitional ecosystem between ponderosa pine forests and sagebrush steppe in eastern Oregon and throughout the Great Basin. Established 40 to 80 years ago after prescribed fire or wildfire.</fuelbed_description>
	<ecoregion>330,340</ecoregion>
	<vegetation_form>5</vegetation_form>
	<structural_class>4</structural_class>
	<cover_type>145,9</cover_type>
	<change_agent>18</change_agent>
	<natural_fire_regime>2</natural_fire_regime>
	<condition_class>2</condition_class>
	<user_name />
	<address />
	<affiliation />
	<phone />
	<file_owner_email />
	<notes />
	<site_photo />
	<date_collected>2003-09-17</date_collected>
	<fuelbed_confidence />
	<fuelbed>
		<canopy>
			<trees>
				<total_percent_cover max="-3" min="-3" unit="number">30.0</total_percent_cover>
				<overstory>
					<percent_cover max="-3" min="-3" unit="number">12.0</percent_cover>
					<height max="-3" min="-3" unit="feet">33</height>
					<height_to_live_crown max="-3" min="-3" unit="feet">6.0</height_to_live_crown>
					<stem_density max="-3" min="-3" unit="number_per_acre">7.8</stem_density>
					<diameter_at_breast_height max="-3" min="-3" unit="inches">11</diameter_at_breast_height>
					<species>
						<species_description>
							<tsn>194855</tsn>
							<relative_cover>100.00</relative_cover>
						</species_description>
					</species>
				</overstory>
				<midstory>
					<percent_cover max="-3" min="-3" unit="number">18.0</percent_cover>
					<height max="-3" min="-3" unit="feet">18</height>
					<height_to_live_crown max="-3" min="-3" unit="feet">2.4</height_to_live_crown>
					<stem_density max="-3" min="-3" unit="number_per_acre">36.0</stem_density>
					<diameter_at_breast_height max="-3" min="-3" unit="inches">6</diameter_at_breast_height>
					<species>
						<species_description>
							<tsn>194855</tsn>
							<relative_cover>100.00</relative_cover>
						</species_description>
					</species>
				</midstory>
				<understory>
					<percent_cover max="-3" min="-3" unit="number">4.0</percent_cover>
					<height max="-3" min="-3" unit="feet">2</height>
					<height_to_live_crown max="-3" min="-3" unit="feet">0.0</height_to_live_crown>
					<stem_density max="-3" min="-3" unit="number_per_acre">36.0</stem_density>
					<diameter_at_breast_height max="-3" min="-3" unit="inches">0.5</diameter_at_breast_height>
					<species>
						<species_description>
							<tsn>194855</tsn>
							<relative_cover>100.00</relative_cover>
						</species_description>
					</species>
				</understory>
			</trees>
			<snags>
				<class_1_conifers_with_foliage>
					<percent_cover unit="number">20.0</percent_cover>
					<height_to_crown_base unit="feet">5</height_to_crown_base>
					<stem_density unit="number_per_acre">29.2</stem_density>
					<diameter unit="inches">6.890410958904109</diameter>
					<height unit="feet">33</height>
					<species>
						<species_description>
							<tsn>194855</tsn>
							<relative_cover>100.00</relative_cover>
						</species_description>
					</species>
				</class_1_conifers_with_foliage>
				<class_1_all_others>
					<stem_density max="-3" min="-3" unit="number_per_acre">2</stem_density>
					<diameter max="-3" min="-3" unit="inches">11</diameter>
					<height max="-3" min="-3" unit="feet">33</height>
					<species>
						<species_description>
							<tsn>194855</tsn>
							<relative_cover>100.00</relative_cover>
						</species_description>
					</species>
				</class_1_all_others>
				<class_2>
					<stem_density max="-3" min="-3" unit="number_per_acre">2</stem_density>
					<diameter max="-3" min="-3" unit="inches">7</diameter>
					<height max="-3" min="-3" unit="feet">20</height>
					<species>
						<species_description>
							<tsn>194855</tsn>
							<relative_cover>100.00</relative_cover>
						</species_description>
					</species>
				</class_2>
				<class_3>
					<stem_density max="-3" min="-3" unit="number_per_acre">1</stem_density>
					<diameter max="-3" min="-3" unit="inches">11</diameter>
					<height max="-3" min="-3" unit="feet">30</height>
					<species>
						<species_description>
							<tsn>194855</tsn>
							<relative_cover>100.00</relative_cover>
						</species_description>
					</species>
				</class_3>
			</snags>
			<ladder_fuels>
				<minimum_height unit="feet" />
				<maximum_height unit="feet" />
				<is_vertically_contiguous>0</is_vertically_contiguous>
				<type />
			</ladder_fuels>
		</canopy>
		<shrubs>
			<primary_layer>
				<percent_cover max="-3" min="-3" unit="number">5.0</percent_cover>
				<height max="-3" min="-3" unit="feet">0.75</height>
				<percent_live max="-3" min="-3" unit="number">11.25</percent_live>
				<species>
					<species_description>
						<tsn>25290</tsn>
						<relative_cover>60.00</relative_cover>
					</species_description>
					<species_description>
						<tsn>35449</tsn>
						<relative_cover>25.00</relative_cover>
					</species_description>
					<species_description>
						<tsn>35498</tsn>
						<relative_cover>15.00</relative_cover>
					</species_description>
				</species>
			</primary_layer>
			<secondary_layer>
				<percent_cover unit="number">0.0</percent_cover>
				<height unit="feet">0.0</height>
				<percent_live unit="number">0.0</percent_live>
				<species />
			</secondary_layer>
			<needle_drape>
				<is_sufficient_to_affect_fire_behavior>0</is_sufficient_to_affect_fire_behavior>
			</needle_drape>
		</shrubs>
		<herbaceous>
			<primary_layer>
				<percent_cover max="-3" min="-3" unit="number">5.0</percent_cover>
				<height max="-3" min="-3" unit="feet">0.5</height>
				<percent_live max="-3" min="-3" unit="number">18.75</percent_live>
				<loading max="-3" min="-3" unit="tons_per_acre">0.075</loading>
				<species>
					<species_description>
						<tsn>40816</tsn>
						<relative_cover>50.00</relative_cover>
					</species_description>
					<species_description>
						<tsn>504637</tsn>
						<relative_cover>30.00</relative_cover>
					</species_description>
					<species_description>
						<tsn>41103</tsn>
						<relative_cover>20.00</relative_cover>
					</species_description>
				</species>
			</primary_layer>
			<secondary_layer>
				<percent_cover max="-3" min="-3" unit="number">2.5</percent_cover>
				<height max="-3" min="-3" unit="feet">0.375</height>
				<percent_live max="-3" min="-3" unit="number">21.5</percent_live>
				<loading max="-3" min="-3" unit="tons_per_acre">0.025</loading>
				<species>
					<species_description>
						<tsn>35423</tsn>
						<relative_cover>60.00</relative_cover>
					</species_description>
					<species_description>
						<tsn>29754</tsn>
						<relative_cover>20.00</relative_cover>
					</species_description>
					<species_description>
						<tsn>24662</tsn>
						<relative_cover>20.00</relative_cover>
					</species_description>
				</species>
			</secondary_layer>
		</herbaceous>
		<woody_fuel>
			<all_downed_woody_fuel>
				<total_percent_cover max="-3" min="-3" unit="number">5.0</total_percent_cover>
				<depth max="-3" min="-3" unit="inches">0.125</depth>
			</all_downed_woody_fuel>
			<sound_wood>
				<loadings_zero_to_three_inches>
					<zero_to_quarter_inch max="-3" min="-3" unit="tons_per_acre">0.0275</zero_to_quarter_inch>
					<quarter_inch_to_one_inch max="-3" min="-3" unit="tons_per_acre">0.06</quarter_inch_to_one_inch>
					<one_to_three_inches max="-3" min="-3" unit="tons_per_acre">0.0375</one_to_three_inches>
				</loadings_zero_to_three_inches>
				<loadings_greater_than_three_inches>
					<three_to_nine_inches max="-3" min="-3" unit="tons_per_acre">0.15000000000000002</three_to_nine_inches>
					<nine_to_twenty_inches max="-3" min="-3" unit="tons_per_acre">0.0</nine_to_twenty_inches>
					<greater_than_twenty_inches max="-3" min="-3" unit="tons_per_acre">0.0</greater_than_twenty_inches>
				</loadings_greater_than_three_inches>
				<all_sound_wood>
					<species>
						<species_description>
							<tsn>194855</tsn>
							<relative_cover>100.00</relative_cover>
						</species_description>
					</species>
				</all_sound_wood>
			</sound_wood>
			<rotten_wood>
				<loadings_greater_than_three_inches>
					<three_to_nine_inches max="-3" min="-3" unit="tons_per_acre">0.375</three_to_nine_inches>
					<nine_to_twenty_inches max="-3" min="-3" unit="tons_per_acre">0.0</nine_to_twenty_inches>
					<greater_than_twenty_inches max="-3" min="-3" unit="tons_per_acre">0.0</greater_than_twenty_inches>
				</loadings_greater_than_three_inches>
				<all_rotten_wood>
					<species>
						<species_description>
							<tsn>194855</tsn>
							<relative_cover>100.00</relative_cover>
						</species_description>
					</species>
				</all_rotten_wood>
			</rotten_wood>
			<stumps>
				<sound>
					<stem_density unit="number_per_acre" />
					<diameter unit="inches" />
					<height unit="feet" />
					<species />
				</sound>
				<rotten>
					<stem_density unit="number_per_acre">0.0</stem_density>
					<diameter unit="inches">0.0</diameter>
					<height unit="feet">0.0</height>
					<species />
				</rotten>
				<lightered_pitchy>
					<stem_density unit="number_per_acre">0.0</stem_density>
					<diameter unit="inches">0.0</diameter>
					<height unit="feet">0.0</height>
					<species />
				</lightered_pitchy>
			</stumps>
		</woody_fuel>
		<moss_lichen_litter>
			<moss>
				<percent_cover unit="number">0.0</percent_cover>
				<depth unit="inches">0.0</depth>
				<type />
			</moss>
			<ground_lichen>
				<percent_cover unit="number">0.0</percent_cover>
				<depth unit="inches">0.0</depth>
			</ground_lichen>
			<litter>
				<percent_cover max="-3" min="-3" unit="number">3.75</percent_cover>
				<depth max="-3" min="-3" unit="inches">0.05</depth>
				<arrangement>1</arrangement>
				<litter_type>
					<short_needle_pine>
						<relative_cover />
					</short_needle_pine>
					<long_needle_pine>
						<relative_cover />
					</long_needle_pine>
					<other_conifer>
						<relative_cover>80.00</relative_cover>
					</other_conifer>
					<broadleaf_deciduous>
						<relative_cover>10.00</relative_cover>
					</broadleaf_deciduous>
					<broadleaf_evergreen>
						<relative_cover />
					</broadleaf_evergreen>
					<palm_frond>
						<relative_cover />
					</palm_frond>
					<grass>
						<relative_cover>10.00</relative_cover>
					</grass>
				</litter_type>
			</litter>
		</moss_lichen_litter>
		<ground_fuel>
			<duff>
				<upper>
					<percent_cover max="-3" min="-3" unit="number">3.75</percent_cover>
					<depth max="-3" min="-3" unit="inches">0.025</depth>
					<derivation>1</derivation>
				</upper>
				<lower>
					<percent_cover max="-3" min="-3" unit="number">3.75</percent_cover>
					<depth max="-3" min="-3" unit="inches">0.025</depth>
					<derivation>3</derivation>
				</lower>
			</duff>
			<basal_accumulation>
				<radius unit="feet">0.0</radius>
				<depth unit="inches">0.0</depth>
				<number_per_unit_area unit="number_per_acre">0.0</number_per_unit_area>
				<type />
			</basal_accumulation>
			<squirrel_middens>
				<depth unit="inches">0.0</depth>
				<number_per_unit_area unit="number_per_acre">0.0</number_per_unit_area>
				<radius unit="feet">0.0</radius>
			</squirrel_middens>
		</ground_fuel>
	</fuelbed>
</FCCS_file>
