<?xml version="1.0"?>
<FCCS_file xmlns:xsi="http://www.w3.org/2001/XMLSchema-instance" schemaVersion="1.4" xsi:schemaLocation="conf\\us.fed.fs.fera.fccs.xsd">
	<fuelbed_number>5243_322</fuelbed_number>
	<fuelbed_name>GF WH (moist)|150+yr|High density</fuelbed_name>
	<fuelbed_description>Moist grand fir and western hemlock forest. Established over 150 years old with no active management. High-density.</fuelbed_description>
	<ecoregion>240,340,330</ecoregion>
	<vegetation_form>2</vegetation_form>
	<structural_class>1</structural_class>
	<cover_type>121,131</cover_type>
	<change_agent>18</change_agent>
	<natural_fire_regime>4</natural_fire_regime>
	<condition_class>1</condition_class>
	<user_name>Anne Andreu</user_name>
	<address />
	<affiliation>FERA</affiliation>
	<phone>206-732-7826</phone>
	<file_owner_email>agandreu@u.washington.edu</file_owner_email>
	<notes> This fuelbed created in cooperation with Richy Harrod, Jim Bailey, John Barnes, and Rick Lind of the Okanogan and Wenatchee NF, Roger Ottmar of USFSPNW, FERA and Tom Leuschen of Fire Vision LLC. Fuelbed based on OW046. Used Field Guide to Forested Plant Associations of the Wenatchee NF for tree, shrub and nonwoody species.Edited by Susan Prichard and Ellen Eberhardt, February 2009.</notes>
	<date_collected>Sep 9, 2011</date_collected>
	<fuelbed_confidence />
	<fuelbed>
		<canopy>
			<trees>
				<total_percent_cover max="100" min="45" unit="number">60.300000000000004</total_percent_cover>
				<overstory>
					<percent_cover max="40" min="0" unit="number">30.0</percent_cover>
					<height max="170" min="75" unit="feet">115</height>
					<height_to_live_crown max="80" min="15" unit="feet">52.5</height_to_live_crown>
					<stem_density max="85" min="6" unit="number_per_acre">62.5</stem_density>
					<diameter_at_breast_height max="50" min="16" unit="inches">25.0</diameter_at_breast_height>
					<species>
						<species_description>
							<tsn>183284</tsn>
							<relative_cover>40</relative_cover>
						</species_description>
						<species_description>
							<tsn>183424</tsn>
							<relative_cover>50</relative_cover>
						</species_description>
						<species_description>
							<tsn>183400</tsn>
							<relative_cover>10</relative_cover>
						</species_description>
					</species>
				</overstory>
				<midstory>
					<percent_cover max="70" min="20" unit="number">25.0</percent_cover>
					<height max="130" min="40" reference_id="459" unit="feet">75</height>
					<height_to_live_crown max="70" min="5" unit="feet">22.5</height_to_live_crown>
					<stem_density max="230" min="20" unit="number_per_acre">40.0</stem_density>
					<diameter_at_breast_height max="30" min="6" reference_id="459" unit="inches">18.75</diameter_at_breast_height>
					<species>
						<species_description>
							<tsn>183284</tsn>
							<relative_cover>40</relative_cover>
						</species_description>
						<species_description>
							<tsn>183400</tsn>
							<relative_cover>30</relative_cover>
						</species_description>
						<species_description>
							<tsn>183424</tsn>
							<relative_cover>20</relative_cover>
						</species_description>
						<species_description>
							<tsn>18044</tsn>
							<relative_cover>10</relative_cover>
						</species_description>
					</species>
				</midstory>
				<understory>
					<percent_cover max="70" min="5" unit="number"></percent_cover>
					<height max="40" min="4" reference_id="459" unit="feet"></height>
					<height_to_live_crown max="20" min="0" unit="feet"></height_to_live_crown>
					<stem_density max="1500" min="35" unit="number_per_acre"></stem_density>
					<diameter_at_breast_height max="10" min="0.5" unit="inches"></diameter_at_breast_height>
					<species />
				</understory>
			</trees>
			<snags>
				<class_1_conifers_with_foliage>
					<percent_cover max="90" min="0" unit="number">1.64301</percent_cover>
					<height_to_crown_base max="90" min="0" unit="feet">60.03</height_to_crown_base>
					<stem_density max="50" min="0" unit="number_per_acre">5</stem_density>
					<diameter max="40" min="6" reference_id="459" unit="inches">18</diameter>
					<height max="160" min="40" reference_id="459" unit="feet">90</height>
					<species>
						<species_description>
							<tsn>183284</tsn>
							<relative_cover>70.00</relative_cover>
						</species_description>
						<species_description>
							<tsn>183424</tsn>
							<relative_cover>30.00</relative_cover>
						</species_description>
					</species>
				</class_1_conifers_with_foliage>
				<class_1_all_others>
					<stem_density max="-3" min="-3" unit="number_per_acre">15</stem_density>
					<diameter max="-3" min="-3" unit="inches">18</diameter>
					<height max="-3" min="-3" unit="feet">80</height>
					<species>
						<species_description>
							<tsn>183284</tsn>
							<relative_cover>100</relative_cover>
						</species_description>
					</species>
				</class_1_all_others>
				<class_2>
					<stem_density max="200" min="0" reference_id="459" unit="number_per_acre">30</stem_density>
					<diameter max="40" min="6" reference_id="459" unit="inches">18</diameter>
					<height max="150" min="30" unit="feet">70</height>
					<species>
						<species_description>
							<tsn>183284</tsn>
							<relative_cover>70.00</relative_cover>
						</species_description>
						<species_description>
							<tsn>183424</tsn>
							<relative_cover>30.00</relative_cover>
						</species_description>
					</species>
				</class_2>
				<class_3>
					<stem_density max="200" min="0" unit="number_per_acre">40</stem_density>
					<diameter max="40" min="6" reference_id="459" unit="inches">18</diameter>
					<height max="140" min="25" unit="feet">60</height>
					<species>
						<species_description>
							<tsn>183284</tsn>
							<relative_cover>70.00</relative_cover>
						</species_description>
						<species_description>
							<tsn>183424</tsn>
							<relative_cover>30.00</relative_cover>
						</species_description>
					</species>
				</class_3>
			</snags>
			<ladder_fuels>
				<minimum_height max="10" min="2" unit="feet">0</minimum_height>
				<maximum_height max="60" min="10" unit="feet">100</maximum_height>
				<is_vertically_contiguous>1</is_vertically_contiguous>
				<type>2</type>
			</ladder_fuels>
		</canopy>
		<shrubs>
			<primary_layer>
				<percent_cover max="80" min="10" unit="number">3.75</percent_cover>
				<height max="10" min="1" unit="feet">4</height>
				<percent_live max="100" min="50" unit="number">85.0</percent_live>
				<species>
					<species_description>
						<tsn>28740</tsn>
						<relative_cover>70</relative_cover>
					</species_description>
					<species_description>
						<tsn>23601</tsn>
						<relative_cover>30</relative_cover>
					</species_description>
				</species>
			</primary_layer>
			<secondary_layer>
				<percent_cover unit="number">0.0</percent_cover>
				<height unit="feet" />
				<percent_live unit="number">0.0</percent_live>
				<species />
			</secondary_layer>
			<needle_drape>
				<is_sufficient_to_affect_fire_behavior>0</is_sufficient_to_affect_fire_behavior>
			</needle_drape>
		</shrubs>
		<herbaceous>
			<primary_layer>
				<percent_cover max="10" min="0" unit="number">0.75</percent_cover>
				<height max="2.5" min="0.1" unit="feet">0.7</height>
				<loading max="2" min="0" unit="tons_per_acre">0.0225</loading>
				<percent_live max="100" min="50" unit="number">95.0</percent_live>
				<species>
					<species_description>
						<tsn>18813</tsn>
						<relative_cover>50.00</relative_cover>
					</species_description>
					<species_description>
						<tsn>24055</tsn>
						<relative_cover>25</relative_cover>
					</species_description>
					<species_description>
						<tsn>42905</tsn>
						<relative_cover>25</relative_cover>
					</species_description>
				</species>
			</primary_layer>
			<secondary_layer>
				<percent_cover unit="number">0.0</percent_cover>
				<height unit="feet" />
				<loading unit="tons_per_acre">0.0</loading>
				<percent_live unit="number">0.0</percent_live>
				<species />
			</secondary_layer>
		</herbaceous>
		<woody_fuel>
			<all_downed_woody_fuel>
				<total_percent_cover max="99" min="25" unit="number">45.0</total_percent_cover>
				<depth max="8" min="0.1" unit="inches">3.0</depth>
			</all_downed_woody_fuel>
			<sound_wood>
				<all_sound_wood>
					<species>
						<species_description>
							<tsn>183284</tsn>
							<relative_cover>30</relative_cover>
						</species_description>
						<species_description>
							<tsn>183424</tsn>
							<relative_cover>70</relative_cover>
						</species_description>
					</species>
				</all_sound_wood>
				<loadings_zero_to_three_inches>
					<zero_to_quarter_inch max="2" min="0.1" unit="tons_per_acre">0.25</zero_to_quarter_inch>
					<quarter_inch_to_one_inch max="4" min="0.3" unit="tons_per_acre">0.8</quarter_inch_to_one_inch>
					<one_to_three_inches max="6" min="1" unit="tons_per_acre">1.65</one_to_three_inches>
				</loadings_zero_to_three_inches>
				<loadings_greater_than_three_inches>
					<three_to_nine_inches max="12" min="0.5" unit="tons_per_acre">7.26</three_to_nine_inches>
					<nine_to_twenty_inches max="25" min="0.5" unit="tons_per_acre">9.0</nine_to_twenty_inches>
					<greater_than_twenty_inches max="5" min="0" unit="tons_per_acre">1.8000000000000003</greater_than_twenty_inches>
				</loadings_greater_than_three_inches>
			</sound_wood>
			<rotten_wood>
				<all_rotten_wood>
					<species>
						<species_description>
							<tsn>183424</tsn>
							<relative_cover>60</relative_cover>
						</species_description>
						<species_description>
							<tsn>183284</tsn>
							<relative_cover>40</relative_cover>
						</species_description>
					</species>
				</all_rotten_wood>
				<loadings_greater_than_three_inches>
					<three_to_nine_inches max="10" min="0.5" unit="tons_per_acre">3.06</three_to_nine_inches>
					<nine_to_twenty_inches max="12" min="0.5" unit="tons_per_acre">8.600000000000001</nine_to_twenty_inches>
					<greater_than_twenty_inches max="5" min="0" unit="tons_per_acre">3.0000000000000004</greater_than_twenty_inches>
				</loadings_greater_than_three_inches>
			</rotten_wood>
			<stumps>
				<sound>
					<stem_density max="10" min="0" reference_id="1358" unit="number_per_acre">103.5</stem_density>
					<diameter max="40" min="8" reference_id="1358" unit="inches">11</diameter>
					<height max="4.5" min="0.6" reference_id="1358" unit="feet">2</height>
					<species>
						<species_description>
							<tsn>183284</tsn>
							<relative_cover>100.00</relative_cover>
						</species_description>
					</species>
				</sound>
				<rotten>
					<stem_density max="12" min="0" unit="number_per_acre">2.5</stem_density>
					<diameter max="40" min="8" unit="inches">12</diameter>
					<height max="4.5" min="0.6" unit="feet">2</height>
					<species>
						<species_description>
							<tsn>183284</tsn>
							<relative_cover>100.00</relative_cover>
						</species_description>
					</species>
				</rotten>
				<lightered_pitchy>
					<stem_density unit="number_per_acre" />
					<diameter unit="inches" />
					<height unit="feet" />
					<species />
				</lightered_pitchy>
			</stumps>
			<piles>
				<clean_loading unit="tons_per_acre">0.032433</clean_loading>
				<dirty_loading unit="tons_per_acre">0.0</dirty_loading>
				<verydirty_loading unit="tons_per_acre">0.0</verydirty_loading>
				<pileData>
					<header>pileGroupID,pileGroupName,numPiles,pileType,pileShape,W1,L1,H1,W2,L2,H2,soilPercent,packingRatio,handPileSpecies,species1_TSN,species1_percent,species2_TSN,species2_percent,pileQuality,percentConsumed</header>
					<pileGroups>
						<pileGroup>2,,2,1,5,3.00,12.00,2.00,,,,,,2,,,,,,90</pileGroup>
					</pileGroups>
				</pileData>
			</piles>
		</woody_fuel>
		<moss_lichen_litter>
			<moss>
				<type>2</type>
				<percent_cover max="40" min="0" reference_id="1412" unit="number">10.0</percent_cover>
				<depth max="0.5" min="0.1" unit="inches">0.05</depth>
			</moss>
			<ground_lichen>
				<percent_cover max="20" min="0" reference_id="1412" unit="number">2.5</percent_cover>
				<depth max="0.5" min="0.1" unit="inches">0.05</depth>
			</ground_lichen>
			<litter>
				<percent_cover max="95" min="20" unit="number">100.0</percent_cover>
				<depth max="4" min="0.1" unit="inches">2.0</depth>
				<arrangement>1</arrangement>
				<litter_type>
					<short_needle_pine>
						<relative_cover>0.0</relative_cover>
					</short_needle_pine>
					<long_needle_pine>
						<relative_cover />
					</long_needle_pine>
					<other_conifer>
						<relative_cover>100.0</relative_cover>
					</other_conifer>
					<broadleaf_deciduous>
						<relative_cover />
					</broadleaf_deciduous>
					<broadleaf_evergreen>
						<relative_cover />
					</broadleaf_evergreen>
					<palm_frond>
						<relative_cover />
					</palm_frond>
					<grass>
						<relative_cover />
					</grass>
				</litter_type>
			</litter>
		</moss_lichen_litter>
		<ground_fuel>
			<duff>
				<upper>
					<depth max="3" min="0" unit="inches">1.0</depth>
					<percent_cover max="100" min="60" unit="number">50.0</percent_cover>
					<derivation>1</derivation>
				</upper>
				<lower>
					<depth max="6" min="0" unit="inches">1.0</depth>
					<percent_cover max="100" min="60" unit="number">50.0</percent_cover>
					<derivation>3</derivation>
				</lower>
			</duff>
			<squirrel_middens>
				<depth unit="inches">0.0</depth>
				<radius unit="feet" />
				<number_per_unit_area unit="number_per_acre">0.0</number_per_unit_area>
			</squirrel_middens>
			<basal_accumulation>
				<depth max="10" min="0.5" reference_id="1358" unit="inches">1.5</depth>
				<radius max="2.16" min="0.41" unit="feet">1.66</radius>
				<number_per_unit_area unit="number_per_acre">12.5</number_per_unit_area>
				<type>2</type>
			</basal_accumulation>
		</ground_fuel>
	</fuelbed>
</FCCS_file>
