<?xml version="1.0"?>
<FCCS_file xmlns:xsi="http://www.w3.org/2001/XMLSchema-instance" schemaVersion="1.4" xsi:noNamespaceSchemaLocation="cash.xsd">
	<fuelbed_number>5154_121</fuelbed_number>
	<fuelbed_name>PP DF WL|150+yr|Medium density|CWD</fuelbed_name>
	<fuelbed_description>Ponderosa pine, Douglas-fir, and western larch forest. Multi-layered mature forest, more than 150 years old. Medium-density stand with no history of active management. Heavy natural fuel accumulations.</fuelbed_description>
	<ecoregion>340,330</ecoregion>
	<vegetation_form>2</vegetation_form>
	<structural_class>1</structural_class>
	<cover_type>118,120,144</cover_type>
	<change_agent>18</change_agent>
	<natural_fire_regime>1</natural_fire_regime>
	<condition_class>3</condition_class>
	<user_name>Okanogan Wenatchee NFS</user_name>
	<address />
	<affiliation>USFS</affiliation>
	<phone />
	<file_owner_email>rharrod@fs.fed.us</file_owner_email>
	<notes>This fuelbed created in cooperation with Richy Harrod, Jim Bailey, John Barnes, Jen Croft and Rick Lind of the Okanogan and Wenatchee NF.  This stand started as OW169 or OW170.  Absence of active management has moved this stand through time, creating a dense stand with heavy fallen fuel loadings.Edited by Susan Prichard and Ellen Eberhardt, February 2009.</notes>
	<date_collected>Apr 2, 2009</date_collected>
	<fuelbed_confidence />
	<fuelbed>
		<canopy>
			<trees>
				<total_percent_cover max="100" min="30" unit="number">48.0</total_percent_cover>
				<overstory>
					<percent_cover max="100" min="0" unit="number">36.0</percent_cover>
					<height max="125" min="30" unit="feet">110</height>
					<height_to_live_crown max="40" min="15" unit="feet">48.0</height_to_live_crown>
					<stem_density max="500" min="0" unit="number_per_acre">84.0</stem_density>
					<diameter_at_breast_height max="32" min="12" unit="inches">14</diameter_at_breast_height>
					<species>
						<species_description>
							<tsn>183365</tsn>
							<relative_cover>30</relative_cover>
						</species_description>
						<species_description>
							<tsn>183417</tsn>
							<relative_cover>30</relative_cover>
						</species_description>
						<species_description>
							<tsn>183424</tsn>
							<relative_cover>40</relative_cover>
						</species_description>
					</species>
				</overstory>
				<midstory>
					<percent_cover max="90" min="0" unit="number">12.0</percent_cover>
					<height max="100" min="3" unit="feet">60</height>
					<height_to_live_crown max="45" min="15" unit="feet">24.0</height_to_live_crown>
					<stem_density max="250" min="0" unit="number_per_acre">36.0</stem_density>
					<diameter_at_breast_height max="21" min="6" unit="inches">10</diameter_at_breast_height>
					<species>
						<species_description>
							<tsn>183365</tsn>
							<relative_cover>30</relative_cover>
						</species_description>
						<species_description>
							<tsn>183417</tsn>
							<relative_cover>30</relative_cover>
						</species_description>
						<species_description>
							<tsn>183424</tsn>
							<relative_cover>40</relative_cover>
						</species_description>
					</species>
				</midstory>
				<understory>
					<percent_cover max="100" min="0" unit="number">8.0</percent_cover>
					<height max="35" min="0.1" unit="feet">15</height>
					<height_to_live_crown max="25" min="0" unit="feet">3.9000000000000004</height_to_live_crown>
					<stem_density max="650" min="10" unit="number_per_acre">8.0</stem_density>
					<diameter_at_breast_height max="6" min="0.1" unit="inches">3</diameter_at_breast_height>
					<species>
						<species_description>
							<tsn>183365</tsn>
							<relative_cover>20</relative_cover>
						</species_description>
						<species_description>
							<tsn>183424</tsn>
							<relative_cover>60</relative_cover>
						</species_description>
						<species_description>
							<tsn>183417</tsn>
							<relative_cover>20</relative_cover>
						</species_description>
					</species>
				</understory>
			</trees>
			<snags>
				<class_1_conifers_with_foliage>
					<percent_cover max="60" min="0" unit="number">32.29209</percent_cover>
					<height_to_crown_base max="60" min="0" unit="feet">40.02</height_to_crown_base>
					<stem_density max="10" min="0" unit="number_per_acre">82.0</stem_density>
					<diameter max="70" min="6" unit="inches">12.8</diameter>
					<height max="120" min="10" unit="feet">60</height>
					<species>
						<species_description>
							<tsn>183424</tsn>
							<relative_cover>80</relative_cover>
						</species_description>
						<species_description>
							<tsn>183365</tsn>
							<relative_cover>10</relative_cover>
						</species_description>
						<species_description>
							<tsn>183417</tsn>
							<relative_cover>10</relative_cover>
						</species_description>
					</species>
				</class_1_conifers_with_foliage>
				<class_1_all_others>
					<stem_density max="10" min="0" unit="number_per_acre">2</stem_density>
					<diameter max="20" min="3" unit="inches">12</diameter>
					<height max="100" min="10" unit="feet">60</height>
					<species>
						<species_description>
							<tsn>183365</tsn>
							<relative_cover>80</relative_cover>
						</species_description>
						<species_description>
							<tsn>183424</tsn>
							<relative_cover>10</relative_cover>
						</species_description>
						<species_description>
							<tsn>183417</tsn>
							<relative_cover>10</relative_cover>
						</species_description>
					</species>
				</class_1_all_others>
				<class_2>
					<stem_density max="15" min="0" unit="number_per_acre">4</stem_density>
					<diameter max="45" min="6" unit="inches">6</diameter>
					<height max="120" min="10" unit="feet">40</height>
					<species>
						<species_description>
							<tsn>183365</tsn>
							<relative_cover>20</relative_cover>
						</species_description>
						<species_description>
							<tsn>183424</tsn>
							<relative_cover>50</relative_cover>
						</species_description>
						<species_description>
							<tsn>183417</tsn>
							<relative_cover>30</relative_cover>
						</species_description>
					</species>
				</class_2>
				<class_3>
					<stem_density max="30" min="0" unit="number_per_acre">1</stem_density>
					<diameter max="30" min="10" unit="inches">14</diameter>
					<height max="120" min="30" unit="feet">35</height>
					<species>
						<species_description>
							<tsn>183424</tsn>
							<relative_cover>50</relative_cover>
						</species_description>
						<species_description>
							<tsn>183365</tsn>
							<relative_cover>20</relative_cover>
						</species_description>
						<species_description>
							<tsn>183417</tsn>
							<relative_cover>30</relative_cover>
						</species_description>
					</species>
				</class_3>
			</snags>
			<ladder_fuels>
				<minimum_height max="6" min="0" unit="feet">3</minimum_height>
				<maximum_height max="25" min="2" unit="feet">20</maximum_height>
				<is_vertically_contiguous>1</is_vertically_contiguous>
				<type>7</type>
			</ladder_fuels>
		</canopy>
		<shrubs>
			<primary_layer>
				<percent_cover max="50" min="0" unit="number">0.75</percent_cover>
				<height max="10" min="0.1" unit="feet">0.25</height>
				<percent_live max="100" min="20" unit="number">10.0</percent_live>
				<species>
					<species_description>
						<tsn>24457</tsn>
						<relative_cover>5</relative_cover>
					</species_description>
					<species_description>
						<tsn>23530</tsn>
						<relative_cover>30</relative_cover>
					</species_description>
					<species_description>
						<tsn>25290</tsn>
						<relative_cover>5</relative_cover>
					</species_description>
					<species_description>
						<tsn>35332</tsn>
						<relative_cover>55</relative_cover>
					</species_description>
					<species_description>
						<tsn>25331</tsn>
						<relative_cover>5</relative_cover>
					</species_description>
				</species>
			</primary_layer>
			<secondary_layer>
				<percent_cover unit="number">0.0</percent_cover>
				<height unit="feet">0.0</height>
				<percent_live unit="number">0.0</percent_live>
				<species />
			</secondary_layer>
			<needle_drape>
				<is_sufficient_to_affect_fire_behavior>0</is_sufficient_to_affect_fire_behavior>
			</needle_drape>
		</shrubs>
		<herbaceous>
			<primary_layer>
				<percent_cover max="100" min="0" unit="number">12.5</percent_cover>
				<height max="2" min="0.1" unit="feet">0.125</height>
				<loading max="4" min="0.1" unit="tons_per_acre">0.125</loading>
				<percent_live max="100" min="40" unit="number">15.0</percent_live>
				<species>
					<species_description>
						<tsn>40540</tsn>
						<relative_cover>95</relative_cover>
					</species_description>
					<species_description>
						<tsn>40816</tsn>
						<relative_cover>5</relative_cover>
					</species_description>
				</species>
			</primary_layer>
			<secondary_layer>
				<percent_cover max="30" min="0" unit="number">0.75</percent_cover>
				<height max="5" min="0.1" unit="feet">0.25</height>
				<loading max="3" min="0" unit="tons_per_acre">0.025</loading>
				<percent_live max="100" min="50" unit="number">18.75</percent_live>
				<species>
					<species_description>
						<tsn>36561</tsn>
						<relative_cover>50</relative_cover>
					</species_description>
					<species_description>
						<tsn>24641</tsn>
						<relative_cover>50</relative_cover>
					</species_description>
				</species>
			</secondary_layer>
		</herbaceous>
		<woody_fuel>
			<all_downed_woody_fuel>
				<total_percent_cover max="70" min="0" unit="number">10.0</total_percent_cover>
				<depth max="5" min="0" unit="inches">0.75</depth>
			</all_downed_woody_fuel>
			<sound_wood>
				<all_sound_wood>
					<species>
						<species_description>
							<tsn>183417</tsn>
							<relative_cover>20</relative_cover>
						</species_description>
						<species_description>
							<tsn>183365</tsn>
							<relative_cover>60</relative_cover>
						</species_description>
						<species_description>
							<tsn>183424</tsn>
							<relative_cover>20</relative_cover>
						</species_description>
					</species>
				</all_sound_wood>
				<loadings_zero_to_three_inches>
					<zero_to_quarter_inch max="1" min="0" unit="tons_per_acre">0.075</zero_to_quarter_inch>
					<quarter_inch_to_one_inch max="4" min="0" unit="tons_per_acre">0.5</quarter_inch_to_one_inch>
					<one_to_three_inches max="6" min="0" unit="tons_per_acre">0.625</one_to_three_inches>
				</loadings_zero_to_three_inches>
				<loadings_greater_than_three_inches>
					<three_to_nine_inches max="10" min="0" unit="tons_per_acre">1.125</three_to_nine_inches>
					<nine_to_twenty_inches max="25" min="0" unit="tons_per_acre">7.875</nine_to_twenty_inches>
					<greater_than_twenty_inches max="6" min="0" unit="tons_per_acre">1.125</greater_than_twenty_inches>
				</loadings_greater_than_three_inches>
			</sound_wood>
			<rotten_wood>
				<all_rotten_wood>
					<species>
						<species_description>
							<tsn>183417</tsn>
							<relative_cover>60</relative_cover>
						</species_description>
						<species_description>
							<tsn>183424</tsn>
							<relative_cover>20</relative_cover>
						</species_description>
						<species_description>
							<tsn>183365</tsn>
							<relative_cover>20</relative_cover>
						</species_description>
					</species>
				</all_rotten_wood>
				<loadings_greater_than_three_inches>
					<three_to_nine_inches max="2" min="0" unit="tons_per_acre">0.75</three_to_nine_inches>
					<nine_to_twenty_inches max="30" min="0" unit="tons_per_acre">8.25</nine_to_twenty_inches>
					<greater_than_twenty_inches max="5" min="0" unit="tons_per_acre">0.8999999999999999</greater_than_twenty_inches>
				</loadings_greater_than_three_inches>
			</rotten_wood>
			<stumps>
				<sound>
					<stem_density unit="number_per_acre" />
					<diameter unit="inches" />
					<height unit="feet" />
					<species />
				</sound>
				<rotten>
					<stem_density unit="number_per_acre">0.0</stem_density>
					<diameter unit="inches">0.0</diameter>
					<height unit="feet">0.0</height>
					<species />
				</rotten>
				<lightered_pitchy>
					<stem_density unit="number_per_acre">0.0</stem_density>
					<diameter unit="inches">0.0</diameter>
					<height unit="feet">0.0</height>
					<species />
				</lightered_pitchy>
			</stumps>
		</woody_fuel>
		<moss_lichen_litter>
			<moss>
				<type />
				<percent_cover unit="number">0.0</percent_cover>
				<depth unit="inches">0.0</depth>
			</moss>
			<ground_lichen>
				<percent_cover max="-3" min="-3" unit="number">1.25</percent_cover>
				<depth max="-3" min="-3" unit="inches">0.025</depth>
			</ground_lichen>
			<litter>
				<percent_cover max="100" min="20" unit="number">23.75</percent_cover>
				<depth max="3" min="0.1" unit="inches">0.25</depth>
				<arrangement>3</arrangement>
				<litter_type>
					<short_needle_pine>
						<relative_cover />
					</short_needle_pine>
					<long_needle_pine>
						<relative_cover>40.0</relative_cover>
					</long_needle_pine>
					<other_conifer>
						<relative_cover>30.0</relative_cover>
					</other_conifer>
					<broadleaf_deciduous>
						<relative_cover />
					</broadleaf_deciduous>
					<broadleaf_evergreen>
						<relative_cover />
					</broadleaf_evergreen>
					<palm_frond>
						<relative_cover />
					</palm_frond>
					<grass>
						<relative_cover>30.0</relative_cover>
					</grass>
				</litter_type>
			</litter>
		</moss_lichen_litter>
		<ground_fuel>
			<duff>
				<upper>
					<depth max="2" min="0" unit="inches">0.375</depth>
					<percent_cover max="80" min="40" unit="number">20.0</percent_cover>
					<derivation>1</derivation>
				</upper>
				<lower>
					<depth max="2" min="0" unit="inches">0.125</depth>
					<percent_cover max="80" min="40" unit="number">20.0</percent_cover>
					<derivation>3</derivation>
				</lower>
			</duff>
			<squirrel_middens>
				<depth unit="inches">0.0</depth>
				<radius unit="feet">0.0</radius>
				<number_per_unit_area unit="number_per_acre">0.0</number_per_unit_area>
			</squirrel_middens>
			<basal_accumulation>
				<depth max="-3" min="-3" unit="inches">0.05</depth>
				<radius max="-3" min="-3" unit="feet">0.75</radius>
				<number_per_unit_area unit="number_per_acre">10.5</number_per_unit_area>
				<type>2</type>
			</basal_accumulation>
		</ground_fuel>
	</fuelbed>
</FCCS_file>
