<?xml version="1.0"?>
<FCCS_file xmlns:xsi="http://www.w3.org/2001/XMLSchema-instance" schemaVersion="1.4" xsi:noNamespaceSchemaLocation="cash.xsd">
	<fuelbed_number>5363_112</fuelbed_number>
	<fuelbed_name>RF|120+yr|Rx-SC-PB</fuelbed_name>
	<fuelbed_description>Red fir forest. Occurs at middle elevations of the southern Cascades and Lake Tahoe Basin. Established over 120 years ago. Dense canopy and medium woody fuel load. Recent prescribed underburn or low intensity wildfire followed by select tree harvest with woody fuels reduced by piling and burning.</fuelbed_description>
	<ecoregion>220</ecoregion>
	<vegetation_form>2</vegetation_form>
	<structural_class>1</structural_class>
	<cover_type>114</cover_type>
	<change_agent>8,12,16,20,30</change_agent>
	<natural_fire_regime>1</natural_fire_regime>
	<condition_class>2</condition_class>
	<user_name>Tom Leuschen</user_name>
	<address>PO Box 664
Twisp, WA 98856</address>
	<affiliation>Fire Vision LLC contract consultant</affiliation>
	<phone>509-997-5052</phone>
	<file_owner_email>tom@firevisionllc.com</file_owner_email>
	<notes>Created from ow29 and changed species for canopy &amp; woody fuels. AA updated species composition based on R5-ECOL-TP-003 pages 132-135.</notes>
	<date_collected>Nov 3, 2009</date_collected>
	<fuelbed_confidence />
	<fuelbed>
		<canopy>
			<trees>
				<total_percent_cover max="75" min="40" unit="number">40.5</total_percent_cover>
				<overstory>
					<percent_cover max="80" min="1" unit="number">36.0</percent_cover>
					<height max="121" min="20" unit="feet">121</height>
					<height_to_live_crown max="43" min="4" unit="feet">55.00000000000001</height_to_live_crown>
					<stem_density max="300" min="3" unit="number_per_acre">45.0</stem_density>
					<diameter_at_breast_height max="33" min="3.3" unit="inches">20</diameter_at_breast_height>
					<species>
						<species_description>
							<tsn>181834</tsn>
							<relative_cover>100</relative_cover>
						</species_description>
					</species>
				</overstory>
				<midstory>
					<percent_cover max="-2" min="-2" unit="number">13.5</percent_cover>
					<height max="-2" min="-2" unit="feet">80</height>
					<height_to_live_crown max="-2" min="-2" unit="feet">22.0</height_to_live_crown>
					<stem_density max="-2" min="-2" unit="number_per_acre">22.5</stem_density>
					<diameter_at_breast_height max="-2" min="-2" unit="inches">12</diameter_at_breast_height>
					<species>
						<species_description>
							<tsn>181834</tsn>
							<relative_cover>90</relative_cover>
						</species_description>
						<species_description>
							<tsn>183356</tsn>
							<relative_cover>10</relative_cover>
						</species_description>
					</species>
				</midstory>
				<understory>
					<percent_cover max="70" min="5" unit="number">8.0</percent_cover>
					<height max="21" min="1" unit="feet">7</height>
					<height_to_live_crown max="13" min="0" unit="feet">3</height_to_live_crown>
					<stem_density max="500" min="20" unit="number_per_acre">40.0</stem_density>
					<diameter_at_breast_height max="2" min="0.1" unit="inches">1</diameter_at_breast_height>
					<species>
						<species_description>
							<tsn>181834</tsn>
							<relative_cover>90</relative_cover>
						</species_description>
						<species_description>
							<tsn>183356</tsn>
							<relative_cover>10</relative_cover>
						</species_description>
					</species>
				</understory>
			</trees>
			<snags>
				<class_1_conifers_with_foliage>
					<percent_cover unit="number"></percent_cover>
					<height_to_crown_base unit="feet"></height_to_crown_base>
					<stem_density unit="number_per_acre"></stem_density>
					<diameter unit="inches"></diameter>
					<height unit="feet"></height>
					<species />
				</class_1_conifers_with_foliage>
				<class_1_all_others>
					<stem_density unit="number_per_acre"></stem_density>
					<diameter unit="inches"></diameter>
					<height unit="feet"></height>
					<species />
				</class_1_all_others>
				<class_2>
					<stem_density unit="number_per_acre">7.5</stem_density>
					<diameter unit="inches">17.333333333333332</diameter>
					<height unit="feet">121</height>
					<species />
				</class_2>
				<class_3>
					<stem_density max="-3" min="-3" unit="number_per_acre"></stem_density>
					<diameter max="-3" min="-3" unit="inches"></diameter>
					<height max="-3" min="-3" unit="feet"></height>
					<species>
						<species_description>
							<tsn>181834</tsn>
							<relative_cover>100</relative_cover>
						</species_description>
					</species>
				</class_3>
			</snags>
			<ladder_fuels>
				<minimum_height max="-3" min="-3" unit="feet">0</minimum_height>
				<maximum_height max="-3" min="-3" unit="feet">7</maximum_height>
				<is_vertically_contiguous />
				<type>7</type>
			</ladder_fuels>
		</canopy>
		<shrubs>
			<primary_layer>
				<percent_cover max="70" min="4" unit="number">9.375</percent_cover>
				<height max="6" min="1" unit="feet">0.9375</height>
				<percent_live max="80" min="40" unit="number">43.75</percent_live>
				<species>
					<species_description>
						<tsn>23503</tsn>
						<relative_cover>50</relative_cover>
					</species_description>
					<species_description>
						<tsn>508098</tsn>
						<relative_cover>25</relative_cover>
					</species_description>
					<species_description>
						<tsn>28458</tsn>
						<relative_cover>25</relative_cover>
					</species_description>
				</species>
			</primary_layer>
			<secondary_layer>
				<percent_cover unit="number">0.0</percent_cover>
				<height unit="feet">0.0</height>
				<percent_live unit="number">0.0</percent_live>
				<species />
			</secondary_layer>
			<needle_drape>
				<is_sufficient_to_affect_fire_behavior>0</is_sufficient_to_affect_fire_behavior>
			</needle_drape>
		</shrubs>
		<herbaceous>
			<primary_layer>
				<percent_cover max="40" min="1" unit="number">15.0</percent_cover>
				<height max="4" min="0.1" unit="feet">0.5</height>
				<loading max="1" min="0.2" unit="tons_per_acre">0.06</loading>
				<percent_live max="99" min="75" unit="number">90.0</percent_live>
				<species>
					<species_description>
						<tsn>525109</tsn>
						<relative_cover>25</relative_cover>
					</species_description>
					<species_description>
						<tsn>37693</tsn>
						<relative_cover>25</relative_cover>
					</species_description>
					<species_description>
						<tsn>894656</tsn>
						<relative_cover>25</relative_cover>
					</species_description>
					<species_description>
						<tsn>23761</tsn>
						<relative_cover>25</relative_cover>
					</species_description>
				</species>
			</primary_layer>
			<secondary_layer>
				<percent_cover unit="number">0.0</percent_cover>
				<height unit="feet">0.0</height>
				<loading unit="tons_per_acre">0.0</loading>
				<percent_live unit="number">0.0</percent_live>
				<species />
			</secondary_layer>
		</herbaceous>
		<woody_fuel>
			<all_downed_woody_fuel>
				<total_percent_cover max="70" min="12" unit="number">34.375</total_percent_cover>
				<depth max="5" min="0.02" unit="inches">0.0625</depth>
			</all_downed_woody_fuel>
			<sound_wood>
				<all_sound_wood>
					<species>
						<species_description>
							<tsn>181834</tsn>
							<relative_cover>100</relative_cover>
						</species_description>
					</species>
				</all_sound_wood>
				<loadings_zero_to_three_inches>
					<zero_to_quarter_inch max="1" min="0" unit="tons_per_acre">0.0625</zero_to_quarter_inch>
					<quarter_inch_to_one_inch max="2" min="0.1" unit="tons_per_acre">0.3125</quarter_inch_to_one_inch>
					<one_to_three_inches max="4" min="0.5" unit="tons_per_acre">0.3125</one_to_three_inches>
				</loadings_zero_to_three_inches>
				<loadings_greater_than_three_inches>
					<three_to_nine_inches max="3.4" min="0" unit="tons_per_acre">2.7</three_to_nine_inches>
					<nine_to_twenty_inches max="7.7" min="0" unit="tons_per_acre">1.0125000000000002</nine_to_twenty_inches>
					<greater_than_twenty_inches max="3.2" min="0" unit="tons_per_acre">0.0</greater_than_twenty_inches>
				</loadings_greater_than_three_inches>
			</sound_wood>
			<rotten_wood>
				<all_rotten_wood>
					<species>
						<species_description>
							<tsn>181834</tsn>
							<relative_cover>100</relative_cover>
						</species_description>
					</species>
				</all_rotten_wood>
				<loadings_greater_than_three_inches>
					<three_to_nine_inches max="16" min="1" unit="tons_per_acre">1.35</three_to_nine_inches>
					<nine_to_twenty_inches max="24" min="1" unit="tons_per_acre">1.2375</nine_to_twenty_inches>
					<greater_than_twenty_inches max="10" min="1" unit="tons_per_acre">0.9</greater_than_twenty_inches>
				</loadings_greater_than_three_inches>
			</rotten_wood>
			<stumps>
				<sound>
					<stem_density max="-3" min="-3" unit="number_per_acre">25</stem_density>
					<diameter max="-3" min="-3" unit="inches">11</diameter>
					<height max="-3" min="-3" unit="feet">2</height>
					<species>
						<species_description>
							<tsn>181834</tsn>
							<relative_cover>100</relative_cover>
						</species_description>
					</species>
				</sound>
				<rotten>
					<stem_density max="150" min="80" unit="number_per_acre">9.0</stem_density>
					<diameter max="44" min="28" unit="inches">9.9</diameter>
					<height max="4" min="1" reference_id="1358" unit="feet">1.8</height>
					<species>
						<species_description>
							<tsn>181834</tsn>
							<relative_cover>100</relative_cover>
						</species_description>
					</species>
				</rotten>
				<lightered_pitchy>
					<stem_density unit="number_per_acre">0.0</stem_density>
					<diameter unit="inches">0.0</diameter>
					<height unit="feet">0.0</height>
					<species />
				</lightered_pitchy>
			</stumps>
		</woody_fuel>
		<moss_lichen_litter>
			<moss>
				<type />
				<percent_cover unit="number">0.0</percent_cover>
				<depth unit="inches">0.0</depth>
			</moss>
			<ground_lichen>
				<percent_cover unit="number">0.0</percent_cover>
				<depth unit="inches">0.0</depth>
			</ground_lichen>
			<litter>
				<percent_cover max="100" min="90" unit="number">39.99</percent_cover>
				<depth max="1.5" min="0.5" unit="inches">0.19995000000000002</depth>
				<arrangement>1</arrangement>
				<litter_type>
					<short_needle_pine>
						<relative_cover>10.0</relative_cover>
					</short_needle_pine>
					<long_needle_pine>
						<relative_cover />
					</long_needle_pine>
					<other_conifer>
						<relative_cover>90.0</relative_cover>
					</other_conifer>
					<broadleaf_deciduous>
						<relative_cover />
					</broadleaf_deciduous>
					<broadleaf_evergreen>
						<relative_cover />
					</broadleaf_evergreen>
					<palm_frond>
						<relative_cover />
					</palm_frond>
					<grass>
						<relative_cover />
					</grass>
				</litter_type>
			</litter>
		</moss_lichen_litter>
		<ground_fuel>
			<duff>
				<upper>
					<depth max="1.5" min="0.25" unit="inches">0.15000000000000002</depth>
					<percent_cover max="70" min="30" unit="number">30.0</percent_cover>
					<derivation>1</derivation>
				</upper>
				<lower>
					<depth max="1.5" min="0.75" unit="inches">0.15000000000000002</depth>
					<percent_cover max="70" min="30" unit="number">30.0</percent_cover>
					<derivation>3</derivation>
				</lower>
			</duff>
			<squirrel_middens>
				<depth unit="inches">0.0</depth>
				<radius unit="feet">0.0</radius>
				<number_per_unit_area unit="number_per_acre">0.0</number_per_unit_area>
			</squirrel_middens>
			<basal_accumulation>
				<depth unit="inches">0.0</depth>
				<radius unit="feet">0.0</radius>
				<number_per_unit_area unit="number_per_acre">0.0</number_per_unit_area>
				<type />
			</basal_accumulation>
		</ground_fuel>
	</fuelbed>
</FCCS_file>
