<?xml version="1.0"?>
<FCCS_file xmlns:xsi="http://www.w3.org/2001/XMLSchema-instance" schemaVersion="1.4" xsi:noNamespaceSchemaLocation="cash.xsd">
	<fuelbed_number>5110_321</fuelbed_number>
	<fuelbed_name>PP (eWA)|80-150yr|Low density</fuelbed_name>
	<fuelbed_description>Eastern Washington ponderosa pine forest. Established 80 to 150 years ago. Past thin. No recent management. Low-density.</fuelbed_description>
	<ecoregion>340,330</ecoregion>
	<vegetation_form>2</vegetation_form>
	<structural_class>3</structural_class>
	<cover_type>151,152</cover_type>
	<change_agent>18</change_agent>
	<natural_fire_regime>1</natural_fire_regime>
	<condition_class>2</condition_class>
	<user_name>Tom Leuschen</user_name>
	<address>PO Box 664 Twisp, WA. 98856</address>
	<affiliation>Fire Vision LLC contract consultant</affiliation>
	<phone>509-997-5052</phone>
	<file_owner_email>tom@firevisionllc.com</file_owner_email>
	<notes>This fuelbed created in cooperation with Richy Harrod, Jim Bailey, John Barnes, and Rick Lind of the Okanogan and Wenatchee NF.  Path way from OW132.  Stand,snags from OW137.  Fuel loading from OW132 except a little heavier from elapsed time with no change agent.Edited by Susan Prichard and Ellen Eberhardt, February 2009.</notes>
	<date_collected>Jun 2, 2010</date_collected>
	<fuelbed_confidence />
	<fuelbed>
		<canopy>
			<trees>
				<total_percent_cover max="75" min="40" unit="number">26.8</total_percent_cover>
				<overstory>
					<percent_cover max="80" min="10" unit="number">5.0</percent_cover>
					<height max="40" min="20" unit="feet">110</height>
					<height_to_live_crown max="8" min="4" unit="feet">45.0</height_to_live_crown>
					<stem_density max="300" min="30" unit="number_per_acre">5.0</stem_density>
					<diameter_at_breast_height max="9" min="3.3" unit="inches">33.75</diameter_at_breast_height>
					<species>
						<species_description>
							<tsn>183365</tsn>
							<relative_cover>100</relative_cover>
						</species_description>
					</species>
				</overstory>
				<midstory>
					<percent_cover max="-2" min="-2" unit="number">10.0</percent_cover>
					<height max="-2" min="-2" unit="feet">69</height>
					<height_to_live_crown max="-2" min="-2" unit="feet">34.5</height_to_live_crown>
					<stem_density max="-2" min="-2" unit="number_per_acre">35.0</stem_density>
					<diameter_at_breast_height max="-2" min="-2" unit="inches">17.5</diameter_at_breast_height>
					<species>
						<species_description>
							<tsn>183365</tsn>
							<relative_cover>90</relative_cover>
						</species_description>
						<species_description>
							<tsn>183424</tsn>
							<relative_cover>10</relative_cover>
						</species_description>
					</species>
				</midstory>
				<understory>
					<percent_cover max="70" min="5" unit="number"></percent_cover>
					<height max="10" min="1" unit="feet"></height>
					<height_to_live_crown max="2" min="0" unit="feet"></height_to_live_crown>
					<stem_density max="500" min="20" unit="number_per_acre"></stem_density>
					<diameter_at_breast_height max="1" min="0.1" unit="inches"></diameter_at_breast_height>
					<species />
				</understory>
			</trees>
			<snags>
				<class_1_conifers_with_foliage>
					<percent_cover unit="number" />
					<height_to_crown_base unit="feet" />
					<stem_density unit="number_per_acre" />
					<diameter unit="inches" />
					<height unit="feet" />
					<species />
				</class_1_conifers_with_foliage>
				<class_1_all_others>
					<stem_density unit="number_per_acre" />
					<diameter unit="inches" />
					<height unit="feet" />
					<species />
				</class_1_all_others>
				<class_2>
					<stem_density max="-3" min="-3" unit="number_per_acre">2</stem_density>
					<diameter max="-3" min="-3" unit="inches">12</diameter>
					<height max="-3" min="-3" unit="feet">30</height>
					<species>
						<species_description>
							<tsn>183365</tsn>
							<relative_cover>100</relative_cover>
						</species_description>
					</species>
				</class_2>
				<class_3>
					<stem_density max="-3" min="-3" unit="number_per_acre">2</stem_density>
					<diameter max="-3" min="-3" unit="inches">12</diameter>
					<height max="-3" min="-3" unit="feet">13</height>
					<species>
						<species_description>
							<tsn>183365</tsn>
							<relative_cover>100</relative_cover>
						</species_description>
					</species>
				</class_3>
			</snags>
			<ladder_fuels>
				<minimum_height max="-3" min="-3" unit="feet">0</minimum_height>
				<maximum_height max="-3" min="-3" unit="feet">5</maximum_height>
				<is_vertically_contiguous />
				<type>7</type>
			</ladder_fuels>
		</canopy>
		<shrubs>
			<primary_layer>
				<percent_cover max="70" min="20" unit="number">10.0</percent_cover>
				<height max="6" min="2" unit="feet">2</height>
				<percent_live max="80" min="40" unit="number">15.0</percent_live>
				<species>
					<species_description>
						<tsn>28517</tsn>
						<relative_cover>80</relative_cover>
					</species_description>
					<species_description>
						<tsn>25290</tsn>
						<relative_cover>20</relative_cover>
					</species_description>
				</species>
			</primary_layer>
			<secondary_layer>
				<percent_cover unit="number">0.0</percent_cover>
				<height unit="feet" />
				<percent_live unit="number">0.0</percent_live>
				<species />
			</secondary_layer>
			<needle_drape>
				<is_sufficient_to_affect_fire_behavior>1</is_sufficient_to_affect_fire_behavior>
			</needle_drape>
		</shrubs>
		<herbaceous>
			<primary_layer>
				<percent_cover max="40" min="10" unit="number">25.0</percent_cover>
				<height max="4" min="1.5" unit="feet">1</height>
				<loading max="1" min="0.2" unit="tons_per_acre">0.1</loading>
				<percent_live max="99" min="75" unit="number">45.0</percent_live>
				<species>
					<species_description>
						<tsn>36818</tsn>
						<relative_cover>30</relative_cover>
					</species_description>
					<species_description>
						<tsn>40540</tsn>
						<relative_cover>20</relative_cover>
					</species_description>
					<species_description>
						<tsn>35423</tsn>
						<relative_cover>20</relative_cover>
					</species_description>
					<species_description>
						<tsn>504637</tsn>
						<relative_cover>30</relative_cover>
					</species_description>
				</species>
			</primary_layer>
			<secondary_layer>
				<percent_cover unit="number">0.0</percent_cover>
				<height unit="feet" />
				<loading unit="tons_per_acre">0.0</loading>
				<percent_live unit="number">0.0</percent_live>
				<species />
			</secondary_layer>
		</herbaceous>
		<woody_fuel>
			<all_downed_woody_fuel>
				<total_percent_cover max="70" min="30" unit="number">20.0</total_percent_cover>
				<depth max="5" min="0.5" unit="inches">0.5</depth>
			</all_downed_woody_fuel>
			<sound_wood>
				<all_sound_wood>
					<species>
						<species_description>
							<tsn>183365</tsn>
							<relative_cover>100.00</relative_cover>
						</species_description>
					</species>
				</all_sound_wood>
				<loadings_zero_to_three_inches>
					<zero_to_quarter_inch max="1" min="0" unit="tons_per_acre">0.25</zero_to_quarter_inch>
					<quarter_inch_to_one_inch max="1" min="0.1" unit="tons_per_acre">0.55</quarter_inch_to_one_inch>
					<one_to_three_inches max="4" min="0.7" unit="tons_per_acre">0.75</one_to_three_inches>
				</loadings_zero_to_three_inches>
				<loadings_greater_than_three_inches>
					<three_to_nine_inches max="0" min="0" unit="tons_per_acre">0.7200000000000001</three_to_nine_inches>
					<nine_to_twenty_inches max="0" min="0" unit="tons_per_acre">0.48</nine_to_twenty_inches>
					<greater_than_twenty_inches max="0" min="0" unit="tons_per_acre">0.4</greater_than_twenty_inches>
				</loadings_greater_than_three_inches>
			</sound_wood>
			<rotten_wood>
				<all_rotten_wood>
					<species>
						<species_description>
							<tsn>183365</tsn>
							<relative_cover>100</relative_cover>
						</species_description>
					</species>
				</all_rotten_wood>
				<loadings_greater_than_three_inches>
					<three_to_nine_inches max="16" min="5" unit="tons_per_acre">0.7200000000000001</three_to_nine_inches>
					<nine_to_twenty_inches max="24" min="4" unit="tons_per_acre">0.6400000000000001</nine_to_twenty_inches>
					<greater_than_twenty_inches max="10" min="0" unit="tons_per_acre">0.0</greater_than_twenty_inches>
				</loadings_greater_than_three_inches>
			</rotten_wood>
			<stumps>
				<sound>
					<stem_density max="-3" min="-3" unit="number_per_acre">60.0</stem_density>
					<diameter max="-3" min="-3" unit="inches">12</diameter>
					<height max="-3" min="-3" unit="feet">1</height>
					<species>
						<species_description>
							<tsn>183365</tsn>
							<relative_cover>100</relative_cover>
						</species_description>
					</species>
				</sound>
				<rotten>
					<stem_density max="150" min="80" unit="number_per_acre">50</stem_density>
					<diameter max="44" min="28" unit="inches">12</diameter>
					<height max="4" min="1" unit="feet">1</height>
					<species>
						<species_description>
							<tsn>183365</tsn>
							<relative_cover>100</relative_cover>
						</species_description>
					</species>
				</rotten>
				<lightered_pitchy>
					<stem_density unit="number_per_acre" />
					<diameter unit="inches" />
					<height unit="feet" />
					<species />
				</lightered_pitchy>
			</stumps>
		</woody_fuel>
		<moss_lichen_litter>
			<moss>
				<type />
				<percent_cover unit="number">0.0</percent_cover>
				<depth unit="inches">0.0</depth>
			</moss>
			<ground_lichen>
				<percent_cover unit="number">0.0</percent_cover>
				<depth unit="inches">0.0</depth>
			</ground_lichen>
			<litter>
				<percent_cover max="100" min="90" unit="number">35.0</percent_cover>
				<depth max="1.5" min="0.5" unit="inches">0.5</depth>
				<arrangement>1</arrangement>
				<litter_type>
					<short_needle_pine>
						<relative_cover />
					</short_needle_pine>
					<long_needle_pine>
						<relative_cover>80.0</relative_cover>
					</long_needle_pine>
					<other_conifer>
						<relative_cover />
					</other_conifer>
					<broadleaf_deciduous>
						<relative_cover />
					</broadleaf_deciduous>
					<broadleaf_evergreen>
						<relative_cover>10.0</relative_cover>
					</broadleaf_evergreen>
					<palm_frond>
						<relative_cover />
					</palm_frond>
					<grass>
						<relative_cover>10.0</relative_cover>
					</grass>
				</litter_type>
			</litter>
		</moss_lichen_litter>
		<ground_fuel>
			<duff>
				<upper>
					<depth max="1.5" min="0.25" unit="inches">0.1</depth>
					<percent_cover max="70" min="30" unit="number">35.0</percent_cover>
					<derivation>1</derivation>
				</upper>
				<lower>
					<depth max="1.5" min="0.75" unit="inches">0.1</depth>
					<percent_cover max="70" min="30" unit="number">5.0</percent_cover>
					<derivation>3</derivation>
				</lower>
			</duff>
			<squirrel_middens>
				<depth unit="inches">0.0</depth>
				<radius unit="feet" />
				<number_per_unit_area unit="number_per_acre">0.0</number_per_unit_area>
			</squirrel_middens>
			<basal_accumulation>
				<depth max="-3" min="-3" unit="inches">1.0</depth>
				<radius max="-3" min="-3" unit="feet">3</radius>
				<number_per_unit_area unit="number_per_acre">1.25</number_per_unit_area>
				<type>2</type>
			</basal_accumulation>
		</ground_fuel>
	</fuelbed>
</FCCS_file>
