<?xml version="1.0"?>
<FCCS_file xmlns:xsi="http://www.w3.org/2001/XMLSchema-instance" schemaVersion="1.4" xsi:noNamespaceSchemaLocation="cash.xsd">
	<fuelbed_number>5421_331</fuelbed_number>
	<fuelbed_name>WH PSF MH|0-30yr|High density</fuelbed_name>
	<fuelbed_description>Western hemlock, Pacific silver fir, and mountain hemlock forest. Established less than 30 years ago after wildfire. Occurs at high elevations in montane and subalpine forests along the western crest of the Cascade Range. High-density.</fuelbed_description>
	<ecoregion>240,340,330</ecoregion>
	<vegetation_form>2</vegetation_form>
	<structural_class>5</structural_class>
	<cover_type>112,121,131</cover_type>
	<change_agent>18</change_agent>
	<natural_fire_regime>5</natural_fire_regime>
	<condition_class>1</condition_class>
	<user_name>Tom Leuschen, Roger Ottmar</user_name>
	<address>PO Box 664
Twisp, WA 98856</address>
	<affiliation>Fire Vision LLC Contract Consultant</affiliation>
	<phone>509-997-5052</phone>
	<file_owner_email>tom@firevisionllc.com</file_owner_email>
	<notes>Created from OW065. AA - changed shrub and nonwoody species composition based on ABAM wet (ABAM/CLUN &amp; ABAM/ASCA3) and TSME wet (TSME/ACTR) series in Simpson, 2007. Forested Plant Associations of the Oregon East Cascades. AA - edited name and description May 2009.
</notes>
	<date_collected>May 5, 2009</date_collected>
	<fuelbed_confidence />
	<fuelbed>
		<canopy>
			<trees>
				<total_percent_cover max="95" min="60" unit="number">19.8</total_percent_cover>
				<overstory>
					<percent_cover unit="number">0.0</percent_cover>
					<height unit="feet" />
					<height_to_live_crown unit="feet">0.0</height_to_live_crown>
					<stem_density unit="number_per_acre">0.0</stem_density>
					<diameter_at_breast_height unit="inches">0.0</diameter_at_breast_height>
					<species />
				</overstory>
				<midstory>
					<percent_cover unit="number">0.0</percent_cover>
					<height unit="feet" />
					<height_to_live_crown unit="feet">0.0</height_to_live_crown>
					<stem_density unit="number_per_acre">0.0</stem_density>
					<diameter_at_breast_height unit="inches">0.0</diameter_at_breast_height>
					<species />
				</midstory>
				<understory>
					<percent_cover max="45" min="5" unit="number"></percent_cover>
					<height max="30" min="5" unit="feet"></height>
					<height_to_live_crown max="20" min="2" unit="feet"></height_to_live_crown>
					<stem_density max="600" min="60" unit="number_per_acre"></stem_density>
					<diameter_at_breast_height max="8" min="1" unit="inches"></diameter_at_breast_height>
					<species />
				</understory>
			</trees>
			<snags>
				<class_1_conifers_with_foliage>
					<percent_cover unit="number" />
					<height_to_crown_base unit="feet" />
					<stem_density unit="number_per_acre" />
					<diameter unit="inches" />
					<height unit="feet" />
					<species />
				</class_1_conifers_with_foliage>
				<class_1_all_others>
					<stem_density max="-3" min="-3" unit="number_per_acre">42</stem_density>
					<diameter max="-3" min="-3" unit="inches">15</diameter>
					<height max="-3" min="-3" unit="feet">80</height>
					<species>
						<species_description>
							<tsn>181824</tsn>
							<relative_cover>35</relative_cover>
						</species_description>
						<species_description>
							<tsn>183400</tsn>
							<relative_cover>65</relative_cover>
						</species_description>
					</species>
				</class_1_all_others>
				<class_2>
					<stem_density max="10" min="0" unit="number_per_acre">2</stem_density>
					<diameter max="70" min="10" unit="inches">15</diameter>
					<height max="100" min="30" reference_id="1358" unit="feet">50</height>
					<species>
						<species_description>
							<tsn>183424</tsn>
							<relative_cover>100.00</relative_cover>
						</species_description>
					</species>
				</class_2>
				<class_3>
					<stem_density max="8" min="0" reference_id="1358" unit="number_per_acre">3</stem_density>
					<diameter max="70" min="10" unit="inches">15</diameter>
					<height max="40" min="4.5" reference_id="1358" unit="feet">25</height>
					<species>
						<species_description>
							<tsn>183424</tsn>
							<relative_cover>100.00</relative_cover>
						</species_description>
					</species>
				</class_3>
			</snags>
			<ladder_fuels>
				<minimum_height max="10" min="1" unit="feet">0</minimum_height>
				<maximum_height max="25" min="5" unit="feet">20</maximum_height>
				<is_vertically_contiguous>1</is_vertically_contiguous>
				<type>7</type>
			</ladder_fuels>
		</canopy>
		<shrubs>
			<primary_layer>
				<percent_cover max="40" min="10" unit="number">10.0</percent_cover>
				<height max="6" min="3" unit="feet">5</height>
				<percent_live max="99" min="75" reference_id="1358" unit="number">8.5</percent_live>
				<species>
					<species_description>
						<tsn>23601</tsn>
						<relative_cover>40</relative_cover>
					</species_description>
					<species_description>
						<tsn>18825</tsn>
						<relative_cover>20</relative_cover>
					</species_description>
					<species_description>
						<tsn>23769</tsn>
						<relative_cover>20</relative_cover>
					</species_description>
					<species_description>
						<tsn>24828</tsn>
						<relative_cover>20</relative_cover>
					</species_description>
				</species>
			</primary_layer>
			<secondary_layer>
				<percent_cover unit="number">0.0</percent_cover>
				<height unit="feet" />
				<percent_live unit="number">0.0</percent_live>
				<species />
			</secondary_layer>
			<needle_drape>
				<is_sufficient_to_affect_fire_behavior>1</is_sufficient_to_affect_fire_behavior>
			</needle_drape>
		</shrubs>
		<herbaceous>
			<primary_layer>
				<percent_cover max="25" min="8" unit="number">3.75</percent_cover>
				<height max="2.5" min="1.5" unit="feet">2</height>
				<loading max="3" min="0" unit="tons_per_acre">0.0375</loading>
				<percent_live max="99" min="75" reference_id="1358" unit="number">22.5</percent_live>
				<species>
					<species_description>
						<tsn>42905</tsn>
						<relative_cover>90</relative_cover>
					</species_description>
					<species_description>
						<tsn>18813</tsn>
						<relative_cover>10</relative_cover>
					</species_description>
				</species>
			</primary_layer>
			<secondary_layer>
				<percent_cover unit="number">0.0</percent_cover>
				<height unit="feet" />
				<loading unit="tons_per_acre">0.0</loading>
				<percent_live unit="number">0.0</percent_live>
				<species />
			</secondary_layer>
		</herbaceous>
		<woody_fuel>
			<all_downed_woody_fuel>
				<total_percent_cover max="99" min="61" unit="number">17.5</total_percent_cover>
				<depth max="10" min="1" unit="inches">1.25</depth>
			</all_downed_woody_fuel>
			<sound_wood>
				<all_sound_wood>
					<species>
						<species_description>
							<tsn>181824</tsn>
							<relative_cover>80</relative_cover>
						</species_description>
						<species_description>
							<tsn>183400</tsn>
							<relative_cover>20</relative_cover>
						</species_description>
					</species>
				</all_sound_wood>
				<loadings_zero_to_three_inches>
					<zero_to_quarter_inch max="3" min="0" unit="tons_per_acre">0.0</zero_to_quarter_inch>
					<quarter_inch_to_one_inch max="4" min="0.5" unit="tons_per_acre">0.175</quarter_inch_to_one_inch>
					<one_to_three_inches max="4" min="0.5" unit="tons_per_acre">0.225</one_to_three_inches>
				</loadings_zero_to_three_inches>
				<loadings_greater_than_three_inches>
					<three_to_nine_inches max="5" min="0.7" unit="tons_per_acre">3.8500000000000005</three_to_nine_inches>
					<nine_to_twenty_inches max="7" min="0.7" unit="tons_per_acre">6.6000000000000005</nine_to_twenty_inches>
					<greater_than_twenty_inches max="11" min="2" unit="tons_per_acre">6.6000000000000005</greater_than_twenty_inches>
				</loadings_greater_than_three_inches>
			</sound_wood>
			<rotten_wood>
				<all_rotten_wood>
					<species>
						<species_description>
							<tsn>183400</tsn>
							<relative_cover>100.00</relative_cover>
						</species_description>
					</species>
				</all_rotten_wood>
				<loadings_greater_than_three_inches>
					<three_to_nine_inches max="8" min="1" unit="tons_per_acre">1.6500000000000001</three_to_nine_inches>
					<nine_to_twenty_inches max="16.3" min="2" unit="tons_per_acre">2.75</nine_to_twenty_inches>
					<greater_than_twenty_inches max="75" min="5" unit="tons_per_acre">8.25</greater_than_twenty_inches>
				</loadings_greater_than_three_inches>
			</rotten_wood>
			<stumps>
				<sound>
					<stem_density unit="number_per_acre">0.0</stem_density>
					<diameter unit="inches" />
					<height unit="feet" />
					<species />
				</sound>
				<rotten>
					<stem_density unit="number_per_acre" />
					<diameter unit="inches" />
					<height unit="feet" />
					<species />
				</rotten>
				<lightered_pitchy>
					<stem_density unit="number_per_acre" />
					<diameter unit="inches" />
					<height unit="feet" />
					<species />
				</lightered_pitchy>
			</stumps>
		</woody_fuel>
		<moss_lichen_litter>
			<moss>
				<type>2</type>
				<percent_cover max="40" min="5" reference_id="1358" unit="number">5.0</percent_cover>
				<depth max="1" min="0.1" reference_id="1358" unit="inches">0.125</depth>
			</moss>
			<ground_lichen>
				<percent_cover unit="number">0.0</percent_cover>
				<depth unit="inches">0.0</depth>
			</ground_lichen>
			<litter>
				<percent_cover max="100" min="90" reference_id="459" unit="number">25.0</percent_cover>
				<depth max="2.5" min="0.1" unit="inches">0.25</depth>
				<arrangement>1</arrangement>
				<litter_type>
					<short_needle_pine>
						<relative_cover />
					</short_needle_pine>
					<long_needle_pine>
						<relative_cover />
					</long_needle_pine>
					<other_conifer>
						<relative_cover>60.0</relative_cover>
					</other_conifer>
					<broadleaf_deciduous>
						<relative_cover />
					</broadleaf_deciduous>
					<broadleaf_evergreen>
						<relative_cover>40.0</relative_cover>
					</broadleaf_evergreen>
					<palm_frond>
						<relative_cover />
					</palm_frond>
					<grass>
						<relative_cover />
					</grass>
				</litter_type>
			</litter>
		</moss_lichen_litter>
		<ground_fuel>
			<duff>
				<upper>
					<depth max="2.5" min="0.1" unit="inches">0.125</depth>
					<percent_cover max="100" min="90" unit="number">24.0</percent_cover>
					<derivation>1</derivation>
				</upper>
				<lower>
					<depth unit="inches">0.0</depth>
					<percent_cover unit="number">0.0</percent_cover>
					<derivation />
				</lower>
			</duff>
			<squirrel_middens>
				<depth unit="inches">0.0</depth>
				<radius unit="feet" />
				<number_per_unit_area unit="number_per_acre">0.0</number_per_unit_area>
			</squirrel_middens>
			<basal_accumulation>
				<depth unit="inches">0.0</depth>
				<radius unit="feet" />
				<number_per_unit_area unit="number_per_acre">0.0</number_per_unit_area>
				<type />
			</basal_accumulation>
		</ground_fuel>
	</fuelbed>
</FCCS_file>
