<?xml version="1.0"?>
<FCCS_file xmlns:xsi="http://www.w3.org/2001/XMLSchema-instance" schemaVersion="1.4" xsi:schemaLocation="/conf/\us.fed.fs.fera.fccs.xsd">
	<fuelbed_number>5109_133</fuelbed_number>
	<fuelbed_name>PP (eWA)|80-150yr|SC-Rx</fuelbed_name>
	<fuelbed_description>Eastern Washington ponderosa pine forest. Established 80 to 150 years ago. Recent thin and prescribed burn.</fuelbed_description>
	<ecoregion>340,330</ecoregion>
	<vegetation_form>2</vegetation_form>
	<structural_class>7</structural_class>
	<cover_type>151,152</cover_type>
	<change_agent>8,12</change_agent>
	<natural_fire_regime>1</natural_fire_regime>
	<condition_class>2</condition_class>
	<user_name>John Barnes</user_name>
	<address />
	<affiliation>Okanogan  Wenatchee NF</affiliation>
	<phone />
	<file_owner_email>jabarnes@fs.fed.us</file_owner_email>
	<notes>This fuelbed created in cooperation with Richy Harrod, Jim Bailey, John Barnes, and Rick Lind of the Okanogan and Wenatchee NF.   John developed stand from OW136 (40-80 yrs) and OW142 (150+ yrs).  Used Wenatchee plant association _ PIPO/CARU-AGSP.  Used PSW-56, 2-PP-3 for loadings, Edited by Susan Prichard and Ellen Eberhardt, February 2009.</notes>
	<date_collected>Aug 22, 2012</date_collected>
	<fuelbed_confidence />
	<fuelbed>
		<canopy>
			<trees>
				<total_percent_cover max="100" min="50" unit="number">12.375</total_percent_cover>
				<overstory>
					<percent_cover max="40" min="5" unit="number">1.8</percent_cover>
					<height max="120" min="30" unit="feet">110</height>
					<height_to_live_crown max="50" min="5" unit="feet">45.0</height_to_live_crown>
					<stem_density max="40" min="3" unit="number_per_acre">2.25</stem_density>
					<diameter_at_breast_height max="60" min="10" unit="inches">27</diameter_at_breast_height>
					<species>
						<species_description>
							<tsn>183365</tsn>
							<relative_cover>100.00</relative_cover>
						</species_description>
					</species>
				</overstory>
				<midstory>
					<percent_cover max="70" min="30" unit="number">11.25</percent_cover>
					<height max="80" min="20" unit="feet">69</height>
					<height_to_live_crown max="40" min="2" unit="feet">34.5</height_to_live_crown>
					<stem_density max="150" min="20" unit="number_per_acre">33.75</stem_density>
					<diameter_at_breast_height max="30" min="6" unit="inches">14</diameter_at_breast_height>
					<species>
						<species_description>
							<tsn>183365</tsn>
							<relative_cover>90</relative_cover>
						</species_description>
						<species_description>
							<tsn>183424</tsn>
							<relative_cover>10.00</relative_cover>
						</species_description>
					</species>
				</midstory>
				<understory>
					<percent_cover max="60" min="10" unit="number">0.45</percent_cover>
					<height max="30" min="1" unit="feet">5</height>
					<height_to_live_crown max="15" min="0" unit="feet">0.18000000000000002</height_to_live_crown>
					<stem_density max="2000" min="50" unit="number_per_acre">0.9</stem_density>
					<diameter_at_breast_height max="8" min="0.5" unit="inches">1</diameter_at_breast_height>
					<species>
						<species_description>
							<tsn>183365</tsn>
							<relative_cover>90</relative_cover>
						</species_description>
						<species_description>
							<tsn>183424</tsn>
							<relative_cover>10</relative_cover>
						</species_description>
					</species>
				</understory>
			</trees>
			<snags>
				<class_1_conifers_with_foliage>
					<percent_cover unit="number"></percent_cover>
					<height_to_crown_base unit="feet"></height_to_crown_base>
					<stem_density unit="number_per_acre"></stem_density>
					<diameter unit="inches"></diameter>
					<height unit="feet"></height>
					<species />
				</class_1_conifers_with_foliage>
				<class_1_all_others>
					<stem_density unit="number_per_acre"></stem_density>
					<diameter unit="inches"></diameter>
					<height unit="feet"></height>
					<species />
				</class_1_all_others>
				<class_2>
					<stem_density unit="number_per_acre"></stem_density>
					<diameter unit="inches"></diameter>
					<height unit="feet"></height>
					<species />
				</class_2>
				<class_3>
					<stem_density max="20" min="0" unit="number_per_acre">120.0</stem_density>
					<diameter max="25" min="0" unit="inches">14.8125</diameter>
					<height max="80" min="0" unit="feet">110</height>
					<species>
						<species_description>
							<tsn>183365</tsn>
							<relative_cover>100</relative_cover>
						</species_description>
					</species>
				</class_3>
			</snags>
			<ladder_fuels>
				<minimum_height max="15" min="0" unit="feet">0</minimum_height>
				<maximum_height max="30" min="1" unit="feet">5</maximum_height>
				<is_vertically_contiguous>0</is_vertically_contiguous>
				<type>7</type>
			</ladder_fuels>
		</canopy>
		<shrubs>
			<primary_layer>
				<percent_cover max="10" min="0" unit="number">10.0</percent_cover>
				<height max="6" min="0.5" unit="feet">1.0</height>
				<percent_live max="100" min="70" unit="number">80.0</percent_live>
				<species>
					<species_description>
						<tsn>28517</tsn>
						<relative_cover>80</relative_cover>
					</species_description>
					<species_description>
						<tsn>25290</tsn>
						<relative_cover>20.00</relative_cover>
					</species_description>
				</species>
			</primary_layer>
			<secondary_layer>
				<percent_cover unit="number">0.0</percent_cover>
				<height unit="feet">0.0</height>
				<percent_live unit="number">0.0</percent_live>
				<species />
			</secondary_layer>
			<needle_drape>
				<is_sufficient_to_affect_fire_behavior>0</is_sufficient_to_affect_fire_behavior>
			</needle_drape>
		</shrubs>
		<herbaceous>
			<primary_layer>
				<percent_cover max="30" min="2" unit="number">50.0</percent_cover>
				<height max="2" min="0.5" unit="feet">1.0</height>
				<loading max="0.5" min="0" unit="tons_per_acre">0.20000000000000004</loading>
				<percent_live max="99" min="40" unit="number">90.0</percent_live>
				<species>
					<species_description>
						<tsn>36818</tsn>
						<relative_cover>30</relative_cover>
					</species_description>
					<species_description>
						<tsn>40540</tsn>
						<relative_cover>20</relative_cover>
					</species_description>
					<species_description>
						<tsn>35423</tsn>
						<relative_cover>20</relative_cover>
					</species_description>
					<species_description>
						<tsn>504637</tsn>
						<relative_cover>30</relative_cover>
					</species_description>
				</species>
			</primary_layer>
			<secondary_layer>
				<percent_cover unit="number">0.0</percent_cover>
				<height unit="feet">0.0</height>
				<loading unit="tons_per_acre">0.0</loading>
				<percent_live unit="number">0.0</percent_live>
				<species />
			</secondary_layer>
		</herbaceous>
		<woody_fuel>
			<all_downed_woody_fuel>
				<total_percent_cover max="95" min="50" unit="number">24.750000000000004</total_percent_cover>
				<depth max="3" min="0.5" unit="inches">0.4950000000000001</depth>
			</all_downed_woody_fuel>
			<sound_wood>
				<all_sound_wood>
					<species>
						<species_description>
							<tsn>183365</tsn>
							<relative_cover>100</relative_cover>
						</species_description>
					</species>
				</all_sound_wood>
				<loadings_zero_to_three_inches>
					<zero_to_quarter_inch max="1" min="0" reference_id="4003" unit="tons_per_acre">0.03300000000000001</zero_to_quarter_inch>
					<quarter_inch_to_one_inch max="3" min="0" reference_id="4003" unit="tons_per_acre">0.16500000000000004</quarter_inch_to_one_inch>
					<one_to_three_inches max="3" min="0" reference_id="4003" unit="tons_per_acre">0.29700000000000004</one_to_three_inches>
				</loadings_zero_to_three_inches>
				<loadings_greater_than_three_inches>
					<three_to_nine_inches max="5" min="0" reference_id="4003" unit="tons_per_acre">0.07500000000000001</three_to_nine_inches>
					<nine_to_twenty_inches max="5" min="0" reference_id="4003" unit="tons_per_acre">0.22499999999999998</nine_to_twenty_inches>
					<greater_than_twenty_inches max="5" min="0" reference_id="4003" unit="tons_per_acre">0.0</greater_than_twenty_inches>
				</loadings_greater_than_three_inches>
			</sound_wood>
			<rotten_wood>
				<all_rotten_wood>
					<species>
						<species_description>
							<tsn>183365</tsn>
							<relative_cover>100</relative_cover>
						</species_description>
					</species>
				</all_rotten_wood>
				<loadings_greater_than_three_inches>
					<three_to_nine_inches max="5" min="0" reference_id="4003" unit="tons_per_acre">0.325</three_to_nine_inches>
					<nine_to_twenty_inches max="5" min="0" reference_id="4003" unit="tons_per_acre">0.5249999999999999</nine_to_twenty_inches>
					<greater_than_twenty_inches max="5" min="0" reference_id="4003" unit="tons_per_acre">0.0</greater_than_twenty_inches>
				</loadings_greater_than_three_inches>
			</rotten_wood>
			<stumps>
				<sound>
					<stem_density max="-3" min="-3" unit="number_per_acre">60</stem_density>
					<diameter max="-3" min="-3" unit="inches">9</diameter>
					<height max="-3" min="-3" unit="feet">1</height>
					<species>
						<species_description>
							<tsn>183365</tsn>
							<relative_cover>100</relative_cover>
						</species_description>
					</species>
				</sound>
				<rotten>
					<stem_density max="-3" min="-3" unit="number_per_acre">5.0</stem_density>
					<diameter max="-3" min="-3" unit="inches">6.5</diameter>
					<height max="-3" min="-3" unit="feet">0.5</height>
					<species>
						<species_description>
							<tsn>183365</tsn>
							<relative_cover>100</relative_cover>
						</species_description>
					</species>
				</rotten>
				<lightered_pitchy>
					<stem_density unit="number_per_acre">0.0</stem_density>
					<diameter unit="inches">0.0</diameter>
					<height unit="feet">0.0</height>
					<species />
				</lightered_pitchy>
			</stumps>
		</woody_fuel>
		<moss_lichen_litter>
			<moss>
				<type />
				<percent_cover unit="number">0.0</percent_cover>
				<depth unit="inches">0.0</depth>
			</moss>
			<ground_lichen>
				<percent_cover unit="number">0.0</percent_cover>
				<depth unit="inches">0.0</depth>
			</ground_lichen>
			<litter>
				<percent_cover max="100" min="75" unit="number">70.0</percent_cover>
				<depth max="4" min="0.1" unit="inches">0.5</depth>
				<arrangement>1</arrangement>
				<litter_type>
					<short_needle_pine>
						<relative_cover />
					</short_needle_pine>
					<long_needle_pine>
						<relative_cover>80.00</relative_cover>
					</long_needle_pine>
					<other_conifer>
						<relative_cover />
					</other_conifer>
					<broadleaf_deciduous>
						<relative_cover>10.0</relative_cover>
					</broadleaf_deciduous>
					<broadleaf_evergreen>
						<relative_cover />
					</broadleaf_evergreen>
					<palm_frond>
						<relative_cover />
					</palm_frond>
					<grass>
						<relative_cover>10.0</relative_cover>
					</grass>
				</litter_type>
			</litter>
		</moss_lichen_litter>
		<ground_fuel>
			<duff>
				<upper>
					<depth max="2" min="0" unit="inches">0.005000000000000001</depth>
					<percent_cover max="100" min="75" unit="number">1.0</percent_cover>
					<derivation>1</derivation>
				</upper>
				<lower>
					<depth max="2" min="0" unit="inches">0.005000000000000001</depth>
					<percent_cover max="100" min="75" unit="number">0.25</percent_cover>
					<derivation>3</derivation>
				</lower>
			</duff>
			<squirrel_middens>
				<depth unit="inches">0.0</depth>
				<radius unit="feet">0.0</radius>
				<number_per_unit_area unit="number_per_acre">0.0</number_per_unit_area>
			</squirrel_middens>
			<basal_accumulation>
				<depth unit="inches">0.0</depth>
				<radius unit="feet">0.0</radius>
				<number_per_unit_area unit="number_per_acre">0.0</number_per_unit_area>
				<type />
			</basal_accumulation>
		</ground_fuel>
	</fuelbed>
</FCCS_file>
