<?xml version="1.0"?>
<FCCS_file xmlns:xsi="http://www.w3.org/2001/XMLSchema-instance" schemaVersion="1.4" xsi:schemaLocation="conf\\us.fed.fs.fera.fccs.xsd">
	<fuelbed_number>5191_122</fuelbed_number>
	<fuelbed_name>DF NB|0-15yr|WF</fuelbed_name>
	<fuelbed_description>Douglas-fir and ninebark forest. Established less than 15 years ago after wildfire with salvage logging, or clearcut harvest and prescribed burning. Ninebark, snowberry, and pinegrass dominate shrub and herbaceous layer.</fuelbed_description>
	<ecoregion>340,330</ecoregion>
	<vegetation_form>2</vegetation_form>
	<structural_class>5</structural_class>
	<cover_type>118</cover_type>
	<change_agent>30</change_agent>
	<natural_fire_regime>1</natural_fire_regime>
	<condition_class>1</condition_class>
	<user_name>Okanogan and Wenatchee National Forests</user_name>
	<address />
	<affiliation>USFS</affiliation>
	<phone />
	<file_owner_email>rharrod@fs.fed.us</file_owner_email>
	<notes>This fuelbed created in cooperation with Richy Harrod, Jim Bailey, John Barnes, Jen Croft, and Rick Lind of the Okanogan and Wenatchee NF.   Used INT-97 pg 125 Stand No. 34 to represent the dead standing, influx of brush  grass, and the fuel loadings for a post stand replacing fire.  Used FIREMON stand data from Barker units (photo only) and Siwash thin Plot # 26 for understory/mid-story data.  These fire regen stands are approx 20 yrs old without thinning treatments, reduced understory to reflect early regen stages at years 0-15.Edited by Susan Prichard and Ellen Eberhardt, February 2009.</notes>
	<date_collected>Sep 16, 2011</date_collected>
	<fuelbed_confidence />
	<fuelbed>
		<canopy>
			<trees>
				<total_percent_cover max="75" min="10" unit="number">29.7</total_percent_cover>
				<overstory>
					<percent_cover max="25" min="0" unit="number">2.7</percent_cover>
					<height max="100" min="30" unit="feet">100</height>
					<height_to_live_crown max="50" min="0" unit="feet">48.0</height_to_live_crown>
					<stem_density max="60" min="5" unit="number_per_acre">5.4</stem_density>
					<diameter_at_breast_height max="35" min="6" unit="inches">25</diameter_at_breast_height>
					<species>
						<species_description>
							<tsn>183417</tsn>
							<relative_cover>10</relative_cover>
						</species_description>
						<species_description>
							<tsn>183424</tsn>
							<relative_cover>80</relative_cover>
						</species_description>
						<species_description>
							<tsn>183365</tsn>
							<relative_cover>10</relative_cover>
						</species_description>
					</species>
				</overstory>
				<midstory>
					<percent_cover unit="number">0.0</percent_cover>
					<height unit="feet" />
					<height_to_live_crown unit="feet">0.0</height_to_live_crown>
					<stem_density unit="number_per_acre">0.0</stem_density>
					<diameter_at_breast_height unit="inches" />
					<species />
				</midstory>
				<understory>
					<percent_cover max="95" min="0" unit="number">18.0</percent_cover>
					<height max="6" min="0.1" unit="feet">3</height>
					<height_to_live_crown max="1" min="0" unit="feet">0.65</height_to_live_crown>
					<stem_density max="3000" min="50" unit="number_per_acre">54.0</stem_density>
					<diameter_at_breast_height max="3" min="0.1" unit="inches">0.5</diameter_at_breast_height>
					<species>
						<species_description>
							<tsn>183417</tsn>
							<relative_cover>5</relative_cover>
						</species_description>
						<species_description>
							<tsn>183424</tsn>
							<relative_cover>80</relative_cover>
						</species_description>
						<species_description>
							<tsn>183365</tsn>
							<relative_cover>15</relative_cover>
						</species_description>
					</species>
				</understory>
			</trees>
			<snags>
				<class_1_conifers_with_foliage>
					<percent_cover max="75" min="0" unit="number">25.75639</percent_cover>
					<height_to_crown_base max="75" min="0" unit="feet">50.025000000000006</height_to_crown_base>
					<stem_density max="150" min="10" unit="number_per_acre">6.6</stem_density>
					<diameter max="70" min="6" unit="inches">25.0</diameter>
					<height max="120" min="10" unit="feet">75</height>
					<species>
						<species_description>
							<tsn>183417</tsn>
							<relative_cover>20</relative_cover>
						</species_description>
						<species_description>
							<tsn>183424</tsn>
							<relative_cover>80</relative_cover>
						</species_description>
					</species>
				</class_1_conifers_with_foliage>
				<class_1_all_others>
					<stem_density max="150" min="10" unit="number_per_acre">6.6</stem_density>
					<diameter max="20" min="6" unit="inches">25.0</diameter>
					<height max="80" min="10" unit="feet">75</height>
					<species>
						<species_description>
							<tsn>183424</tsn>
							<relative_cover>100.00</relative_cover>
						</species_description>
					</species>
				</class_1_all_others>
				<class_2>
					<stem_density max="30" min="0" unit="number_per_acre">6.0</stem_density>
					<diameter max="45" min="6" unit="inches">25.0</diameter>
					<height max="120" min="10" unit="feet">75</height>
					<species>
						<species_description>
							<tsn>183424</tsn>
							<relative_cover>77</relative_cover>
						</species_description>
						<species_description>
							<tsn>183365</tsn>
							<relative_cover>23</relative_cover>
						</species_description>
					</species>
				</class_2>
				<class_3>
					<stem_density unit="number_per_acre">3</stem_density>
					<diameter unit="inches">12</diameter>
					<height unit="feet">75</height>
					<species>
						<species_description>
							<tsn>183424</tsn>
							<relative_cover>77</relative_cover>
						</species_description>
						<species_description>
							<tsn>183365</tsn>
							<relative_cover>23</relative_cover>
						</species_description>
					</species>
				</class_3>
			</snags>
			<ladder_fuels>
				<minimum_height max="3" min="0" unit="feet">0.5</minimum_height>
				<maximum_height max="120" min="0" unit="feet">3</maximum_height>
				<is_vertically_contiguous>0</is_vertically_contiguous>
				<type>7</type>
			</ladder_fuels>
		</canopy>
		<shrubs>
			<primary_layer>
				<percent_cover max="50" min="0" unit="number">40.0</percent_cover>
				<height max="10" min="0.1" unit="feet">1.5</height>
				<percent_live max="80" min="20" unit="number">80.0</percent_live>
				<species>
					<species_description>
						<tsn>35332</tsn>
						<relative_cover>10</relative_cover>
					</species_description>
					<species_description>
						<tsn>24847</tsn>
						<relative_cover>10</relative_cover>
					</species_description>
					<species_description>
						<tsn>25109</tsn>
						<relative_cover>40</relative_cover>
					</species_description>
					<species_description>
						<tsn>25280</tsn>
						<relative_cover>40</relative_cover>
					</species_description>
				</species>
			</primary_layer>
			<secondary_layer>
				<percent_cover max="5" min="0" unit="number">0.5</percent_cover>
				<height max="2" min="0.1" unit="feet">0.15</height>
				<percent_live max="100" min="60" unit="number">80.0</percent_live>
				<species>
					<species_description>
						<tsn>18832</tsn>
						<relative_cover>100.00</relative_cover>
					</species_description>
				</species>
			</secondary_layer>
			<needle_drape>
				<is_sufficient_to_affect_fire_behavior>0</is_sufficient_to_affect_fire_behavior>
			</needle_drape>
		</shrubs>
		<herbaceous>
			<primary_layer>
				<percent_cover max="100" min="0" unit="number">20.0</percent_cover>
				<height max="2" min="0.1" unit="feet">1.0</height>
				<loading max="4" min="0.1" unit="tons_per_acre">0.3</loading>
				<percent_live max="100" min="50" unit="number">80.0</percent_live>
				<species>
					<species_description>
						<tsn>40540</tsn>
						<relative_cover>95.00</relative_cover>
					</species_description>
					<species_description>
						<tsn>39613</tsn>
						<relative_cover>5</relative_cover>
					</species_description>
				</species>
			</primary_layer>
			<secondary_layer>
				<percent_cover max="30" min="0" unit="number">10.0</percent_cover>
				<height max="5" min="0.1" unit="feet">1.0</height>
				<loading max="3" min="0" unit="tons_per_acre">0.1</loading>
				<percent_live max="100" min="50" unit="number">75.0</percent_live>
				<species>
					<species_description>
						<tsn>36818</tsn>
						<relative_cover>40</relative_cover>
					</species_description>
					<species_description>
						<tsn>25916</tsn>
						<relative_cover>30</relative_cover>
					</species_description>
					<species_description>
						<tsn>33394</tsn>
						<relative_cover>30</relative_cover>
					</species_description>
				</species>
			</secondary_layer>
		</herbaceous>
		<woody_fuel>
			<all_downed_woody_fuel>
				<total_percent_cover max="50" min="0" unit="number">9.375</total_percent_cover>
				<depth max="5" min="0.5" unit="inches">0.3125</depth>
			</all_downed_woody_fuel>
			<sound_wood>
				<all_sound_wood>
					<species>
						<species_description>
							<tsn>183417</tsn>
							<relative_cover>5</relative_cover>
						</species_description>
						<species_description>
							<tsn>183365</tsn>
							<relative_cover>5</relative_cover>
						</species_description>
						<species_description>
							<tsn>183424</tsn>
							<relative_cover>90</relative_cover>
						</species_description>
					</species>
				</all_sound_wood>
				<loadings_zero_to_three_inches>
					<zero_to_quarter_inch max="1" min="0" unit="tons_per_acre">0.03125</zero_to_quarter_inch>
					<quarter_inch_to_one_inch max="4" min="0" unit="tons_per_acre">0.3125</quarter_inch_to_one_inch>
					<one_to_three_inches max="4" min="0" unit="tons_per_acre">0.3125</one_to_three_inches>
				</loadings_zero_to_three_inches>
				<loadings_greater_than_three_inches>
					<three_to_nine_inches max="14" min="1" unit="tons_per_acre">0.5625</three_to_nine_inches>
					<nine_to_twenty_inches max="2" min="0" unit="tons_per_acre">1.6875</nine_to_twenty_inches>
					<greater_than_twenty_inches max="5" min="0" unit="tons_per_acre">0.0</greater_than_twenty_inches>
				</loadings_greater_than_three_inches>
			</sound_wood>
			<rotten_wood>
				<all_rotten_wood>
					<species>
						<species_description>
							<tsn>183424</tsn>
							<relative_cover>80</relative_cover>
						</species_description>
						<species_description>
							<tsn>183365</tsn>
							<relative_cover>10</relative_cover>
						</species_description>
						<species_description>
							<tsn>183417</tsn>
							<relative_cover>10</relative_cover>
						</species_description>
					</species>
				</all_rotten_wood>
				<loadings_greater_than_three_inches>
					<three_to_nine_inches max="8" min="0" reference_id="4003" unit="tons_per_acre">1.3125</three_to_nine_inches>
					<nine_to_twenty_inches max="8" min="0" unit="tons_per_acre">1.6875</nine_to_twenty_inches>
					<greater_than_twenty_inches max="15" min="0" unit="tons_per_acre">0.0</greater_than_twenty_inches>
				</loadings_greater_than_three_inches>
			</rotten_wood>
			<stumps>
				<sound>
					<stem_density max="200" min="0" unit="number_per_acre">100</stem_density>
					<diameter max="30" min="6" unit="inches">16</diameter>
					<height max="3" min="0.5" unit="feet">1</height>
					<species>
						<species_description>
							<tsn>183365</tsn>
							<relative_cover>10</relative_cover>
						</species_description>
						<species_description>
							<tsn>183424</tsn>
							<relative_cover>80</relative_cover>
						</species_description>
						<species_description>
							<tsn>183417</tsn>
							<relative_cover>10</relative_cover>
						</species_description>
					</species>
				</sound>
				<rotten>
					<stem_density unit="number_per_acre">0.0</stem_density>
					<diameter unit="inches">0.0</diameter>
					<height unit="feet">0.0</height>
					<species />
				</rotten>
				<lightered_pitchy>
					<stem_density unit="number_per_acre">0.0</stem_density>
					<diameter unit="inches">0.0</diameter>
					<height unit="feet">0.0</height>
					<species />
				</lightered_pitchy>
			</stumps>
		</woody_fuel>
		<moss_lichen_litter>
			<moss>
				<type />
				<percent_cover unit="number">0.0</percent_cover>
				<depth unit="inches">0.0</depth>
			</moss>
			<ground_lichen>
				<percent_cover unit="number">0.0</percent_cover>
				<depth unit="inches">0.0</depth>
			</ground_lichen>
			<litter>
				<percent_cover max="50" min="5" unit="number">10.0</percent_cover>
				<depth max="3" min="0.1" unit="inches">0.05</depth>
				<arrangement>1</arrangement>
				<litter_type>
					<short_needle_pine>
						<relative_cover />
					</short_needle_pine>
					<long_needle_pine>
						<relative_cover>5.0</relative_cover>
					</long_needle_pine>
					<other_conifer>
						<relative_cover>5.0</relative_cover>
					</other_conifer>
					<broadleaf_deciduous>
						<relative_cover>85.0</relative_cover>
					</broadleaf_deciduous>
					<broadleaf_evergreen>
						<relative_cover />
					</broadleaf_evergreen>
					<palm_frond>
						<relative_cover />
					</palm_frond>
					<grass>
						<relative_cover>5.0</relative_cover>
					</grass>
				</litter_type>
			</litter>
		</moss_lichen_litter>
		<ground_fuel>
			<duff>
				<upper>
					<depth max="2" min="0" reference_id="4003" unit="inches">0.0125</depth>
					<percent_cover max="80" min="40" unit="number">10.0</percent_cover>
					<derivation>1</derivation>
				</upper>
				<lower>
					<depth max="2" min="0" unit="inches">0.025</depth>
					<percent_cover max="80" min="40" unit="number">10.0</percent_cover>
					<derivation>3</derivation>
				</lower>
			</duff>
			<squirrel_middens>
				<depth unit="inches">0.0</depth>
				<radius unit="feet">0.0</radius>
				<number_per_unit_area unit="number_per_acre">0.0</number_per_unit_area>
			</squirrel_middens>
			<basal_accumulation>
				<depth unit="inches">0.0</depth>
				<radius unit="feet">0.0</radius>
				<number_per_unit_area unit="number_per_acre">0.0</number_per_unit_area>
				<type />
			</basal_accumulation>
		</ground_fuel>
	</fuelbed>
</FCCS_file>
