<?xml version="1.0"?>
<FCCS_file xmlns:xsi="http://www.w3.org/2001/XMLSchema-instance" schemaVersion="1.4" xsi:noNamespaceSchemaLocation="cash.xsd">
	<fuelbed_number>5235_133</fuelbed_number>
	<fuelbed_name>GF WH (moist)|60-90yr|Past PCT</fuelbed_name>
	<fuelbed_description>Moist grand fir and western hemlock forest. Established after wildfire or clearcut harvest 60 to 90 years ago with subsequent precommercial thinning and no recent active management.</fuelbed_description>
	<ecoregion>240,340,330</ecoregion>
	<vegetation_form>2</vegetation_form>
	<structural_class>6</structural_class>
	<cover_type>121,131</cover_type>
	<change_agent>18</change_agent>
	<natural_fire_regime>4</natural_fire_regime>
	<condition_class>1</condition_class>
	<user_name>Anne Andreu</user_name>
	<address />
	<affiliation>FERA</affiliation>
	<phone>206-732-7826</phone>
	<file_owner_email>agandreu@u.washington.edu</file_owner_email>
	<notes> This fuelbed created in cooperation with Richy Harrod, Jim Bailey, John Barnes, and Rick Lind of the Okanogan and Wenatchee NF, Roger Ottmar of USFSPNW, FERA and Tom Leuschen of Fire Vision LLC. Used OW050 as base for fuelbed. Changed canopy, snags, ladder fuels, woody fuels, stumps, litter and duff based on comparisons with OW047-OW055 series.Edited by Susan Prichard and Ellen Eberhardt, February 2009.</notes>
	<date_collected>Mar 27, 2009</date_collected>
	<fuelbed_confidence />
	<fuelbed>
		<canopy>
			<trees>
				<total_percent_cover max="75" min="40" unit="number">13.5</total_percent_cover>
				<overstory>
					<percent_cover max="80" min="10" unit="number">13.5</percent_cover>
					<height max="40" min="20" unit="feet">52</height>
					<height_to_live_crown max="8" min="4" unit="feet">22.5</height_to_live_crown>
					<stem_density max="300" min="40" unit="number_per_acre">27.0</stem_density>
					<diameter_at_breast_height max="9" min="3.3" unit="inches">12</diameter_at_breast_height>
					<species>
						<species_description>
							<tsn>183424</tsn>
							<relative_cover>50</relative_cover>
						</species_description>
						<species_description>
							<tsn>183284</tsn>
							<relative_cover>35</relative_cover>
						</species_description>
						<species_description>
							<tsn>183400</tsn>
							<relative_cover>15</relative_cover>
						</species_description>
					</species>
				</overstory>
				<midstory>
					<percent_cover unit="number">0.0</percent_cover>
					<height unit="feet" />
					<height_to_live_crown unit="feet">0.0</height_to_live_crown>
					<stem_density unit="number_per_acre">0.0</stem_density>
					<diameter_at_breast_height unit="inches" />
					<species />
				</midstory>
				<understory>
					<percent_cover max="70" min="5" unit="number">0.9</percent_cover>
					<height max="10" min="1" unit="feet">4</height>
					<height_to_live_crown max="2" min="0" unit="feet">0.0</height_to_live_crown>
					<stem_density max="500" min="20" unit="number_per_acre">3.6</stem_density>
					<diameter_at_breast_height max="1" min="0.1" unit="inches">0.5</diameter_at_breast_height>
					<species>
						<species_description>
							<tsn>183284</tsn>
							<relative_cover>45</relative_cover>
						</species_description>
						<species_description>
							<tsn>183400</tsn>
							<relative_cover>35</relative_cover>
						</species_description>
						<species_description>
							<tsn>183424</tsn>
							<relative_cover>20</relative_cover>
						</species_description>
					</species>
				</understory>
			</trees>
			<snags>
				<class_1_conifers_with_foliage>
					<percent_cover unit="number"></percent_cover>
					<height_to_crown_base unit="feet"></height_to_crown_base>
					<stem_density unit="number_per_acre"></stem_density>
					<diameter unit="inches"></diameter>
					<height unit="feet"></height>
					<species />
				</class_1_conifers_with_foliage>
				<class_1_all_others>
					<stem_density unit="number_per_acre"></stem_density>
					<diameter unit="inches"></diameter>
					<height unit="feet"></height>
					<species />
				</class_1_all_others>
				<class_2>
					<stem_density unit="number_per_acre"></stem_density>
					<diameter unit="inches"></diameter>
					<height unit="feet"></height>
					<species />
				</class_2>
				<class_3>
					<stem_density unit="number_per_acre">90.0</stem_density>
					<diameter unit="inches">12.0</diameter>
					<height unit="feet">52</height>
					<species />
				</class_3>
			</snags>
			<ladder_fuels>
				<minimum_height max="-3" min="-3" unit="feet">0</minimum_height>
				<maximum_height max="-3" min="-3" unit="feet">4</maximum_height>
				<is_vertically_contiguous />
				<type>2</type>
			</ladder_fuels>
		</canopy>
		<shrubs>
			<primary_layer>
				<percent_cover max="70" min="30" unit="number">5.0</percent_cover>
				<height max="6" min="2" unit="feet">3.5000000000000004</height>
				<percent_live max="80" min="40" unit="number">100.0</percent_live>
				<species>
					<species_description>
						<tsn>28740</tsn>
						<relative_cover>30</relative_cover>
					</species_description>
					<species_description>
						<tsn>24828</tsn>
						<relative_cover>10</relative_cover>
					</species_description>
					<species_description>
						<tsn>23601</tsn>
						<relative_cover>15</relative_cover>
					</species_description>
					<species_description>
						<tsn>35314</tsn>
						<relative_cover>15</relative_cover>
					</species_description>
					<species_description>
						<tsn>504149</tsn>
						<relative_cover>15</relative_cover>
					</species_description>
					<species_description>
						<tsn>18825</tsn>
						<relative_cover>15</relative_cover>
					</species_description>
				</species>
			</primary_layer>
			<secondary_layer>
				<percent_cover unit="number">0.0</percent_cover>
				<height unit="feet">0.0</height>
				<percent_live unit="number">0.0</percent_live>
				<species />
			</secondary_layer>
			<needle_drape>
				<is_sufficient_to_affect_fire_behavior>0</is_sufficient_to_affect_fire_behavior>
			</needle_drape>
		</shrubs>
		<herbaceous>
			<primary_layer>
				<percent_cover max="40" min="10" unit="number">10.0</percent_cover>
				<height max="4" min="1.5" unit="feet">1.0</height>
				<loading max="1" min="0.2" unit="tons_per_acre">0.10000000000000002</loading>
				<percent_live max="99" min="75" unit="number">90.0</percent_live>
				<species>
					<species_description>
						<tsn>18813</tsn>
						<relative_cover>35</relative_cover>
					</species_description>
					<species_description>
						<tsn>24055</tsn>
						<relative_cover>17</relative_cover>
					</species_description>
					<species_description>
						<tsn>42905</tsn>
						<relative_cover>17</relative_cover>
					</species_description>
					<species_description>
						<tsn>43080</tsn>
						<relative_cover>16</relative_cover>
					</species_description>
					<species_description>
						<tsn>43593</tsn>
						<relative_cover>15</relative_cover>
					</species_description>
				</species>
			</primary_layer>
			<secondary_layer>
				<percent_cover unit="number">0.0</percent_cover>
				<height unit="feet">0.0</height>
				<loading unit="tons_per_acre">0.0</loading>
				<percent_live unit="number">0.0</percent_live>
				<species />
			</secondary_layer>
		</herbaceous>
		<woody_fuel>
			<all_downed_woody_fuel>
				<total_percent_cover max="70" min="30" unit="number">19.8</total_percent_cover>
				<depth max="5" min="0.5" unit="inches">0.6600000000000001</depth>
			</all_downed_woody_fuel>
			<sound_wood>
				<all_sound_wood>
					<species>
						<species_description>
							<tsn>183424</tsn>
							<relative_cover>70</relative_cover>
						</species_description>
						<species_description>
							<tsn>183284</tsn>
							<relative_cover>30</relative_cover>
						</species_description>
					</species>
				</all_sound_wood>
				<loadings_zero_to_three_inches>
					<zero_to_quarter_inch max="1" min="0" unit="tons_per_acre">0.16500000000000004</zero_to_quarter_inch>
					<quarter_inch_to_one_inch max="1" min="0.1" unit="tons_per_acre">0.13200000000000003</quarter_inch_to_one_inch>
					<one_to_three_inches max="4" min="0.7" unit="tons_per_acre">0.396</one_to_three_inches>
				</loadings_zero_to_three_inches>
				<loadings_greater_than_three_inches>
					<three_to_nine_inches max="0" min="0" unit="tons_per_acre">0.75</three_to_nine_inches>
					<nine_to_twenty_inches max="0" min="0" unit="tons_per_acre">0.9375</nine_to_twenty_inches>
					<greater_than_twenty_inches max="0" min="0" unit="tons_per_acre">0.5625</greater_than_twenty_inches>
				</loadings_greater_than_three_inches>
			</sound_wood>
			<rotten_wood>
				<all_rotten_wood>
					<species>
						<species_description>
							<tsn>183424</tsn>
							<relative_cover>70</relative_cover>
						</species_description>
						<species_description>
							<tsn>183284</tsn>
							<relative_cover>30</relative_cover>
						</species_description>
					</species>
				</all_rotten_wood>
				<loadings_greater_than_three_inches>
					<three_to_nine_inches max="16" min="5" unit="tons_per_acre">2.25</three_to_nine_inches>
					<nine_to_twenty_inches max="24" min="4" unit="tons_per_acre">4.0625</nine_to_twenty_inches>
					<greater_than_twenty_inches max="10" min="0" unit="tons_per_acre">0.9375</greater_than_twenty_inches>
				</loadings_greater_than_three_inches>
			</rotten_wood>
			<stumps>
				<sound>
					<stem_density unit="number_per_acre" />
					<diameter unit="inches" />
					<height unit="feet" />
					<species />
				</sound>
				<rotten>
					<stem_density max="150" min="80" unit="number_per_acre">200.0</stem_density>
					<diameter max="44" min="28" unit="inches">6.0</diameter>
					<height max="4" min="1" unit="feet">1.0</height>
					<species>
						<species_description>
							<tsn>183424</tsn>
							<relative_cover>65</relative_cover>
						</species_description>
						<species_description>
							<tsn>183284</tsn>
							<relative_cover>35</relative_cover>
						</species_description>
					</species>
				</rotten>
				<lightered_pitchy>
					<stem_density unit="number_per_acre">0.0</stem_density>
					<diameter unit="inches">0.0</diameter>
					<height unit="feet">0.0</height>
					<species />
				</lightered_pitchy>
			</stumps>
		</woody_fuel>
		<moss_lichen_litter>
			<moss>
				<type />
				<percent_cover unit="number">0.0</percent_cover>
				<depth unit="inches">0.0</depth>
			</moss>
			<ground_lichen>
				<percent_cover unit="number">0.0</percent_cover>
				<depth unit="inches">0.0</depth>
			</ground_lichen>
			<litter>
				<percent_cover max="100" min="90" unit="number">85.0</percent_cover>
				<depth max="1.5" min="0.5" unit="inches">0.4000000000000001</depth>
				<arrangement>1</arrangement>
				<litter_type>
					<short_needle_pine>
						<relative_cover />
					</short_needle_pine>
					<long_needle_pine>
						<relative_cover />
					</long_needle_pine>
					<other_conifer>
						<relative_cover>100.0</relative_cover>
					</other_conifer>
					<broadleaf_deciduous>
						<relative_cover />
					</broadleaf_deciduous>
					<broadleaf_evergreen>
						<relative_cover />
					</broadleaf_evergreen>
					<palm_frond>
						<relative_cover />
					</palm_frond>
					<grass>
						<relative_cover />
					</grass>
				</litter_type>
			</litter>
		</moss_lichen_litter>
		<ground_fuel>
			<duff>
				<upper>
					<depth max="1.5" min="0.25" unit="inches">0.010000000000000002</depth>
					<percent_cover max="70" min="30" unit="number">3.75</percent_cover>
					<derivation>1</derivation>
				</upper>
				<lower>
					<depth max="1.5" min="0.75" unit="inches">0.010000000000000002</depth>
					<percent_cover max="70" min="30" unit="number">3.75</percent_cover>
					<derivation>3</derivation>
				</lower>
			</duff>
			<squirrel_middens>
				<depth unit="inches">0.0</depth>
				<radius unit="feet">0.0</radius>
				<number_per_unit_area unit="number_per_acre">0.0</number_per_unit_area>
			</squirrel_middens>
			<basal_accumulation>
				<depth unit="inches">0.0</depth>
				<radius unit="feet">0.0</radius>
				<number_per_unit_area unit="number_per_acre">0.0</number_per_unit_area>
				<type />
			</basal_accumulation>
		</ground_fuel>
	</fuelbed>
</FCCS_file>
