<?xml version="1.0"?>
<FCCS_file xmlns:xsi="http://www.w3.org/2001/XMLSchema-instance" schemaVersion="1.4" xsi:noNamespaceSchemaLocation="cash.xsd">
	<fuelbed_number>5246_333</fuelbed_number>
	<fuelbed_name>WH (dry)|60-90yr</fuelbed_name>
	<fuelbed_description>Dry western hemlock forest. Established 60 to 90 years ago following wildfire with no subsequent management. Codominant species may include Douglas-fir, lodgepole pine, western white pine, subalpine fir, western larch and an occasional ponderosa pine. Located on rocky or severely degraded sites with low moisture. High-density, multi-layered stand with medium fuel load.</fuelbed_description>
	<ecoregion>340,330</ecoregion>
	<vegetation_form>2</vegetation_form>
	<structural_class>6</structural_class>
	<cover_type>118,120,121,125,131,137</cover_type>
	<change_agent>18</change_agent>
	<natural_fire_regime>3</natural_fire_regime>
	<condition_class>2</condition_class>
	<user_name>Tom Leuschen</user_name>
	<address>PO Box 664 Twisp, WA</address>
	<affiliation>Fire Vision LLC Contract Consultant</affiliation>
	<phone>509-997-5052</phone>
	<file_owner_email>tom@firevisionllc.com</file_owner_email>
	<notes>Created through a cooperative effort with Roger Ottmar, Richy Harrod, Jim Bailey, John Barnes, and Rick Lind from the Okanogan  Wenatchee NF. Citations: Field Guide for Forested Plant Associations of the Wenatchee National Forest, TSHE/ARNE Community Type INT97/Stand 28A Edited by Susan Prichard and Ellen Eberhardt, February 2009.</notes>
	<date_collected>Mar 27, 2009</date_collected>
	<fuelbed_confidence />
	<fuelbed>
		<canopy>
			<trees>
				<total_percent_cover max="95" min="60" unit="number">19.8</total_percent_cover>
				<overstory>
					<percent_cover max="80" min="40" unit="number">12.5</percent_cover>
					<height max="90" min="60" unit="feet">60</height>
					<height_to_live_crown max="45" min="10" unit="feet">12.0</height_to_live_crown>
					<stem_density max="343" min="55" unit="number_per_acre">62.5</stem_density>
					<diameter_at_breast_height max="17" min="4" unit="inches">10.0</diameter_at_breast_height>
					<species>
						<species_description>
							<tsn>183424</tsn>
							<relative_cover>29</relative_cover>
						</species_description>
						<species_description>
							<tsn>183327</tsn>
							<relative_cover>24</relative_cover>
						</species_description>
						<species_description>
							<tsn>183400</tsn>
							<relative_cover>11</relative_cover>
						</species_description>
						<species_description>
							<tsn>183356</tsn>
							<relative_cover>8</relative_cover>
						</species_description>
						<species_description>
							<tsn>181830</tsn>
							<relative_cover>6</relative_cover>
						</species_description>
						<species_description>
							<tsn>183417</tsn>
							<relative_cover>22</relative_cover>
						</species_description>
					</species>
				</overstory>
				<midstory>
					<percent_cover unit="number">0.0</percent_cover>
					<height unit="feet" />
					<height_to_live_crown unit="feet">0.0</height_to_live_crown>
					<stem_density unit="number_per_acre">0.0</stem_density>
					<diameter_at_breast_height unit="inches">0.0</diameter_at_breast_height>
					<species />
				</midstory>
				<understory>
					<percent_cover max="45" min="5" unit="number"></percent_cover>
					<height max="30" min="5" unit="feet"></height>
					<height_to_live_crown max="20" min="2" unit="feet"></height_to_live_crown>
					<stem_density max="600" min="60" unit="number_per_acre"></stem_density>
					<diameter_at_breast_height max="8" min="1" unit="inches"></diameter_at_breast_height>
					<species />
				</understory>
			</trees>
			<snags>
				<class_1_conifers_with_foliage>
					<percent_cover unit="number" />
					<height_to_crown_base unit="feet" />
					<stem_density unit="number_per_acre" />
					<diameter unit="inches" />
					<height unit="feet" />
					<species />
				</class_1_conifers_with_foliage>
				<class_1_all_others>
					<stem_density unit="number_per_acre" />
					<diameter unit="inches" />
					<height unit="feet" />
					<species />
				</class_1_all_others>
				<class_2>
					<stem_density unit="number_per_acre" />
					<diameter unit="inches" />
					<height unit="feet" />
					<species />
				</class_2>
				<class_3>
					<stem_density max="8" min="0" reference_id="1358" unit="number_per_acre">3</stem_density>
					<diameter max="70" min="10" unit="inches">18</diameter>
					<height max="40" min="4.5" reference_id="1358" unit="feet">25</height>
					<species>
						<species_description>
							<tsn>183424</tsn>
							<relative_cover>80</relative_cover>
						</species_description>
						<species_description>
							<tsn>183417</tsn>
							<relative_cover>15</relative_cover>
						</species_description>
						<species_description>
							<tsn>183356</tsn>
							<relative_cover>5</relative_cover>
						</species_description>
					</species>
				</class_3>
			</snags>
			<ladder_fuels>
				<minimum_height max="10" min="1" unit="feet">1</minimum_height>
				<maximum_height max="25" min="5" unit="feet">8</maximum_height>
				<is_vertically_contiguous>1</is_vertically_contiguous>
				<type>7</type>
			</ladder_fuels>
		</canopy>
		<shrubs>
			<primary_layer>
				<percent_cover max="40" min="10" unit="number">28.0035</percent_cover>
				<height max="6" min="3" unit="feet">1</height>
				<percent_live max="99" min="75" reference_id="1358" unit="number">85.0</percent_live>
				<species>
					<species_description>
						<tsn>23503</tsn>
						<relative_cover>33</relative_cover>
					</species_description>
					<species_description>
						<tsn>23601</tsn>
						<relative_cover>19</relative_cover>
					</species_description>
					<species_description>
						<tsn>25331</tsn>
						<relative_cover>10</relative_cover>
					</species_description>
					<species_description>
						<tsn>504149</tsn>
						<relative_cover>3</relative_cover>
					</species_description>
					<species_description>
						<tsn>35314</tsn>
						<relative_cover>10</relative_cover>
					</species_description>
					<species_description>
						<tsn>23659</tsn>
						<relative_cover>9</relative_cover>
					</species_description>
					<species_description>
						<tsn>18835</tsn>
						<relative_cover>5</relative_cover>
					</species_description>
					<species_description>
						<tsn>24828</tsn>
						<relative_cover>2</relative_cover>
					</species_description>
					<species_description>
						<tsn>25327</tsn>
						<relative_cover>2</relative_cover>
					</species_description>
					<species_description>
						<tsn>23613</tsn>
						<relative_cover>7</relative_cover>
					</species_description>
				</species>
			</primary_layer>
			<secondary_layer>
				<percent_cover unit="number">0.0</percent_cover>
				<height unit="feet" />
				<percent_live unit="number">0.0</percent_live>
				<species />
			</secondary_layer>
			<needle_drape>
				<is_sufficient_to_affect_fire_behavior>0</is_sufficient_to_affect_fire_behavior>
			</needle_drape>
		</shrubs>
		<herbaceous>
			<primary_layer>
				<percent_cover max="25" min="8" unit="number">15.001874999999998</percent_cover>
				<height max="2.5" min="1.5" unit="feet">2</height>
				<loading max="3" min="0" unit="tons_per_acre">0.15001874999999998</loading>
				<percent_live max="99" min="75" reference_id="1358" unit="number">90.0</percent_live>
				<species>
					<species_description>
						<tsn>40540</tsn>
						<relative_cover>26</relative_cover>
					</species_description>
					<species_description>
						<tsn>37693</tsn>
						<relative_cover>13</relative_cover>
					</species_description>
					<species_description>
						<tsn>17224</tsn>
						<relative_cover>52</relative_cover>
					</species_description>
					<species_description>
						<tsn>43593</tsn>
						<relative_cover>9</relative_cover>
					</species_description>
				</species>
			</primary_layer>
			<secondary_layer>
				<percent_cover unit="number">0.0</percent_cover>
				<height unit="feet" />
				<loading unit="tons_per_acre">0.0</loading>
				<percent_live unit="number">0.0</percent_live>
				<species />
			</secondary_layer>
		</herbaceous>
		<woody_fuel>
			<all_downed_woody_fuel>
				<total_percent_cover max="99" min="67" unit="number">14.850000000000001</total_percent_cover>
				<depth max="10" min="1" unit="inches">0.33</depth>
			</all_downed_woody_fuel>
			<sound_wood>
				<all_sound_wood>
					<species>
						<species_description>
							<tsn>183424</tsn>
							<relative_cover>29</relative_cover>
						</species_description>
						<species_description>
							<tsn>183327</tsn>
							<relative_cover>24</relative_cover>
						</species_description>
						<species_description>
							<tsn>183400</tsn>
							<relative_cover>11</relative_cover>
						</species_description>
						<species_description>
							<tsn>183356</tsn>
							<relative_cover>8</relative_cover>
						</species_description>
						<species_description>
							<tsn>181830</tsn>
							<relative_cover>6</relative_cover>
						</species_description>
						<species_description>
							<tsn>183417</tsn>
							<relative_cover>22</relative_cover>
						</species_description>
					</species>
				</all_sound_wood>
				<loadings_zero_to_three_inches>
					<zero_to_quarter_inch max="3" min="0" unit="tons_per_acre">0.132</zero_to_quarter_inch>
					<quarter_inch_to_one_inch max="4" min="1" unit="tons_per_acre">0.36300000000000004</quarter_inch_to_one_inch>
					<one_to_three_inches max="4" min="0.5" unit="tons_per_acre">1.1880000000000002</one_to_three_inches>
				</loadings_zero_to_three_inches>
				<loadings_greater_than_three_inches>
					<three_to_nine_inches max="5" min="0.7" unit="tons_per_acre">0.22687500000000005</three_to_nine_inches>
					<nine_to_twenty_inches max="7" min="0.7" unit="tons_per_acre">0.10312500000000001</nine_to_twenty_inches>
					<greater_than_twenty_inches max="11" min="2" unit="tons_per_acre">0.04125000000000001</greater_than_twenty_inches>
				</loadings_greater_than_three_inches>
			</sound_wood>
			<rotten_wood>
				<all_rotten_wood>
					<species>
						<species_description>
							<tsn>183424</tsn>
							<relative_cover>29</relative_cover>
						</species_description>
						<species_description>
							<tsn>183327</tsn>
							<relative_cover>24</relative_cover>
						</species_description>
						<species_description>
							<tsn>183400</tsn>
							<relative_cover>11</relative_cover>
						</species_description>
						<species_description>
							<tsn>183356</tsn>
							<relative_cover>8</relative_cover>
						</species_description>
						<species_description>
							<tsn>181830</tsn>
							<relative_cover>6</relative_cover>
						</species_description>
						<species_description>
							<tsn>183417</tsn>
							<relative_cover>22</relative_cover>
						</species_description>
					</species>
				</all_rotten_wood>
				<loadings_greater_than_three_inches>
					<three_to_nine_inches max="8" min="1" unit="tons_per_acre">0.8181250000000001</three_to_nine_inches>
					<nine_to_twenty_inches max="14" min="2" unit="tons_per_acre">0.33687500000000004</nine_to_twenty_inches>
					<greater_than_twenty_inches max="30" min="5" unit="tons_per_acre">0.17875000000000002</greater_than_twenty_inches>
				</loadings_greater_than_three_inches>
			</rotten_wood>
			<stumps>
				<sound>
					<stem_density unit="number_per_acre"></stem_density>
					<diameter unit="inches"></diameter>
					<height unit="feet"></height>
					<species />
				</sound>
				<rotten>
					<stem_density unit="number_per_acre">187.5</stem_density>
					<diameter unit="inches" />
					<height unit="feet" />
					<species />
				</rotten>
				<lightered_pitchy>
					<stem_density unit="number_per_acre" />
					<diameter unit="inches" />
					<height unit="feet" />
					<species />
				</lightered_pitchy>
			</stumps>
		</woody_fuel>
		<moss_lichen_litter>
			<moss>
				<type />
				<percent_cover unit="number">0.0</percent_cover>
				<depth unit="inches">0.0</depth>
			</moss>
			<ground_lichen>
				<percent_cover unit="number">0.0</percent_cover>
				<depth unit="inches">0.0</depth>
			</ground_lichen>
			<litter>
				<percent_cover max="100" min="90" unit="number">45.0</percent_cover>
				<depth max="2.5" min="0.1" unit="inches">1.0</depth>
				<arrangement>1</arrangement>
				<litter_type>
					<short_needle_pine>
						<relative_cover />
					</short_needle_pine>
					<long_needle_pine>
						<relative_cover />
					</long_needle_pine>
					<other_conifer>
						<relative_cover>100.0</relative_cover>
					</other_conifer>
					<broadleaf_deciduous>
						<relative_cover />
					</broadleaf_deciduous>
					<broadleaf_evergreen>
						<relative_cover />
					</broadleaf_evergreen>
					<palm_frond>
						<relative_cover />
					</palm_frond>
					<grass>
						<relative_cover />
					</grass>
				</litter_type>
			</litter>
		</moss_lichen_litter>
		<ground_fuel>
			<duff>
				<upper>
					<depth max="2.5" min="0.1" unit="inches">0.2</depth>
					<percent_cover max="100" min="90" unit="number">21.5</percent_cover>
					<derivation>1</derivation>
				</upper>
				<lower>
					<depth max="4" min="0.2" unit="inches">0.125</depth>
					<percent_cover max="100" min="95" unit="number">21.5</percent_cover>
					<derivation>3</derivation>
				</lower>
			</duff>
			<squirrel_middens>
				<depth unit="inches">0.0</depth>
				<radius unit="feet" />
				<number_per_unit_area unit="number_per_acre">0.0</number_per_unit_area>
			</squirrel_middens>
			<basal_accumulation>
				<depth unit="inches">0.0</depth>
				<radius unit="feet" />
				<number_per_unit_area unit="number_per_acre">0.0</number_per_unit_area>
				<type />
			</basal_accumulation>
		</ground_fuel>
	</fuelbed>
</FCCS_file>
