<?xml version="1.0"?>
<FCCS_file xmlns:xsi="http://www.w3.org/2001/XMLSchema-instance" schemaVersion="1.4" xsi:noNamespaceSchemaLocation="cash.xsd">
	<fuelbed_number>5480_311</fuelbed_number>
	<fuelbed_name>OWO|80+yr</fuelbed_name>
	<fuelbed_description>Oregon white oak forest. Established over 80 years after prescribed fire or wildfire. Occurs in the inland valleys of southeastern Vancouver Island through western Washington, western and central Oregon, and northern California. </fuelbed_description>
	<ecoregion>240,260</ecoregion>
	<vegetation_form>1</vegetation_form>
	<structural_class>1</structural_class>
	<cover_type>140</cover_type>
	<change_agent>18</change_agent>
	<natural_fire_regime>1</natural_fire_regime>
	<condition_class>3</condition_class>
	<user_name>Anne G. Andreu</user_name>
	<address />
	<affiliation />
	<phone />
	<file_owner_email>agandreu@u.washington.edu</file_owner_email>
	<notes>Base fuelbed: FCCS 006. Updated canopy, nonwoody and shrub species composition and cover for central Oregon and changed canopy values and woody loadings according to WO10. AA - edited name and description May 2009.
</notes>
	<date_collected>May 7, 2009</date_collected>
	<fuelbed_confidence />
	<fuelbed>
		<canopy>
			<trees>
				<total_percent_cover max="100" min="50" unit="number">76.5</total_percent_cover>
				<overstory>
					<percent_cover max="95" min="0" unit="number">26.25</percent_cover>
					<height max="60" min="20" unit="feet">44</height>
					<height_to_live_crown max="10" min="0" unit="feet">17.5</height_to_live_crown>
					<stem_density max="100" min="0" unit="number_per_acre">27.0</stem_density>
					<diameter_at_breast_height max="20" min="8" unit="inches">19.580000000000002</diameter_at_breast_height>
					<species>
						<species_description>
							<tsn>19340</tsn>
							<relative_cover>85</relative_cover>
						</species_description>
						<species_description>
							<tsn>183365</tsn>
							<relative_cover>15</relative_cover>
						</species_description>
					</species>
				</overstory>
				<midstory>
					<percent_cover max="60" min="0" unit="number">60.0</percent_cover>
					<height max="50" min="10" unit="feet">35</height>
					<height_to_live_crown max="10" min="0" unit="feet">12.5</height_to_live_crown>
					<stem_density max="350" min="50" unit="number_per_acre">210.0</stem_density>
					<diameter_at_breast_height max="15" min="4" unit="inches">8.25</diameter_at_breast_height>
					<species>
						<species_description>
							<tsn>19340</tsn>
							<relative_cover>60</relative_cover>
						</species_description>
						<species_description>
							<tsn>183365</tsn>
							<relative_cover>40</relative_cover>
						</species_description>
					</species>
				</midstory>
				<understory>
					<percent_cover max="20" min="0" unit="number">12.5</percent_cover>
					<height max="25" min="5" unit="feet">12</height>
					<height_to_live_crown max="10" min="0" unit="feet">3</height_to_live_crown>
					<stem_density max="450" min="100" unit="number_per_acre">87.5</stem_density>
					<diameter_at_breast_height max="6" min="0.5" unit="inches">2</diameter_at_breast_height>
					<species>
						<species_description>
							<tsn>183365</tsn>
							<relative_cover>70</relative_cover>
						</species_description>
						<species_description>
							<tsn>19340</tsn>
							<relative_cover>30</relative_cover>
						</species_description>
					</species>
				</understory>
			</trees>
			<snags>
				<class_1_conifers_with_foliage>
					<percent_cover unit="number" />
					<height_to_crown_base unit="feet" />
					<stem_density unit="number_per_acre" />
					<diameter unit="inches" />
					<height unit="feet" />
					<species />
				</class_1_conifers_with_foliage>
				<class_1_all_others>
					<stem_density max="10" min="0" unit="number_per_acre">7</stem_density>
					<diameter max="20" min="8" unit="inches">13</diameter>
					<height max="60" min="20" unit="feet">40</height>
					<species>
						<species_description>
							<tsn>19340</tsn>
							<relative_cover>75</relative_cover>
						</species_description>
						<species_description>
							<tsn>183365</tsn>
							<relative_cover>25</relative_cover>
						</species_description>
					</species>
				</class_1_all_others>
				<class_2>
					<stem_density unit="number_per_acre" />
					<diameter unit="inches" />
					<height unit="feet" />
					<species />
				</class_2>
				<class_3>
					<stem_density max="5" min="0" unit="number_per_acre">7</stem_density>
					<diameter max="100" min="8" unit="inches">5.8</diameter>
					<height max="90" min="20" unit="feet">6</height>
					<species>
						<species_description>
							<tsn>19340</tsn>
							<relative_cover>100</relative_cover>
						</species_description>
					</species>
				</class_3>
			</snags>
			<ladder_fuels>
				<minimum_height unit="feet" />
				<maximum_height unit="feet" />
				<is_vertically_contiguous />
				<type />
			</ladder_fuels>
		</canopy>
		<shrubs>
			<primary_layer>
				<percent_cover max="80" min="5" unit="number">30.0</percent_cover>
				<height max="4" min="0.5" unit="feet">3</height>
				<loading unit="tons_per_acre" />
				<percent_live max="100" min="80" unit="number">45.0</percent_live>
				<species>
					<species_description>
						<tsn>35332</tsn>
						<relative_cover>20</relative_cover>
					</species_description>
					<species_description>
						<tsn>35498</tsn>
						<relative_cover>10</relative_cover>
					</species_description>
					<species_description>
						<tsn>37048</tsn>
						<relative_cover>25</relative_cover>
					</species_description>
					<species_description>
						<tsn>25290</tsn>
						<relative_cover>45</relative_cover>
					</species_description>
				</species>
			</primary_layer>
			<secondary_layer>
				<percent_cover unit="number">0.0</percent_cover>
				<height unit="feet" />
				<loading unit="tons_per_acre" />
				<percent_live unit="number">0.0</percent_live>
				<species />
			</secondary_layer>
			<needle_drape>
				<is_sufficient_to_affect_fire_behavior>0</is_sufficient_to_affect_fire_behavior>
			</needle_drape>
		</shrubs>
		<herbaceous>
			<primary_layer>
				<percent_cover max="80" min="10" unit="number">7.5</percent_cover>
				<height max="3" min="0.1" unit="feet">1</height>
				<loading max="6" min="0" unit="tons_per_acre">0.07500000000000001</loading>
				<percent_live max="100" min="25" unit="number">56.25</percent_live>
				<species>
					<species_description>
						<tsn>40816</tsn>
						<relative_cover>25</relative_cover>
					</species_description>
					<species_description>
						<tsn>41103</tsn>
						<relative_cover>25</relative_cover>
					</species_description>
					<species_description>
						<tsn>40684</tsn>
						<relative_cover>50</relative_cover>
					</species_description>
				</species>
			</primary_layer>
			<secondary_layer>
				<percent_cover unit="number">0.0</percent_cover>
				<height unit="feet" />
				<loading unit="tons_per_acre">0.0</loading>
				<percent_live unit="number">0.0</percent_live>
				<species />
			</secondary_layer>
		</herbaceous>
		<woody_fuel>
			<all_downed_woody_fuel>
				<total_percent_cover max="30" min="5" unit="number">22.5</total_percent_cover>
				<depth max="2" min="0.5" unit="inches">1.5</depth>
			</all_downed_woody_fuel>
			<sound_wood>
				<all_sound_wood>
					<species>
						<species_description>
							<tsn>183365</tsn>
							<relative_cover>25</relative_cover>
						</species_description>
						<species_description>
							<tsn>19340</tsn>
							<relative_cover>75</relative_cover>
						</species_description>
					</species>
				</all_sound_wood>
				<loadings_zero_to_three_inches>
					<zero_to_quarter_inch max="1" min="0" unit="tons_per_acre">0.44999999999999996</zero_to_quarter_inch>
					<quarter_inch_to_one_inch max="1" min="0" unit="tons_per_acre">1.0499999999999998</quarter_inch_to_one_inch>
					<one_to_three_inches max="1.5" min="0" unit="tons_per_acre">0.9750000000000001</one_to_three_inches>
				</loadings_zero_to_three_inches>
				<loadings_greater_than_three_inches>
					<three_to_nine_inches max="6" min="0" unit="tons_per_acre">0.81</three_to_nine_inches>
					<nine_to_twenty_inches max="6" min="0" unit="tons_per_acre">0.0</nine_to_twenty_inches>
					<greater_than_twenty_inches max="6" min="0" unit="tons_per_acre">0.0</greater_than_twenty_inches>
				</loadings_greater_than_three_inches>
			</sound_wood>
			<rotten_wood>
				<all_rotten_wood>
					<species>
						<species_description>
							<tsn>183424</tsn>
							<relative_cover>25</relative_cover>
						</species_description>
						<species_description>
							<tsn>19340</tsn>
							<relative_cover>75</relative_cover>
						</species_description>
					</species>
				</all_rotten_wood>
				<loadings_greater_than_three_inches>
					<three_to_nine_inches max="6" min="0" unit="tons_per_acre">0.0</three_to_nine_inches>
					<nine_to_twenty_inches max="5" min="0" unit="tons_per_acre">0.0</nine_to_twenty_inches>
					<greater_than_twenty_inches max="6" min="0" unit="tons_per_acre">0.0</greater_than_twenty_inches>
				</loadings_greater_than_three_inches>
			</rotten_wood>
			<stumps>
				<sound>
					<stem_density unit="number_per_acre">79.0</stem_density>
					<diameter unit="inches" />
					<height unit="feet" />
					<species />
				</sound>
				<rotten>
					<stem_density unit="number_per_acre" />
					<diameter unit="inches" />
					<height unit="feet" />
					<species />
				</rotten>
				<lightered_pitchy>
					<stem_density unit="number_per_acre" />
					<diameter unit="inches" />
					<height unit="feet" />
					<species />
				</lightered_pitchy>
			</stumps>
		</woody_fuel>
		<moss_lichen_litter>
			<moss>
				<type />
				<percent_cover unit="number">0.0</percent_cover>
				<depth unit="inches">0.0</depth>
			</moss>
			<ground_lichen>
				<percent_cover unit="number">0.0</percent_cover>
				<depth unit="inches">0.0</depth>
			</ground_lichen>
			<litter>
				<percent_cover max="100" min="50" unit="number">60.0</percent_cover>
				<depth max="1.2" min="0.1" unit="inches">1.875</depth>
				<arrangement>1</arrangement>
				<litter_type>
					<short_needle_pine>
						<relative_cover />
					</short_needle_pine>
					<long_needle_pine>
						<relative_cover>10.0</relative_cover>
					</long_needle_pine>
					<other_conifer>
						<relative_cover />
					</other_conifer>
					<broadleaf_deciduous>
						<relative_cover>90.0</relative_cover>
					</broadleaf_deciduous>
					<broadleaf_evergreen>
						<relative_cover />
					</broadleaf_evergreen>
					<palm_frond>
						<relative_cover />
					</palm_frond>
					<grass>
						<relative_cover />
					</grass>
				</litter_type>
			</litter>
		</moss_lichen_litter>
		<ground_fuel>
			<duff>
				<upper>
					<depth max="1" min="0" unit="inches">0.44999999999999996</depth>
					<percent_cover max="100" min="0" unit="number">52.5</percent_cover>
					<derivation>1</derivation>
				</upper>
				<lower>
					<depth max="6" min="0" unit="inches">0.15000000000000002</depth>
					<percent_cover max="100" min="0" unit="number">52.5</percent_cover>
					<derivation>3</derivation>
				</lower>
			</duff>
			<squirrel_middens>
				<depth unit="inches">0.0</depth>
				<radius unit="feet" />
				<number_per_unit_area unit="number_per_acre">0.0</number_per_unit_area>
			</squirrel_middens>
			<basal_accumulation>
				<depth unit="inches">0.0</depth>
				<radius unit="feet" />
				<number_per_unit_area unit="number_per_acre">0.0</number_per_unit_area>
				<type />
			</basal_accumulation>
		</ground_fuel>
	</fuelbed>
</FCCS_file>
