<?xml version="1.0"?>
<FCCS_file xmlns:xsi="http://www.w3.org/2001/XMLSchema-instance" schemaVersion="1.4" xsi:noNamespaceSchemaLocation="cash.xsd">
	<fuelbed_number>5263_511</fuelbed_number>
	<fuelbed_name>LP (moist)|40-80yr</fuelbed_name>
	<fuelbed_description>Moist lodgepole pine forest. Located at all elevations in the southern Cascades and Sierra Nevada. Established 40 to 80 years ago following clearcut harvest. Past precommercial thin but no recent management.</fuelbed_description>
	<ecoregion>340,330</ecoregion>
	<vegetation_form>2</vegetation_form>
	<structural_class>3</structural_class>
	<cover_type>125</cover_type>
	<change_agent>18</change_agent>
	<natural_fire_regime>4</natural_fire_regime>
	<condition_class>1</condition_class>
	<user_name>Tom Leuschen, Roger ottmar</user_name>
	<address>PO Box 664
Twisp, Washington 98856</address>
	<affiliation>Fire Vision LLC, contract consultant</affiliation>
	<phone>509-997-5052</phone>
	<file_owner_email>tom@firevisionllc.com</file_owner_email>
	<notes>PMS 832, volume III, LP01, LP 03 pg. 16,17 for diameter and height, height to live crown, LP 05 pg 20-21 for fuel loading. AA edited shrub and nonwoody species composition. AA edited name and description May 2009.</notes>
	<date_collected>Feb 23, 2010</date_collected>
	<fuelbed_confidence />
	<fuelbed>
		<canopy>
			<trees>
				<total_percent_cover max="80" min="30" unit="number">63.0</total_percent_cover>
				<overstory>
					<percent_cover max="100" min="10" unit="number">63.0</percent_cover>
					<height max="10" min="1" unit="feet">60</height>
					<height_to_live_crown max="2" min="0" unit="feet">33.0</height_to_live_crown>
					<stem_density max="30500" min="170" unit="number_per_acre">225.0</stem_density>
					<diameter_at_breast_height max="1.3" min="0.3" unit="inches">8</diameter_at_breast_height>
					<species>
						<species_description>
							<tsn>183327</tsn>
							<relative_cover>100.00</relative_cover>
						</species_description>
					</species>
				</overstory>
				<midstory>
					<percent_cover max="-3" min="-3" unit="number">27.0</percent_cover>
					<height max="-3" min="-3" unit="feet">20</height>
					<height_to_live_crown max="-3" min="-3" unit="feet">3.3000000000000003</height_to_live_crown>
					<stem_density max="-3" min="-3" unit="number_per_acre">450.0</stem_density>
					<diameter_at_breast_height max="-3" min="-3" unit="inches">4</diameter_at_breast_height>
					<species>
						<species_description>
							<tsn>183327</tsn>
							<relative_cover>100</relative_cover>
						</species_description>
					</species>
				</midstory>
				<understory>
					<percent_cover max="-3" min="-3" unit="number">30</percent_cover>
					<height max="-3" min="-3" unit="feet">2</height>
					<height_to_live_crown max="-3" min="-3" unit="feet">0</height_to_live_crown>
					<stem_density max="-3" min="-3" unit="number_per_acre">200</stem_density>
					<diameter_at_breast_height max="-3" min="-3" unit="inches">0.5</diameter_at_breast_height>
					<species>
						<species_description>
							<tsn>183327</tsn>
							<relative_cover>100</relative_cover>
						</species_description>
					</species>
				</understory>
			</trees>
			<snags>
				<class_1_conifers_with_foliage>
					<percent_cover unit="number">7.0</percent_cover>
					<height_to_crown_base unit="feet">30</height_to_crown_base>
					<stem_density unit="number_per_acre">75.0</stem_density>
					<diameter unit="inches">5.333333333333333</diameter>
					<height unit="feet">60</height>
					<species>
						<species_description>
							<tsn>183327</tsn>
							<relative_cover>100.00</relative_cover>
						</species_description>
					</species>
				</class_1_conifers_with_foliage>
				<class_1_all_others>
					<stem_density max="-3" min="-3" unit="number_per_acre">100</stem_density>
					<diameter max="-3" min="-3" unit="inches">8</diameter>
					<height max="-3" min="-3" unit="feet">60</height>
					<species>
						<species_description>
							<tsn>183327</tsn>
							<relative_cover>100</relative_cover>
						</species_description>
					</species>
				</class_1_all_others>
				<class_2>
					<stem_density max="400" min="0" unit="number_per_acre">3</stem_density>
					<diameter max="24" min="1.5" unit="inches">8</diameter>
					<height max="100" min="10" unit="feet">33</height>
					<species>
						<species_description>
							<tsn>183327</tsn>
							<relative_cover>100</relative_cover>
						</species_description>
					</species>
				</class_2>
				<class_3>
					<stem_density max="350" min="0" unit="number_per_acre">3</stem_density>
					<diameter max="24" min="1.5" unit="inches">8</diameter>
					<height max="100" min="4" unit="feet">33</height>
					<species>
						<species_description>
							<tsn>183327</tsn>
							<relative_cover>100</relative_cover>
						</species_description>
					</species>
				</class_3>
			</snags>
			<ladder_fuels>
				<minimum_height max="-3" min="-3" unit="feet">0</minimum_height>
				<maximum_height max="-3" min="-3" unit="feet">20</maximum_height>
				<is_vertically_contiguous>1</is_vertically_contiguous>
				<type>7</type>
			</ladder_fuels>
		</canopy>
		<shrubs>
			<primary_layer>
				<percent_cover max="20" min="0" unit="number">1</percent_cover>
				<height max="0.5" min="0.1" reference_id="1358" unit="feet">0.2</height>
				<percent_live max="100" min="80" reference_id="1358" unit="number">99</percent_live>
				<species>
					<species_description>
						<tsn>23467</tsn>
						<relative_cover>20</relative_cover>
					</species_description>
					<species_description>
						<tsn>24486</tsn>
						<relative_cover>40</relative_cover>
					</species_description>
					<species_description>
						<tsn>24496</tsn>
						<relative_cover>40</relative_cover>
					</species_description>
				</species>
			</primary_layer>
			<secondary_layer>
				<percent_cover unit="number" />
				<height unit="feet" />
				<percent_live unit="number" />
				<species />
			</secondary_layer>
			<needle_drape>
				<is_sufficient_to_affect_fire_behavior>0</is_sufficient_to_affect_fire_behavior>
			</needle_drape>
		</shrubs>
		<herbaceous>
			<primary_layer>
				<percent_cover max="30" min="0" reference_id="454" unit="number">2</percent_cover>
				<height max="5" min="0.1" reference_id="1358" unit="feet">0.6</height>
				<loading max="2" min="0" unit="tons_per_acre">0.02</loading>
				<percent_live max="100" min="5" reference_id="1359" unit="number">70</percent_live>
				<species>
					<species_description>
						<tsn>39786</tsn>
						<relative_cover>25</relative_cover>
					</species_description>
					<species_description>
						<tsn>41113</tsn>
						<relative_cover>35</relative_cover>
					</species_description>
					<species_description>
						<tsn>33387</tsn>
						<relative_cover>10</relative_cover>
					</species_description>
					<species_description>
						<tsn>504066</tsn>
						<relative_cover>10</relative_cover>
					</species_description>
					<species_description>
						<tsn>36090</tsn>
						<relative_cover>15</relative_cover>
					</species_description>
					<species_description>
						<tsn>25916</tsn>
						<relative_cover>5</relative_cover>
					</species_description>
				</species>
			</primary_layer>
			<secondary_layer>
				<percent_cover unit="number" />
				<height unit="feet" />
				<loading unit="tons_per_acre" />
				<percent_live unit="number" />
				<species />
			</secondary_layer>
		</herbaceous>
		<woody_fuel>
			<all_downed_woody_fuel>
				<total_percent_cover max="20" min="0" unit="number">80</total_percent_cover>
				<depth max="2" min="0" unit="inches">2</depth>
			</all_downed_woody_fuel>
			<sound_wood>
				<all_sound_wood>
					<species>
						<species_description>
							<tsn>183327</tsn>
							<relative_cover>100.00</relative_cover>
						</species_description>
					</species>
				</all_sound_wood>
				<loadings_zero_to_three_inches>
					<zero_to_quarter_inch max="3" min="0" unit="tons_per_acre">0.1</zero_to_quarter_inch>
					<quarter_inch_to_one_inch max="3" min="0" unit="tons_per_acre">0.6</quarter_inch_to_one_inch>
					<one_to_three_inches max="8" min="0" unit="tons_per_acre">5</one_to_three_inches>
				</loadings_zero_to_three_inches>
				<loadings_greater_than_three_inches>
					<three_to_nine_inches max="14" min="0" unit="tons_per_acre">8</three_to_nine_inches>
					<nine_to_twenty_inches max="20" min="0" unit="tons_per_acre">0.4</nine_to_twenty_inches>
					<greater_than_twenty_inches max="0" min="0" unit="tons_per_acre">0</greater_than_twenty_inches>
				</loadings_greater_than_three_inches>
			</sound_wood>
			<rotten_wood>
				<all_rotten_wood>
					<species>
						<species_description>
							<tsn>183327</tsn>
							<relative_cover>100.00</relative_cover>
						</species_description>
					</species>
				</all_rotten_wood>
				<loadings_greater_than_three_inches>
					<three_to_nine_inches max="14" min="0" unit="tons_per_acre">0.2</three_to_nine_inches>
					<nine_to_twenty_inches max="20" min="0" reference_id="1359" unit="tons_per_acre">0.2</nine_to_twenty_inches>
					<greater_than_twenty_inches max="0" min="0" reference_id="454" unit="tons_per_acre">0</greater_than_twenty_inches>
				</loadings_greater_than_three_inches>
			</rotten_wood>
			<stumps>
				<sound>
					<stem_density unit="number_per_acre" />
					<diameter unit="inches" />
					<height unit="feet" />
					<species />
				</sound>
				<rotten>
					<stem_density unit="number_per_acre" />
					<diameter unit="inches" />
					<height unit="feet" />
					<species />
				</rotten>
				<lightered_pitchy>
					<stem_density unit="number_per_acre" />
					<diameter unit="inches" />
					<height unit="feet" />
					<species />
				</lightered_pitchy>
			</stumps>
			<piles>
				<clean_loading unit="tons_per_acre">0.032159</clean_loading>
				<dirty_loading unit="tons_per_acre">0.000000</dirty_loading>
				<verydirty_loading unit="tons_per_acre">0.000000</verydirty_loading>
				<pileData>
					<header>pileGroupID,pileGroupName,numPiles,pileType,pileShape,W1,L1,H1,W2,L2,H2,soilPercent,packingRatio,handPileSpecies,species1_TSN,species1_percent,species2_TSN,species2_percent,pileQuality,percentConsumed</header>
					<pileGroups>
						<pileGroup>2,,6,1,5,3.00,3.00,2.00,,,,,,2,,,,,,90</pileGroup>
					</pileGroups>
				</pileData>
			</piles>
		</woody_fuel>
		<moss_lichen_litter>
			<moss>
				<type />
				<percent_cover unit="number" />
				<depth unit="inches" />
			</moss>
			<ground_lichen>
				<percent_cover unit="number" />
				<depth unit="inches" />
			</ground_lichen>
			<litter>
				<percent_cover max="100" min="0" unit="number">80</percent_cover>
				<depth max="3" min="0" unit="inches">0.6</depth>
				<arrangement>1</arrangement>
				<litter_type>
					<short_needle_pine>
						<relative_cover>100.0</relative_cover>
					</short_needle_pine>
					<long_needle_pine>
						<relative_cover />
					</long_needle_pine>
					<other_conifer>
						<relative_cover />
					</other_conifer>
					<broadleaf_deciduous>
						<relative_cover />
					</broadleaf_deciduous>
					<broadleaf_evergreen>
						<relative_cover />
					</broadleaf_evergreen>
					<palm_frond>
						<relative_cover />
					</palm_frond>
					<grass>
						<relative_cover />
					</grass>
				</litter_type>
			</litter>
		</moss_lichen_litter>
		<ground_fuel>
			<duff>
				<upper>
					<depth max="3" min="0" unit="inches">0.4</depth>
					<percent_cover max="100" min="0" unit="number">70</percent_cover>
					<derivation>1</derivation>
				</upper>
				<lower>
					<depth max="3" min="0" unit="inches">0.2</depth>
					<percent_cover max="100" min="0" unit="number">70</percent_cover>
					<derivation>3</derivation>
				</lower>
			</duff>
			<squirrel_middens>
				<depth unit="inches" />
				<radius unit="feet" />
				<number_per_unit_area unit="number_per_acre" />
			</squirrel_middens>
			<basal_accumulation>
				<depth unit="inches" />
				<radius unit="feet" />
				<number_per_unit_area unit="number_per_acre" />
				<type />
			</basal_accumulation>
		</ground_fuel>
	</fuelbed>
</FCCS_file>
