<?xml version="1.0"?>
<FCCS_file xmlns:xsi="http://www.w3.org/2001/XMLSchema-instance" schemaVersion="1.4" xsi:noNamespaceSchemaLocation="cash.xsd">
	<fuelbed_number>5436_112</fuelbed_number>
	<fuelbed_name>MH (Sierra)|120+yr|High density</fuelbed_name>
	<fuelbed_description>Mountain hemlock forest. Occurs at high elevations of Cascade Mountains and Sierra Nevada. High-density stand established over 120 years ago following stand-replacement wildfire with no subsequent management.</fuelbed_description>
	<ecoregion>260,340</ecoregion>
	<vegetation_form>2</vegetation_form>
	<structural_class>1</structural_class>
	<cover_type>112</cover_type>
	<change_agent>18</change_agent>
	<natural_fire_regime>4</natural_fire_regime>
	<condition_class>1</condition_class>
	<user_name>Tom Leuschen, Roger Ottmar</user_name>
	<address>PO Box 664
Twisp, Washington 98856</address>
	<affiliation>Fire Vision LLC Contract Consultant</affiliation>
	<phone>509-997-5052</phone>
	<file_owner_email>tom@firevisionllc.com</file_owner_email>
	<notes>Created from LT 050. Used R5-ECOL-TP-003 as a guide for species composiiton. Altered canopy density and size.</notes>
	<date_collected>Nov 12, 2009</date_collected>
	<fuelbed_confidence />
	<fuelbed>
		<canopy>
			<trees>
				<total_percent_cover max="70" min="35" unit="number">67.5</total_percent_cover>
				<overstory>
					<percent_cover max="60" min="25" unit="number">18.0</percent_cover>
					<height max="75" min="40" unit="feet">98</height>
					<height_to_live_crown max="20" min="2" unit="feet">44.0</height_to_live_crown>
					<stem_density max="400" min="36" unit="number_per_acre">27.0</stem_density>
					<diameter_at_breast_height max="15" min="8.5" unit="inches">23</diameter_at_breast_height>
					<species>
						<species_description>
							<tsn>183402</tsn>
							<relative_cover>40</relative_cover>
						</species_description>
						<species_description>
							<tsn>183327</tsn>
							<relative_cover>20</relative_cover>
						</species_description>
						<species_description>
							<tsn>183356</tsn>
							<relative_cover>10</relative_cover>
						</species_description>
						<species_description>
							<tsn>181834</tsn>
							<relative_cover>30</relative_cover>
						</species_description>
					</species>
				</overstory>
				<midstory>
					<percent_cover max="55" min="10" unit="number">54.0</percent_cover>
					<height max="38" min="6" unit="feet">60</height>
					<height_to_live_crown max="5" min="0" unit="feet">11.0</height_to_live_crown>
					<stem_density max="785" min="235" unit="number_per_acre">180.0</stem_density>
					<diameter_at_breast_height max="7" min="1.5" unit="inches">12</diameter_at_breast_height>
					<species>
						<species_description>
							<tsn>183402</tsn>
							<relative_cover>60</relative_cover>
						</species_description>
						<species_description>
							<tsn>181834</tsn>
							<relative_cover>30</relative_cover>
						</species_description>
						<species_description>
							<tsn>183327</tsn>
							<relative_cover>10</relative_cover>
						</species_description>
					</species>
				</midstory>
				<understory>
					<percent_cover max="30" min="15" unit="number">16.0</percent_cover>
					<height max="4" min="0.5" unit="feet">8</height>
					<height_to_live_crown max="1" min="0" reference_id="7000" unit="feet">0</height_to_live_crown>
					<stem_density max="2400" min="300" unit="number_per_acre">160.0</stem_density>
					<diameter_at_breast_height max="1" min="0.1" unit="inches">2</diameter_at_breast_height>
					<species>
						<species_description>
							<tsn>183402</tsn>
							<relative_cover>40</relative_cover>
						</species_description>
						<species_description>
							<tsn>181834</tsn>
							<relative_cover>60</relative_cover>
						</species_description>
					</species>
				</understory>
			</trees>
			<snags>
				<class_1_conifers_with_foliage>
					<percent_cover unit="number"></percent_cover>
					<height_to_crown_base unit="feet"></height_to_crown_base>
					<stem_density unit="number_per_acre"></stem_density>
					<diameter unit="inches"></diameter>
					<height unit="feet"></height>
					<species />
				</class_1_conifers_with_foliage>
				<class_1_all_others>
					<stem_density max="-3" min="-3" unit="number_per_acre"></stem_density>
					<diameter max="-3" min="-3" unit="inches"></diameter>
					<height max="-3" min="-3" unit="feet"></height>
					<species>
						<species_description>
							<tsn>18035</tsn>
							<relative_cover>40</relative_cover>
						</species_description>
						<species_description>
							<tsn>183402</tsn>
							<relative_cover>60</relative_cover>
						</species_description>
					</species>
				</class_1_all_others>
				<class_2>
					<stem_density max="102" min="9" unit="number_per_acre">23.0</stem_density>
					<diameter max="14.8" min="7" unit="inches">13.434782608695652</diameter>
					<height max="72" min="36" unit="feet">98</height>
					<species>
						<species_description>
							<tsn>183402</tsn>
							<relative_cover>30</relative_cover>
						</species_description>
						<species_description>
							<tsn>18035</tsn>
							<relative_cover>70</relative_cover>
						</species_description>
					</species>
				</class_2>
				<class_3>
					<stem_density max="136" min="12" unit="number_per_acre">30</stem_density>
					<diameter max="14" min="6" unit="inches">12</diameter>
					<height max="65" min="30" unit="feet">60</height>
					<species>
						<species_description>
							<tsn>183402</tsn>
							<relative_cover>30</relative_cover>
						</species_description>
						<species_description>
							<tsn>18035</tsn>
							<relative_cover>70</relative_cover>
						</species_description>
					</species>
				</class_3>
			</snags>
			<ladder_fuels>
				<minimum_height max="8" min="0" unit="feet">0</minimum_height>
				<maximum_height max="40" min="0" unit="feet">98</maximum_height>
				<is_vertically_contiguous>1</is_vertically_contiguous>
				<type>2</type>
			</ladder_fuels>
		</canopy>
		<shrubs>
			<primary_layer>
				<percent_cover max="90" min="10" unit="number">6.25</percent_cover>
				<height max="8" min="2" unit="feet">2.5</height>
				<percent_live max="95" min="70" reference_id="7000" unit="number">53.125</percent_live>
				<species>
					<species_description>
						<tsn>24496</tsn>
						<relative_cover>50</relative_cover>
					</species_description>
					<species_description>
						<tsn>24486</tsn>
						<relative_cover>50</relative_cover>
					</species_description>
				</species>
			</primary_layer>
			<secondary_layer>
				<percent_cover unit="number">0.0</percent_cover>
				<height unit="feet">0.0</height>
				<percent_live unit="number">0.0</percent_live>
				<species />
			</secondary_layer>
			<needle_drape>
				<is_sufficient_to_affect_fire_behavior>0</is_sufficient_to_affect_fire_behavior>
			</needle_drape>
		</shrubs>
		<herbaceous>
			<primary_layer>
				<percent_cover max="70" min="10" unit="number">7.0</percent_cover>
				<height max="3" min="1" unit="feet">1.5</height>
				<loading max="0.4" min="0" unit="tons_per_acre">0.06</loading>
				<percent_live max="90" min="40" reference_id="7000" unit="number">70.0</percent_live>
				<species>
					<species_description>
						<tsn>37693</tsn>
						<relative_cover>40</relative_cover>
					</species_description>
					<species_description>
						<tsn>35921</tsn>
						<relative_cover>40</relative_cover>
					</species_description>
					<species_description>
						<tsn>39369</tsn>
						<relative_cover>10</relative_cover>
					</species_description>
					<species_description>
						<tsn>41074</tsn>
						<relative_cover>10</relative_cover>
					</species_description>
				</species>
			</primary_layer>
			<secondary_layer>
				<percent_cover unit="number">0.0</percent_cover>
				<height unit="feet">0.0</height>
				<loading unit="tons_per_acre">0.0</loading>
				<percent_live unit="number">0.0</percent_live>
				<species />
			</secondary_layer>
		</herbaceous>
		<woody_fuel>
			<all_downed_woody_fuel>
				<total_percent_cover max="70" min="30" unit="number">50.0</total_percent_cover>
				<depth max="4" min="1" unit="inches">2.8125</depth>
			</all_downed_woody_fuel>
			<sound_wood>
				<all_sound_wood>
					<species>
						<species_description>
							<tsn>183402</tsn>
							<relative_cover>60</relative_cover>
						</species_description>
						<species_description>
							<tsn>18035</tsn>
							<relative_cover>40</relative_cover>
						</species_description>
					</species>
				</all_sound_wood>
				<loadings_zero_to_three_inches>
					<zero_to_quarter_inch max="0.9" min="0.1" unit="tons_per_acre">0.3125</zero_to_quarter_inch>
					<quarter_inch_to_one_inch max="2" min="0.4" unit="tons_per_acre">0.75</quarter_inch_to_one_inch>
					<one_to_three_inches max="3.9" min="1.5" unit="tons_per_acre">0.8125</one_to_three_inches>
				</loadings_zero_to_three_inches>
				<loadings_greater_than_three_inches>
					<three_to_nine_inches max="29.6" min="3.7" unit="tons_per_acre">7.425000000000001</three_to_nine_inches>
					<nine_to_twenty_inches max="34.1" min="0" unit="tons_per_acre">6.75</nine_to_twenty_inches>
					<greater_than_twenty_inches max="4.6" min="0" unit="tons_per_acre">0.675</greater_than_twenty_inches>
				</loadings_greater_than_three_inches>
			</sound_wood>
			<rotten_wood>
				<all_rotten_wood>
					<species>
						<species_description>
							<tsn>183402</tsn>
							<relative_cover>60</relative_cover>
						</species_description>
						<species_description>
							<tsn>18035</tsn>
							<relative_cover>40</relative_cover>
						</species_description>
					</species>
				</all_rotten_wood>
				<loadings_greater_than_three_inches>
					<three_to_nine_inches max="21" min="2" unit="tons_per_acre">8.775</three_to_nine_inches>
					<nine_to_twenty_inches max="19.5" min="2.3" unit="tons_per_acre">9.45</nine_to_twenty_inches>
					<greater_than_twenty_inches max="7.5" min="0" unit="tons_per_acre">2.025</greater_than_twenty_inches>
				</loadings_greater_than_three_inches>
			</rotten_wood>
			<stumps>
				<sound>
					<stem_density max="15" min="0" unit="number_per_acre">5</stem_density>
					<diameter max="20" min="7" unit="inches">11</diameter>
					<height max="4.5" min="1" reference_id="7000" unit="feet">3</height>
					<species>
						<species_description>
							<tsn>183402</tsn>
							<relative_cover>60</relative_cover>
						</species_description>
						<species_description>
							<tsn>18035</tsn>
							<relative_cover>40</relative_cover>
						</species_description>
					</species>
				</sound>
				<rotten>
					<stem_density max="20" min="0" unit="number_per_acre">4.5</stem_density>
					<diameter max="20" min="7" unit="inches">9.9</diameter>
					<height max="4.5" min="1" reference_id="7000" unit="feet">2.7</height>
					<species>
						<species_description>
							<tsn>183402</tsn>
							<relative_cover>60</relative_cover>
						</species_description>
						<species_description>
							<tsn>18035</tsn>
							<relative_cover>40</relative_cover>
						</species_description>
					</species>
				</rotten>
				<lightered_pitchy>
					<stem_density unit="number_per_acre">0.0</stem_density>
					<diameter unit="inches">0.0</diameter>
					<height unit="feet">0.0</height>
					<species />
				</lightered_pitchy>
			</stumps>
			<piles>
				<clean_loading unit="tons_per_acre">0.09729974999999999</clean_loading>
				<dirty_loading unit="tons_per_acre">0.0</dirty_loading>
				<verydirty_loading unit="tons_per_acre">0.0</verydirty_loading>
				<pileData>
					<header>pileGroupID,pileGroupName,numPiles,pileType,pileShape,W1,L1,H1,W2,L2,H2,soilPercent,packingRatio,handPileSpecies,species1_TSN,species1_percent,species2_TSN,species2_percent,pileQuality,percentConsumed</header>
					<pileGroups>
						<pileGroup>2,,4,1,5,3.00,8.00,3.00,,,,,,2,,,,,,90</pileGroup>
					</pileGroups>
				</pileData>
			</piles>
		</woody_fuel>
		<moss_lichen_litter>
			<moss>
				<type>2</type>
				<percent_cover max="5" min="0" reference_id="7000" unit="number">0.75</percent_cover>
				<depth max="1" min="0.2" reference_id="7000" unit="inches">0.375</depth>
			</moss>
			<ground_lichen>
				<percent_cover unit="number">0.0</percent_cover>
				<depth unit="inches">0.0</depth>
			</ground_lichen>
			<litter>
				<percent_cover max="95" min="25" unit="number">99.975</percent_cover>
				<depth max="1.5" min="0.1" unit="inches">0.9997499999999999</depth>
				<arrangement>1</arrangement>
				<litter_type>
					<short_needle_pine>
						<relative_cover>40.0</relative_cover>
					</short_needle_pine>
					<long_needle_pine>
						<relative_cover />
					</long_needle_pine>
					<other_conifer>
						<relative_cover>60.0</relative_cover>
					</other_conifer>
					<broadleaf_deciduous>
						<relative_cover />
					</broadleaf_deciduous>
					<broadleaf_evergreen>
						<relative_cover />
					</broadleaf_evergreen>
					<palm_frond>
						<relative_cover />
					</palm_frond>
					<grass>
						<relative_cover />
					</grass>
				</litter_type>
			</litter>
		</moss_lichen_litter>
		<ground_fuel>
			<duff>
				<upper>
					<depth max="1" min="0.3" unit="inches">0.75</depth>
					<percent_cover max="99" min="80" unit="number">75.0</percent_cover>
					<derivation>1</derivation>
				</upper>
				<lower>
					<depth max="1" min="0.3" unit="inches">0.75</depth>
					<percent_cover max="99" min="80" unit="number">75.0</percent_cover>
					<derivation>3</derivation>
				</lower>
			</duff>
			<squirrel_middens>
				<depth unit="inches">0.0</depth>
				<radius unit="feet">0.0</radius>
				<number_per_unit_area unit="number_per_acre">0.0</number_per_unit_area>
			</squirrel_middens>
			<basal_accumulation>
				<depth unit="inches">0.0</depth>
				<radius unit="feet">0.0</radius>
				<number_per_unit_area unit="number_per_acre">0.0</number_per_unit_area>
				<type />
			</basal_accumulation>
		</ground_fuel>
	</fuelbed>
</FCCS_file>
