<?xml version="1.0"?>
<FCCS_file xmlns:xsi="http://www.w3.org/2001/XMLSchema-instance" schemaVersion="1.4" xsi:schemaLocation="conf\\us.fed.fs.fera.fccs.xsd">
	<fuelbed_number>5124_313</fuelbed_number>
	<fuelbed_name>PP DF|40-80yr|PCT-Rx</fuelbed_name>
	<fuelbed_description>Ponderosa pine and Douglas-fir forest. Established 40 to 80 years ago following wildfire and salvage logging. Recent thinning and prescribed fire to reduce woody fuels, along with insect damage, have resulted in an open canopy. </fuelbed_description>
	<ecoregion>340,330</ecoregion>
	<vegetation_form>2</vegetation_form>
	<structural_class>4</structural_class>
	<cover_type>118,120,144</cover_type>
	<change_agent>8,14</change_agent>
	<natural_fire_regime>1</natural_fire_regime>
	<condition_class>2</condition_class>
	<user_name>Tom Leuschen</user_name>
	<address>PO Box 664
Twisp, Washington 98856</address>
	<affiliation>Fire Vision LLC contract consultant</affiliation>
	<phone>509-997-5052</phone>
	<file_owner_email>tom@firevisionllc.com</file_owner_email>
	<notes>This fuelbed created from ow173. AA - changed shrub and nonwoody species composition based on PSME dry series in Simpson, 2007. Forested Plant Associations of the Oregon East Cascades. AA - edited name and description May 2009.</notes>
	<date_collected>Sep 16, 2011</date_collected>
	<fuelbed_confidence />
	<fuelbed>
		<canopy>
			<trees>
				<total_percent_cover max="70" min="30" unit="number">46.75</total_percent_cover>
				<overstory>
					<percent_cover max="50" min="0" unit="number">41.25</percent_cover>
					<height max="125" min="30" unit="feet">65</height>
					<height_to_live_crown max="40" min="0" unit="feet">12.5</height_to_live_crown>
					<stem_density max="1000" min="0" unit="number_per_acre">150.0</stem_density>
					<diameter_at_breast_height max="32" min="12" unit="inches">13.200000000000001</diameter_at_breast_height>
					<species>
						<species_description>
							<tsn>183365</tsn>
							<relative_cover>30</relative_cover>
						</species_description>
						<species_description>
							<tsn>183417</tsn>
							<relative_cover>40</relative_cover>
						</species_description>
						<species_description>
							<tsn>183424</tsn>
							<relative_cover>30</relative_cover>
						</species_description>
					</species>
				</overstory>
				<midstory>
					<percent_cover max="60" min="0" unit="number">7.5</percent_cover>
					<height max="80" min="3" unit="feet">45</height>
					<height_to_live_crown max="45" min="0" unit="feet">12.5</height_to_live_crown>
					<stem_density max="250" min="0" unit="number_per_acre">75.0</stem_density>
					<diameter_at_breast_height max="21" min="6" unit="inches">8.8</diameter_at_breast_height>
					<species>
						<species_description>
							<tsn>183365</tsn>
							<relative_cover>60</relative_cover>
						</species_description>
						<species_description>
							<tsn>183417</tsn>
							<relative_cover>20</relative_cover>
						</species_description>
						<species_description>
							<tsn>183424</tsn>
							<relative_cover>20</relative_cover>
						</species_description>
					</species>
				</midstory>
				<understory>
					<percent_cover max="70" min="0" unit="number">1.25</percent_cover>
					<height max="25" min="0.1" unit="feet">3</height>
					<height_to_live_crown max="10" min="0" unit="feet">0.5</height_to_live_crown>
					<stem_density max="150" min="10" unit="number_per_acre">17.5</stem_density>
					<diameter_at_breast_height max="6" min="0.1" unit="inches">1</diameter_at_breast_height>
					<species>
						<species_description>
							<tsn>183365</tsn>
							<relative_cover>20</relative_cover>
						</species_description>
						<species_description>
							<tsn>183424</tsn>
							<relative_cover>60</relative_cover>
						</species_description>
						<species_description>
							<tsn>183417</tsn>
							<relative_cover>20</relative_cover>
						</species_description>
					</species>
				</understory>
			</trees>
			<snags>
				<class_1_conifers_with_foliage>
					<percent_cover max="95" min="0" unit="number">1.09838</percent_cover>
					<height_to_crown_base max="95" min="0" unit="feet">63.365</height_to_crown_base>
					<stem_density max="10" min="0" unit="number_per_acre">3</stem_density>
					<diameter max="70" min="6" unit="inches">20</diameter>
					<height max="120" min="10" unit="feet">95</height>
					<species>
						<species_description>
							<tsn>183365</tsn>
							<relative_cover>60</relative_cover>
						</species_description>
						<species_description>
							<tsn>183424</tsn>
							<relative_cover>40</relative_cover>
						</species_description>
					</species>
				</class_1_conifers_with_foliage>
				<class_1_all_others>
					<stem_density max="10" min="0" unit="number_per_acre">1</stem_density>
					<diameter max="20" min="6" unit="inches">20</diameter>
					<height max="100" min="10" unit="feet">95</height>
					<species>
						<species_description>
							<tsn>183365</tsn>
							<relative_cover>60</relative_cover>
						</species_description>
						<species_description>
							<tsn>183424</tsn>
							<relative_cover>40</relative_cover>
						</species_description>
					</species>
				</class_1_all_others>
				<class_2>
					<stem_density unit="number_per_acre" />
					<diameter unit="inches" />
					<height unit="feet" />
					<species />
				</class_2>
				<class_3>
					<stem_density unit="number_per_acre" />
					<diameter unit="inches" />
					<height unit="feet" />
					<species />
				</class_3>
			</snags>
			<ladder_fuels>
				<minimum_height max="6" min="0" unit="feet">0.5</minimum_height>
				<maximum_height max="25" min="2" unit="feet">3</maximum_height>
				<is_vertically_contiguous>0</is_vertically_contiguous>
				<type>7</type>
			</ladder_fuels>
		</canopy>
		<shrubs>
			<primary_layer>
				<percent_cover max="50" min="0" unit="number">5.0015624999999995</percent_cover>
				<height max="10" min="0.1" unit="feet">1</height>
				<percent_live max="100" min="20" unit="number">80.0</percent_live>
				<species>
					<species_description>
						<tsn>25109</tsn>
						<relative_cover>40</relative_cover>
					</species_description>
					<species_description>
						<tsn>25290</tsn>
						<relative_cover>60</relative_cover>
					</species_description>
				</species>
			</primary_layer>
			<secondary_layer>
				<percent_cover unit="number">0.0</percent_cover>
				<height unit="feet" />
				<percent_live unit="number">0.0</percent_live>
				<species />
			</secondary_layer>
			<needle_drape>
				<is_sufficient_to_affect_fire_behavior>0</is_sufficient_to_affect_fire_behavior>
			</needle_drape>
		</shrubs>
		<herbaceous>
			<primary_layer>
				<percent_cover max="100" min="0" unit="number">70.00875</percent_cover>
				<height max="2" min="0.1" unit="feet">1</height>
				<loading max="4" min="0.1" unit="tons_per_acre">0.7000874999999999</loading>
				<percent_live max="100" min="50" unit="number">59.985</percent_live>
				<species>
					<species_description>
						<tsn>502264</tsn>
						<relative_cover>15</relative_cover>
					</species_description>
					<species_description>
						<tsn>40816</tsn>
						<relative_cover>50</relative_cover>
					</species_description>
					<species_description>
						<tsn>36818</tsn>
						<relative_cover>35</relative_cover>
					</species_description>
				</species>
			</primary_layer>
			<secondary_layer>
				<percent_cover unit="number">0.0</percent_cover>
				<height unit="feet" />
				<loading unit="tons_per_acre">0.0</loading>
				<percent_live unit="number">0.0</percent_live>
				<species />
			</secondary_layer>
		</herbaceous>
		<woody_fuel>
			<all_downed_woody_fuel>
				<total_percent_cover max="70" min="0" unit="number">9.9975</total_percent_cover>
				<depth max="5" min="0" unit="inches">0.29992499999999994</depth>
			</all_downed_woody_fuel>
			<sound_wood>
				<all_sound_wood>
					<species>
						<species_description>
							<tsn>183417</tsn>
							<relative_cover>20</relative_cover>
						</species_description>
						<species_description>
							<tsn>183365</tsn>
							<relative_cover>60</relative_cover>
						</species_description>
						<species_description>
							<tsn>183424</tsn>
							<relative_cover>20</relative_cover>
						</species_description>
					</species>
				</all_sound_wood>
				<loadings_zero_to_three_inches>
					<zero_to_quarter_inch max="1" min="0" unit="tons_per_acre">0.09997500000000001</zero_to_quarter_inch>
					<quarter_inch_to_one_inch max="4" min="0" unit="tons_per_acre">0.39990000000000003</quarter_inch_to_one_inch>
					<one_to_three_inches max="6" min="0" unit="tons_per_acre">0.09997500000000001</one_to_three_inches>
				</loadings_zero_to_three_inches>
				<loadings_greater_than_three_inches>
					<three_to_nine_inches max="10" min="0" unit="tons_per_acre">0.10125</three_to_nine_inches>
					<nine_to_twenty_inches max="25" min="0" unit="tons_per_acre">0.0675</nine_to_twenty_inches>
					<greater_than_twenty_inches max="6" min="0" unit="tons_per_acre">0.0</greater_than_twenty_inches>
				</loadings_greater_than_three_inches>
			</sound_wood>
			<rotten_wood>
				<all_rotten_wood>
					<species>
						<species_description>
							<tsn>183417</tsn>
							<relative_cover>20</relative_cover>
						</species_description>
						<species_description>
							<tsn>183365</tsn>
							<relative_cover>60</relative_cover>
						</species_description>
						<species_description>
							<tsn>183424</tsn>
							<relative_cover>20</relative_cover>
						</species_description>
					</species>
				</all_rotten_wood>
				<loadings_greater_than_three_inches>
					<three_to_nine_inches max="2" min="0" unit="tons_per_acre">0.25875000000000004</three_to_nine_inches>
					<nine_to_twenty_inches max="3" min="0" unit="tons_per_acre">0.11250000000000002</nine_to_twenty_inches>
					<greater_than_twenty_inches max="5" min="0" unit="tons_per_acre">0.0</greater_than_twenty_inches>
				</loadings_greater_than_three_inches>
			</rotten_wood>
			<stumps>
				<sound>
					<stem_density max="250" min="0" unit="number_per_acre"></stem_density>
					<diameter max="20" min="0" unit="inches"></diameter>
					<height max="1" min="0.5" unit="feet"></height>
					<species />
				</sound>
				<rotten>
					<stem_density max="120" min="0" unit="number_per_acre">240.0</stem_density>
					<diameter max="20" min="6" unit="inches">14</diameter>
					<height max="3" min="1" unit="feet">1</height>
					<species>
						<species_description>
							<tsn>183424</tsn>
							<relative_cover>100</relative_cover>
						</species_description>
					</species>
				</rotten>
				<lightered_pitchy>
					<stem_density unit="number_per_acre" />
					<diameter unit="inches" />
					<height unit="feet" />
					<species />
				</lightered_pitchy>
			</stumps>
		</woody_fuel>
		<moss_lichen_litter>
			<moss>
				<type />
				<percent_cover unit="number">0.0</percent_cover>
				<depth unit="inches">0.0</depth>
			</moss>
			<ground_lichen>
				<percent_cover unit="number">0.0</percent_cover>
				<depth unit="inches">0.0</depth>
			</ground_lichen>
			<litter>
				<percent_cover max="100" min="20" unit="number">59.985</percent_cover>
				<depth max="3" min="0.1" unit="inches">0.24993749999999998</depth>
				<arrangement>3</arrangement>
				<litter_type>
					<short_needle_pine>
						<relative_cover />
					</short_needle_pine>
					<long_needle_pine>
						<relative_cover>70.0</relative_cover>
					</long_needle_pine>
					<other_conifer>
						<relative_cover>10.0</relative_cover>
					</other_conifer>
					<broadleaf_deciduous>
						<relative_cover />
					</broadleaf_deciduous>
					<broadleaf_evergreen>
						<relative_cover />
					</broadleaf_evergreen>
					<palm_frond>
						<relative_cover />
					</palm_frond>
					<grass>
						<relative_cover>20.0</relative_cover>
					</grass>
				</litter_type>
			</litter>
		</moss_lichen_litter>
		<ground_fuel>
			<duff>
				<upper>
					<depth max="2" min="0" unit="inches">0.15000000000000002</depth>
					<percent_cover max="80" min="40" unit="number">45.0</percent_cover>
					<derivation>1</derivation>
				</upper>
				<lower>
					<depth max="2" min="0" unit="inches">0.15000000000000002</depth>
					<percent_cover max="80" min="40" unit="number">45.0</percent_cover>
					<derivation>3</derivation>
				</lower>
			</duff>
			<squirrel_middens>
				<depth unit="inches">0.0</depth>
				<radius unit="feet" />
				<number_per_unit_area unit="number_per_acre">0.0</number_per_unit_area>
			</squirrel_middens>
			<basal_accumulation>
				<depth max="-3" min="-3" unit="inches">0.15000000000000002</depth>
				<radius max="-3" min="-3" unit="feet">3</radius>
				<number_per_unit_area unit="number_per_acre">45.0</number_per_unit_area>
				<type>2</type>
			</basal_accumulation>
		</ground_fuel>
	</fuelbed>
</FCCS_file>
