<?xml version="1.0"?>
<FCCS_file xmlns:xsi="http://www.w3.org/2001/XMLSchema-instance" schemaVersion="1.4" xsi:noNamespaceSchemaLocation="cash.xsd">
	<fuelbed_number>5429_121</fuelbed_number>
	<fuelbed_name>MH LP|90-150yr|I&amp;D</fuelbed_name>
	<fuelbed_description>Mountain hemlock and lodgepole pine forest. Occurs at high elevations in montane and subalpine zones. Established 90 to 150 years ago following wildfire. Lodgepole pine was the early seral species but has been impacted by insects and disease and contributes to snags and downed wood.</fuelbed_description>
	<ecoregion>240,340,330</ecoregion>
	<vegetation_form>2</vegetation_form>
	<structural_class>1</structural_class>
	<cover_type>112</cover_type>
	<change_agent>8</change_agent>
	<natural_fire_regime>5</natural_fire_regime>
	<condition_class>1</condition_class>
	<user_name>Tom Leuschen, Roger Ottmar</user_name>
	<address>PWFSL-Seattle</address>
	<affiliation>PNW Research Station</affiliation>
	<phone>509-997-5052</phone>
	<file_owner_email>tom@firevisionllc.com</file_owner_email>
	<notes>Used OW_069 and adjusted species. AA - edited name and description and changed woody fuels species composition May 2009.</notes>
	<date_collected>May 8, 2009</date_collected>
	<fuelbed_confidence />
	<fuelbed>
		<canopy>
			<trees>
				<total_percent_cover max="100" min="50" unit="number">54.0</total_percent_cover>
				<overstory>
					<percent_cover max="80" min="30" unit="number">42.0</percent_cover>
					<height max="180" min="110" unit="feet">90</height>
					<height_to_live_crown max="105" min="50" unit="feet">36.0</height_to_live_crown>
					<stem_density max="45" min="25" unit="number_per_acre">45.0</stem_density>
					<diameter_at_breast_height max="55" min="20" unit="inches">19</diameter_at_breast_height>
					<species>
						<species_description>
							<tsn>183327</tsn>
							<relative_cover>20</relative_cover>
						</species_description>
						<species_description>
							<tsn>183402</tsn>
							<relative_cover>80</relative_cover>
						</species_description>
					</species>
				</overstory>
				<midstory>
					<percent_cover max="75" min="15" unit="number">24.0</percent_cover>
					<height max="140" min="80" unit="feet">70</height>
					<height_to_live_crown max="90" min="20" unit="feet">12.0</height_to_live_crown>
					<stem_density max="230" min="50" unit="number_per_acre">90.0</stem_density>
					<diameter_at_breast_height max="22" min="10" unit="inches">12</diameter_at_breast_height>
					<species>
						<species_description>
							<tsn>183327</tsn>
							<relative_cover>20</relative_cover>
						</species_description>
						<species_description>
							<tsn>183402</tsn>
							<relative_cover>80</relative_cover>
						</species_description>
					</species>
				</midstory>
				<understory>
					<percent_cover max="60" min="5" unit="number">4.0</percent_cover>
					<height max="60" min="5" unit="feet">20</height>
					<height_to_live_crown max="30" min="1" unit="feet">0.0</height_to_live_crown>
					<stem_density max="175" min="15" unit="number_per_acre">28.0</stem_density>
					<diameter_at_breast_height max="10" min="0.5" unit="inches">3</diameter_at_breast_height>
					<species>
						<species_description>
							<tsn>183402</tsn>
							<relative_cover>100</relative_cover>
						</species_description>
					</species>
				</understory>
			</trees>
			<snags>
				<class_1_conifers_with_foliage>
					<percent_cover unit="number">36.0</percent_cover>
					<height_to_crown_base unit="feet">30</height_to_crown_base>
					<stem_density unit="number_per_acre">90.0</stem_density>
					<diameter unit="inches">14.333333333333334</diameter>
					<height unit="feet">90</height>
					<species>
						<species_description>
							<tsn>183327</tsn>
							<relative_cover>20</relative_cover>
						</species_description>
						<species_description>
							<tsn>183402</tsn>
							<relative_cover>80</relative_cover>
						</species_description>
					</species>
				</class_1_conifers_with_foliage>
				<class_1_all_others>
					<stem_density max="-3" min="-3" unit="number_per_acre">10</stem_density>
					<diameter max="-3" min="-3" unit="inches">10</diameter>
					<height max="-3" min="-3" unit="feet">40</height>
					<species>
						<species_description>
							<tsn>183402</tsn>
							<relative_cover>100</relative_cover>
						</species_description>
					</species>
				</class_1_all_others>
				<class_2>
					<stem_density max="10" min="0" unit="number_per_acre">6</stem_density>
					<diameter max="40" min="8" unit="inches">16</diameter>
					<height max="120" min="50" unit="feet">70</height>
					<species>
						<species_description>
							<tsn>183402</tsn>
							<relative_cover>100.00</relative_cover>
						</species_description>
					</species>
				</class_2>
				<class_3>
					<stem_density max="10" min="0" unit="number_per_acre">2</stem_density>
					<diameter max="40" min="8" unit="inches">15</diameter>
					<height max="80" min="10" unit="feet">10</height>
					<species>
						<species_description>
							<tsn>183402</tsn>
							<relative_cover>100</relative_cover>
						</species_description>
					</species>
				</class_3>
			</snags>
			<ladder_fuels>
				<minimum_height max="30" min="1" unit="feet">0</minimum_height>
				<maximum_height max="60" min="10" unit="feet">90</maximum_height>
				<is_vertically_contiguous>1</is_vertically_contiguous>
				<type>7</type>
			</ladder_fuels>
		</canopy>
		<shrubs>
			<primary_layer>
				<percent_cover max="70" min="10" unit="number">1.5</percent_cover>
				<height max="16" min="0.9" unit="feet">0.25</height>
				<percent_live max="100" min="80" reference_id="1358" unit="number">22.5</percent_live>
				<species>
					<species_description>
						<tsn>23613</tsn>
						<relative_cover>60</relative_cover>
					</species_description>
					<species_description>
						<tsn>23503</tsn>
						<relative_cover>40</relative_cover>
					</species_description>
				</species>
			</primary_layer>
			<secondary_layer>
				<percent_cover unit="number">0.0</percent_cover>
				<height unit="feet">0.0</height>
				<percent_live unit="number">0.0</percent_live>
				<species />
			</secondary_layer>
			<needle_drape>
				<is_sufficient_to_affect_fire_behavior>1</is_sufficient_to_affect_fire_behavior>
			</needle_drape>
		</shrubs>
		<herbaceous>
			<primary_layer>
				<percent_cover max="50" min="1" unit="number">3.75</percent_cover>
				<height max="3.3" min="0.4" unit="feet">0.125</height>
				<loading max="3" min="0" unit="tons_per_acre">0.025</loading>
				<percent_live max="80" min="20" unit="number">20.0</percent_live>
				<species>
					<species_description>
						<tsn>525109</tsn>
						<relative_cover>30</relative_cover>
					</species_description>
					<species_description>
						<tsn>39369</tsn>
						<relative_cover>70</relative_cover>
					</species_description>
				</species>
			</primary_layer>
			<secondary_layer>
				<percent_cover unit="number">0.0</percent_cover>
				<height unit="feet">0.0</height>
				<loading unit="tons_per_acre">0.0</loading>
				<percent_live unit="number">0.0</percent_live>
				<species />
			</secondary_layer>
		</herbaceous>
		<woody_fuel>
			<all_downed_woody_fuel>
				<total_percent_cover max="99" min="25" unit="number">22.5</total_percent_cover>
				<depth max="8" min="0.1" unit="inches">0.9</depth>
			</all_downed_woody_fuel>
			<sound_wood>
				<all_sound_wood>
					<species>
						<species_description>
							<tsn>183327</tsn>
							<relative_cover>90</relative_cover>
						</species_description>
						<species_description>
							<tsn>183402</tsn>
							<relative_cover>10</relative_cover>
						</species_description>
					</species>
				</all_sound_wood>
				<loadings_zero_to_three_inches>
					<zero_to_quarter_inch max="2" min="0.1" unit="tons_per_acre">0.25</zero_to_quarter_inch>
					<quarter_inch_to_one_inch max="4" min="0.3" unit="tons_per_acre">0.25</quarter_inch_to_one_inch>
					<one_to_three_inches max="6" min="1" unit="tons_per_acre">0.875</one_to_three_inches>
				</loadings_zero_to_three_inches>
				<loadings_greater_than_three_inches>
					<three_to_nine_inches max="12" min="0.5" unit="tons_per_acre">6.3374999999999995</three_to_nine_inches>
					<nine_to_twenty_inches max="25" min="0.5" unit="tons_per_acre">3.315</nine_to_twenty_inches>
					<greater_than_twenty_inches max="5" min="0" unit="tons_per_acre">2.8425000000000002</greater_than_twenty_inches>
				</loadings_greater_than_three_inches>
			</sound_wood>
			<rotten_wood>
				<all_rotten_wood>
					<species>
						<species_description>
							<tsn>183327</tsn>
							<relative_cover>20</relative_cover>
						</species_description>
						<species_description>
							<tsn>183402</tsn>
							<relative_cover>80</relative_cover>
						</species_description>
					</species>
				</all_rotten_wood>
				<loadings_greater_than_three_inches>
					<three_to_nine_inches max="10" min="0.5" unit="tons_per_acre">1.6875</three_to_nine_inches>
					<nine_to_twenty_inches max="12" min="0.5" unit="tons_per_acre">3.0</nine_to_twenty_inches>
					<greater_than_twenty_inches max="5" min="0" unit="tons_per_acre">5.25</greater_than_twenty_inches>
				</loadings_greater_than_three_inches>
			</rotten_wood>
			<stumps>
				<sound>
					<stem_density unit="number_per_acre" />
					<diameter unit="inches" />
					<height unit="feet" />
					<species />
				</sound>
				<rotten>
					<stem_density unit="number_per_acre">0.0</stem_density>
					<diameter unit="inches">0.0</diameter>
					<height unit="feet">0.0</height>
					<species />
				</rotten>
				<lightered_pitchy>
					<stem_density unit="number_per_acre">0.0</stem_density>
					<diameter unit="inches">0.0</diameter>
					<height unit="feet">0.0</height>
					<species />
				</lightered_pitchy>
			</stumps>
		</woody_fuel>
		<moss_lichen_litter>
			<moss>
				<type>2</type>
				<percent_cover max="-3" min="-3" unit="number">7.5</percent_cover>
				<depth max="-3" min="-3" unit="inches">0.175</depth>
			</moss>
			<ground_lichen>
				<percent_cover unit="number">0.0</percent_cover>
				<depth unit="inches">0.0</depth>
			</ground_lichen>
			<litter>
				<percent_cover max="100" min="70" unit="number">25.0</percent_cover>
				<depth max="3" min="1" unit="inches">0.5</depth>
				<arrangement>1</arrangement>
				<litter_type>
					<short_needle_pine>
						<relative_cover />
					</short_needle_pine>
					<long_needle_pine>
						<relative_cover />
					</long_needle_pine>
					<other_conifer>
						<relative_cover>80.00</relative_cover>
					</other_conifer>
					<broadleaf_deciduous>
						<relative_cover />
					</broadleaf_deciduous>
					<broadleaf_evergreen>
						<relative_cover />
					</broadleaf_evergreen>
					<palm_frond>
						<relative_cover />
					</palm_frond>
					<grass>
						<relative_cover>20.0</relative_cover>
					</grass>
				</litter_type>
			</litter>
		</moss_lichen_litter>
		<ground_fuel>
			<duff>
				<upper>
					<depth max="4" min="0" unit="inches">0.375</depth>
					<percent_cover max="100" min="69" unit="number">25.0</percent_cover>
					<derivation>1</derivation>
				</upper>
				<lower>
					<depth max="4" min="0" unit="inches">0.25</depth>
					<percent_cover max="100" min="69" unit="number">25.0</percent_cover>
					<derivation>3</derivation>
				</lower>
			</duff>
			<squirrel_middens>
				<depth unit="inches">0.0</depth>
				<radius unit="feet">0.0</radius>
				<number_per_unit_area unit="number_per_acre">0.0</number_per_unit_area>
			</squirrel_middens>
			<basal_accumulation>
				<depth max="10" min="0.5" unit="inches">0.75</depth>
				<radius max="2.16" min="1.5" unit="feet">0.375</radius>
				<number_per_unit_area unit="number_per_acre">6.5625</number_per_unit_area>
				<type>2</type>
			</basal_accumulation>
		</ground_fuel>
	</fuelbed>
</FCCS_file>
