<?xml version="1.0"?>
<FCCS_file xmlns:xsi="http://www.w3.org/2001/XMLSchema-instance" schemaVersion="1.4" xsi:noNamespaceSchemaLocation="cash.xsd">
	<fuelbed_number>5305_231</fuelbed_number>
	<fuelbed_name>WL DF LP|40-80yr|High density</fuelbed_name>
	<fuelbed_description>Dry western larch, Douglas-fir, and lodgepole pine forest. Occurs at mid to high elevations in the eastern Cascade Range. Established after wildfire 40 to 80 years ago with no subsequent management. Forest has developed into a dense dog hair thicket with tight pole spacing and leaning snags on branches. The shaded understory is dominated by low brush and herbs. Grass and needle litter are diminishing.</fuelbed_description>
	<ecoregion>340,330</ecoregion>
	<vegetation_form>2</vegetation_form>
	<structural_class>3</structural_class>
	<cover_type>118,120,125,144</cover_type>
	<change_agent>18</change_agent>
	<natural_fire_regime>1</natural_fire_regime>
	<condition_class>3</condition_class>
	<user_name>Tom leuschen, Roger Ottmar</user_name>
	<address />
	<affiliation>USFS</affiliation>
	<phone />
	<file_owner_email>rharrod@fs.fed.us</file_owner_email>
	<notes>Used PNW-105 pg 119 to create a base stand of lodgepole  larch, adding in the influence of doug-fir. Used stand data from stands adjacent to Danny 14 on Tonasket RD that reflected 40-80yrs thinned.Edited by Susan Prichard and Ellen Eberhardt, February 2009.</notes>
	<date_collected>Jun 7, 2010</date_collected>
	<fuelbed_confidence />
	<fuelbed>
		<canopy>
			<trees>
				<total_percent_cover max="75" min="10" unit="number">26.400000000000002</total_percent_cover>
				<overstory>
					<percent_cover max="60" min="0" unit="number">2.5</percent_cover>
					<height max="100" min="30" unit="feet">80</height>
					<height_to_live_crown max="50" min="0" unit="feet">45.0</height_to_live_crown>
					<stem_density max="60" min="5" unit="number_per_acre">2.5</stem_density>
					<diameter_at_breast_height max="35" min="6" unit="inches">27.5</diameter_at_breast_height>
					<species>
						<species_description>
							<tsn>183327</tsn>
							<relative_cover>35.00</relative_cover>
						</species_description>
						<species_description>
							<tsn>183424</tsn>
							<relative_cover>25.00</relative_cover>
						</species_description>
						<species_description>
							<tsn>183417</tsn>
							<relative_cover>30</relative_cover>
						</species_description>
						<species_description>
							<tsn>195773</tsn>
							<relative_cover>10</relative_cover>
						</species_description>
					</species>
				</overstory>
				<midstory>
					<percent_cover max="-3" min="-3" unit="number">17.5</percent_cover>
					<height max="-3" min="-3" unit="feet">35</height>
					<height_to_live_crown max="-3" min="-3" unit="feet">30.0</height_to_live_crown>
					<stem_density max="-3" min="-3" unit="number_per_acre">112.5</stem_density>
					<diameter_at_breast_height max="-3" min="-3" unit="inches">6.25</diameter_at_breast_height>
					<species>
						<species_description>
							<tsn>183417</tsn>
							<relative_cover>30</relative_cover>
						</species_description>
						<species_description>
							<tsn>183327</tsn>
							<relative_cover>45</relative_cover>
						</species_description>
						<species_description>
							<tsn>183424</tsn>
							<relative_cover>20</relative_cover>
						</species_description>
						<species_description>
							<tsn>195773</tsn>
							<relative_cover>5</relative_cover>
						</species_description>
					</species>
				</midstory>
				<understory>
					<percent_cover max="50" min="0" unit="number">0.0</percent_cover>
					<height max="50" min="4.5" unit="feet">0.0</height>
					<height_to_live_crown max="40" min="0" unit="feet">0.0</height_to_live_crown>
					<stem_density max="150" min="10" unit="number_per_acre">0.0</stem_density>
					<diameter_at_breast_height max="8" min="1" unit="inches">0.0</diameter_at_breast_height>
					<species>
						<species_description>
							<tsn>183417</tsn>
							<relative_cover>35</relative_cover>
						</species_description>
						<species_description>
							<tsn>183424</tsn>
							<relative_cover>55</relative_cover>
						</species_description>
						<species_description>
							<tsn>195773</tsn>
							<relative_cover>10</relative_cover>
						</species_description>
					</species>
				</understory>
			</trees>
			<snags>
				<class_1_conifers_with_foliage>
					<percent_cover max="25" min="0" unit="number">0.38033</percent_cover>
					<height_to_crown_base max="25" min="0" unit="feet">16.675</height_to_crown_base>
					<stem_density max="150" min="10" unit="number_per_acre">15</stem_density>
					<diameter max="70" min="0" unit="inches">3</diameter>
					<height max="120" min="10" unit="feet">25</height>
					<species>
						<species_description>
							<tsn>183327</tsn>
							<relative_cover>50</relative_cover>
						</species_description>
						<species_description>
							<tsn>183424</tsn>
							<relative_cover>40</relative_cover>
						</species_description>
						<species_description>
							<tsn>183417</tsn>
							<relative_cover>10</relative_cover>
						</species_description>
					</species>
				</class_1_conifers_with_foliage>
				<class_1_all_others>
					<stem_density max="50" min="0" unit="number_per_acre">20</stem_density>
					<diameter max="20" min="0" unit="inches">2</diameter>
					<height max="80" min="10" unit="feet">20</height>
					<species>
						<species_description>
							<tsn>183327</tsn>
							<relative_cover>60</relative_cover>
						</species_description>
						<species_description>
							<tsn>183417</tsn>
							<relative_cover>40</relative_cover>
						</species_description>
					</species>
				</class_1_all_others>
				<class_2>
					<stem_density max="300" min="0" unit="number_per_acre">25</stem_density>
					<diameter max="45" min="6" unit="inches">3</diameter>
					<height max="120" min="10" unit="feet">30</height>
					<species>
						<species_description>
							<tsn>183417</tsn>
							<relative_cover>40</relative_cover>
						</species_description>
						<species_description>
							<tsn>183327</tsn>
							<relative_cover>20</relative_cover>
						</species_description>
						<species_description>
							<tsn>183424</tsn>
							<relative_cover>40</relative_cover>
						</species_description>
					</species>
				</class_2>
				<class_3>
					<stem_density unit="number_per_acre" />
					<diameter unit="inches" />
					<height unit="feet" />
					<species />
				</class_3>
			</snags>
			<ladder_fuels>
				<minimum_height max="30" min="0" unit="feet">1</minimum_height>
				<maximum_height max="120" min="20" unit="feet">1</maximum_height>
				<is_vertically_contiguous>0</is_vertically_contiguous>
				<type>2</type>
			</ladder_fuels>
		</canopy>
		<shrubs>
			<primary_layer>
				<percent_cover max="100" min="0" unit="number">7.5</percent_cover>
				<height max="10" min="0.1" unit="feet">1.5</height>
				<percent_live max="80" min="20" unit="number">15.0</percent_live>
				<species>
					<species_description>
						<tsn>24847</tsn>
						<relative_cover>10</relative_cover>
					</species_description>
					<species_description>
						<tsn>35332</tsn>
						<relative_cover>40</relative_cover>
					</species_description>
					<species_description>
						<tsn>23530</tsn>
						<relative_cover>30</relative_cover>
					</species_description>
					<species_description>
						<tsn>18832</tsn>
						<relative_cover>20</relative_cover>
					</species_description>
				</species>
			</primary_layer>
			<secondary_layer>
				<percent_cover max="5" min="0" unit="number">0.075</percent_cover>
				<height max="2" min="0.1" unit="feet">0.3</height>
				<percent_live max="100" min="60" unit="number">20.0</percent_live>
				<species>
					<species_description>
						<tsn>24448</tsn>
						<relative_cover>30</relative_cover>
					</species_description>
					<species_description>
						<tsn>23571</tsn>
						<relative_cover>70</relative_cover>
					</species_description>
				</species>
			</secondary_layer>
			<needle_drape>
				<is_sufficient_to_affect_fire_behavior>0</is_sufficient_to_affect_fire_behavior>
			</needle_drape>
		</shrubs>
		<herbaceous>
			<primary_layer>
				<percent_cover max="30" min="0" unit="number">2.5</percent_cover>
				<height max="2" min="0.1" unit="feet">0.5</height>
				<loading max="1" min="0" unit="tons_per_acre">0.025</loading>
				<percent_live max="100" min="0" unit="number">10.0</percent_live>
				<species>
					<species_description>
						<tsn>40540</tsn>
						<relative_cover>30</relative_cover>
					</species_description>
					<species_description>
						<tsn>39369</tsn>
						<relative_cover>2.00</relative_cover>
					</species_description>
					<species_description>
						<tsn>41088</tsn>
						<relative_cover>30</relative_cover>
					</species_description>
					<species_description>
						<tsn>40816</tsn>
						<relative_cover>38</relative_cover>
					</species_description>
				</species>
			</primary_layer>
			<secondary_layer>
				<percent_cover max="30" min="0" reference_id="4003" unit="number">2.675</percent_cover>
				<height max="5" min="0.1" reference_id="4003" unit="feet">0.3</height>
				<loading max="5" min="0" unit="tons_per_acre">0.0025</loading>
				<percent_live max="100" min="50" unit="number">18.75</percent_live>
				<species>
					<species_description>
						<tsn>20358</tsn>
						<relative_cover>29.00</relative_cover>
					</species_description>
					<species_description>
						<tsn>820056</tsn>
						<relative_cover>24.00</relative_cover>
					</species_description>
					<species_description>
						<tsn>17224</tsn>
						<relative_cover>14.00</relative_cover>
					</species_description>
					<species_description>
						<tsn>20607</tsn>
						<relative_cover>11.00</relative_cover>
					</species_description>
					<species_description>
						<tsn>35423</tsn>
						<relative_cover>8.00</relative_cover>
					</species_description>
					<species_description>
						<tsn>31488</tsn>
						<relative_cover>7.00</relative_cover>
					</species_description>
					<species_description>
						<tsn>35862</tsn>
						<relative_cover>5.00</relative_cover>
					</species_description>
					<species_description>
						<tsn>24641</tsn>
						<relative_cover>1.00</relative_cover>
					</species_description>
					<species_description>
						<tsn>36223</tsn>
						<relative_cover>1.00</relative_cover>
					</species_description>
				</species>
			</secondary_layer>
		</herbaceous>
		<woody_fuel>
			<all_downed_woody_fuel>
				<total_percent_cover max="95" min="40" unit="number">100</total_percent_cover>
				<depth max="5" min="0.5" unit="inches">3.0</depth>
			</all_downed_woody_fuel>
			<sound_wood>
				<all_sound_wood>
					<species>
						<species_description>
							<tsn>183424</tsn>
							<relative_cover>30</relative_cover>
						</species_description>
						<species_description>
							<tsn>183327</tsn>
							<relative_cover>35</relative_cover>
						</species_description>
						<species_description>
							<tsn>183417</tsn>
							<relative_cover>35</relative_cover>
						</species_description>
					</species>
				</all_sound_wood>
				<loadings_zero_to_three_inches>
					<zero_to_quarter_inch max="2" min="0" unit="tons_per_acre">1.5</zero_to_quarter_inch>
					<quarter_inch_to_one_inch max="3" min="0" unit="tons_per_acre">4.2</quarter_inch_to_one_inch>
					<one_to_three_inches max="15" min="0" unit="tons_per_acre">6.0</one_to_three_inches>
				</loadings_zero_to_three_inches>
				<loadings_greater_than_three_inches>
					<three_to_nine_inches max="8" min="0" unit="tons_per_acre">4.1</three_to_nine_inches>
					<nine_to_twenty_inches max="8" min="0" unit="tons_per_acre">0</nine_to_twenty_inches>
					<greater_than_twenty_inches max="15" min="0" unit="tons_per_acre">0</greater_than_twenty_inches>
				</loadings_greater_than_three_inches>
			</sound_wood>
			<rotten_wood>
				<all_rotten_wood>
					<species>
						<species_description>
							<tsn>183327</tsn>
							<relative_cover>85</relative_cover>
						</species_description>
						<species_description>
							<tsn>183417</tsn>
							<relative_cover>15</relative_cover>
						</species_description>
					</species>
				</all_rotten_wood>
				<loadings_greater_than_three_inches>
					<three_to_nine_inches max="8" min="0" unit="tons_per_acre">0.6</three_to_nine_inches>
					<nine_to_twenty_inches max="8" min="0" unit="tons_per_acre">0</nine_to_twenty_inches>
					<greater_than_twenty_inches max="15" min="0" unit="tons_per_acre">0</greater_than_twenty_inches>
				</loadings_greater_than_three_inches>
			</rotten_wood>
			<stumps>
				<sound>
					<stem_density unit="number_per_acre">345.0</stem_density>
					<diameter unit="inches" />
					<height unit="feet" />
					<species />
				</sound>
				<rotten>
					<stem_density unit="number_per_acre" />
					<diameter unit="inches" />
					<height unit="feet" />
					<species />
				</rotten>
				<lightered_pitchy>
					<stem_density unit="number_per_acre" />
					<diameter unit="inches" />
					<height unit="feet" />
					<species />
				</lightered_pitchy>
			</stumps>
		</woody_fuel>
		<moss_lichen_litter>
			<moss>
				<type />
				<percent_cover unit="number" />
				<depth unit="inches" />
			</moss>
			<ground_lichen>
				<percent_cover unit="number" />
				<depth unit="inches" />
			</ground_lichen>
			<litter>
				<percent_cover max="100" min="50" unit="number">100</percent_cover>
				<depth max="3" min="0.1" unit="inches">1.75</depth>
				<arrangement>1</arrangement>
				<litter_type>
					<short_needle_pine>
						<relative_cover>20.0</relative_cover>
					</short_needle_pine>
					<long_needle_pine>
						<relative_cover />
					</long_needle_pine>
					<other_conifer>
						<relative_cover>60.00</relative_cover>
					</other_conifer>
					<broadleaf_deciduous>
						<relative_cover>20.00</relative_cover>
					</broadleaf_deciduous>
					<broadleaf_evergreen>
						<relative_cover />
					</broadleaf_evergreen>
					<palm_frond>
						<relative_cover />
					</palm_frond>
					<grass>
						<relative_cover />
					</grass>
				</litter_type>
			</litter>
		</moss_lichen_litter>
		<ground_fuel>
			<duff>
				<upper>
					<depth max="2" min="0" unit="inches">0.4</depth>
					<percent_cover max="80" min="40" unit="number">80</percent_cover>
					<derivation>1</derivation>
				</upper>
				<lower>
					<depth max="2" min="0" unit="inches">0.2</depth>
					<percent_cover max="80" min="40" unit="number">80</percent_cover>
					<derivation>3</derivation>
				</lower>
			</duff>
			<squirrel_middens>
				<depth unit="inches" />
				<radius unit="feet" />
				<number_per_unit_area unit="number_per_acre" />
			</squirrel_middens>
			<basal_accumulation>
				<depth unit="inches" />
				<radius unit="feet" />
				<number_per_unit_area unit="number_per_acre" />
				<type />
			</basal_accumulation>
		</ground_fuel>
	</fuelbed>
</FCCS_file>
