<?xml version="1.0"?>
<FCCS_file xmlns:xsi="http://www.w3.org/2001/XMLSchema-instance" schemaVersion="1.4" xsi:noNamespaceSchemaLocation="cash.xsd">
	<fuelbed_number>5270_411</fuelbed_number>
	<fuelbed_name>WL|15-40yr|PCT</fuelbed_name>
	<fuelbed_description>Western larch forest. Established 15 to 40 years ago by wildfire. Recent precommercial thin to favor western larch. Snags created by wildfire are beginning to fall and contribute to coarse woody debris along with logging slash.</fuelbed_description>
	<ecoregion>340,330</ecoregion>
	<vegetation_form>2</vegetation_form>
	<structural_class>7</structural_class>
	<cover_type>120</cover_type>
	<change_agent>14</change_agent>
	<natural_fire_regime>1</natural_fire_regime>
	<condition_class>2</condition_class>
	<user_name>Roger Ottmar/Tom Leuschen</user_name>
	<address />
	<affiliation>FERA/USFS</affiliation>
	<phone>206-732-7826</phone>
	<file_owner_email>rottmar@fs.fed.us</file_owner_email>
	<notes>This fuelbed created in cooperation with Richy Harrod, Jim Bailey, John Barnes, Jen Croft and Rick Lind of the Okanogan and Wenatchee NF.    Used FIREMON data for Annie  Barker units on Tonasket RD.   This stand originated from fuelbed OW148 age 0-15 yrs, then moved to OW1150 after precommercial thinning favoring western larch. Woody fuels, litter and duff altered from OW150 based in part on OW148 to fit treatment (Andreu)Edited by Susan Prichard and Ellen Eberhardt, February 2009.</notes>
	<date_collected>Jun 2, 2010</date_collected>
	<fuelbed_confidence />
	<fuelbed>
		<canopy>
			<trees>
				<total_percent_cover max="100" min="50" unit="number">51.0</total_percent_cover>
				<overstory>
					<percent_cover max="30" min="2" unit="number">2.55</percent_cover>
					<height max="120" min="30" unit="feet">90</height>
					<height_to_live_crown max="50" min="20" unit="feet">30</height_to_live_crown>
					<stem_density max="15" min="3" unit="number_per_acre">3.4</stem_density>
					<diameter_at_breast_height max="36" min="10" unit="inches">20</diameter_at_breast_height>
					<species>
						<species_description>
							<tsn>183365</tsn>
							<relative_cover>10</relative_cover>
						</species_description>
						<species_description>
							<tsn>183424</tsn>
							<relative_cover>10</relative_cover>
						</species_description>
						<species_description>
							<tsn>183417</tsn>
							<relative_cover>80</relative_cover>
						</species_description>
					</species>
				</overstory>
				<midstory>
					<percent_cover max="70" min="30" unit="number">51.0</percent_cover>
					<height max="80" min="20" unit="feet">30</height>
					<height_to_live_crown max="40" min="2" unit="feet">7</height_to_live_crown>
					<stem_density max="150" min="20" unit="number_per_acre">127.5</stem_density>
					<diameter_at_breast_height max="30" min="6" unit="inches">4</diameter_at_breast_height>
					<species>
						<species_description>
							<tsn>183417</tsn>
							<relative_cover>90</relative_cover>
						</species_description>
						<species_description>
							<tsn>183424</tsn>
							<relative_cover>5</relative_cover>
						</species_description>
						<species_description>
							<tsn>183365</tsn>
							<relative_cover>5</relative_cover>
						</species_description>
					</species>
				</midstory>
				<understory>
					<percent_cover max="90" min="40" unit="number">5</percent_cover>
					<height max="30" min="1" unit="feet">3</height>
					<height_to_live_crown max="15" min="0" unit="feet">0.5</height_to_live_crown>
					<stem_density max="2000" min="50" unit="number_per_acre">100</stem_density>
					<diameter_at_breast_height max="6" min="0.5" unit="inches">0.5</diameter_at_breast_height>
					<species>
						<species_description>
							<tsn>183417</tsn>
							<relative_cover>5</relative_cover>
						</species_description>
						<species_description>
							<tsn>183365</tsn>
							<relative_cover>5</relative_cover>
						</species_description>
						<species_description>
							<tsn>183424</tsn>
							<relative_cover>90</relative_cover>
						</species_description>
					</species>
				</understory>
			</trees>
			<snags>
				<class_1_conifers_with_foliage>
					<percent_cover unit="number">0.0</percent_cover>
					<height_to_crown_base unit="feet" />
					<stem_density unit="number_per_acre">0.0</stem_density>
					<diameter unit="inches" />
					<height unit="feet" />
					<species />
				</class_1_conifers_with_foliage>
				<class_1_all_others>
					<stem_density unit="number_per_acre">0.0</stem_density>
					<diameter unit="inches" />
					<height unit="feet" />
					<species />
				</class_1_all_others>
				<class_2>
					<stem_density max="90" min="0" unit="number_per_acre">68.0</stem_density>
					<diameter max="35" min="6" unit="inches">13</diameter>
					<height max="120" min="10" unit="feet">60</height>
					<species>
						<species_description>
							<tsn>183417</tsn>
							<relative_cover>80.00</relative_cover>
						</species_description>
						<species_description>
							<tsn>183365</tsn>
							<relative_cover>10</relative_cover>
						</species_description>
						<species_description>
							<tsn>183424</tsn>
							<relative_cover>10</relative_cover>
						</species_description>
					</species>
				</class_2>
				<class_3>
					<stem_density max="-3" min="-3" unit="number_per_acre">8.5</stem_density>
					<diameter max="-3" min="-3" unit="inches">13</diameter>
					<height max="-3" min="-3" unit="feet">30</height>
					<species>
						<species_description>
							<tsn>183417</tsn>
							<relative_cover>60</relative_cover>
						</species_description>
						<species_description>
							<tsn>183365</tsn>
							<relative_cover>20</relative_cover>
						</species_description>
						<species_description>
							<tsn>183424</tsn>
							<relative_cover>20</relative_cover>
						</species_description>
					</species>
				</class_3>
			</snags>
			<ladder_fuels>
				<minimum_height max="15" min="0" unit="feet">0.5</minimum_height>
				<maximum_height max="30" min="1" unit="feet">3</maximum_height>
				<is_vertically_contiguous>0</is_vertically_contiguous>
				<type>7</type>
			</ladder_fuels>
		</canopy>
		<shrubs>
			<primary_layer>
				<percent_cover max="10" min="0" reference_id="4003" unit="number">2.7</percent_cover>
				<height max="2" min="0.5" reference_id="4003" unit="feet">1</height>
				<percent_live max="100" min="70" reference_id="1358" unit="number">81.0</percent_live>
				<species>
					<species_description>
						<tsn>23571</tsn>
						<relative_cover>30</relative_cover>
					</species_description>
					<species_description>
						<tsn>23530</tsn>
						<relative_cover>40</relative_cover>
					</species_description>
					<species_description>
						<tsn>35314</tsn>
						<relative_cover>30</relative_cover>
					</species_description>
				</species>
			</primary_layer>
			<secondary_layer>
				<percent_cover unit="number">0.0</percent_cover>
				<height unit="feet" />
				<percent_live unit="number">0.0</percent_live>
				<species />
			</secondary_layer>
			<needle_drape>
				<is_sufficient_to_affect_fire_behavior>0</is_sufficient_to_affect_fire_behavior>
			</needle_drape>
		</shrubs>
		<herbaceous>
			<primary_layer>
				<percent_cover max="60" min="10" unit="number">30</percent_cover>
				<height max="2" min="0.5" unit="feet">1</height>
				<loading max="0.5" min="0" unit="tons_per_acre">0.1</loading>
				<percent_live max="99" min="40" unit="number">80</percent_live>
				<species>
					<species_description>
						<tsn>40540</tsn>
						<relative_cover>70.00</relative_cover>
					</species_description>
					<species_description>
						<tsn>39613</tsn>
						<relative_cover>30</relative_cover>
					</species_description>
				</species>
			</primary_layer>
			<secondary_layer>
				<percent_cover max="15" min="0" unit="number">5</percent_cover>
				<height max="2" min="0.2" unit="feet">1</height>
				<loading max="0.2" min="0" unit="tons_per_acre">0.01</loading>
				<percent_live max="80" min="20" unit="number">60</percent_live>
				<species>
					<species_description>
						<tsn>26085</tsn>
						<relative_cover>50</relative_cover>
					</species_description>
					<species_description>
						<tsn>36818</tsn>
						<relative_cover>50</relative_cover>
					</species_description>
				</species>
			</secondary_layer>
		</herbaceous>
		<woody_fuel>
			<all_downed_woody_fuel>
				<total_percent_cover max="75" min="10" unit="number">75.0</total_percent_cover>
				<depth max="3" min="0.5" unit="inches">1.375</depth>
			</all_downed_woody_fuel>
			<sound_wood>
				<all_sound_wood>
					<species />
				</all_sound_wood>
				<loadings_zero_to_three_inches>
					<zero_to_quarter_inch max="1" min="0.1" unit="tons_per_acre">0.44999999999999996</zero_to_quarter_inch>
					<quarter_inch_to_one_inch max="2" min="0.2" unit="tons_per_acre">1.7999999999999998</quarter_inch_to_one_inch>
					<one_to_three_inches max="4" min="1" unit="tons_per_acre">4.65</one_to_three_inches>
				</loadings_zero_to_three_inches>
				<loadings_greater_than_three_inches>
					<three_to_nine_inches max="5" min="0.1" unit="tons_per_acre">9.0</three_to_nine_inches>
					<nine_to_twenty_inches max="5" min="0" unit="tons_per_acre">8.0</nine_to_twenty_inches>
					<greater_than_twenty_inches max="5" min="0" unit="tons_per_acre">0</greater_than_twenty_inches>
				</loadings_greater_than_three_inches>
			</sound_wood>
			<rotten_wood>
				<all_rotten_wood>
					<species>
						<species_description>
							<tsn>183365</tsn>
							<relative_cover>10</relative_cover>
						</species_description>
						<species_description>
							<tsn>183417</tsn>
							<relative_cover>80</relative_cover>
						</species_description>
						<species_description>
							<tsn>183424</tsn>
							<relative_cover>10</relative_cover>
						</species_description>
					</species>
				</all_rotten_wood>
				<loadings_greater_than_three_inches>
					<three_to_nine_inches max="5" min="0" unit="tons_per_acre">0.3</three_to_nine_inches>
					<nine_to_twenty_inches max="5" min="0" unit="tons_per_acre">1.3</nine_to_twenty_inches>
					<greater_than_twenty_inches max="5" min="0" unit="tons_per_acre">0</greater_than_twenty_inches>
				</loadings_greater_than_three_inches>
			</rotten_wood>
			<stumps>
				<sound>
					<stem_density max="300" min="20" unit="number_per_acre">350</stem_density>
					<diameter max="20" min="0" unit="inches">4</diameter>
					<height max="1" min="0" unit="feet">0.3</height>
					<species>
						<species_description>
							<tsn>183424</tsn>
							<relative_cover>60</relative_cover>
						</species_description>
						<species_description>
							<tsn>183417</tsn>
							<relative_cover>40</relative_cover>
						</species_description>
					</species>
				</sound>
				<rotten>
					<stem_density max="-3" min="-3" unit="number_per_acre">4</stem_density>
					<diameter max="-3" min="-3" unit="inches">12</diameter>
					<height max="-3" min="-3" unit="feet">1</height>
					<species>
						<species_description>
							<tsn>183417</tsn>
							<relative_cover>30</relative_cover>
						</species_description>
						<species_description>
							<tsn>183424</tsn>
							<relative_cover>60</relative_cover>
						</species_description>
						<species_description>
							<tsn>183365</tsn>
							<relative_cover>10</relative_cover>
						</species_description>
					</species>
				</rotten>
				<lightered_pitchy>
					<stem_density unit="number_per_acre" />
					<diameter unit="inches" />
					<height unit="feet" />
					<species />
				</lightered_pitchy>
			</stumps>
		</woody_fuel>
		<moss_lichen_litter>
			<moss>
				<type />
				<percent_cover unit="number" />
				<depth unit="inches" />
			</moss>
			<ground_lichen>
				<percent_cover unit="number" />
				<depth unit="inches" />
			</ground_lichen>
			<litter>
				<percent_cover max="75" min="5" unit="number">93.75</percent_cover>
				<depth max="2" min="0" unit="inches">0.75</depth>
				<arrangement>1</arrangement>
				<litter_type>
					<short_needle_pine>
						<relative_cover />
					</short_needle_pine>
					<long_needle_pine>
						<relative_cover>20.0</relative_cover>
					</long_needle_pine>
					<other_conifer>
						<relative_cover>60.0</relative_cover>
					</other_conifer>
					<broadleaf_deciduous>
						<relative_cover />
					</broadleaf_deciduous>
					<broadleaf_evergreen>
						<relative_cover />
					</broadleaf_evergreen>
					<palm_frond>
						<relative_cover />
					</palm_frond>
					<grass>
						<relative_cover>20.0</relative_cover>
					</grass>
				</litter_type>
			</litter>
		</moss_lichen_litter>
		<ground_fuel>
			<duff>
				<upper>
					<depth max="0.5" min="0" unit="inches">0.3</depth>
					<percent_cover max="75" min="40" unit="number">75</percent_cover>
					<derivation>1</derivation>
				</upper>
				<lower>
					<depth max="0.2" min="0" unit="inches">0.1</depth>
					<percent_cover max="75" min="40" unit="number">75</percent_cover>
					<derivation>3</derivation>
				</lower>
			</duff>
			<squirrel_middens>
				<depth unit="inches" />
				<radius unit="feet" />
				<number_per_unit_area unit="number_per_acre" />
			</squirrel_middens>
			<basal_accumulation>
				<depth max="4" min="0.3" unit="inches">1.5</depth>
				<radius max="2" min="0.3" unit="feet">1</radius>
				<number_per_unit_area unit="number_per_acre">1</number_per_unit_area>
				<type>1</type>
			</basal_accumulation>
		</ground_fuel>
	</fuelbed>
</FCCS_file>
