<?xml version="1.0"?>
<FCCS_file xmlns:xsi="http://www.w3.org/2001/XMLSchema-instance" schemaVersion="1.4" xsi:noNamespaceSchemaLocation="cash.xsd">
	<fuelbed_number>5351_513</fuelbed_number>
	<fuelbed_name>RF|25-50yr</fuelbed_name>
	<fuelbed_description>Red fir forest. Occurs at middle elevations of the southern Cascades and Lake Tahoe Basin. Established 25 to 50 years ago following stand-replacement wildfire and has had no subsequent management.</fuelbed_description>
	<ecoregion>260,340</ecoregion>
	<vegetation_form>2</vegetation_form>
	<structural_class>3</structural_class>
	<cover_type>114</cover_type>
	<change_agent>18</change_agent>
	<natural_fire_regime>1</natural_fire_regime>
	<condition_class>3</condition_class>
	<user_name>Tom Leuschen, Roger Ottmar</user_name>
	<address>PNW-Seattle</address>
	<affiliation>PNW-PWFSL-Seattle</affiliation>
	<phone>206-732-7826</phone>
	<file_owner_email>rottmar@fs.fed.us</file_owner_email>
	<notes>Used Okanogan/Wenatchee Fuelbed OW017 and fit species in custom and input pages.
AA updated species composition based on R5-ECOL-TP-003 pgs 132-35.</notes>
	<date_collected>Nov 2, 2009</date_collected>
	<fuelbed_confidence />
	<fuelbed>
		<canopy>
			<trees>
				<total_percent_cover max="95" min="50" unit="number">76.95</total_percent_cover>
				<overstory>
					<percent_cover max="95" min="50" unit="number">72.675</percent_cover>
					<height max="60" min="30" unit="feet">40</height>
					<height_to_live_crown max="10" min="5" unit="feet">8.085</height_to_live_crown>
					<stem_density max="600" min="300" unit="number_per_acre">299.25</stem_density>
					<diameter_at_breast_height max="9" min="5" unit="inches">7</diameter_at_breast_height>
					<species>
						<species_description>
							<tsn>181834</tsn>
							<relative_cover>100</relative_cover>
						</species_description>
					</species>
				</overstory>
				<midstory>
					<percent_cover max="60" min="5" unit="number">17.099999999999998</percent_cover>
					<height max="150" min="50" unit="feet">25</height>
					<height_to_live_crown max="90" min="10" unit="feet">5.775</height_to_live_crown>
					<stem_density max="200" min="14" unit="number_per_acre">85.5</stem_density>
					<diameter_at_breast_height max="7" min="3" unit="inches">5</diameter_at_breast_height>
					<species>
						<species_description>
							<tsn>181834</tsn>
							<relative_cover>100</relative_cover>
						</species_description>
					</species>
				</midstory>
				<understory>
					<percent_cover max="50" min="10" unit="number">50</percent_cover>
					<height max="50" min="1" unit="feet">15</height>
					<height_to_live_crown max="30" min="0" unit="feet">2</height_to_live_crown>
					<stem_density max="1800" min="50" unit="number_per_acre">500</stem_density>
					<diameter_at_breast_height max="8" min="0.5" unit="inches">1</diameter_at_breast_height>
					<species>
						<species_description>
							<tsn>181834</tsn>
							<relative_cover>100</relative_cover>
						</species_description>
					</species>
				</understory>
			</trees>
			<snags>
				<class_1_conifers_with_foliage>
					<percent_cover unit="number"></percent_cover>
					<height_to_crown_base unit="feet"></height_to_crown_base>
					<stem_density unit="number_per_acre"></stem_density>
					<diameter unit="inches"></diameter>
					<height unit="feet"></height>
					<species />
				</class_1_conifers_with_foliage>
				<class_1_all_others>
					<stem_density max="12" min="2" unit="number_per_acre">65.25</stem_density>
					<diameter max="20" min="8" unit="inches">6.555555555555555</diameter>
					<height max="100" min="30" unit="feet">40</height>
					<species>
						<species_description>
							<tsn>181834</tsn>
							<relative_cover>100</relative_cover>
						</species_description>
					</species>
				</class_1_all_others>
				<class_2>
					<stem_density max="12" min="2" unit="number_per_acre">45.0</stem_density>
					<diameter max="100" min="8" unit="inches">6.555555555555555</diameter>
					<height max="200" min="30" unit="feet">40</height>
					<species>
						<species_description>
							<tsn>181834</tsn>
							<relative_cover>100.00</relative_cover>
						</species_description>
					</species>
				</class_2>
				<class_3>
					<stem_density max="12" min="2" unit="number_per_acre">4</stem_density>
					<diameter max="100" min="8" unit="inches">12</diameter>
					<height max="80" min="4.5" unit="feet">60</height>
					<species>
						<species_description>
							<tsn>181834</tsn>
							<relative_cover>100.00</relative_cover>
						</species_description>
					</species>
				</class_3>
			</snags>
			<ladder_fuels>
				<minimum_height max="50" min="0" unit="feet">2</minimum_height>
				<maximum_height max="100" min="30" unit="feet">40</maximum_height>
				<is_vertically_contiguous>1</is_vertically_contiguous>
				<type>2</type>
			</ladder_fuels>
		</canopy>
		<shrubs>
			<primary_layer>
				<percent_cover max="50" min="0" unit="number">5</percent_cover>
				<height max="30" min="1" unit="feet">1.3</height>
				<percent_live max="99" min="45" unit="number">60</percent_live>
				<species>
					<species_description>
						<tsn>23503</tsn>
						<relative_cover>33</relative_cover>
					</species_description>
					<species_description>
						<tsn>508098</tsn>
						<relative_cover>33</relative_cover>
					</species_description>
					<species_description>
						<tsn>28458</tsn>
						<relative_cover>34</relative_cover>
					</species_description>
				</species>
			</primary_layer>
			<secondary_layer>
				<percent_cover unit="number" />
				<height unit="feet" />
				<percent_live unit="number" />
				<species />
			</secondary_layer>
			<needle_drape>
				<is_sufficient_to_affect_fire_behavior>0</is_sufficient_to_affect_fire_behavior>
			</needle_drape>
		</shrubs>
		<herbaceous>
			<primary_layer>
				<percent_cover max="20" min="0" unit="number">5</percent_cover>
				<height max="6" min="0.16" unit="feet">0.5</height>
				<loading max="2" min="0" unit="tons_per_acre">0.02</loading>
				<percent_live max="99" min="75" unit="number">90</percent_live>
				<species>
					<species_description>
						<tsn>525109</tsn>
						<relative_cover>25</relative_cover>
					</species_description>
					<species_description>
						<tsn>37693</tsn>
						<relative_cover>25</relative_cover>
					</species_description>
					<species_description>
						<tsn>894656</tsn>
						<relative_cover>25</relative_cover>
					</species_description>
					<species_description>
						<tsn>23761</tsn>
						<relative_cover>25</relative_cover>
					</species_description>
				</species>
			</primary_layer>
			<secondary_layer>
				<percent_cover unit="number" />
				<height unit="feet" />
				<loading unit="tons_per_acre" />
				<percent_live unit="number" />
				<species />
			</secondary_layer>
		</herbaceous>
		<woody_fuel>
			<all_downed_woody_fuel>
				<total_percent_cover max="95" min="59" unit="number">90.75000000000001</total_percent_cover>
				<depth max="48" min="2" unit="inches">3.630000000000001</depth>
			</all_downed_woody_fuel>
			<sound_wood>
				<all_sound_wood>
					<species>
						<species_description>
							<tsn>181834</tsn>
							<relative_cover>100</relative_cover>
						</species_description>
					</species>
				</all_sound_wood>
				<loadings_zero_to_three_inches>
					<zero_to_quarter_inch max="3" min="0.2" unit="tons_per_acre">0.8470000000000001</zero_to_quarter_inch>
					<quarter_inch_to_one_inch max="5" min="1" unit="tons_per_acre">1.9360000000000004</quarter_inch_to_one_inch>
					<one_to_three_inches max="10" min="1" unit="tons_per_acre">4.598</one_to_three_inches>
				</loadings_zero_to_three_inches>
				<loadings_greater_than_three_inches>
					<three_to_nine_inches max="40" min="1" unit="tons_per_acre">6.5249999999999995</three_to_nine_inches>
					<nine_to_twenty_inches max="75" min="5" unit="tons_per_acre">1.4249999999999998</nine_to_twenty_inches>
					<greater_than_twenty_inches max="50" min="5" unit="tons_per_acre">0.0</greater_than_twenty_inches>
				</loadings_greater_than_three_inches>
			</sound_wood>
			<rotten_wood>
				<all_rotten_wood>
					<species>
						<species_description>
							<tsn>181834</tsn>
							<relative_cover>100</relative_cover>
						</species_description>
					</species>
				</all_rotten_wood>
				<loadings_greater_than_three_inches>
					<three_to_nine_inches max="30" min="1" unit="tons_per_acre">4.175</three_to_nine_inches>
					<nine_to_twenty_inches max="60" min="5" unit="tons_per_acre">3.475</nine_to_twenty_inches>
					<greater_than_twenty_inches max="50" min="2" unit="tons_per_acre">4.0</greater_than_twenty_inches>
				</loadings_greater_than_three_inches>
			</rotten_wood>
			<stumps>
				<sound>
					<stem_density unit="number_per_acre" />
					<diameter unit="inches" />
					<height unit="feet" />
					<species />
				</sound>
				<rotten>
					<stem_density unit="number_per_acre" />
					<diameter unit="inches" />
					<height unit="feet" />
					<species />
				</rotten>
				<lightered_pitchy>
					<stem_density unit="number_per_acre" />
					<diameter unit="inches" />
					<height unit="feet" />
					<species />
				</lightered_pitchy>
			</stumps>
		</woody_fuel>
		<moss_lichen_litter>
			<moss>
				<type />
				<percent_cover unit="number" />
				<depth unit="inches" />
			</moss>
			<ground_lichen>
				<percent_cover unit="number" />
				<depth unit="inches" />
			</ground_lichen>
			<litter>
				<percent_cover max="100" min="60" reference_id="1357" unit="number">90.9</percent_cover>
				<depth max="3" min="0" unit="inches">0.9999000000000001</depth>
				<arrangement>1</arrangement>
				<litter_type>
					<short_needle_pine>
						<relative_cover />
					</short_needle_pine>
					<long_needle_pine>
						<relative_cover />
					</long_needle_pine>
					<other_conifer>
						<relative_cover>90.0</relative_cover>
					</other_conifer>
					<broadleaf_deciduous>
						<relative_cover />
					</broadleaf_deciduous>
					<broadleaf_evergreen>
						<relative_cover>10.0</relative_cover>
					</broadleaf_evergreen>
					<palm_frond>
						<relative_cover />
					</palm_frond>
					<grass>
						<relative_cover />
					</grass>
				</litter_type>
			</litter>
		</moss_lichen_litter>
		<ground_fuel>
			<duff>
				<upper>
					<depth max="5" min="0.3" unit="inches">0.5</depth>
					<percent_cover max="100" min="60" unit="number">95</percent_cover>
					<derivation>1</derivation>
				</upper>
				<lower>
					<depth max="6" min="1" unit="inches">0.3</depth>
					<percent_cover max="100" min="60" unit="number">95</percent_cover>
					<derivation>3</derivation>
				</lower>
			</duff>
			<squirrel_middens>
				<depth unit="inches" />
				<radius unit="feet" />
				<number_per_unit_area unit="number_per_acre" />
			</squirrel_middens>
			<basal_accumulation>
				<depth unit="inches" />
				<radius unit="feet" />
				<number_per_unit_area unit="number_per_acre" />
				<type />
			</basal_accumulation>
		</ground_fuel>
	</fuelbed>
</FCCS_file>
