<?xml version="1.0"?>
<FCCS_file xmlns:xsi="http://www.w3.org/2001/XMLSchema-instance" schemaVersion="1.4" xsi:noNamespaceSchemaLocation="cash.xsd">
	<fuelbed_number>5346_532</fuelbed_number>
	<fuelbed_name>JP WF|120+yr|SC-PB or SC-Rx|Low density</fuelbed_name>
	<fuelbed_description>Jeffrey pine and white fir forest. Occurs at middle elevations in the south Cascades and Sierra Nevada. Established more than 120 years ago. Recent thin and prescribed burn.</fuelbed_description>
	<ecoregion>260,340</ecoregion>
	<vegetation_form>2</vegetation_form>
	<structural_class>1</structural_class>
	<cover_type>119,151,152,154</cover_type>
	<change_agent>8,12,20</change_agent>
	<natural_fire_regime>1</natural_fire_regime>
	<condition_class>1</condition_class>
	<user_name>Tom Leuschen, Roger Ottmar</user_name>
	<address>PNW-Seattle</address>
	<affiliation>PNW-Seattle</affiliation>
	<phone>206-732-7826</phone>
	<file_owner_email>rottmar@fs.fed.us</file_owner_email>
	<notes>Used Okanogan/Wenatchee fuelbed OW142, changed species in custom page and in inputs.
AA edited nonwoody species composition. AA edited name and description May 2009.

</notes>
	<date_collected>Nov 9, 2009</date_collected>
	<fuelbed_confidence />
	<fuelbed>
		<canopy>
			<trees>
				<total_percent_cover max="100" min="50" unit="number">9.0</total_percent_cover>
				<overstory>
					<percent_cover max="40" min="5" unit="number">6.75</percent_cover>
					<height max="120" min="30" unit="feet">90</height>
					<height_to_live_crown max="50" min="5" unit="feet">52.0</height_to_live_crown>
					<stem_density max="40" min="3" unit="number_per_acre">11.25</stem_density>
					<diameter_at_breast_height max="60" min="10" unit="inches">24</diameter_at_breast_height>
					<species>
						<species_description>
							<tsn>183345</tsn>
							<relative_cover>100.00</relative_cover>
						</species_description>
					</species>
				</overstory>
				<midstory>
					<percent_cover max="70" min="30" unit="number">2.25</percent_cover>
					<height max="80" min="20" unit="feet">73</height>
					<height_to_live_crown max="40" min="2" unit="feet">26.0</height_to_live_crown>
					<stem_density max="150" min="20" unit="number_per_acre">2.25</stem_density>
					<diameter_at_breast_height max="30" min="6" unit="inches">17</diameter_at_breast_height>
					<species>
						<species_description>
							<tsn>183345</tsn>
							<relative_cover>90</relative_cover>
						</species_description>
						<species_description>
							<tsn>181826</tsn>
							<relative_cover>10</relative_cover>
						</species_description>
					</species>
				</midstory>
				<understory>
					<percent_cover max="60" min="10" unit="number">10</percent_cover>
					<height max="30" min="1" unit="feet">5</height>
					<height_to_live_crown max="15" min="0" unit="feet">0</height_to_live_crown>
					<stem_density max="2000" min="50" unit="number_per_acre">10</stem_density>
					<diameter_at_breast_height max="8" min="0.5" unit="inches">1</diameter_at_breast_height>
					<species>
						<species_description>
							<tsn>183345</tsn>
							<relative_cover>80</relative_cover>
						</species_description>
						<species_description>
							<tsn>181826</tsn>
							<relative_cover>20</relative_cover>
						</species_description>
					</species>
				</understory>
			</trees>
			<snags>
				<class_1_conifers_with_foliage>
					<percent_cover unit="number">31.0</percent_cover>
					<height_to_crown_base unit="feet">40</height_to_crown_base>
					<stem_density unit="number_per_acre">46.5</stem_density>
					<diameter unit="inches">22.833333333333332</diameter>
					<height unit="feet">90</height>
					<species>
						<species_description>
							<tsn>183345</tsn>
							<relative_cover>100.00</relative_cover>
						</species_description>
					</species>
				</class_1_conifers_with_foliage>
				<class_1_all_others>
					<stem_density unit="number_per_acre">45.0</stem_density>
					<diameter unit="inches">22.833333333333332</diameter>
					<height unit="feet">90</height>
					<species />
				</class_1_all_others>
				<class_2>
					<stem_density max="10" min="0" unit="number_per_acre"></stem_density>
					<diameter max="70" min="6" unit="inches"></diameter>
					<height max="120" min="10" unit="feet"></height>
					<species>
						<species_description>
							<tsn>183345</tsn>
							<relative_cover>80</relative_cover>
						</species_description>
						<species_description>
							<tsn>181826</tsn>
							<relative_cover>20</relative_cover>
						</species_description>
					</species>
				</class_2>
				<class_3>
					<stem_density max="-3" min="-3" unit="number_per_acre">2</stem_density>
					<diameter max="-3" min="-3" unit="inches">15</diameter>
					<height max="-3" min="-3" unit="feet">60</height>
					<species>
						<species_description>
							<tsn>183345</tsn>
							<relative_cover>80</relative_cover>
						</species_description>
						<species_description>
							<tsn>181826</tsn>
							<relative_cover>20</relative_cover>
						</species_description>
					</species>
				</class_3>
			</snags>
			<ladder_fuels>
				<minimum_height max="15" min="0" unit="feet">0</minimum_height>
				<maximum_height max="30" min="1" unit="feet">5</maximum_height>
				<is_vertically_contiguous>0</is_vertically_contiguous>
				<type>2</type>
			</ladder_fuels>
		</canopy>
		<shrubs>
			<primary_layer>
				<percent_cover unit="number">0.0</percent_cover>
				<height unit="feet" />
				<percent_live unit="number" />
				<species />
			</primary_layer>
			<secondary_layer>
				<percent_cover unit="number">0.0</percent_cover>
				<height unit="feet" />
				<percent_live unit="number" />
				<species />
			</secondary_layer>
			<needle_drape>
				<is_sufficient_to_affect_fire_behavior>1</is_sufficient_to_affect_fire_behavior>
			</needle_drape>
		</shrubs>
		<herbaceous>
			<primary_layer>
				<percent_cover max="30" min="2" unit="number">56.0</percent_cover>
				<height max="2" min="0.5" unit="feet">1</height>
				<loading max="0.5" min="0" unit="tons_per_acre">0.13999999999999999</loading>
				<percent_live max="99" min="40" unit="number">90</percent_live>
				<species>
					<species_description>
						<tsn>39786</tsn>
						<relative_cover>20</relative_cover>
					</species_description>
					<species_description>
						<tsn>525109</tsn>
						<relative_cover>20</relative_cover>
					</species_description>
					<species_description>
						<tsn>41097</tsn>
						<relative_cover>20</relative_cover>
					</species_description>
					<species_description>
						<tsn>502264</tsn>
						<relative_cover>20</relative_cover>
					</species_description>
					<species_description>
						<tsn>38684</tsn>
						<relative_cover>20</relative_cover>
					</species_description>
				</species>
			</primary_layer>
			<secondary_layer>
				<percent_cover unit="number">0.0</percent_cover>
				<height unit="feet" />
				<loading unit="tons_per_acre">0.0</loading>
				<percent_live unit="number" />
				<species />
			</secondary_layer>
		</herbaceous>
		<woody_fuel>
			<all_downed_woody_fuel>
				<total_percent_cover max="95" min="50" unit="number">28.0</total_percent_cover>
				<depth max="3" min="0.5" unit="inches">0.875</depth>
			</all_downed_woody_fuel>
			<sound_wood>
				<all_sound_wood>
					<species>
						<species_description>
							<tsn>183345</tsn>
							<relative_cover>40</relative_cover>
						</species_description>
						<species_description>
							<tsn>181826</tsn>
							<relative_cover>60</relative_cover>
						</species_description>
					</species>
				</all_sound_wood>
				<loadings_zero_to_three_inches>
					<zero_to_quarter_inch max="1" min="0" unit="tons_per_acre">1.0</zero_to_quarter_inch>
					<quarter_inch_to_one_inch max="3" min="0" unit="tons_per_acre">2.0</quarter_inch_to_one_inch>
					<one_to_three_inches max="3" min="0" unit="tons_per_acre">3.15</one_to_three_inches>
				</loadings_zero_to_three_inches>
				<loadings_greater_than_three_inches>
					<three_to_nine_inches max="5" min="0" unit="tons_per_acre">0.5</three_to_nine_inches>
					<nine_to_twenty_inches max="5" min="0" unit="tons_per_acre">0.5</nine_to_twenty_inches>
					<greater_than_twenty_inches max="5" min="0" unit="tons_per_acre">0</greater_than_twenty_inches>
				</loadings_greater_than_three_inches>
			</sound_wood>
			<rotten_wood>
				<all_rotten_wood>
					<species>
						<species_description>
							<tsn>183345</tsn>
							<relative_cover>60</relative_cover>
						</species_description>
						<species_description>
							<tsn>181826</tsn>
							<relative_cover>40</relative_cover>
						</species_description>
					</species>
				</all_rotten_wood>
				<loadings_greater_than_three_inches>
					<three_to_nine_inches max="5" min="0" unit="tons_per_acre">0</three_to_nine_inches>
					<nine_to_twenty_inches max="5" min="0" unit="tons_per_acre">0.5</nine_to_twenty_inches>
					<greater_than_twenty_inches max="5" min="0" unit="tons_per_acre">0</greater_than_twenty_inches>
				</loadings_greater_than_three_inches>
			</rotten_wood>
			<stumps>
				<sound>
					<stem_density max="-3" min="-3" unit="number_per_acre">60</stem_density>
					<diameter max="-3" min="-3" unit="inches">14</diameter>
					<height max="-3" min="-3" unit="feet">1</height>
					<species>
						<species_description>
							<tsn>183345</tsn>
							<relative_cover>30</relative_cover>
						</species_description>
						<species_description>
							<tsn>181826</tsn>
							<relative_cover>70</relative_cover>
						</species_description>
					</species>
				</sound>
				<rotten>
					<stem_density max="-3" min="-3" unit="number_per_acre">10</stem_density>
					<diameter max="-3" min="-3" unit="inches">15</diameter>
					<height max="-3" min="-3" unit="feet">1</height>
					<species>
						<species_description>
							<tsn>183345</tsn>
							<relative_cover>70</relative_cover>
						</species_description>
						<species_description>
							<tsn>181826</tsn>
							<relative_cover>30</relative_cover>
						</species_description>
					</species>
				</rotten>
				<lightered_pitchy>
					<stem_density unit="number_per_acre" />
					<diameter unit="inches" />
					<height unit="feet" />
					<species />
				</lightered_pitchy>
			</stumps>
		</woody_fuel>
		<moss_lichen_litter>
			<moss>
				<type />
				<percent_cover unit="number" />
				<depth unit="inches" />
			</moss>
			<ground_lichen>
				<percent_cover unit="number" />
				<depth unit="inches" />
			</ground_lichen>
			<litter>
				<percent_cover max="100" min="75" unit="number">100.0</percent_cover>
				<depth max="4" min="0.1" unit="inches">1.0</depth>
				<arrangement>1</arrangement>
				<litter_type>
					<short_needle_pine>
						<relative_cover />
					</short_needle_pine>
					<long_needle_pine>
						<relative_cover>50.0</relative_cover>
					</long_needle_pine>
					<other_conifer>
						<relative_cover />
					</other_conifer>
					<broadleaf_deciduous>
						<relative_cover />
					</broadleaf_deciduous>
					<broadleaf_evergreen>
						<relative_cover />
					</broadleaf_evergreen>
					<palm_frond>
						<relative_cover />
					</palm_frond>
					<grass>
						<relative_cover>50.0</relative_cover>
					</grass>
				</litter_type>
			</litter>
		</moss_lichen_litter>
		<ground_fuel>
			<duff>
				<upper>
					<depth max="2" min="0" unit="inches">0.1</depth>
					<percent_cover max="100" min="75" unit="number">20</percent_cover>
					<derivation>1</derivation>
				</upper>
				<lower>
					<depth max="2" min="0" unit="inches">0.1</depth>
					<percent_cover max="100" min="75" unit="number">5</percent_cover>
					<derivation>3</derivation>
				</lower>
			</duff>
			<squirrel_middens>
				<depth unit="inches" />
				<radius unit="feet" />
				<number_per_unit_area unit="number_per_acre" />
			</squirrel_middens>
			<basal_accumulation>
				<depth max="4" min="0.3" unit="inches">2</depth>
				<radius max="2" min="0.3" unit="feet">3</radius>
				<number_per_unit_area unit="number_per_acre">12.5</number_per_unit_area>
				<type>2</type>
			</basal_accumulation>
		</ground_fuel>
	</fuelbed>
</FCCS_file>
