<?xml version="1.0"?>
<FCCS_file xmlns:xsi="http://www.w3.org/2001/XMLSchema-instance" schemaVersion="1.4" xsi:noNamespaceSchemaLocation="cash.xsd">
	<fuelbed_number>5176_412</fuelbed_number>
	<fuelbed_name>DF PP GF (dry)|25-40yr|PCT-PB or PCT-Rx|Medium density|Rotten stumps</fuelbed_name>
	<fuelbed_description>Dry Douglas-fir, ponderosa pine and grand fir forest. Established 25 to 40 years ago. Recent precommercial thin and prescribed burn or pile burning. Stand structure varies from open forest to woodland and some sites are open enough that ponderosa pine and lodgepole pine are present in the regeneration layer. Medium-density.</fuelbed_description>
	<ecoregion>340,330</ecoregion>
	<vegetation_form>2</vegetation_form>
	<structural_class>4</structural_class>
	<cover_type>151,152</cover_type>
	<change_agent>8,14,20</change_agent>
	<natural_fire_regime>1</natural_fire_regime>
	<condition_class>1</condition_class>
	<user_name />
	<address />
	<affiliation />
	<phone />
	<file_owner_email />
	<notes>Citations:
Field Guide for Forested Plant Associations of the Wenatchee National Forest, PSME/PUTR/CARU Association, PSME/PUTR/AGSP Association
INT-97/Stand 79 ground fuel loading
Reference Handbook for Foresters NA-FR-15 for Density (#/acre), 20X20 Spacing
</notes>
	<date_collected>Apr 2, 2009</date_collected>
	<fuelbed_confidence />
	<fuelbed>
		<canopy>
			<trees>
				<total_percent_cover max="100" min="50" unit="number">34.0</total_percent_cover>
				<overstory>
					<percent_cover max="85" min="10" unit="number">34.0</percent_cover>
					<height max="200" min="30" unit="feet">55</height>
					<height_to_live_crown max="120" min="5" unit="feet">15</height_to_live_crown>
					<stem_density max="100" min="5" unit="number_per_acre">92.64999999999999</stem_density>
					<diameter_at_breast_height max="120" min="5" unit="inches">8</diameter_at_breast_height>
					<species>
						<species_description>
							<tsn>183424</tsn>
							<relative_cover>45</relative_cover>
						</species_description>
						<species_description>
							<tsn>183365</tsn>
							<relative_cover>35</relative_cover>
						</species_description>
						<species_description>
							<tsn>183417</tsn>
							<relative_cover>15</relative_cover>
						</species_description>
						<species_description>
							<tsn>183284</tsn>
							<relative_cover>5</relative_cover>
						</species_description>
					</species>
				</overstory>
				<midstory>
					<percent_cover unit="number">0.0</percent_cover>
					<height unit="feet" />
					<height_to_live_crown unit="feet" />
					<stem_density unit="number_per_acre">0.0</stem_density>
					<diameter_at_breast_height unit="inches" />
					<species />
				</midstory>
				<understory>
					<percent_cover max="30" min="5" unit="number">10</percent_cover>
					<height max="70" min="1" unit="feet">5</height>
					<height_to_live_crown max="40" min="0" unit="feet">0</height_to_live_crown>
					<stem_density max="2000" min="50" unit="number_per_acre">50</stem_density>
					<diameter_at_breast_height max="8" min="0.5" unit="inches">0.5</diameter_at_breast_height>
					<species>
						<species_description>
							<tsn>183424</tsn>
							<relative_cover>45</relative_cover>
						</species_description>
						<species_description>
							<tsn>183365</tsn>
							<relative_cover>25</relative_cover>
						</species_description>
						<species_description>
							<tsn>183284</tsn>
							<relative_cover>20</relative_cover>
						</species_description>
						<species_description>
							<tsn>183417</tsn>
							<relative_cover>10</relative_cover>
						</species_description>
					</species>
				</understory>
			</trees>
			<snags>
				<class_1_conifers_with_foliage>
					<percent_cover max="50" min="0" unit="number">0.258621</percent_cover>
					<height_to_crown_base max="50" min="0" unit="feet">33.35</height_to_crown_base>
					<stem_density max="-3" min="-3" unit="number_per_acre">2.55</stem_density>
					<diameter max="-3" min="-3" unit="inches">7</diameter>
					<height max="-3" min="-3" unit="feet">50</height>
					<species>
						<species_description>
							<tsn>183284</tsn>
							<relative_cover>100</relative_cover>
						</species_description>
					</species>
				</class_1_conifers_with_foliage>
				<class_1_all_others>
					<stem_density max="-3" min="-3" unit="number_per_acre">3.4</stem_density>
					<diameter max="-3" min="-3" unit="inches">8</diameter>
					<height max="-3" min="-3" unit="feet">35</height>
					<species>
						<species_description>
							<tsn>183284</tsn>
							<relative_cover>100</relative_cover>
						</species_description>
					</species>
				</class_1_all_others>
				<class_2>
					<stem_density unit="number_per_acre">0.0</stem_density>
					<diameter unit="inches" />
					<height unit="feet" />
					<species />
				</class_2>
				<class_3>
					<stem_density unit="number_per_acre">0.0</stem_density>
					<diameter unit="inches" />
					<height unit="feet" />
					<species />
				</class_3>
			</snags>
			<ladder_fuels>
				<minimum_height max="40" min="0.5" unit="feet">0</minimum_height>
				<maximum_height max="70" min="1" unit="feet">5</maximum_height>
				<is_vertically_contiguous>0</is_vertically_contiguous>
				<type>7</type>
			</ladder_fuels>
		</canopy>
		<shrubs>
			<primary_layer>
				<percent_cover max="40" min="0" unit="number">29.700000000000003</percent_cover>
				<height max="8" min="0.2" unit="feet">2</height>
				<percent_live max="100" min="80" unit="number">84.15</percent_live>
				<species>
					<species_description>
						<tsn>25290</tsn>
						<relative_cover>35</relative_cover>
					</species_description>
					<species_description>
						<tsn>25109</tsn>
						<relative_cover>20</relative_cover>
					</species_description>
					<species_description>
						<tsn>25177</tsn>
						<relative_cover>20</relative_cover>
					</species_description>
					<species_description>
						<tsn>25331</tsn>
						<relative_cover>15</relative_cover>
					</species_description>
					<species_description>
						<tsn>18835</tsn>
						<relative_cover>10</relative_cover>
					</species_description>
				</species>
			</primary_layer>
			<secondary_layer>
				<percent_cover unit="number">0.0</percent_cover>
				<height unit="feet" />
				<percent_live unit="number">0.0</percent_live>
				<species />
			</secondary_layer>
			<needle_drape>
				<is_sufficient_to_affect_fire_behavior>0</is_sufficient_to_affect_fire_behavior>
			</needle_drape>
		</shrubs>
		<herbaceous>
			<primary_layer>
				<percent_cover max="35" min="3" unit="number">44.0</percent_cover>
				<height max="5" min="0.7" unit="feet">0.8</height>
				<loading max="0.1" min="0" unit="tons_per_acre">0.165</loading>
				<percent_live max="100" min="80" unit="number">90</percent_live>
				<species>
					<species_description>
						<tsn>40540</tsn>
						<relative_cover>45</relative_cover>
					</species_description>
					<species_description>
						<tsn>36818</tsn>
						<relative_cover>8</relative_cover>
					</species_description>
					<species_description>
						<tsn>39613</tsn>
						<relative_cover>32</relative_cover>
					</species_description>
					<species_description>
						<tsn>40816</tsn>
						<relative_cover>15</relative_cover>
					</species_description>
				</species>
			</primary_layer>
			<secondary_layer>
				<percent_cover unit="number">0.0</percent_cover>
				<height unit="feet" />
				<loading unit="tons_per_acre">0.0</loading>
				<percent_live unit="number" />
				<species />
			</secondary_layer>
		</herbaceous>
		<woody_fuel>
			<all_downed_woody_fuel>
				<total_percent_cover max="100" min="80" unit="number">37.5</total_percent_cover>
				<depth max="8" min="0.5" unit="inches">0.28125</depth>
			</all_downed_woody_fuel>
			<sound_wood>
				<all_sound_wood>
					<species />
				</all_sound_wood>
				<loadings_zero_to_three_inches>
					<zero_to_quarter_inch max="2" min="0.3" unit="tons_per_acre">0.11250000000000002</zero_to_quarter_inch>
					<quarter_inch_to_one_inch max="6" min="0.5" unit="tons_per_acre">0.5625</quarter_inch_to_one_inch>
					<one_to_three_inches max="6" min="0.5" unit="tons_per_acre">0.9000000000000001</one_to_three_inches>
				</loadings_zero_to_three_inches>
				<loadings_greater_than_three_inches>
					<three_to_nine_inches max="8" min="0" unit="tons_per_acre">0.6000000000000001</three_to_nine_inches>
					<nine_to_twenty_inches max="10" min="0" unit="tons_per_acre">1.275</nine_to_twenty_inches>
					<greater_than_twenty_inches max="20" min="0" unit="tons_per_acre">0.0</greater_than_twenty_inches>
				</loadings_greater_than_three_inches>
			</sound_wood>
			<rotten_wood>
				<all_rotten_wood>
					<species>
						<species_description>
							<tsn>183365</tsn>
							<relative_cover>40</relative_cover>
						</species_description>
						<species_description>
							<tsn>183424</tsn>
							<relative_cover>50</relative_cover>
						</species_description>
						<species_description>
							<tsn>183284</tsn>
							<relative_cover>10</relative_cover>
						</species_description>
					</species>
				</all_rotten_wood>
				<loadings_greater_than_three_inches>
					<three_to_nine_inches max="10" min="0" unit="tons_per_acre">1.9</three_to_nine_inches>
					<nine_to_twenty_inches max="12" min="0" unit="tons_per_acre">7.5249999999999995</nine_to_twenty_inches>
					<greater_than_twenty_inches max="25" min="0" unit="tons_per_acre">3.2</greater_than_twenty_inches>
				</loadings_greater_than_three_inches>
			</rotten_wood>
			<stumps>
				<sound>
					<stem_density max="-3" min="-3" unit="number_per_acre">179</stem_density>
					<diameter max="-3" min="-3" unit="inches">5</diameter>
					<height max="-3" min="-3" unit="feet">0.33</height>
					<species>
						<species_description>
							<tsn>183424</tsn>
							<relative_cover>20</relative_cover>
						</species_description>
						<species_description>
							<tsn>183365</tsn>
							<relative_cover>20</relative_cover>
						</species_description>
						<species_description>
							<tsn>183284</tsn>
							<relative_cover>60</relative_cover>
						</species_description>
					</species>
				</sound>
				<rotten>
					<stem_density max="-3" min="-3" unit="number_per_acre">50</stem_density>
					<diameter max="-3" min="-3" unit="inches">10</diameter>
					<height max="-3" min="-3" unit="feet">2</height>
					<species>
						<species_description>
							<tsn>183424</tsn>
							<relative_cover>38</relative_cover>
						</species_description>
						<species_description>
							<tsn>183365</tsn>
							<relative_cover>20</relative_cover>
						</species_description>
						<species_description>
							<tsn>183284</tsn>
							<relative_cover>21</relative_cover>
						</species_description>
						<species_description>
							<tsn>183417</tsn>
							<relative_cover>21</relative_cover>
						</species_description>
					</species>
				</rotten>
				<lightered_pitchy>
					<stem_density unit="number_per_acre" />
					<diameter unit="inches" />
					<height unit="feet" />
					<species />
				</lightered_pitchy>
			</stumps>
		</woody_fuel>
		<moss_lichen_litter>
			<moss>
				<type />
				<percent_cover unit="number" />
				<depth unit="inches" />
			</moss>
			<ground_lichen>
				<percent_cover unit="number" />
				<depth unit="inches" />
			</ground_lichen>
			<litter>
				<percent_cover max="100" min="80" unit="number">100</percent_cover>
				<depth max="2" min="0.1" unit="inches">0.625</depth>
				<arrangement>1</arrangement>
				<litter_type>
					<short_needle_pine>
						<relative_cover />
					</short_needle_pine>
					<long_needle_pine>
						<relative_cover>20.0</relative_cover>
					</long_needle_pine>
					<other_conifer>
						<relative_cover />
					</other_conifer>
					<broadleaf_deciduous>
						<relative_cover>20.0</relative_cover>
					</broadleaf_deciduous>
					<broadleaf_evergreen>
						<relative_cover>55.0</relative_cover>
					</broadleaf_evergreen>
					<palm_frond>
						<relative_cover />
					</palm_frond>
					<grass>
						<relative_cover>5.0</relative_cover>
					</grass>
				</litter_type>
			</litter>
		</moss_lichen_litter>
		<ground_fuel>
			<duff>
				<upper>
					<depth max="2" min="0.1" unit="inches">0.5</depth>
					<percent_cover max="100" min="80" unit="number">100</percent_cover>
					<derivation>1</derivation>
				</upper>
				<lower>
					<depth max="6" min="0.1" unit="inches">0.1</depth>
					<percent_cover max="100" min="80" unit="number">90</percent_cover>
					<derivation>3</derivation>
				</lower>
			</duff>
			<squirrel_middens>
				<depth unit="inches" />
				<radius unit="feet" />
				<number_per_unit_area unit="number_per_acre" />
			</squirrel_middens>
			<basal_accumulation>
				<depth unit="inches" />
				<radius unit="feet" />
				<number_per_unit_area unit="number_per_acre" />
				<type />
			</basal_accumulation>
		</ground_fuel>
	</fuelbed>
</FCCS_file>
