<?xml version="1.0"?>
<FCCS_file xmlns:xsi="http://www.w3.org/2001/XMLSchema-instance" schemaVersion="1.4" xsi:schemaLocation="conf\\us.fed.fs.fera.fccs.xsd">
	<fuelbed_number>5099_533</fuelbed_number>
	<fuelbed_name>PP (eWA)|25-40yr|No midstory density</fuelbed_name>
	<fuelbed_description>Eastern Washington ponderosa pine forest. Established 25 to 40 years ago by clearcutting and prescribed burning, or wildfire and salvage logging. High-density.</fuelbed_description>
	<ecoregion>340,330</ecoregion>
	<vegetation_form>2</vegetation_form>
	<structural_class>3</structural_class>
	<cover_type>151,152</cover_type>
	<change_agent>18</change_agent>
	<natural_fire_regime>1</natural_fire_regime>
	<condition_class>3</condition_class>
	<user_name>Tom Leuschen</user_name>
	<address>PO Box 664
Twisp, WA 98856</address>
	<affiliation>Fire Vision LLC contract consultant</affiliation>
	<phone>509-997-5052</phone>
	<file_owner_email>tom@firevisionllc.com</file_owner_email>
	<notes>Created through a cooperative effort with Richy Harrod, Jim Bailey, John Barnes, and Rick Lind from the Okanogan &amp; Wenatchee NF.
Reference:
Used OW 123 for stand density; OW128 for size and shrubs; OW126 for stumps; OW120 &amp; 123 for woody fuel loads.</notes>
	<date_collected>Sep 12, 2011</date_collected>
	<fuelbed_confidence />
	<fuelbed>
		<canopy>
			<trees>
				<total_percent_cover max="75" min="40" unit="number">13.5</total_percent_cover>
				<overstory>
					<percent_cover max="80" min="1" unit="number">2.25</percent_cover>
					<height max="121" min="20" unit="feet">105</height>
					<height_to_live_crown max="43" min="4" unit="feet">39.0</height_to_live_crown>
					<stem_density max="300" min="3" unit="number_per_acre">2.25</stem_density>
					<diameter_at_breast_height max="33" min="3.3" unit="inches">24</diameter_at_breast_height>
					<species>
						<species_description>
							<tsn>183424</tsn>
							<relative_cover>78</relative_cover>
						</species_description>
						<species_description>
							<tsn>183365</tsn>
							<relative_cover>22</relative_cover>
						</species_description>
					</species>
				</overstory>
				<midstory>
					<percent_cover unit="number">0.0</percent_cover>
					<height unit="feet" />
					<height_to_live_crown unit="feet">0.0</height_to_live_crown>
					<stem_density unit="number_per_acre">0.0</stem_density>
					<diameter_at_breast_height unit="inches" />
					<species />
				</midstory>
				<understory>
					<percent_cover max="70" min="5" unit="number">50</percent_cover>
					<height max="21" min="1" unit="feet">15</height>
					<height_to_live_crown max="13" min="0" unit="feet">7</height_to_live_crown>
					<stem_density max="1500" min="20" unit="number_per_acre">1000</stem_density>
					<diameter_at_breast_height max="3" min="0.1" unit="inches">3</diameter_at_breast_height>
					<species>
						<species_description>
							<tsn>183424</tsn>
							<relative_cover>75</relative_cover>
						</species_description>
						<species_description>
							<tsn>183365</tsn>
							<relative_cover>25</relative_cover>
						</species_description>
					</species>
				</understory>
			</trees>
			<snags>
				<class_1_conifers_with_foliage>
					<percent_cover unit="number"></percent_cover>
					<height_to_crown_base unit="feet"></height_to_crown_base>
					<stem_density unit="number_per_acre"></stem_density>
					<diameter unit="inches"></diameter>
					<height unit="feet"></height>
					<species />
				</class_1_conifers_with_foliage>
				<class_1_all_others>
					<stem_density unit="number_per_acre">7.75</stem_density>
					<diameter unit="inches">24.0</diameter>
					<height unit="feet">105</height>
					<species />
				</class_1_all_others>
				<class_2>
					<stem_density max="-3" min="-3" unit="number_per_acre">7.5</stem_density>
					<diameter max="-3" min="-3" unit="inches">24.0</diameter>
					<height max="-3" min="-3" unit="feet">105</height>
					<species>
						<species_description>
							<tsn>183365</tsn>
							<relative_cover>100</relative_cover>
						</species_description>
					</species>
				</class_2>
				<class_3>
					<stem_density max="-3" min="-3" unit="number_per_acre"></stem_density>
					<diameter max="-3" min="-3" unit="inches"></diameter>
					<height max="-3" min="-3" unit="feet"></height>
					<species>
						<species_description>
							<tsn>183365</tsn>
							<relative_cover>100</relative_cover>
						</species_description>
					</species>
				</class_3>
			</snags>
			<ladder_fuels>
				<minimum_height max="-3" min="-3" unit="feet">7</minimum_height>
				<maximum_height max="-3" min="-3" unit="feet">15</maximum_height>
				<is_vertically_contiguous />
				<type>7</type>
			</ladder_fuels>
		</canopy>
		<shrubs>
			<primary_layer>
				<percent_cover max="70" min="4" unit="number">37.5</percent_cover>
				<height max="6" min="1" unit="feet">2</height>
				<percent_live max="80" min="20" unit="number">30</percent_live>
				<species>
					<species_description>
						<tsn>28517</tsn>
						<relative_cover>80</relative_cover>
					</species_description>
					<species_description>
						<tsn>25290</tsn>
						<relative_cover>20</relative_cover>
					</species_description>
				</species>
			</primary_layer>
			<secondary_layer>
				<percent_cover unit="number">0.0</percent_cover>
				<height unit="feet" />
				<percent_live unit="number" />
				<species />
			</secondary_layer>
			<needle_drape>
				<is_sufficient_to_affect_fire_behavior>1</is_sufficient_to_affect_fire_behavior>
			</needle_drape>
		</shrubs>
		<herbaceous>
			<primary_layer>
				<percent_cover max="40" min="1" unit="number">28.0</percent_cover>
				<height max="4" min="0.1" unit="feet">0.6</height>
				<loading max="1" min="0.2" unit="tons_per_acre">0.06999999999999999</loading>
				<percent_live max="99" min="75" unit="number">90</percent_live>
				<species>
					<species_description>
						<tsn>40540</tsn>
						<relative_cover>20</relative_cover>
					</species_description>
					<species_description>
						<tsn>36818</tsn>
						<relative_cover>30</relative_cover>
					</species_description>
					<species_description>
						<tsn>35423</tsn>
						<relative_cover>20</relative_cover>
					</species_description>
					<species_description>
						<tsn>504637</tsn>
						<relative_cover>30</relative_cover>
					</species_description>
				</species>
			</primary_layer>
			<secondary_layer>
				<percent_cover unit="number">0.0</percent_cover>
				<height unit="feet" />
				<loading unit="tons_per_acre">0.0</loading>
				<percent_live unit="number" />
				<species />
			</secondary_layer>
		</herbaceous>
		<woody_fuel>
			<all_downed_woody_fuel>
				<total_percent_cover max="90" min="12" unit="number">100</total_percent_cover>
				<depth max="5" min="0.02" unit="inches">1.75</depth>
			</all_downed_woody_fuel>
			<sound_wood>
				<all_sound_wood>
					<species>
						<species_description>
							<tsn>183365</tsn>
							<relative_cover>100</relative_cover>
						</species_description>
					</species>
				</all_sound_wood>
				<loadings_zero_to_three_inches>
					<zero_to_quarter_inch max="1" min="0" unit="tons_per_acre">1.5</zero_to_quarter_inch>
					<quarter_inch_to_one_inch max="2" min="0.1" unit="tons_per_acre">3.4124999999999996</quarter_inch_to_one_inch>
					<one_to_three_inches max="4" min="0.5" unit="tons_per_acre">6.5625</one_to_three_inches>
				</loadings_zero_to_three_inches>
				<loadings_greater_than_three_inches>
					<three_to_nine_inches max="3.4" min="0" unit="tons_per_acre">4.0</three_to_nine_inches>
					<nine_to_twenty_inches max="7.7" min="0" unit="tons_per_acre">4.6</nine_to_twenty_inches>
					<greater_than_twenty_inches max="3.2" min="0" unit="tons_per_acre">4.0</greater_than_twenty_inches>
				</loadings_greater_than_three_inches>
			</sound_wood>
			<rotten_wood>
				<all_rotten_wood>
					<species>
						<species_description>
							<tsn>183365</tsn>
							<relative_cover>100.00</relative_cover>
						</species_description>
					</species>
				</all_rotten_wood>
				<loadings_greater_than_three_inches>
					<three_to_nine_inches max="16" min="1" unit="tons_per_acre">3.75</three_to_nine_inches>
					<nine_to_twenty_inches max="24" min="1" unit="tons_per_acre">0.575</nine_to_twenty_inches>
					<greater_than_twenty_inches max="10" min="1" unit="tons_per_acre">0.0</greater_than_twenty_inches>
				</loadings_greater_than_three_inches>
			</rotten_wood>
			<stumps>
				<sound>
					<stem_density max="-3" min="-3" unit="number_per_acre">48</stem_density>
					<diameter max="-3" min="-3" unit="inches">21</diameter>
					<height max="-3" min="-3" unit="feet">1</height>
					<species>
						<species_description>
							<tsn>183365</tsn>
							<relative_cover>100</relative_cover>
						</species_description>
					</species>
				</sound>
				<rotten>
					<stem_density unit="number_per_acre" />
					<diameter unit="inches" />
					<height unit="feet" />
					<species />
				</rotten>
				<lightered_pitchy>
					<stem_density unit="number_per_acre" />
					<diameter unit="inches" />
					<height unit="feet" />
					<species />
				</lightered_pitchy>
			</stumps>
		</woody_fuel>
		<moss_lichen_litter>
			<moss>
				<type />
				<percent_cover unit="number" />
				<depth unit="inches" />
			</moss>
			<ground_lichen>
				<percent_cover unit="number" />
				<depth unit="inches" />
			</ground_lichen>
			<litter>
				<percent_cover max="100" min="90" unit="number">50.0</percent_cover>
				<depth max="1.5" min="0.5" unit="inches">1.0</depth>
				<arrangement>1</arrangement>
				<litter_type>
					<short_needle_pine>
						<relative_cover />
					</short_needle_pine>
					<long_needle_pine>
						<relative_cover>80.0</relative_cover>
					</long_needle_pine>
					<other_conifer>
						<relative_cover />
					</other_conifer>
					<broadleaf_deciduous>
						<relative_cover />
					</broadleaf_deciduous>
					<broadleaf_evergreen>
						<relative_cover>10.0</relative_cover>
					</broadleaf_evergreen>
					<palm_frond>
						<relative_cover />
					</palm_frond>
					<grass>
						<relative_cover>10.0</relative_cover>
					</grass>
				</litter_type>
			</litter>
		</moss_lichen_litter>
		<ground_fuel>
			<duff>
				<upper>
					<depth max="1.5" min="0.25" unit="inches">0.26</depth>
					<percent_cover max="70" min="30" unit="number">100</percent_cover>
					<derivation>1</derivation>
				</upper>
				<lower>
					<depth max="1.5" min="0.75" unit="inches">0.1</depth>
					<percent_cover max="70" min="30" unit="number">10</percent_cover>
					<derivation>3</derivation>
				</lower>
			</duff>
			<squirrel_middens>
				<depth unit="inches" />
				<radius unit="feet" />
				<number_per_unit_area unit="number_per_acre" />
			</squirrel_middens>
			<basal_accumulation>
				<depth unit="inches" />
				<radius unit="feet" />
				<number_per_unit_area unit="number_per_acre" />
				<type />
			</basal_accumulation>
		</ground_fuel>
	</fuelbed>
</FCCS_file>
