<?xml version="1.0"?>
<FCCS_file xmlns:xsi="http://www.w3.org/2001/XMLSchema-instance" schemaVersion="1.4" xsi:noNamespaceSchemaLocation="cash.xsd">
	<fuelbed_number>5446_122</fuelbed_number>
	<fuelbed_name>SB RB|0-10yr|Rx or WF</fuelbed_name>
	<fuelbed_description>Sagebrush shrubland less than 10 years after prescribed fire or wildfire. </fuelbed_description>
	<ecoregion>340,330</ecoregion>
	<vegetation_form>6</vegetation_form>
	<structural_class />
	<cover_type>186,187,197,198,199</cover_type>
	<change_agent>8,30</change_agent>
	<natural_fire_regime>2</natural_fire_regime>
	<condition_class>2</condition_class>
	<user_name>Anne G. Andreu</user_name>
	<address />
	<affiliation />
	<phone>863-682-7636</phone>
	<file_owner_email>agandreu@u.washington.edu</file_owner_email>
	<notes>Base fuelbed: FCCS060. Updated  species composition with info from PACOPZ pgs 25, 26. Also used photoseries SB03 and SB04. AA - edited name and description May 2009.</notes>
	<date_collected>May 7, 2009</date_collected>
	<fuelbed_confidence />
	<fuelbed>
		<canopy>
			<trees>
				<total_percent_cover unit="number">0.0</total_percent_cover>
				<overstory>
					<percent_cover unit="number">0.0</percent_cover>
					<height unit="feet" />
					<height_to_live_crown unit="feet">0.0</height_to_live_crown>
					<stem_density unit="number_per_acre">0.0</stem_density>
					<diameter_at_breast_height unit="inches" />
					<species />
				</overstory>
				<midstory>
					<percent_cover unit="number">0.0</percent_cover>
					<height unit="feet" />
					<height_to_live_crown unit="feet">0.0</height_to_live_crown>
					<stem_density unit="number_per_acre">0.0</stem_density>
					<diameter_at_breast_height unit="inches" />
					<species />
				</midstory>
				<understory>
					<percent_cover unit="number">0.0</percent_cover>
					<height unit="feet" />
					<height_to_live_crown unit="feet">0.0</height_to_live_crown>
					<stem_density unit="number_per_acre">0.0</stem_density>
					<diameter_at_breast_height unit="inches" />
					<species />
				</understory>
			</trees>
			<snags>
				<class_1_conifers_with_foliage>
					<percent_cover unit="number">0.0</percent_cover>
					<height_to_crown_base unit="feet" />
					<stem_density unit="number_per_acre">0.0</stem_density>
					<diameter unit="inches">0</diameter>
					<height unit="feet" />
					<species />
				</class_1_conifers_with_foliage>
				<class_1_all_others>
					<stem_density unit="number_per_acre">0.0</stem_density>
					<diameter unit="inches">0</diameter>
					<height unit="feet"></height>
					<species />
				</class_1_all_others>
				<class_2>
					<stem_density unit="number_per_acre">0.0</stem_density>
					<diameter unit="inches">0</diameter>
					<height unit="feet"></height>
					<species />
				</class_2>
				<class_3>
					<stem_density unit="number_per_acre"></stem_density>
					<diameter unit="inches"></diameter>
					<height unit="feet"></height>
					<species />
				</class_3>
			</snags>
			<ladder_fuels>
				<minimum_height unit="feet" />
				<maximum_height unit="feet" />
				<is_vertically_contiguous />
				<type />
			</ladder_fuels>
		</canopy>
		<shrubs>
			<primary_layer>
				<percent_cover max="50" min="0" unit="number">6.0</percent_cover>
				<height max="3" min="0" unit="feet">0.75</height>
				<loading unit="tons_per_acre" />
				<percent_live max="80" min="0" unit="number">35.0</percent_live>
				<species>
					<species_description>
						<tsn>35431</tsn>
						<relative_cover>65.00</relative_cover>
					</species_description>
					<species_description>
						<tsn>37048</tsn>
						<relative_cover>35.00</relative_cover>
					</species_description>
				</species>
			</primary_layer>
			<secondary_layer>
				<percent_cover unit="number">0.0</percent_cover>
				<height unit="feet">0.0</height>
				<loading unit="tons_per_acre" />
				<percent_live unit="number">0.0</percent_live>
				<species />
			</secondary_layer>
			<needle_drape>
				<is_sufficient_to_affect_fire_behavior>0</is_sufficient_to_affect_fire_behavior>
			</needle_drape>
		</shrubs>
		<herbaceous>
			<primary_layer>
				<percent_cover max="90" min="15" unit="number">40.0</percent_cover>
				<height max="2" min="0.1" reference_id="1337" unit="feet">0.6</height>
				<loading max="2" min="0" unit="tons_per_acre">0.3</loading>
				<percent_live max="90" min="20" unit="number">75.0</percent_live>
				<species>
					<species_description>
						<tsn>40524</tsn>
						<relative_cover>10</relative_cover>
					</species_description>
					<species_description>
						<tsn>41103</tsn>
						<relative_cover>15.00</relative_cover>
					</species_description>
					<species_description>
						<tsn>40816</tsn>
						<relative_cover>35</relative_cover>
					</species_description>
					<species_description>
						<tsn>504637</tsn>
						<relative_cover>35</relative_cover>
					</species_description>
					<species_description>
						<tsn>502264</tsn>
						<relative_cover>5</relative_cover>
					</species_description>
				</species>
			</primary_layer>
			<secondary_layer>
				<percent_cover unit="number">0.0</percent_cover>
				<height unit="feet">0.0</height>
				<loading unit="tons_per_acre">0.0</loading>
				<percent_live unit="number">0.0</percent_live>
				<species />
			</secondary_layer>
		</herbaceous>
		<woody_fuel>
			<all_downed_woody_fuel>
				<total_percent_cover unit="number">0.0</total_percent_cover>
				<depth unit="inches">0.0</depth>
			</all_downed_woody_fuel>
			<sound_wood>
				<all_sound_wood>
					<species />
				</all_sound_wood>
				<loadings_zero_to_three_inches>
					<zero_to_quarter_inch unit="tons_per_acre">0.0</zero_to_quarter_inch>
					<quarter_inch_to_one_inch unit="tons_per_acre">0.0</quarter_inch_to_one_inch>
					<one_to_three_inches unit="tons_per_acre">0.0</one_to_three_inches>
				</loadings_zero_to_three_inches>
				<loadings_greater_than_three_inches>
					<three_to_nine_inches unit="tons_per_acre">0.0</three_to_nine_inches>
					<nine_to_twenty_inches unit="tons_per_acre">0.0</nine_to_twenty_inches>
					<greater_than_twenty_inches unit="tons_per_acre">0.0</greater_than_twenty_inches>
				</loadings_greater_than_three_inches>
			</sound_wood>
			<rotten_wood>
				<all_rotten_wood>
					<species />
				</all_rotten_wood>
				<loadings_greater_than_three_inches>
					<three_to_nine_inches unit="tons_per_acre">0.0</three_to_nine_inches>
					<nine_to_twenty_inches unit="tons_per_acre">0.0</nine_to_twenty_inches>
					<greater_than_twenty_inches unit="tons_per_acre">0.0</greater_than_twenty_inches>
				</loadings_greater_than_three_inches>
			</rotten_wood>
			<stumps>
				<sound>
					<stem_density unit="number_per_acre" />
					<diameter unit="inches" />
					<height unit="feet" />
					<species />
				</sound>
				<rotten>
					<stem_density unit="number_per_acre">0.0</stem_density>
					<diameter unit="inches">0.0</diameter>
					<height unit="feet">0.0</height>
					<species />
				</rotten>
				<lightered_pitchy>
					<stem_density unit="number_per_acre">0.0</stem_density>
					<diameter unit="inches">0.0</diameter>
					<height unit="feet">0.0</height>
					<species />
				</lightered_pitchy>
			</stumps>
		</woody_fuel>
		<moss_lichen_litter>
			<moss>
				<type />
				<percent_cover unit="number">0.0</percent_cover>
				<depth unit="inches">0.0</depth>
			</moss>
			<ground_lichen>
				<percent_cover unit="number">0.0</percent_cover>
				<depth unit="inches">0.0</depth>
			</ground_lichen>
			<litter>
				<percent_cover max="20" min="0.4" unit="number">1.5</percent_cover>
				<depth max="3" min="0.1" unit="inches">0.1</depth>
				<arrangement>1</arrangement>
				<litter_type>
					<short_needle_pine>
						<relative_cover />
					</short_needle_pine>
					<long_needle_pine>
						<relative_cover />
					</long_needle_pine>
					<other_conifer>
						<relative_cover />
					</other_conifer>
					<broadleaf_deciduous>
						<relative_cover />
					</broadleaf_deciduous>
					<broadleaf_evergreen>
						<relative_cover />
					</broadleaf_evergreen>
					<palm_frond>
						<relative_cover />
					</palm_frond>
					<grass>
						<relative_cover>100.00</relative_cover>
					</grass>
				</litter_type>
			</litter>
		</moss_lichen_litter>
		<ground_fuel>
			<duff>
				<upper>
					<depth unit="inches">0.0</depth>
					<percent_cover unit="number">0.0</percent_cover>
					<derivation />
				</upper>
				<lower>
					<depth unit="inches">0.0</depth>
					<percent_cover unit="number">0.0</percent_cover>
					<derivation />
				</lower>
			</duff>
			<squirrel_middens>
				<depth unit="inches">0.0</depth>
				<radius unit="feet">0.0</radius>
				<number_per_unit_area unit="number_per_acre">0.0</number_per_unit_area>
			</squirrel_middens>
			<basal_accumulation>
				<depth unit="inches">0.0</depth>
				<radius unit="feet">0.0</radius>
				<number_per_unit_area unit="number_per_acre">0.0</number_per_unit_area>
				<type />
			</basal_accumulation>
		</ground_fuel>
	</fuelbed>
</FCCS_file>
