<?xml version="1.0"?>
<FCCS_file xmlns:xsi="http://www.w3.org/2001/XMLSchema-instance" schemaVersion="1.4" xsi:schemaLocation="/conf/\us.fed.fs.fera.fccs.xsd">
	<fuelbed_number>5323_233</fuelbed_number>
	<fuelbed_name>NF DF WH|90+yr|SC</fuelbed_name>
	<fuelbed_description>Noble fir, Douglas-fir, and western hemlock forest. Occurs at mid to high elevations throughout much of the Cascade Range. Established over 90 years ago following wildfire and salvage logging. Recent thin.</fuelbed_description>
	<ecoregion>240,260,340,330</ecoregion>
	<vegetation_form>2</vegetation_form>
	<structural_class>1</structural_class>
	<cover_type>113,137</cover_type>
	<change_agent>12</change_agent>
	<natural_fire_regime>4</natural_fire_regime>
	<condition_class>1</condition_class>
	<user_name>Tom Leuschen, Roger Ottmar</user_name>
	<address>PWFSL, Seattle</address>
	<affiliation>PNW Reserach Station</affiliation>
	<phone>206-732-7826</phone>
	<file_owner_email>rottmar@fs.fed.us</file_owner_email>
	<notes>Used Central Oregon fuelbed NF0008 and grew trees, removed trees from overstory. AA - Changed shrub and nonwoody species based on ABAM wet series (ABAM/ASCA3 &amp; ABAM/CLUN) from Simpson, 2007. Forested Plant Associations of the Oregon East Cascades. AA - edited name and description May 2009.</notes>
	<date_collected>Aug 22, 2012</date_collected>
	<fuelbed_confidence />
	<fuelbed>
		<canopy>
			<trees>
				<total_percent_cover max="97" min="25" unit="number">16.5</total_percent_cover>
				<overstory>
					<percent_cover max="5" min="0" unit="number">5.0</percent_cover>
					<height max="110" min="17" unit="feet">90</height>
					<height_to_live_crown max="40" min="3" unit="feet">22.5</height_to_live_crown>
					<stem_density max="72" min="0" unit="number_per_acre">6.25</stem_density>
					<diameter_at_breast_height max="25" min="4.5" unit="inches">25.0</diameter_at_breast_height>
					<species>
						<species_description>
							<tsn>181835</tsn>
							<relative_cover>30</relative_cover>
						</species_description>
						<species_description>
							<tsn>183424</tsn>
							<relative_cover>70</relative_cover>
						</species_description>
					</species>
				</overstory>
				<midstory>
					<percent_cover max="75" min="25" unit="number">5.0</percent_cover>
					<height max="70" min="30" unit="feet">70</height>
					<height_to_live_crown max="60" min="5" unit="feet">7.5</height_to_live_crown>
					<stem_density max="600" min="100" unit="number_per_acre">6.25</stem_density>
					<diameter_at_breast_height max="18" min="8" unit="inches">17.5</diameter_at_breast_height>
					<species>
						<species_description>
							<tsn>181835</tsn>
							<relative_cover>20</relative_cover>
						</species_description>
						<species_description>
							<tsn>183424</tsn>
							<relative_cover>80</relative_cover>
						</species_description>
					</species>
				</midstory>
				<understory>
					<percent_cover max="65" min="5" unit="number">0.0</percent_cover>
					<height max="30" min="1" unit="feet">0.0</height>
					<height_to_live_crown max="6" min="0.5" unit="feet">0.0</height_to_live_crown>
					<stem_density max="2300" min="580" unit="number_per_acre">0.0</stem_density>
					<diameter_at_breast_height max="6" min="0.5" unit="inches">0.0</diameter_at_breast_height>
					<species>
						<species_description>
							<tsn>181835</tsn>
							<relative_cover>30</relative_cover>
						</species_description>
						<species_description>
							<tsn>183424</tsn>
							<relative_cover>70</relative_cover>
						</species_description>
					</species>
				</understory>
			</trees>
			<snags>
				<class_1_conifers_with_foliage>
					<percent_cover unit="number" />
					<height_to_crown_base unit="feet" />
					<stem_density unit="number_per_acre" />
					<diameter unit="inches" />
					<height unit="feet" />
					<species />
				</class_1_conifers_with_foliage>
				<class_1_all_others>
					<stem_density max="-3" min="-3" unit="number_per_acre">1</stem_density>
					<diameter max="-3" min="-3" unit="inches">15</diameter>
					<height max="-3" min="-3" unit="feet">30</height>
					<species>
						<species_description>
							<tsn>181835</tsn>
							<relative_cover>70</relative_cover>
						</species_description>
						<species_description>
							<tsn>183424</tsn>
							<relative_cover>30</relative_cover>
						</species_description>
					</species>
				</class_1_all_others>
				<class_2>
					<stem_density max="30" min="0" unit="number_per_acre">3</stem_density>
					<diameter max="60" min="2.5" unit="inches">15</diameter>
					<height max="90" min="30" unit="feet">20</height>
					<species>
						<species_description>
							<tsn>181835</tsn>
							<relative_cover>70</relative_cover>
						</species_description>
						<species_description>
							<tsn>183424</tsn>
							<relative_cover>30</relative_cover>
						</species_description>
					</species>
				</class_2>
				<class_3>
					<stem_density max="15" min="0" unit="number_per_acre">2</stem_density>
					<diameter max="60" min="2.5" unit="inches">15</diameter>
					<height max="80" min="5" unit="feet">10</height>
					<species>
						<species_description>
							<tsn>181835</tsn>
							<relative_cover>70</relative_cover>
						</species_description>
						<species_description>
							<tsn>183424</tsn>
							<relative_cover>30</relative_cover>
						</species_description>
					</species>
				</class_3>
			</snags>
			<ladder_fuels>
				<minimum_height max="15" min="0.5" unit="feet">0</minimum_height>
				<maximum_height max="30" min="1" unit="feet">90</maximum_height>
				<is_vertically_contiguous>1</is_vertically_contiguous>
				<type>2</type>
			</ladder_fuels>
		</canopy>
		<shrubs>
			<primary_layer>
				<percent_cover max="90" min="15" unit="number">19.6875</percent_cover>
				<height max="10" min="1" unit="feet">3.5</height>
				<percent_live max="100" min="60" unit="number">90.0</percent_live>
				<species>
					<species_description>
						<tsn>23601</tsn>
						<relative_cover>35</relative_cover>
					</species_description>
					<species_description>
						<tsn>18825</tsn>
						<relative_cover>35</relative_cover>
					</species_description>
					<species_description>
						<tsn>23769</tsn>
						<relative_cover>15</relative_cover>
					</species_description>
					<species_description>
						<tsn>35314</tsn>
						<relative_cover>15</relative_cover>
					</species_description>
				</species>
			</primary_layer>
			<secondary_layer>
				<percent_cover unit="number">0.0</percent_cover>
				<height unit="feet" />
				<percent_live unit="number">0.0</percent_live>
				<species />
			</secondary_layer>
			<needle_drape>
				<is_sufficient_to_affect_fire_behavior>0</is_sufficient_to_affect_fire_behavior>
			</needle_drape>
		</shrubs>
		<herbaceous>
			<primary_layer>
				<percent_cover max="16" min="0" unit="number">3.9375</percent_cover>
				<height max="2" min="0.5" unit="feet">2.5</height>
				<loading max="4" min="0" unit="tons_per_acre">0.05625000000000001</loading>
				<percent_live max="99" min="65" unit="number">85.0</percent_live>
				<species>
					<species_description>
						<tsn>18813</tsn>
						<relative_cover>45</relative_cover>
					</species_description>
					<species_description>
						<tsn>503656</tsn>
						<relative_cover>15</relative_cover>
					</species_description>
					<species_description>
						<tsn>42905</tsn>
						<relative_cover>15</relative_cover>
					</species_description>
					<species_description>
						<tsn>27816</tsn>
						<relative_cover>25</relative_cover>
					</species_description>
				</species>
			</primary_layer>
			<secondary_layer>
				<percent_cover unit="number">0.0</percent_cover>
				<height unit="feet" />
				<loading unit="tons_per_acre">0.0</loading>
				<percent_live unit="number">0.0</percent_live>
				<species />
			</secondary_layer>
		</herbaceous>
		<woody_fuel>
			<all_downed_woody_fuel>
				<total_percent_cover max="100" min="89" unit="number">37.5</total_percent_cover>
				<depth max="5" min="1" unit="inches">3.0</depth>
			</all_downed_woody_fuel>
			<sound_wood>
				<all_sound_wood>
					<species>
						<species_description>
							<tsn>181835</tsn>
							<relative_cover>70</relative_cover>
						</species_description>
						<species_description>
							<tsn>183424</tsn>
							<relative_cover>30</relative_cover>
						</species_description>
					</species>
				</all_sound_wood>
				<loadings_zero_to_three_inches>
					<zero_to_quarter_inch max="0.7" min="0.3" unit="tons_per_acre">1.125</zero_to_quarter_inch>
					<quarter_inch_to_one_inch max="1.4" min="0.3" unit="tons_per_acre">1.5</quarter_inch_to_one_inch>
					<one_to_three_inches max="2.5" min="0" unit="tons_per_acre">3.75</one_to_three_inches>
				</loadings_zero_to_three_inches>
				<loadings_greater_than_three_inches>
					<three_to_nine_inches max="11.7" min="1.8" unit="tons_per_acre">1.5</three_to_nine_inches>
					<nine_to_twenty_inches max="6.7" min="0" unit="tons_per_acre">3.0</nine_to_twenty_inches>
					<greater_than_twenty_inches max="0.6" min="0" unit="tons_per_acre">0.0</greater_than_twenty_inches>
				</loadings_greater_than_three_inches>
			</sound_wood>
			<rotten_wood>
				<all_rotten_wood>
					<species>
						<species_description>
							<tsn>181835</tsn>
							<relative_cover>70</relative_cover>
						</species_description>
						<species_description>
							<tsn>183424</tsn>
							<relative_cover>30</relative_cover>
						</species_description>
					</species>
				</all_rotten_wood>
				<loadings_greater_than_three_inches>
					<three_to_nine_inches max="11.7" min="1.8" unit="tons_per_acre">2.25</three_to_nine_inches>
					<nine_to_twenty_inches max="6.7" min="1.1" unit="tons_per_acre">3.5</nine_to_twenty_inches>
					<greater_than_twenty_inches max="0.6" min="0" unit="tons_per_acre">0.0</greater_than_twenty_inches>
				</loadings_greater_than_three_inches>
			</rotten_wood>
			<stumps>
				<sound>
					<stem_density max="-3" min="-3" unit="number_per_acre"></stem_density>
					<diameter max="-3" min="-3" unit="inches"></diameter>
					<height max="-3" min="-3" unit="feet"></height>
					<species />
				</sound>
				<rotten>
					<stem_density max="-3" min="-3" unit="number_per_acre">87.5</stem_density>
					<diameter max="-3" min="-3" unit="inches">12</diameter>
					<height max="-3" min="-3" unit="feet">1</height>
					<species>
						<species_description>
							<tsn>181835</tsn>
							<relative_cover>30</relative_cover>
						</species_description>
						<species_description>
							<tsn>183424</tsn>
							<relative_cover>70</relative_cover>
						</species_description>
					</species>
				</rotten>
				<lightered_pitchy>
					<stem_density unit="number_per_acre" />
					<diameter unit="inches" />
					<height unit="feet" />
					<species />
				</lightered_pitchy>
			</stumps>
			<piles>
				<clean_loading unit="tons_per_acre">0.126949</clean_loading>
				<dirty_loading unit="tons_per_acre">0.000000</dirty_loading>
				<verydirty_loading unit="tons_per_acre">0.000000</verydirty_loading>
				<pileData>
					<header>pileGroupID,pileGroupName,numPiles,pileType,pileShape,W1,L1,H1,W2,L2,H2,soilPercent,packingRatio,handPileSpecies,species1_TSN,species1_percent,species2_TSN,species2_percent,pileQuality,percentConsumed</header>
					<pileGroups>
						<pileGroup>2,,2,1,5,4.00,10.00,3.50,,,,,,2,,,,,,90</pileGroup>
					</pileGroups>
				</pileData>
			</piles>
		</woody_fuel>
		<moss_lichen_litter>
			<moss>
				<type />
				<percent_cover unit="number" />
				<depth unit="inches" />
			</moss>
			<ground_lichen>
				<percent_cover unit="number" />
				<depth unit="inches" />
			</ground_lichen>
			<litter>
				<percent_cover max="80" min="20" unit="number">100</percent_cover>
				<depth max="1" min="0.1" unit="inches">1.2249999999999999</depth>
				<arrangement>1</arrangement>
				<litter_type>
					<short_needle_pine>
						<relative_cover />
					</short_needle_pine>
					<long_needle_pine>
						<relative_cover />
					</long_needle_pine>
					<other_conifer>
						<relative_cover>90.0</relative_cover>
					</other_conifer>
					<broadleaf_deciduous>
						<relative_cover />
					</broadleaf_deciduous>
					<broadleaf_evergreen>
						<relative_cover>10.0</relative_cover>
					</broadleaf_evergreen>
					<palm_frond>
						<relative_cover />
					</palm_frond>
					<grass>
						<relative_cover />
					</grass>
				</litter_type>
			</litter>
		</moss_lichen_litter>
		<ground_fuel>
			<duff>
				<upper>
					<depth max="2" min="0.5" unit="inches">0.7</depth>
					<percent_cover max="99" min="75" unit="number">100</percent_cover>
					<derivation>1</derivation>
				</upper>
				<lower>
					<depth max="2.5" min="0.4" unit="inches">0.5</depth>
					<percent_cover max="100" min="89" unit="number">90</percent_cover>
					<derivation>3</derivation>
				</lower>
			</duff>
			<squirrel_middens>
				<depth unit="inches" />
				<radius unit="feet" />
				<number_per_unit_area unit="number_per_acre" />
			</squirrel_middens>
			<basal_accumulation>
				<depth unit="inches" />
				<radius unit="feet" />
				<number_per_unit_area unit="number_per_acre" />
				<type />
			</basal_accumulation>
		</ground_fuel>
	</fuelbed>
</FCCS_file>
