<?xml version="1.0"?>
<FCCS_file xmlns:xsi="http://www.w3.org/2001/XMLSchema-instance" schemaVersion="1.4" xsi:noNamespaceSchemaLocation="cash.xsd">
	<fuelbed_number>5419_422</fuelbed_number>
	<fuelbed_name>WBP LP|120+yr|Av</fuelbed_name>
	<fuelbed_description>Trembling aspen forest established following avalanche in the subalpine zone. </fuelbed_description>
	<ecoregion>260,340</ecoregion>
	<vegetation_form>1</vegetation_form>
	<structural_class>3</structural_class>
	<cover_type>124</cover_type>
	<change_agent>21</change_agent>
	<natural_fire_regime>4</natural_fire_regime>
	<condition_class>1</condition_class>
	<user_name>Tom Leuschen</user_name>
	<address>PO Box 664 Twisp, WA 98856</address>
	<affiliation>Fire Vision LLC Contract consultant</affiliation>
	<phone>509-997-5052</phone>
	<file_owner_email>tom@firevisionllc.com</file_owner_email>
	<notes>Created from ow072. Altered custom fuelbed inputs. Reduced understory density.</notes>
	<date_collected>Nov 12, 2009</date_collected>
	<fuelbed_confidence />
	<fuelbed>
		<canopy>
			<trees>
				<total_percent_cover max="97" min="25" unit="number">53.35</total_percent_cover>
				<overstory>
					<percent_cover max="5" min="0" unit="number">11.0</percent_cover>
					<height max="110" min="17" unit="feet">17</height>
					<height_to_live_crown max="40" min="3" unit="feet">10</height_to_live_crown>
					<stem_density max="72" min="0" unit="number_per_acre">39.6</stem_density>
					<diameter_at_breast_height max="25" min="4.5" unit="inches">4.5</diameter_at_breast_height>
					<species>
						<species_description>
							<tsn>195773</tsn>
							<relative_cover>100</relative_cover>
						</species_description>
					</species>
				</overstory>
				<midstory>
					<percent_cover unit="number">0.0</percent_cover>
					<height unit="feet" />
					<height_to_live_crown unit="feet" />
					<stem_density unit="number_per_acre">0.0</stem_density>
					<diameter_at_breast_height unit="inches" />
					<species />
				</midstory>
				<understory>
					<percent_cover max="65" min="5" unit="number">90</percent_cover>
					<height max="30" min="1" unit="feet">10</height>
					<height_to_live_crown max="6" min="0.5" unit="feet">2</height_to_live_crown>
					<stem_density max="2300" min="580" unit="number_per_acre">800</stem_density>
					<diameter_at_breast_height max="6" min="0.5" unit="inches">0.8</diameter_at_breast_height>
					<species>
						<species_description>
							<tsn>195773</tsn>
							<relative_cover>100</relative_cover>
						</species_description>
					</species>
				</understory>
			</trees>
			<snags>
				<class_1_conifers_with_foliage>
					<percent_cover unit="number">0.0</percent_cover>
					<height_to_crown_base unit="feet" />
					<stem_density unit="number_per_acre">0.0</stem_density>
					<diameter unit="inches" />
					<height unit="feet" />
					<species />
				</class_1_conifers_with_foliage>
				<class_1_all_others>
					<stem_density unit="number_per_acre">0.0</stem_density>
					<diameter unit="inches" />
					<height unit="feet" />
					<species />
				</class_1_all_others>
				<class_2>
					<stem_density unit="number_per_acre">0.0</stem_density>
					<diameter unit="inches" />
					<height unit="feet" />
					<species />
				</class_2>
				<class_3>
					<stem_density unit="number_per_acre">0.0</stem_density>
					<diameter unit="inches" />
					<height unit="feet" />
					<species />
				</class_3>
			</snags>
			<ladder_fuels>
				<minimum_height max="15" min="0.5" reference_id="1358" unit="feet">2</minimum_height>
				<maximum_height max="30" min="1" reference_id="1358" unit="feet">10</maximum_height>
				<is_vertically_contiguous>1</is_vertically_contiguous>
				<type>7</type>
			</ladder_fuels>
		</canopy>
		<shrubs>
			<primary_layer>
				<percent_cover max="90" min="15" unit="number">5.459999999999999</percent_cover>
				<height max="10" min="1" unit="feet">0.8</height>
				<percent_live max="100" min="60" unit="number">81.89999999999999</percent_live>
				<species>
					<species_description>
						<tsn>24448</tsn>
						<relative_cover>100</relative_cover>
					</species_description>
				</species>
			</primary_layer>
			<secondary_layer>
				<percent_cover unit="number">0.0</percent_cover>
				<height unit="feet" />
				<percent_live unit="number">0.0</percent_live>
				<species />
			</secondary_layer>
			<needle_drape>
				<is_sufficient_to_affect_fire_behavior>0</is_sufficient_to_affect_fire_behavior>
			</needle_drape>
		</shrubs>
		<herbaceous>
			<primary_layer>
				<percent_cover max="16" min="0" unit="number">10.799999999999999</percent_cover>
				<height max="2" min="0.5" unit="feet">0.6</height>
				<loading max="4" min="0" unit="tons_per_acre">0.36</loading>
				<percent_live max="99" min="65" unit="number">85</percent_live>
				<species>
					<species_description>
						<tsn>525109</tsn>
						<relative_cover>50</relative_cover>
					</species_description>
					<species_description>
						<tsn>502264</tsn>
						<relative_cover>50</relative_cover>
					</species_description>
				</species>
			</primary_layer>
			<secondary_layer>
				<percent_cover unit="number">0.0</percent_cover>
				<height unit="feet" />
				<loading unit="tons_per_acre">0.0</loading>
				<percent_live unit="number" />
				<species />
			</secondary_layer>
		</herbaceous>
		<woody_fuel>
			<all_downed_woody_fuel>
				<total_percent_cover max="100" min="89" unit="number">75.0</total_percent_cover>
				<depth max="5" min="1" unit="inches">1.0</depth>
			</all_downed_woody_fuel>
			<sound_wood>
				<all_sound_wood>
					<species />
				</all_sound_wood>
				<loadings_zero_to_three_inches>
					<zero_to_quarter_inch max="0.7" min="0.3" unit="tons_per_acre">0.44999999999999996</zero_to_quarter_inch>
					<quarter_inch_to_one_inch max="1.4" min="0.3" unit="tons_per_acre">0.75</quarter_inch_to_one_inch>
					<one_to_three_inches max="2.5" min="0" unit="tons_per_acre">1.5</one_to_three_inches>
				</loadings_zero_to_three_inches>
				<loadings_greater_than_three_inches>
					<three_to_nine_inches max="11.7" min="1.8" unit="tons_per_acre">2.25</three_to_nine_inches>
					<nine_to_twenty_inches max="6.7" min="0" unit="tons_per_acre">0.0</nine_to_twenty_inches>
					<greater_than_twenty_inches max="0.6" min="0" unit="tons_per_acre">0.0</greater_than_twenty_inches>
				</loadings_greater_than_three_inches>
			</sound_wood>
			<rotten_wood>
				<all_rotten_wood>
					<species>
						<species_description>
							<tsn>195773</tsn>
							<relative_cover>100</relative_cover>
						</species_description>
					</species>
				</all_rotten_wood>
				<loadings_greater_than_three_inches>
					<three_to_nine_inches max="11.7" min="1.8" unit="tons_per_acre">0.85</three_to_nine_inches>
					<nine_to_twenty_inches max="6.7" min="1.1" unit="tons_per_acre">0.0</nine_to_twenty_inches>
					<greater_than_twenty_inches max="0.6" min="0" unit="tons_per_acre">0.0</greater_than_twenty_inches>
				</loadings_greater_than_three_inches>
			</rotten_wood>
			<stumps>
				<sound>
					<stem_density unit="number_per_acre" />
					<diameter unit="inches" />
					<height unit="feet" />
					<species />
				</sound>
				<rotten>
					<stem_density unit="number_per_acre" />
					<diameter unit="inches" />
					<height unit="feet" />
					<species />
				</rotten>
				<lightered_pitchy>
					<stem_density unit="number_per_acre" />
					<diameter unit="inches" />
					<height unit="feet" />
					<species />
				</lightered_pitchy>
			</stumps>
		</woody_fuel>
		<moss_lichen_litter>
			<moss>
				<type />
				<percent_cover unit="number" />
				<depth unit="inches" />
			</moss>
			<ground_lichen>
				<percent_cover unit="number" />
				<depth unit="inches" />
			</ground_lichen>
			<litter>
				<percent_cover max="80" min="20" reference_id="1412" unit="number">54.0</percent_cover>
				<depth max="1" min="0.1" unit="inches">1.7999999999999998</depth>
				<arrangement>1</arrangement>
				<litter_type>
					<short_needle_pine>
						<relative_cover />
					</short_needle_pine>
					<long_needle_pine>
						<relative_cover />
					</long_needle_pine>
					<other_conifer>
						<relative_cover />
					</other_conifer>
					<broadleaf_deciduous>
						<relative_cover>100.0</relative_cover>
					</broadleaf_deciduous>
					<broadleaf_evergreen>
						<relative_cover />
					</broadleaf_evergreen>
					<palm_frond>
						<relative_cover />
					</palm_frond>
					<grass>
						<relative_cover />
					</grass>
				</litter_type>
			</litter>
		</moss_lichen_litter>
		<ground_fuel>
			<duff>
				<upper>
					<depth max="2" min="0.5" unit="inches">0.8999999999999999</depth>
					<percent_cover max="99" min="75" unit="number">100</percent_cover>
					<derivation>1</derivation>
				</upper>
				<lower>
					<depth max="2.5" min="0.4" unit="inches">0.6</depth>
					<percent_cover max="100" min="89" unit="number">99</percent_cover>
					<derivation>3</derivation>
				</lower>
			</duff>
			<squirrel_middens>
				<depth unit="inches" />
				<radius unit="feet" />
				<number_per_unit_area unit="number_per_acre" />
			</squirrel_middens>
			<basal_accumulation>
				<depth unit="inches" />
				<radius unit="feet" />
				<number_per_unit_area unit="number_per_acre" />
				<type />
			</basal_accumulation>
		</ground_fuel>
	</fuelbed>
</FCCS_file>
