<?xml version="1.0"?>
<FCCS_file xmlns:xsi="http://www.w3.org/2001/XMLSchema-instance" schemaVersion="1.4" xsi:noNamespaceSchemaLocation="cash.xsd">
	<fuelbed_number>5313_532</fuelbed_number>
	<fuelbed_name>WL LP|40-80yr</fuelbed_name>
	<fuelbed_description>Western larch and lodgepole pine forest. Occurs at mid to high elevations east of the Cascade Range. Dry seedlings and saplings have regenerated in an opening created 40 to 80 years ago by wildfire. No history of active management. Self-pruned branches and suppressed trees are starting to fall. The canopy is closed, creating a cool understory with limited grass and shrub growth.</fuelbed_description>
	<ecoregion>330,320</ecoregion>
	<vegetation_form>2</vegetation_form>
	<structural_class>3</structural_class>
	<cover_type>120,125</cover_type>
	<change_agent>18</change_agent>
	<natural_fire_regime>1</natural_fire_regime>
	<condition_class>3</condition_class>
	<user_name>Okanogan Wenatchee NF</user_name>
	<address />
	<affiliation>USFS</affiliation>
	<phone />
	<file_owner_email>rllind@fs.fed.us</file_owner_email>
	<notes>Created using INT-97 pg 65  local data from Tonasket RD.Edited by Susan Prichard and Ellen Eberhardt, February 2009.</notes>
	<date_collected>Jun 7, 2010</date_collected>
	<fuelbed_confidence />
	<fuelbed>
		<canopy>
			<trees>
				<total_percent_cover max="100" min="50" unit="number">18.0</total_percent_cover>
				<overstory>
					<percent_cover max="100" min="0" unit="number">15.75</percent_cover>
					<height max="120" min="30" unit="feet">65</height>
					<height_to_live_crown max="50" min="5" unit="feet">39.0</height_to_live_crown>
					<stem_density max="500" min="3" unit="number_per_acre">90.0</stem_density>
					<diameter_at_breast_height max="60" min="0" unit="inches">8</diameter_at_breast_height>
					<species>
						<species_description>
							<tsn>183327</tsn>
							<relative_cover>65</relative_cover>
						</species_description>
						<species_description>
							<tsn>183417</tsn>
							<relative_cover>30</relative_cover>
						</species_description>
						<species_description>
							<tsn>183424</tsn>
							<relative_cover>5</relative_cover>
						</species_description>
					</species>
				</overstory>
				<midstory>
					<percent_cover max="70" min="0" unit="number">3.375</percent_cover>
					<height max="80" min="20" unit="feet">25</height>
					<height_to_live_crown max="40" min="2" unit="feet">3.9000000000000004</height_to_live_crown>
					<stem_density max="600" min="20" unit="number_per_acre">22.5</stem_density>
					<diameter_at_breast_height max="30" min="0" unit="inches">3</diameter_at_breast_height>
					<species>
						<species_description>
							<tsn>183327</tsn>
							<relative_cover>80</relative_cover>
						</species_description>
						<species_description>
							<tsn>183417</tsn>
							<relative_cover>20</relative_cover>
						</species_description>
					</species>
				</midstory>
				<understory>
					<percent_cover max="80" min="0" unit="number">5</percent_cover>
					<height max="30" min="1" unit="feet">2</height>
					<height_to_live_crown max="15" min="0" unit="feet">0</height_to_live_crown>
					<stem_density max="2000" min="0" unit="number_per_acre">25</stem_density>
					<diameter_at_breast_height max="8" min="0.5" unit="inches">1</diameter_at_breast_height>
					<species>
						<species_description>
							<tsn>183417</tsn>
							<relative_cover>60</relative_cover>
						</species_description>
						<species_description>
							<tsn>183327</tsn>
							<relative_cover>40</relative_cover>
						</species_description>
					</species>
				</understory>
			</trees>
			<snags>
				<class_1_conifers_with_foliage>
					<percent_cover unit="number">62.0</percent_cover>
					<height_to_crown_base unit="feet">30</height_to_crown_base>
					<stem_density unit="number_per_acre">387.5</stem_density>
					<diameter unit="inches">7.0</diameter>
					<height unit="feet">65</height>
					<species>
						<species_description>
							<tsn>183327</tsn>
							<relative_cover>65</relative_cover>
						</species_description>
						<species_description>
							<tsn>183417</tsn>
							<relative_cover>30</relative_cover>
						</species_description>
						<species_description>
							<tsn>183424</tsn>
							<relative_cover>5</relative_cover>
						</species_description>
					</species>
				</class_1_conifers_with_foliage>
				<class_1_all_others>
					<stem_density max="-3" min="-3" unit="number_per_acre">375.0</stem_density>
					<diameter max="-3" min="-3" unit="inches">7.0</diameter>
					<height max="-3" min="-3" unit="feet">65</height>
					<species>
						<species_description>
							<tsn>183327</tsn>
							<relative_cover>80</relative_cover>
						</species_description>
						<species_description>
							<tsn>183417</tsn>
							<relative_cover>20</relative_cover>
						</species_description>
					</species>
				</class_1_all_others>
				<class_2>
					<stem_density max="10" min="0" unit="number_per_acre">50</stem_density>
					<diameter max="70" min="6" unit="inches">6</diameter>
					<height max="120" min="10" unit="feet">30</height>
					<species>
						<species_description>
							<tsn>183417</tsn>
							<relative_cover>100</relative_cover>
						</species_description>
					</species>
				</class_2>
				<class_3>
					<stem_density max="-3" min="-3" unit="number_per_acre">5</stem_density>
					<diameter max="-3" min="-3" unit="inches">20</diameter>
					<height max="-3" min="-3" unit="feet">45</height>
					<species>
						<species_description>
							<tsn>183417</tsn>
							<relative_cover>100</relative_cover>
						</species_description>
					</species>
				</class_3>
			</snags>
			<ladder_fuels>
				<minimum_height max="15" min="0" unit="feet">0</minimum_height>
				<maximum_height max="30" min="1" unit="feet">25</maximum_height>
				<is_vertically_contiguous>1</is_vertically_contiguous>
				<type>7</type>
			</ladder_fuels>
		</canopy>
		<shrubs>
			<primary_layer>
				<percent_cover max="10" min="0" unit="number">12.5</percent_cover>
				<height max="6" min="0.5" unit="feet">1</height>
				<percent_live max="100" min="0" unit="number">60</percent_live>
				<species>
					<species_description>
						<tsn>24847</tsn>
						<relative_cover>40</relative_cover>
					</species_description>
					<species_description>
						<tsn>23607</tsn>
						<relative_cover>10</relative_cover>
					</species_description>
					<species_description>
						<tsn>23530</tsn>
						<relative_cover>10</relative_cover>
					</species_description>
					<species_description>
						<tsn>22476</tsn>
						<relative_cover>40</relative_cover>
					</species_description>
				</species>
			</primary_layer>
			<secondary_layer>
				<percent_cover unit="number">0.0</percent_cover>
				<height unit="feet" />
				<percent_live unit="number" />
				<species />
			</secondary_layer>
			<needle_drape>
				<is_sufficient_to_affect_fire_behavior>0</is_sufficient_to_affect_fire_behavior>
			</needle_drape>
		</shrubs>
		<herbaceous>
			<primary_layer>
				<percent_cover max="30" min="2" unit="number">14.0</percent_cover>
				<height max="2" min="0.5" unit="feet">1</height>
				<loading max="0.5" min="0" unit="tons_per_acre">0.13999999999999999</loading>
				<percent_live max="99" min="40" unit="number">40</percent_live>
				<species>
					<species_description>
						<tsn>41088</tsn>
						<relative_cover>70.00</relative_cover>
					</species_description>
					<species_description>
						<tsn>41493</tsn>
						<relative_cover>30.00</relative_cover>
					</species_description>
				</species>
			</primary_layer>
			<secondary_layer>
				<percent_cover max="15" min="0" reference_id="4003" unit="number">1.4</percent_cover>
				<height max="3" min="0.2" reference_id="1358" unit="feet">2</height>
				<loading max="0.2" min="0" unit="tons_per_acre">0.013999999999999999</loading>
				<percent_live max="80" min="20" reference_id="1358" unit="number">60</percent_live>
				<species>
					<species_description>
						<tsn>26085</tsn>
						<relative_cover>25.00</relative_cover>
					</species_description>
					<species_description>
						<tsn>21230</tsn>
						<relative_cover>20.00</relative_cover>
					</species_description>
					<species_description>
						<tsn>36223</tsn>
						<relative_cover>20.00</relative_cover>
					</species_description>
					<species_description>
						<tsn>35852</tsn>
						<relative_cover>10</relative_cover>
					</species_description>
					<species_description>
						<tsn>35803</tsn>
						<relative_cover>15.00</relative_cover>
					</species_description>
					<species_description>
						<tsn>36561</tsn>
						<relative_cover>10</relative_cover>
					</species_description>
				</species>
			</secondary_layer>
		</herbaceous>
		<woody_fuel>
			<all_downed_woody_fuel>
				<total_percent_cover max="95" min="0" unit="number">100</total_percent_cover>
				<depth max="3" min="0.5" unit="inches">3.5</depth>
			</all_downed_woody_fuel>
			<sound_wood>
				<all_sound_wood>
					<species>
						<species_description>
							<tsn>183327</tsn>
							<relative_cover>50</relative_cover>
						</species_description>
						<species_description>
							<tsn>183417</tsn>
							<relative_cover>40</relative_cover>
						</species_description>
						<species_description>
							<tsn>183424</tsn>
							<relative_cover>10</relative_cover>
						</species_description>
					</species>
				</all_sound_wood>
				<loadings_zero_to_three_inches>
					<zero_to_quarter_inch max="1" min="0" unit="tons_per_acre">1.2249999999999999</zero_to_quarter_inch>
					<quarter_inch_to_one_inch max="3" min="0" unit="tons_per_acre">2.275</quarter_inch_to_one_inch>
					<one_to_three_inches max="5" min="0" unit="tons_per_acre">5.425</one_to_three_inches>
				</loadings_zero_to_three_inches>
				<loadings_greater_than_three_inches>
					<three_to_nine_inches max="5" min="0" unit="tons_per_acre">2</three_to_nine_inches>
					<nine_to_twenty_inches max="5" min="0" unit="tons_per_acre">1.8</nine_to_twenty_inches>
					<greater_than_twenty_inches max="5" min="0" unit="tons_per_acre">0</greater_than_twenty_inches>
				</loadings_greater_than_three_inches>
			</sound_wood>
			<rotten_wood>
				<all_rotten_wood>
					<species>
						<species_description>
							<tsn>183327</tsn>
							<relative_cover>85.00</relative_cover>
						</species_description>
						<species_description>
							<tsn>183417</tsn>
							<relative_cover>15.00</relative_cover>
						</species_description>
					</species>
				</all_rotten_wood>
				<loadings_greater_than_three_inches>
					<three_to_nine_inches max="5" min="0" unit="tons_per_acre">2.1</three_to_nine_inches>
					<nine_to_twenty_inches max="5" min="0" unit="tons_per_acre">3</nine_to_twenty_inches>
					<greater_than_twenty_inches max="5" min="0" unit="tons_per_acre">1</greater_than_twenty_inches>
				</loadings_greater_than_three_inches>
			</rotten_wood>
			<stumps>
				<sound>
					<stem_density max="-3" min="-3" unit="number_per_acre">2</stem_density>
					<diameter max="-3" min="-3" unit="inches">12</diameter>
					<height max="-3" min="-3" unit="feet">1</height>
					<species>
						<species_description>
							<tsn>183327</tsn>
							<relative_cover>40</relative_cover>
						</species_description>
						<species_description>
							<tsn>183417</tsn>
							<relative_cover>60</relative_cover>
						</species_description>
					</species>
				</sound>
				<rotten>
					<stem_density max="-3" min="-3" unit="number_per_acre">2</stem_density>
					<diameter max="-3" min="-3" unit="inches">8</diameter>
					<height max="-3" min="-3" unit="feet">1</height>
					<species>
						<species_description>
							<tsn>183327</tsn>
							<relative_cover>40</relative_cover>
						</species_description>
						<species_description>
							<tsn>183417</tsn>
							<relative_cover>60</relative_cover>
						</species_description>
					</species>
				</rotten>
				<lightered_pitchy>
					<stem_density unit="number_per_acre" />
					<diameter unit="inches" />
					<height unit="feet" />
					<species />
				</lightered_pitchy>
			</stumps>
		</woody_fuel>
		<moss_lichen_litter>
			<moss>
				<type />
				<percent_cover unit="number" />
				<depth unit="inches" />
			</moss>
			<ground_lichen>
				<percent_cover unit="number" />
				<depth unit="inches" />
			</ground_lichen>
			<litter>
				<percent_cover max="100" min="0" unit="number">100</percent_cover>
				<depth max="4" min="0.1" unit="inches">1.0</depth>
				<arrangement>1</arrangement>
				<litter_type>
					<short_needle_pine>
						<relative_cover>35.0</relative_cover>
					</short_needle_pine>
					<long_needle_pine>
						<relative_cover />
					</long_needle_pine>
					<other_conifer>
						<relative_cover>60.0</relative_cover>
					</other_conifer>
					<broadleaf_deciduous>
						<relative_cover>5.0</relative_cover>
					</broadleaf_deciduous>
					<broadleaf_evergreen>
						<relative_cover />
					</broadleaf_evergreen>
					<palm_frond>
						<relative_cover />
					</palm_frond>
					<grass>
						<relative_cover />
					</grass>
				</litter_type>
			</litter>
		</moss_lichen_litter>
		<ground_fuel>
			<duff>
				<upper>
					<depth max="2" min="0" unit="inches">0.8</depth>
					<percent_cover max="100" min="0" unit="number">80</percent_cover>
					<derivation>1</derivation>
				</upper>
				<lower>
					<depth max="2" min="0" unit="inches">0.5</depth>
					<percent_cover max="100" min="0" unit="number">80</percent_cover>
					<derivation>3</derivation>
				</lower>
			</duff>
			<squirrel_middens>
				<depth unit="inches" />
				<radius unit="feet" />
				<number_per_unit_area unit="number_per_acre" />
			</squirrel_middens>
			<basal_accumulation>
				<depth max="4" min="0.3" unit="inches">1.5</depth>
				<radius max="2" min="0.3" unit="feet">1</radius>
				<number_per_unit_area unit="number_per_acre">100</number_per_unit_area>
				<type>1</type>
			</basal_accumulation>
		</ground_fuel>
	</fuelbed>
</FCCS_file>
