<?xml version="1.0"?>
<FCCS_file xmlns:xsi="http://www.w3.org/2001/XMLSchema-instance" schemaVersion="1.4" xsi:noNamespaceSchemaLocation="cash.xsd">
	<fuelbed_number>5416_133</fuelbed_number>
	<fuelbed_name>WBP LP|120+yr|Medium density</fuelbed_name>
	<fuelbed_description>Whitebark pine and lodgepole pine forest. High elevation forest established over 120 years ago with no management history. Medium-density, mature stand.</fuelbed_description>
	<ecoregion>260,340</ecoregion>
	<vegetation_form>2</vegetation_form>
	<structural_class>1</structural_class>
	<cover_type>112,115,125</cover_type>
	<change_agent>18</change_agent>
	<natural_fire_regime>4</natural_fire_regime>
	<condition_class>1</condition_class>
	<user_name>Tom Leuschen, Roger Ottmar</user_name>
	<address>PO Box 664
Twisp, Washington 98856</address>
	<affiliation>Fire Vision LLC Contract Consultant</affiliation>
	<phone>509-997-5052</phone>
	<file_owner_email>tom@firevisionllc.com</file_owner_email>
	<notes>Created from ow077</notes>
	<date_collected>Feb 23, 2010</date_collected>
	<fuelbed_confidence />
	<fuelbed>
		<canopy>
			<trees>
				<total_percent_cover max="70" min="35" unit="number">15.75</total_percent_cover>
				<overstory>
					<percent_cover max="60" min="25" unit="number">4.5</percent_cover>
					<height max="75" min="40" unit="feet">45</height>
					<height_to_live_crown max="20" min="2" unit="feet">22.5</height_to_live_crown>
					<stem_density max="400" min="36" unit="number_per_acre">5.625</stem_density>
					<diameter_at_breast_height max="15" min="8.5" unit="inches">10</diameter_at_breast_height>
					<species>
						<species_description>
							<tsn>183327</tsn>
							<relative_cover>70</relative_cover>
						</species_description>
						<species_description>
							<tsn>183311</tsn>
							<relative_cover>30</relative_cover>
						</species_description>
					</species>
				</overstory>
				<midstory>
					<percent_cover max="55" min="10" unit="number">13.5</percent_cover>
					<height max="38" min="6" unit="feet">30</height>
					<height_to_live_crown max="5" min="0" unit="feet">15.0</height_to_live_crown>
					<stem_density max="785" min="235" unit="number_per_acre">36.0</stem_density>
					<diameter_at_breast_height max="7" min="1.5" unit="inches">7</diameter_at_breast_height>
					<species>
						<species_description>
							<tsn>183311</tsn>
							<relative_cover>60</relative_cover>
						</species_description>
						<species_description>
							<tsn>183327</tsn>
							<relative_cover>40</relative_cover>
						</species_description>
					</species>
				</midstory>
				<understory>
					<percent_cover max="30" min="15" unit="number">0.45</percent_cover>
					<height max="4" min="0.5" unit="feet">8</height>
					<height_to_live_crown max="1" min="0" unit="feet">0.0</height_to_live_crown>
					<stem_density max="2400" min="300" unit="number_per_acre">4.5</stem_density>
					<diameter_at_breast_height max="1" min="0.1" unit="inches">1</diameter_at_breast_height>
					<species>
						<species_description>
							<tsn>183311</tsn>
							<relative_cover>70</relative_cover>
						</species_description>
						<species_description>
							<tsn>183327</tsn>
							<relative_cover>30</relative_cover>
						</species_description>
					</species>
				</understory>
			</trees>
			<snags>
				<class_1_conifers_with_foliage>
					<percent_cover unit="number"></percent_cover>
					<height_to_crown_base unit="feet"></height_to_crown_base>
					<stem_density unit="number_per_acre"></stem_density>
					<diameter unit="inches"></diameter>
					<height unit="feet"></height>
					<species />
				</class_1_conifers_with_foliage>
				<class_1_all_others>
					<stem_density max="80" min="0" unit="number_per_acre"></stem_density>
					<diameter max="10" min="6" unit="inches"></diameter>
					<height max="45" min="20" unit="feet"></height>
					<species />
				</class_1_all_others>
				<class_2>
					<stem_density max="100" min="0" unit="number_per_acre"></stem_density>
					<diameter max="10" min="6" unit="inches"></diameter>
					<height max="45" min="20" unit="feet"></height>
					<species>
						<species_description>
							<tsn>183311</tsn>
							<relative_cover>30</relative_cover>
						</species_description>
						<species_description>
							<tsn>183327</tsn>
							<relative_cover>70</relative_cover>
						</species_description>
					</species>
				</class_2>
				<class_3>
					<stem_density max="100" min="0" unit="number_per_acre">138.75</stem_density>
					<diameter max="14" min="6" unit="inches">7.405405405405405</diameter>
					<height max="30" min="5" unit="feet">45</height>
					<species>
						<species_description>
							<tsn>183311</tsn>
							<relative_cover>50</relative_cover>
						</species_description>
						<species_description>
							<tsn>183327</tsn>
							<relative_cover>50</relative_cover>
						</species_description>
					</species>
				</class_3>
			</snags>
			<ladder_fuels>
				<minimum_height max="8" min="0" unit="feet">0</minimum_height>
				<maximum_height max="40" min="0" unit="feet">45</maximum_height>
				<is_vertically_contiguous>1</is_vertically_contiguous>
				<type>2</type>
			</ladder_fuels>
		</canopy>
		<shrubs>
			<primary_layer>
				<percent_cover max="90" min="10" unit="number">20.0</percent_cover>
				<height max="8" min="2" unit="feet">4.0</height>
				<percent_live max="95" min="70" reference_id="7000" unit="number">85.0</percent_live>
				<species>
					<species_description>
						<tsn>24448</tsn>
						<relative_cover>34</relative_cover>
					</species_description>
					<species_description>
						<tsn>508098</tsn>
						<relative_cover>33</relative_cover>
					</species_description>
					<species_description>
						<tsn>23503</tsn>
						<relative_cover>33</relative_cover>
					</species_description>
				</species>
			</primary_layer>
			<secondary_layer>
				<percent_cover unit="number">0.0</percent_cover>
				<height unit="feet">0.0</height>
				<percent_live unit="number">0.0</percent_live>
				<species />
			</secondary_layer>
			<needle_drape>
				<is_sufficient_to_affect_fire_behavior>0</is_sufficient_to_affect_fire_behavior>
			</needle_drape>
		</shrubs>
		<herbaceous>
			<primary_layer>
				<percent_cover max="70" min="10" unit="number">10.0</percent_cover>
				<height max="3" min="1" unit="feet">1.5000000000000002</height>
				<loading max="0.4" min="0" reference_id="454" unit="tons_per_acre">0.20000000000000004</loading>
				<percent_live max="90" min="40" reference_id="7000" unit="number">70.0</percent_live>
				<species>
					<species_description>
						<tsn>525109</tsn>
						<relative_cover>40</relative_cover>
					</species_description>
					<species_description>
						<tsn>502264</tsn>
						<relative_cover>40</relative_cover>
					</species_description>
					<species_description>
						<tsn>33387</tsn>
						<relative_cover>10</relative_cover>
					</species_description>
					<species_description>
						<tsn>823145</tsn>
						<relative_cover>10</relative_cover>
					</species_description>
				</species>
			</primary_layer>
			<secondary_layer>
				<percent_cover unit="number">0.0</percent_cover>
				<height unit="feet">0.0</height>
				<loading unit="tons_per_acre">0.0</loading>
				<percent_live unit="number">0.0</percent_live>
				<species />
			</secondary_layer>
		</herbaceous>
		<woody_fuel>
			<all_downed_woody_fuel>
				<total_percent_cover max="70" min="30" unit="number">19.8</total_percent_cover>
				<depth max="4" min="1" unit="inches">0.9900000000000002</depth>
			</all_downed_woody_fuel>
			<sound_wood>
				<all_sound_wood>
					<species>
						<species_description>
							<tsn>183311</tsn>
							<relative_cover>50</relative_cover>
						</species_description>
						<species_description>
							<tsn>183327</tsn>
							<relative_cover>50</relative_cover>
						</species_description>
					</species>
				</all_sound_wood>
				<loadings_zero_to_three_inches>
					<zero_to_quarter_inch max="0.9" min="0.1" unit="tons_per_acre">0.03300000000000001</zero_to_quarter_inch>
					<quarter_inch_to_one_inch max="2" min="0.4" unit="tons_per_acre">0.13200000000000003</quarter_inch_to_one_inch>
					<one_to_three_inches max="3.9" min="1.5" unit="tons_per_acre">0.4950000000000001</one_to_three_inches>
				</loadings_zero_to_three_inches>
				<loadings_greater_than_three_inches>
					<three_to_nine_inches max="29.6" min="3.7" unit="tons_per_acre">1.6875</three_to_nine_inches>
					<nine_to_twenty_inches max="34.1" min="0" unit="tons_per_acre">0.1875</nine_to_twenty_inches>
					<greater_than_twenty_inches max="4.6" min="0" unit="tons_per_acre">0.0</greater_than_twenty_inches>
				</loadings_greater_than_three_inches>
			</sound_wood>
			<rotten_wood>
				<all_rotten_wood>
					<species>
						<species_description>
							<tsn>183311</tsn>
							<relative_cover>50</relative_cover>
						</species_description>
						<species_description>
							<tsn>183327</tsn>
							<relative_cover>50</relative_cover>
						</species_description>
					</species>
				</all_rotten_wood>
				<loadings_greater_than_three_inches>
					<three_to_nine_inches max="21" min="2" unit="tons_per_acre">6.3125</three_to_nine_inches>
					<nine_to_twenty_inches max="19.5" min="2.3" unit="tons_per_acre">0.8125</nine_to_twenty_inches>
					<greater_than_twenty_inches max="7.5" min="0" unit="tons_per_acre">0.0</greater_than_twenty_inches>
				</loadings_greater_than_three_inches>
			</rotten_wood>
			<stumps>
				<sound>
					<stem_density max="15" min="0" unit="number_per_acre">10</stem_density>
					<diameter max="20" min="7" unit="inches">8</diameter>
					<height max="4.5" min="1" reference_id="7000" unit="feet">3</height>
					<species>
						<species_description>
							<tsn>183311</tsn>
							<relative_cover>50</relative_cover>
						</species_description>
						<species_description>
							<tsn>183327</tsn>
							<relative_cover>50</relative_cover>
						</species_description>
					</species>
				</sound>
				<rotten>
					<stem_density max="20" min="0" unit="number_per_acre">5.0</stem_density>
					<diameter max="20" min="7" unit="inches">4.0</diameter>
					<height max="4.5" min="1" unit="feet">1.5</height>
					<species>
						<species_description>
							<tsn>183311</tsn>
							<relative_cover>50</relative_cover>
						</species_description>
						<species_description>
							<tsn>183327</tsn>
							<relative_cover>50</relative_cover>
						</species_description>
					</species>
				</rotten>
				<lightered_pitchy>
					<stem_density unit="number_per_acre">0.0</stem_density>
					<diameter unit="inches">0.0</diameter>
					<height unit="feet">0.0</height>
					<species />
				</lightered_pitchy>
			</stumps>
		</woody_fuel>
		<moss_lichen_litter>
			<moss>
				<type>2</type>
				<percent_cover max="5" min="0" reference_id="7000" unit="number">1.0</percent_cover>
				<depth max="1" min="0.2" reference_id="7000" unit="inches">0.5</depth>
			</moss>
			<ground_lichen>
				<percent_cover unit="number">0.0</percent_cover>
				<depth unit="inches">0.0</depth>
			</ground_lichen>
			<litter>
				<percent_cover max="95" min="25" unit="number">100.0</percent_cover>
				<depth max="1.5" min="0.1" unit="inches">1.0</depth>
				<arrangement>1</arrangement>
				<litter_type>
					<short_needle_pine>
						<relative_cover>100.0</relative_cover>
					</short_needle_pine>
					<long_needle_pine>
						<relative_cover />
					</long_needle_pine>
					<other_conifer>
						<relative_cover />
					</other_conifer>
					<broadleaf_deciduous>
						<relative_cover />
					</broadleaf_deciduous>
					<broadleaf_evergreen>
						<relative_cover />
					</broadleaf_evergreen>
					<palm_frond>
						<relative_cover />
					</palm_frond>
					<grass>
						<relative_cover />
					</grass>
				</litter_type>
			</litter>
		</moss_lichen_litter>
		<ground_fuel>
			<duff>
				<upper>
					<depth max="1" min="0.3" unit="inches">0.05</depth>
					<percent_cover max="99" min="80" unit="number">5.0</percent_cover>
					<derivation>1</derivation>
				</upper>
				<lower>
					<depth max="1" min="0.3" unit="inches">0.05</depth>
					<percent_cover max="99" min="80" unit="number">5.0</percent_cover>
					<derivation>3</derivation>
				</lower>
			</duff>
			<squirrel_middens>
				<depth unit="inches">0.0</depth>
				<radius unit="feet">0.0</radius>
				<number_per_unit_area unit="number_per_acre">0.0</number_per_unit_area>
			</squirrel_middens>
			<basal_accumulation>
				<depth unit="inches">0.0</depth>
				<radius unit="feet">0.0</radius>
				<number_per_unit_area unit="number_per_acre">0.0</number_per_unit_area>
				<type />
			</basal_accumulation>
		</ground_fuel>
	</fuelbed>
</FCCS_file>
