<?xml version="1.0"?>
<FCCS_file xmlns:xsi="http://www.w3.org/2001/XMLSchema-instance" schemaVersion="1.4" xsi:schemaLocation="conf\\us.fed.fs.fera.fccs.xsd">
	<fuelbed_number>5277_112</fuelbed_number>
	<fuelbed_name>WL|80-150yr|SC</fuelbed_name>
	<fuelbed_description>Western larch forest. Occurs at middle to high elevations in the eastern Cascade Range. Established 80 to 150 years ago. Subsequent precommercial thinning and selection cuts reduced stand density and removed competing conifers, maintaining a stand of pure larch. Recent thin with no fuel reduction treatment resulted in a low-density forest with high woody debris loading.</fuelbed_description>
	<ecoregion>340,330</ecoregion>
	<vegetation_form>2</vegetation_form>
	<structural_class>1</structural_class>
	<cover_type>120</cover_type>
	<change_agent>12</change_agent>
	<natural_fire_regime>1</natural_fire_regime>
	<condition_class>2</condition_class>
	<user_name>Okanogan and Wenatchee NF</user_name>
	<address />
	<affiliation />
	<phone />
	<file_owner_email>rharrod@fs.fed.us</file_owner_email>
	<notes>This fuelbed created in cooperation with Richy Harrod, Jim Bailey, John Barnes, Jen Croft and Rick Lind of the Okanogan and Wenatchee NF.    Used INT-97 pg 63, Vol. I pg 28 for reference.  Used 2lakes plot #39 for stand data  fuel loading for a thinned, cut, and burned larch stand over time.  Used OW153 for base stand  modified with 2Lakes data to create 80-150ys class.Edited by Susan Prichard and Ellen Eberhardt, February 2009.</notes>
	<date_collected>Sep 16, 2011</date_collected>
	<fuelbed_confidence />
	<fuelbed>
		<canopy>
			<trees>
				<total_percent_cover max="100" min="0" unit="number">45.0</total_percent_cover>
				<overstory>
					<percent_cover max="80" min="0" unit="number">31.5</percent_cover>
					<height max="95" min="40" unit="feet">80</height>
					<height_to_live_crown max="50" min="20" unit="feet">38.5</height_to_live_crown>
					<stem_density max="250" min="70" unit="number_per_acre">81.0</stem_density>
					<diameter_at_breast_height max="36" min="8" unit="inches">16</diameter_at_breast_height>
					<species>
						<species_description>
							<tsn>183365</tsn>
							<relative_cover>10</relative_cover>
						</species_description>
						<species_description>
							<tsn>183424</tsn>
							<relative_cover>10</relative_cover>
						</species_description>
						<species_description>
							<tsn>183417</tsn>
							<relative_cover>80</relative_cover>
						</species_description>
					</species>
				</overstory>
				<midstory>
					<percent_cover max="40" min="0" unit="number">9.0</percent_cover>
					<height max="35" min="4" unit="feet">50</height>
					<height_to_live_crown max="30" min="2" unit="feet">11.0</height_to_live_crown>
					<stem_density max="65" min="0" unit="number_per_acre">18.900000000000002</stem_density>
					<diameter_at_breast_height max="8" min="2" unit="inches">6</diameter_at_breast_height>
					<species>
						<species_description>
							<tsn>183417</tsn>
							<relative_cover>90</relative_cover>
						</species_description>
						<species_description>
							<tsn>183365</tsn>
							<relative_cover>5</relative_cover>
						</species_description>
						<species_description>
							<tsn>183424</tsn>
							<relative_cover>5</relative_cover>
						</species_description>
					</species>
				</midstory>
				<understory>
					<percent_cover max="10" min="0" unit="number">4.0</percent_cover>
					<height max="3" min="0.1" unit="feet">3</height>
					<height_to_live_crown max="1" min="0" unit="feet">0.5</height_to_live_crown>
					<stem_density max="100" min="0" unit="number_per_acre">40.0</stem_density>
					<diameter_at_breast_height max="3" min="0" unit="inches">0.5</diameter_at_breast_height>
					<species>
						<species_description>
							<tsn>183417</tsn>
							<relative_cover>90</relative_cover>
						</species_description>
						<species_description>
							<tsn>183365</tsn>
							<relative_cover>5</relative_cover>
						</species_description>
						<species_description>
							<tsn>183424</tsn>
							<relative_cover>5</relative_cover>
						</species_description>
					</species>
				</understory>
			</trees>
			<snags>
				<class_1_conifers_with_foliage>
					<percent_cover max="50" min="0" unit="number"></percent_cover>
					<height_to_crown_base max="50" min="0" unit="feet"></height_to_crown_base>
					<stem_density max="2" min="0" unit="number_per_acre"></stem_density>
					<diameter max="16" min="8" unit="inches"></diameter>
					<height max="65" min="30" unit="feet"></height>
					<species />
				</class_1_conifers_with_foliage>
				<class_1_all_others>
					<stem_density unit="number_per_acre"></stem_density>
					<diameter unit="inches"></diameter>
					<height unit="feet"></height>
					<species />
				</class_1_all_others>
				<class_2>
					<stem_density unit="number_per_acre">12.1</stem_density>
					<diameter unit="inches">14.108108108108109</diameter>
					<height unit="feet">50</height>
					<species />
				</class_2>
				<class_3>
					<stem_density max="10" min="0" unit="number_per_acre"></stem_density>
					<diameter max="35" min="6" unit="inches"></diameter>
					<height max="120" min="10" unit="feet"></height>
					<species>
						<species_description>
							<tsn>183365</tsn>
							<relative_cover>10</relative_cover>
						</species_description>
						<species_description>
							<tsn>183424</tsn>
							<relative_cover>10</relative_cover>
						</species_description>
						<species_description>
							<tsn>183417</tsn>
							<relative_cover>80</relative_cover>
						</species_description>
					</species>
				</class_3>
			</snags>
			<ladder_fuels>
				<minimum_height max="4" min="0" unit="feet">0.5</minimum_height>
				<maximum_height max="10" min="4" unit="feet">3</maximum_height>
				<is_vertically_contiguous>0</is_vertically_contiguous>
				<type>2</type>
			</ladder_fuels>
		</canopy>
		<shrubs>
			<primary_layer>
				<percent_cover max="20" min="0" unit="number">9.375</percent_cover>
				<height max="2" min="0.5" unit="feet">0.625</height>
				<percent_live max="100" min="50" unit="number">43.75</percent_live>
				<species>
					<species_description>
						<tsn>23571</tsn>
						<relative_cover>15</relative_cover>
					</species_description>
					<species_description>
						<tsn>23530</tsn>
						<relative_cover>50</relative_cover>
					</species_description>
					<species_description>
						<tsn>35314</tsn>
						<relative_cover>35</relative_cover>
					</species_description>
				</species>
			</primary_layer>
			<secondary_layer>
				<percent_cover unit="number">0.0</percent_cover>
				<height unit="feet">0.0</height>
				<percent_live unit="number">0.0</percent_live>
				<species />
			</secondary_layer>
			<needle_drape>
				<is_sufficient_to_affect_fire_behavior>0</is_sufficient_to_affect_fire_behavior>
			</needle_drape>
		</shrubs>
		<herbaceous>
			<primary_layer>
				<percent_cover max="60" min="10" unit="number">60.0</percent_cover>
				<height max="1.5" min="0.5" unit="feet">1.0</height>
				<loading max="2" min="0" unit="tons_per_acre">1.0</loading>
				<percent_live max="99" min="40" unit="number">80.0</percent_live>
				<species>
					<species_description>
						<tsn>40540</tsn>
						<relative_cover>90</relative_cover>
					</species_description>
					<species_description>
						<tsn>41088</tsn>
						<relative_cover>10</relative_cover>
					</species_description>
				</species>
			</primary_layer>
			<secondary_layer>
				<percent_cover max="15" min="0" unit="number">5.0</percent_cover>
				<height max="2" min="0.2" unit="feet">1.0</height>
				<loading max="0.2" min="0" unit="tons_per_acre">0.01</loading>
				<percent_live max="80" min="20" unit="number">60.0</percent_live>
				<species>
					<species_description>
						<tsn>26085</tsn>
						<relative_cover>50</relative_cover>
					</species_description>
					<species_description>
						<tsn>36818</tsn>
						<relative_cover>50</relative_cover>
					</species_description>
				</species>
			</secondary_layer>
		</herbaceous>
		<woody_fuel>
			<all_downed_woody_fuel>
				<total_percent_cover max="80" min="25" unit="number">43.75</total_percent_cover>
				<depth max="8" min="0.5" unit="inches">0.625</depth>
			</all_downed_woody_fuel>
			<sound_wood>
				<all_sound_wood>
					<species>
						<species_description>
							<tsn>183417</tsn>
							<relative_cover>80.00</relative_cover>
						</species_description>
						<species_description>
							<tsn>183365</tsn>
							<relative_cover>10</relative_cover>
						</species_description>
						<species_description>
							<tsn>183424</tsn>
							<relative_cover>10</relative_cover>
						</species_description>
					</species>
				</all_sound_wood>
				<loadings_zero_to_three_inches>
					<zero_to_quarter_inch max="5" min="0.1" unit="tons_per_acre">1.875</zero_to_quarter_inch>
					<quarter_inch_to_one_inch max="3" min="0.2" unit="tons_per_acre">1.25</quarter_inch_to_one_inch>
					<one_to_three_inches max="4" min="0.2" unit="tons_per_acre">1.25</one_to_three_inches>
				</loadings_zero_to_three_inches>
				<loadings_greater_than_three_inches>
					<three_to_nine_inches max="3" min="0.1" unit="tons_per_acre">2.0250000000000004</three_to_nine_inches>
					<nine_to_twenty_inches max="5" min="0" unit="tons_per_acre">1.35</nine_to_twenty_inches>
					<greater_than_twenty_inches max="2" min="0" unit="tons_per_acre">0.675</greater_than_twenty_inches>
				</loadings_greater_than_three_inches>
			</sound_wood>
			<rotten_wood>
				<all_rotten_wood>
					<species>
						<species_description>
							<tsn>183365</tsn>
							<relative_cover>5</relative_cover>
						</species_description>
						<species_description>
							<tsn>183424</tsn>
							<relative_cover>10</relative_cover>
						</species_description>
						<species_description>
							<tsn>183417</tsn>
							<relative_cover>85</relative_cover>
						</species_description>
					</species>
				</all_rotten_wood>
				<loadings_greater_than_three_inches>
					<three_to_nine_inches max="3" min="0" unit="tons_per_acre">1.7550000000000001</three_to_nine_inches>
					<nine_to_twenty_inches max="5" min="0" unit="tons_per_acre">2.43</nine_to_twenty_inches>
					<greater_than_twenty_inches max="1" min="0" unit="tons_per_acre">0.225</greater_than_twenty_inches>
				</loadings_greater_than_three_inches>
			</rotten_wood>
			<stumps>
				<sound>
					<stem_density max="150" min="20" unit="number_per_acre">20</stem_density>
					<diameter max="20" min="7" unit="inches">12</diameter>
					<height max="1" min="1" unit="feet">1</height>
					<species>
						<species_description>
							<tsn>183424</tsn>
							<relative_cover>10</relative_cover>
						</species_description>
						<species_description>
							<tsn>183365</tsn>
							<relative_cover>10</relative_cover>
						</species_description>
						<species_description>
							<tsn>183417</tsn>
							<relative_cover>80</relative_cover>
						</species_description>
					</species>
				</sound>
				<rotten>
					<stem_density max="60" min="10" unit="number_per_acre">9.0</stem_density>
					<diameter max="24" min="8" unit="inches">10.8</diameter>
					<height max="1" min="1" unit="feet">0.9</height>
					<species>
						<species_description>
							<tsn>183417</tsn>
							<relative_cover>80</relative_cover>
						</species_description>
						<species_description>
							<tsn>183365</tsn>
							<relative_cover>10</relative_cover>
						</species_description>
						<species_description>
							<tsn>183424</tsn>
							<relative_cover>10</relative_cover>
						</species_description>
					</species>
				</rotten>
				<lightered_pitchy>
					<stem_density unit="number_per_acre">0.0</stem_density>
					<diameter unit="inches">0.0</diameter>
					<height unit="feet">0.0</height>
					<species />
				</lightered_pitchy>
			</stumps>
		</woody_fuel>
		<moss_lichen_litter>
			<moss>
				<type />
				<percent_cover unit="number">0.0</percent_cover>
				<depth unit="inches">0.0</depth>
			</moss>
			<ground_lichen>
				<percent_cover unit="number">0.0</percent_cover>
				<depth unit="inches">0.0</depth>
			</ground_lichen>
			<litter>
				<percent_cover max="100" min="0" unit="number">69.9825</percent_cover>
				<depth max="3" min="0.1" unit="inches">0.9997499999999999</depth>
				<arrangement>1</arrangement>
				<litter_type>
					<short_needle_pine>
						<relative_cover />
					</short_needle_pine>
					<long_needle_pine>
						<relative_cover>5.0</relative_cover>
					</long_needle_pine>
					<other_conifer>
						<relative_cover>80.0</relative_cover>
					</other_conifer>
					<broadleaf_deciduous>
						<relative_cover />
					</broadleaf_deciduous>
					<broadleaf_evergreen>
						<relative_cover />
					</broadleaf_evergreen>
					<palm_frond>
						<relative_cover />
					</palm_frond>
					<grass>
						<relative_cover>15.0</relative_cover>
					</grass>
				</litter_type>
			</litter>
		</moss_lichen_litter>
		<ground_fuel>
			<duff>
				<upper>
					<depth max="1.5" min="0.1" unit="inches">0.6000000000000001</depth>
					<percent_cover max="90" min="40" unit="number">52.5</percent_cover>
					<derivation>1</derivation>
				</upper>
				<lower>
					<depth max="0.2" min="0" unit="inches">0.15000000000000002</depth>
					<percent_cover max="90" min="40" unit="number">52.5</percent_cover>
					<derivation>3</derivation>
				</lower>
			</duff>
			<squirrel_middens>
				<depth unit="inches">0.0</depth>
				<radius unit="feet">0.0</radius>
				<number_per_unit_area unit="number_per_acre">0.0</number_per_unit_area>
			</squirrel_middens>
			<basal_accumulation>
				<depth max="4" min="0" unit="inches">0.07500000000000001</depth>
				<radius max="2" min="0.5" unit="feet">0.75</radius>
				<number_per_unit_area unit="number_per_acre">27.0</number_per_unit_area>
				<type>2</type>
			</basal_accumulation>
		</ground_fuel>
	</fuelbed>
</FCCS_file>
