<?xml version="1.0"?>
<FCCS_file xmlns:xsi="http://www.w3.org/2001/XMLSchema-instance" schemaVersion="1.4" xsi:noNamespaceSchemaLocation="cash.xsd">
	<fuelbed_number>5086_312</fuelbed_number>
	<fuelbed_name>PP (eWA)|0-15yr|CC-Rx or WF-Salv|Grass</fuelbed_name>
	<fuelbed_description>Eastern Washington ponderosa pine forest. Established less than 15 years ago by clearcutting and prescribed burning or pile burning, or by wildfire and salvage logging. Grass understory.</fuelbed_description>
	<ecoregion>340,330</ecoregion>
	<vegetation_form>2</vegetation_form>
	<structural_class>5</structural_class>
	<cover_type>152</cover_type>
	<change_agent>8,11,29,30</change_agent>
	<natural_fire_regime>1</natural_fire_regime>
	<condition_class>3</condition_class>
	<user_name>John Barnes</user_name>
	<address />
	<affiliation>Okanogan  Wenatchee NF R6</affiliation>
	<phone />
	<file_owner_email>jabarnes@fs.fed.us</file_owner_email>
	<notes>Used Wenatchee plant association, PIPO/CARU-AGSP for shrub and grass and Entiat 2.1 GR photo and data.  Used PNW-52, 1-PP-4-PC as a base for fuel bed and stumps with some modification from local knowledge.  Similar OW006.  JohnEdited by Susan Prichard and Ellen Eberhardt, February 2009.</notes>
	<date_collected>Mar 30, 2009</date_collected>
	<fuelbed_confidence />
	<fuelbed>
		<canopy>
			<trees>
				<total_percent_cover max="100" min="50" unit="number">8.5</total_percent_cover>
				<overstory>
					<percent_cover max="40" min="5" unit="number">7.5</percent_cover>
					<height max="120" min="30" unit="feet">72</height>
					<height_to_live_crown max="50" min="5" unit="feet">37.5</height_to_live_crown>
					<stem_density max="40" min="3" unit="number_per_acre">7.5</stem_density>
					<diameter_at_breast_height max="60" min="10" unit="inches">17.6</diameter_at_breast_height>
					<species>
						<species_description>
							<tsn>183365</tsn>
							<relative_cover>100.00</relative_cover>
						</species_description>
					</species>
				</overstory>
				<midstory>
					<percent_cover unit="number">0.0</percent_cover>
					<height unit="feet" />
					<height_to_live_crown unit="feet">0.0</height_to_live_crown>
					<stem_density unit="number_per_acre">0.0</stem_density>
					<diameter_at_breast_height unit="inches">0.0</diameter_at_breast_height>
					<species />
				</midstory>
				<understory>
					<percent_cover max="60" min="10" unit="number">1.25</percent_cover>
					<height max="30" min="1" unit="feet">4</height>
					<height_to_live_crown max="15" min="0" unit="feet">0</height_to_live_crown>
					<stem_density max="2000" min="50" unit="number_per_acre">25.0</stem_density>
					<diameter_at_breast_height max="8" min="0.5" unit="inches">1</diameter_at_breast_height>
					<species>
						<species_description>
							<tsn>183365</tsn>
							<relative_cover>100</relative_cover>
						</species_description>
					</species>
				</understory>
			</trees>
			<snags>
				<class_1_conifers_with_foliage>
					<percent_cover unit="number" />
					<height_to_crown_base unit="feet" />
					<stem_density unit="number_per_acre" />
					<diameter unit="inches" />
					<height unit="feet" />
					<species />
				</class_1_conifers_with_foliage>
				<class_1_all_others>
					<stem_density unit="number_per_acre" />
					<diameter unit="inches" />
					<height unit="feet" />
					<species />
				</class_1_all_others>
				<class_2>
					<stem_density max="10" min="0" unit="number_per_acre">8</stem_density>
					<diameter max="70" min="6" unit="inches">13</diameter>
					<height max="120" min="10" unit="feet">35</height>
					<species>
						<species_description>
							<tsn>183365</tsn>
							<relative_cover>100</relative_cover>
						</species_description>
					</species>
				</class_2>
				<class_3>
					<stem_density max="-3" min="-3" unit="number_per_acre">4</stem_density>
					<diameter max="-3" min="-3" unit="inches">16</diameter>
					<height max="-3" min="-3" unit="feet">20</height>
					<species>
						<species_description>
							<tsn>183365</tsn>
							<relative_cover>100</relative_cover>
						</species_description>
					</species>
				</class_3>
			</snags>
			<ladder_fuels>
				<minimum_height max="15" min="0" unit="feet">1</minimum_height>
				<maximum_height max="30" min="1" unit="feet">7</maximum_height>
				<is_vertically_contiguous>1</is_vertically_contiguous>
				<type>7</type>
			</ladder_fuels>
		</canopy>
		<shrubs>
			<primary_layer>
				<percent_cover max="10" min="0" unit="number">9.375</percent_cover>
				<height max="6" min="0.5" unit="feet">1.5</height>
				<percent_live max="100" min="70" unit="number">80.0</percent_live>
				<species>
					<species_description>
						<tsn>28517</tsn>
						<relative_cover>50</relative_cover>
					</species_description>
					<species_description>
						<tsn>25290</tsn>
						<relative_cover>50</relative_cover>
					</species_description>
				</species>
			</primary_layer>
			<secondary_layer>
				<percent_cover unit="number">0.0</percent_cover>
				<height unit="feet" />
				<percent_live unit="number">0.0</percent_live>
				<species />
			</secondary_layer>
			<needle_drape>
				<is_sufficient_to_affect_fire_behavior>0</is_sufficient_to_affect_fire_behavior>
			</needle_drape>
		</shrubs>
		<herbaceous>
			<primary_layer>
				<percent_cover max="30" min="2" unit="number">78.75</percent_cover>
				<height max="2" min="0.5" reference_id="1358" unit="feet">1.5</height>
				<loading max="0.5" min="0" unit="tons_per_acre">0.22500000000000003</loading>
				<percent_live max="99" min="40" unit="number">89.97749999999999</percent_live>
				<species>
					<species_description>
						<tsn>504637</tsn>
						<relative_cover>40</relative_cover>
					</species_description>
					<species_description>
						<tsn>40540</tsn>
						<relative_cover>21</relative_cover>
					</species_description>
					<species_description>
						<tsn>40816</tsn>
						<relative_cover>14</relative_cover>
					</species_description>
					<species_description>
						<tsn>36818</tsn>
						<relative_cover>9</relative_cover>
					</species_description>
					<species_description>
						<tsn>39613</tsn>
						<relative_cover>11</relative_cover>
					</species_description>
					<species_description>
						<tsn>35423</tsn>
						<relative_cover>5</relative_cover>
					</species_description>
				</species>
			</primary_layer>
			<secondary_layer>
				<percent_cover unit="number">0.0</percent_cover>
				<height unit="feet" />
				<loading unit="tons_per_acre">0.0</loading>
				<percent_live unit="number">0.0</percent_live>
				<species />
			</secondary_layer>
		</herbaceous>
		<woody_fuel>
			<all_downed_woody_fuel>
				<total_percent_cover max="95" min="50" unit="number">15.0</total_percent_cover>
				<depth max="3" min="0.5" unit="inches">0.15000000000000002</depth>
			</all_downed_woody_fuel>
			<sound_wood>
				<all_sound_wood>
					<species>
						<species_description>
							<tsn>183365</tsn>
							<relative_cover>100</relative_cover>
						</species_description>
					</species>
				</all_sound_wood>
				<loadings_zero_to_three_inches>
					<zero_to_quarter_inch max="1" min="0" unit="tons_per_acre">0.15000000000000002</zero_to_quarter_inch>
					<quarter_inch_to_one_inch max="3" min="0" unit="tons_per_acre">0.30000000000000004</quarter_inch_to_one_inch>
					<one_to_three_inches max="3" min="0" unit="tons_per_acre">1.35</one_to_three_inches>
				</loadings_zero_to_three_inches>
				<loadings_greater_than_three_inches>
					<three_to_nine_inches max="5" min="0" unit="tons_per_acre">0.3375</three_to_nine_inches>
					<nine_to_twenty_inches max="5" min="0" unit="tons_per_acre">0.0</nine_to_twenty_inches>
					<greater_than_twenty_inches max="5" min="0" unit="tons_per_acre">0.0</greater_than_twenty_inches>
				</loadings_greater_than_three_inches>
			</sound_wood>
			<rotten_wood>
				<all_rotten_wood>
					<species />
				</all_rotten_wood>
				<loadings_greater_than_three_inches>
					<three_to_nine_inches unit="tons_per_acre">0.1125</three_to_nine_inches>
					<nine_to_twenty_inches unit="tons_per_acre">0.0</nine_to_twenty_inches>
					<greater_than_twenty_inches unit="tons_per_acre">0.0</greater_than_twenty_inches>
				</loadings_greater_than_three_inches>
			</rotten_wood>
			<stumps>
				<sound>
					<stem_density max="-3" min="-3" unit="number_per_acre">34.5</stem_density>
					<diameter max="-3" min="-3" unit="inches">15</diameter>
					<height max="-3" min="-3" unit="feet">1</height>
					<species>
						<species_description>
							<tsn>183365</tsn>
							<relative_cover>100</relative_cover>
						</species_description>
					</species>
				</sound>
				<rotten>
					<stem_density unit="number_per_acre" />
					<diameter unit="inches" />
					<height unit="feet" />
					<species />
				</rotten>
				<lightered_pitchy>
					<stem_density unit="number_per_acre" />
					<diameter unit="inches" />
					<height unit="feet" />
					<species />
				</lightered_pitchy>
			</stumps>
		</woody_fuel>
		<moss_lichen_litter>
			<moss>
				<type />
				<percent_cover unit="number">0.0</percent_cover>
				<depth unit="inches">0.0</depth>
			</moss>
			<ground_lichen>
				<percent_cover unit="number">0.0</percent_cover>
				<depth unit="inches">0.0</depth>
			</ground_lichen>
			<litter>
				<percent_cover max="100" min="75" unit="number">49.9875</percent_cover>
				<depth max="4" min="0.1" unit="inches">0.19995000000000002</depth>
				<arrangement>1</arrangement>
				<litter_type>
					<short_needle_pine>
						<relative_cover />
					</short_needle_pine>
					<long_needle_pine>
						<relative_cover>10.0</relative_cover>
					</long_needle_pine>
					<other_conifer>
						<relative_cover />
					</other_conifer>
					<broadleaf_deciduous>
						<relative_cover />
					</broadleaf_deciduous>
					<broadleaf_evergreen>
						<relative_cover />
					</broadleaf_evergreen>
					<palm_frond>
						<relative_cover />
					</palm_frond>
					<grass>
						<relative_cover>90.0</relative_cover>
					</grass>
				</litter_type>
			</litter>
		</moss_lichen_litter>
		<ground_fuel>
			<duff>
				<upper>
					<depth unit="inches">0.0</depth>
					<percent_cover unit="number">0.0</percent_cover>
					<derivation />
				</upper>
				<lower>
					<depth unit="inches">0.0</depth>
					<percent_cover unit="number">0.0</percent_cover>
					<derivation />
				</lower>
			</duff>
			<squirrel_middens>
				<depth unit="inches">0.0</depth>
				<radius unit="feet" />
				<number_per_unit_area unit="number_per_acre">0.0</number_per_unit_area>
			</squirrel_middens>
			<basal_accumulation>
				<depth max="4" min="0.3" unit="inches">1.125</depth>
				<radius max="2" min="0.3" unit="feet">1</radius>
				<number_per_unit_area unit="number_per_acre">1.875</number_per_unit_area>
				<type>1</type>
			</basal_accumulation>
		</ground_fuel>
	</fuelbed>
</FCCS_file>
