<?xml version="1.0"?>
<FCCS_file xmlns:xsi="http://www.w3.org/2001/XMLSchema-instance" schemaVersion="1.4" xsi:noNamespaceSchemaLocation="cash.xsd">
	<fuelbed_number>5295_221</fuelbed_number>
	<fuelbed_name>WL DF|150+yr|High density|CWD</fuelbed_name>
	<fuelbed_description>Dry western larch and Douglas-fir forest. Occurs in the eastern Cascade Range. Established over 150 years ago with no subsequent management. Dense canopy shades out most of the grass and brush layer. Pole-size snags lean against dead branches. Diameter and height growth is stagnant. Heavy woody fuel accumulations.</fuelbed_description>
	<ecoregion>340,330</ecoregion>
	<vegetation_form>2</vegetation_form>
	<structural_class>2</structural_class>
	<cover_type>118,120,144</cover_type>
	<change_agent>18</change_agent>
	<natural_fire_regime>1</natural_fire_regime>
	<condition_class>3</condition_class>
	<user_name>Okanogan Wenatchee NFS</user_name>
	<address />
	<affiliation>USFS</affiliation>
	<phone />
	<file_owner_email>rllind@fs.fed.us</file_owner_email>
	<notes>This fuelbed created in cooperation with Richy Harrod, Jim Bailey, John Barnes, Jen Croft and Rick Lind of the Okanogan and Wenatchee NF.   Used OW202 and aged stand with no treatment.  Referenced FIREMON data for 2lakes to create stand density, used INT-97 pg 133Edited by Susan Prichard and Ellen Eberhardt, February 2009.</notes>
	<date_collected>Apr 2, 2009</date_collected>
	<fuelbed_confidence />
	<fuelbed>
		<canopy>
			<trees>
				<total_percent_cover max="100" min="10" unit="number">60.300000000000004</total_percent_cover>
				<overstory>
					<percent_cover max="100" min="10" unit="number">35.0</percent_cover>
					<height max="100" min="30" unit="feet">75</height>
					<height_to_live_crown max="50" min="0" unit="feet">67.5</height_to_live_crown>
					<stem_density max="300" min="5" unit="number_per_acre">85.0</stem_density>
					<diameter_at_breast_height max="35" min="6" unit="inches">17.5</diameter_at_breast_height>
					<species>
						<species_description>
							<tsn>183424</tsn>
							<relative_cover>60</relative_cover>
						</species_description>
						<species_description>
							<tsn>183417</tsn>
							<relative_cover>30</relative_cover>
						</species_description>
						<species_description>
							<tsn>183327</tsn>
							<relative_cover>10</relative_cover>
						</species_description>
					</species>
				</overstory>
				<midstory>
					<percent_cover max="-3" min="-3" unit="number">10.0</percent_cover>
					<height max="-3" min="-3" unit="feet">55</height>
					<height_to_live_crown max="-3" min="-3" unit="feet">52.5</height_to_live_crown>
					<stem_density max="-3" min="-3" unit="number_per_acre">35.0</stem_density>
					<diameter_at_breast_height max="-3" min="-3" unit="inches">10.0</diameter_at_breast_height>
					<species>
						<species_description>
							<tsn>183424</tsn>
							<relative_cover>60</relative_cover>
						</species_description>
						<species_description>
							<tsn>183417</tsn>
							<relative_cover>40</relative_cover>
						</species_description>
					</species>
				</midstory>
				<understory>
					<percent_cover max="50" min="0" unit="number">0.0</percent_cover>
					<height max="50" min="0" unit="feet">0.0</height>
					<height_to_live_crown max="40" min="0" unit="feet">0.0</height_to_live_crown>
					<stem_density max="150" min="0" unit="number_per_acre">0.0</stem_density>
					<diameter_at_breast_height max="8" min="0" unit="inches">0.0</diameter_at_breast_height>
					<species>
						<species_description>
							<tsn>181826</tsn>
							<relative_cover>68.00</relative_cover>
						</species_description>
						<species_description>
							<tsn>183424</tsn>
							<relative_cover>21.00</relative_cover>
						</species_description>
						<species_description>
							<tsn>195773</tsn>
							<relative_cover>11.00</relative_cover>
						</species_description>
					</species>
				</understory>
			</trees>
			<snags>
				<class_1_conifers_with_foliage>
					<percent_cover max="40" min="0" unit="number">0.12982</percent_cover>
					<height_to_crown_base max="40" min="0" unit="feet">26.68</height_to_crown_base>
					<stem_density max="150" min="10" unit="number_per_acre">2</stem_density>
					<diameter max="70" min="6" unit="inches">10</diameter>
					<height max="120" min="10" unit="feet">40</height>
					<species>
						<species_description>
							<tsn>183417</tsn>
							<relative_cover>62.00</relative_cover>
						</species_description>
						<species_description>
							<tsn>183424</tsn>
							<relative_cover>38.00</relative_cover>
						</species_description>
					</species>
				</class_1_conifers_with_foliage>
				<class_1_all_others>
					<stem_density max="50" min="0" unit="number_per_acre">10</stem_density>
					<diameter max="20" min="0" unit="inches">3</diameter>
					<height max="80" min="10" unit="feet">25</height>
					<species>
						<species_description>
							<tsn>183424</tsn>
							<relative_cover>100.00</relative_cover>
						</species_description>
					</species>
				</class_1_all_others>
				<class_2>
					<stem_density max="300" min="0" unit="number_per_acre">10</stem_density>
					<diameter max="45" min="6" unit="inches">8</diameter>
					<height max="120" min="10" unit="feet">45</height>
					<species>
						<species_description>
							<tsn>183424</tsn>
							<relative_cover>100</relative_cover>
						</species_description>
					</species>
				</class_2>
				<class_3>
					<stem_density max="-3" min="-3" unit="number_per_acre">4</stem_density>
					<diameter max="-3" min="-3" unit="inches">12</diameter>
					<height max="-3" min="-3" unit="feet">15</height>
					<species>
						<species_description>
							<tsn>183424</tsn>
							<relative_cover>100</relative_cover>
						</species_description>
					</species>
				</class_3>
			</snags>
			<ladder_fuels>
				<minimum_height max="30" min="0" unit="feet">0</minimum_height>
				<maximum_height max="120" min="0" unit="feet">2</maximum_height>
				<is_vertically_contiguous>1</is_vertically_contiguous>
				<type>2</type>
			</ladder_fuels>
		</canopy>
		<shrubs>
			<primary_layer>
				<percent_cover max="40" min="0" unit="number">15.0</percent_cover>
				<height max="10" min="0.1" unit="feet">1</height>
				<percent_live max="80" min="20" unit="number">15.0</percent_live>
				<species>
					<species_description>
						<tsn>24448</tsn>
						<relative_cover>10</relative_cover>
					</species_description>
					<species_description>
						<tsn>35332</tsn>
						<relative_cover>60</relative_cover>
					</species_description>
					<species_description>
						<tsn>23571</tsn>
						<relative_cover>11</relative_cover>
					</species_description>
					<species_description>
						<tsn>23530</tsn>
						<relative_cover>19.00</relative_cover>
					</species_description>
				</species>
			</primary_layer>
			<secondary_layer>
				<percent_cover max="5" min="0" unit="number">0.15</percent_cover>
				<height max="2" min="0.1" unit="feet">0.3</height>
				<percent_live max="100" min="60" unit="number">20.0</percent_live>
				<species>
					<species_description>
						<tsn>18832</tsn>
						<relative_cover>50</relative_cover>
					</species_description>
					<species_description>
						<tsn>24847</tsn>
						<relative_cover>50</relative_cover>
					</species_description>
				</species>
			</secondary_layer>
			<needle_drape>
				<is_sufficient_to_affect_fire_behavior>0</is_sufficient_to_affect_fire_behavior>
			</needle_drape>
		</shrubs>
		<herbaceous>
			<primary_layer>
				<percent_cover max="30" min="0" unit="number">2.5</percent_cover>
				<height max="2" min="0.1" unit="feet">0.3</height>
				<loading max="1" min="0" unit="tons_per_acre">0.025</loading>
				<percent_live max="100" min="50" unit="number">37.5</percent_live>
				<species>
					<species_description>
						<tsn>40540</tsn>
						<relative_cover>95.00</relative_cover>
					</species_description>
					<species_description>
						<tsn>40816</tsn>
						<relative_cover>5</relative_cover>
					</species_description>
				</species>
			</primary_layer>
			<secondary_layer>
				<percent_cover max="30" min="0" unit="number">0.25</percent_cover>
				<height max="5" min="0.1" unit="feet">0.3</height>
				<loading max="5" min="0" unit="tons_per_acre">0.005</loading>
				<percent_live max="100" min="50" unit="number">37.5</percent_live>
				<species>
					<species_description>
						<tsn>24641</tsn>
						<relative_cover>30</relative_cover>
					</species_description>
					<species_description>
						<tsn>41088</tsn>
						<relative_cover>45</relative_cover>
					</species_description>
					<species_description>
						<tsn>40820</tsn>
						<relative_cover>25</relative_cover>
					</species_description>
				</species>
			</secondary_layer>
		</herbaceous>
		<woody_fuel>
			<all_downed_woody_fuel>
				<total_percent_cover max="95" min="40" unit="number">100</total_percent_cover>
				<depth max="5" min="0.5" unit="inches">4.5</depth>
			</all_downed_woody_fuel>
			<sound_wood>
				<all_sound_wood>
					<species>
						<species_description>
							<tsn>183424</tsn>
							<relative_cover>65</relative_cover>
						</species_description>
						<species_description>
							<tsn>183417</tsn>
							<relative_cover>35</relative_cover>
						</species_description>
					</species>
				</all_sound_wood>
				<loadings_zero_to_three_inches>
					<zero_to_quarter_inch max="1" min="0" unit="tons_per_acre">1.2000000000000002</zero_to_quarter_inch>
					<quarter_inch_to_one_inch max="3" min="0" unit="tons_per_acre">3.0</quarter_inch_to_one_inch>
					<one_to_three_inches max="10" min="0" unit="tons_per_acre">9.0</one_to_three_inches>
				</loadings_zero_to_three_inches>
				<loadings_greater_than_three_inches>
					<three_to_nine_inches max="8" min="0" unit="tons_per_acre">3</three_to_nine_inches>
					<nine_to_twenty_inches max="100" min="0" unit="tons_per_acre">11</nine_to_twenty_inches>
					<greater_than_twenty_inches max="15" min="0" unit="tons_per_acre">0</greater_than_twenty_inches>
				</loadings_greater_than_three_inches>
			</sound_wood>
			<rotten_wood>
				<all_rotten_wood>
					<species>
						<species_description>
							<tsn>183424</tsn>
							<relative_cover>70.00</relative_cover>
						</species_description>
						<species_description>
							<tsn>183417</tsn>
							<relative_cover>30.00</relative_cover>
						</species_description>
					</species>
				</all_rotten_wood>
				<loadings_greater_than_three_inches>
					<three_to_nine_inches max="8" min="0" unit="tons_per_acre">7</three_to_nine_inches>
					<nine_to_twenty_inches max="100" min="0" unit="tons_per_acre">15</nine_to_twenty_inches>
					<greater_than_twenty_inches max="15" min="0" unit="tons_per_acre">0</greater_than_twenty_inches>
				</loadings_greater_than_three_inches>
			</rotten_wood>
			<stumps>
				<sound>
					<stem_density unit="number_per_acre">120.0</stem_density>
					<diameter unit="inches" />
					<height unit="feet" />
					<species />
				</sound>
				<rotten>
					<stem_density unit="number_per_acre" />
					<diameter unit="inches" />
					<height unit="feet" />
					<species />
				</rotten>
				<lightered_pitchy>
					<stem_density unit="number_per_acre" />
					<diameter unit="inches" />
					<height unit="feet" />
					<species />
				</lightered_pitchy>
			</stumps>
		</woody_fuel>
		<moss_lichen_litter>
			<moss>
				<type />
				<percent_cover unit="number" />
				<depth unit="inches" />
			</moss>
			<ground_lichen>
				<percent_cover max="-3" min="-3" unit="number">60</percent_cover>
				<depth max="-3" min="-3" unit="inches">0.5</depth>
			</ground_lichen>
			<litter>
				<percent_cover max="100" min="50" unit="number">100</percent_cover>
				<depth max="3" min="0.1" unit="inches">2.25</depth>
				<arrangement>1</arrangement>
				<litter_type>
					<short_needle_pine>
						<relative_cover>10.0</relative_cover>
					</short_needle_pine>
					<long_needle_pine>
						<relative_cover />
					</long_needle_pine>
					<other_conifer>
						<relative_cover>80.0</relative_cover>
					</other_conifer>
					<broadleaf_deciduous>
						<relative_cover>10.0</relative_cover>
					</broadleaf_deciduous>
					<broadleaf_evergreen>
						<relative_cover />
					</broadleaf_evergreen>
					<palm_frond>
						<relative_cover />
					</palm_frond>
					<grass>
						<relative_cover />
					</grass>
				</litter_type>
			</litter>
		</moss_lichen_litter>
		<ground_fuel>
			<duff>
				<upper>
					<depth max="2" min="0" unit="inches">1.2</depth>
					<percent_cover max="80" min="40" unit="number">80</percent_cover>
					<derivation>1</derivation>
				</upper>
				<lower>
					<depth max="2" min="0" unit="inches">0.5</depth>
					<percent_cover max="80" min="40" unit="number">80</percent_cover>
					<derivation>3</derivation>
				</lower>
			</duff>
			<squirrel_middens>
				<depth unit="inches" />
				<radius unit="feet" />
				<number_per_unit_area unit="number_per_acre" />
			</squirrel_middens>
			<basal_accumulation>
				<depth unit="inches" />
				<radius unit="feet" />
				<number_per_unit_area unit="number_per_acre" />
				<type />
			</basal_accumulation>
		</ground_fuel>
	</fuelbed>
</FCCS_file>
