<FCCS_file xmlns:xsi="http://www.w3.org/2001/XMLSchema-instance" schemaVersion="1.4" xsi:noNamespaceSchemaLocation="cash.xsd">
  <fuelbed_number>5181</fuelbed_number>
  <fuelbed_name>DF PP GF (dry)|40-80yr|SC</fuelbed_name>
  <fuelbed_description>Dry Douglas-fir, ponderosa pine, grand fir forest. Established 40 to 80 years ago after wildfire and salvage logging or clearcut harvest and prescribed burning. Recent thin. Ponderosa pine is usually the older species in the stand but Douglas-fir and ponderosa pine are co-dominant. Grand fir and Douglas-fir co-dominate the regeneration layer.</fuelbed_description>
  <ecoregion>340,330</ecoregion>
  <vegetation_form>2</vegetation_form>
  <structural_class>6</structural_class>
  <cover_type>151,152</cover_type>
  <change_agent>12</change_agent>
  <natural_fire_regime>1</natural_fire_regime>
  <condition_class>2</condition_class>
  <user_name>Roger Ottmar/Tom Leuschen</user_name>
  <address>PWFSL</address>
  <affiliation>USDA Forest Servicet</affiliation>
  <phone>206-732-7826</phone>
  <file_owner_email>rottmar@fs.fed.us</file_owner_email>
  <notes>Created through a cooperative effort with Richy Harrod, Jim Bailey, John Barnes, and Rick Lind from the Okanogan &amp; Wenatchee NF.
References:
Field Guide for Forested Plant Associations of the Wenatchee National Forest, ABGR/ARNE Association
PNW-95/1-MC-3-PC
Woody fuels, litter and duff altered from OW020 based in part on OW016 and OW014 to fit treatment.</notes>
  <date_collected>May 28, 2010</date_collected>
  <fuelbed_confidence />
  <fuelbed>
    <canopy>
      <trees>
        <total_percent_cover max="75" min="40" unit="number">40</total_percent_cover>
        <overstory>
          <percent_cover max="80" min="10" unit="number">40</percent_cover>
          <height max="40" min="20" unit="feet">65</height>
          <height_to_live_crown max="8" min="4" unit="feet">15</height_to_live_crown>
          <stem_density max="300" min="40" unit="number_per_acre">75</stem_density>
          <diameter_at_breast_height max="9" min="3.3" unit="inches">11</diameter_at_breast_height>
          <species>
            <species_description>
              <tsn>183424</tsn>
              <relative_cover>37</relative_cover>
            </species_description>
            <species_description>
              <tsn>183365</tsn>
              <relative_cover>32</relative_cover>
            </species_description>
            <species_description>
              <tsn>183284</tsn>
              <relative_cover>22</relative_cover>
            </species_description>
            <species_description>
              <tsn>183417</tsn>
              <relative_cover>9</relative_cover>
            </species_description>
          </species>
        </overstory>
        <midstory>
          <percent_cover unit="number" />
          <height unit="feet" />
          <height_to_live_crown unit="feet" />
          <stem_density unit="number_per_acre" />
          <diameter_at_breast_height unit="inches" />
          <species />
        </midstory>
        <understory>
          <percent_cover max="70" min="5" unit="number">40</percent_cover>
          <height max="10" min="1" unit="feet">4</height>
          <height_to_live_crown max="2" min="0" unit="feet">0</height_to_live_crown>
          <stem_density max="500" min="20" unit="number_per_acre">100</stem_density>
          <diameter_at_breast_height max="1" min="0.1" unit="inches">0.5</diameter_at_breast_height>
          <species>
            <species_description>
              <tsn>183424</tsn>
              <relative_cover>40</relative_cover>
            </species_description>
            <species_description>
              <tsn>183365</tsn>
              <relative_cover>10</relative_cover>
            </species_description>
            <species_description>
              <tsn>183284</tsn>
              <relative_cover>40</relative_cover>
            </species_description>
            <species_description>
              <tsn>183417</tsn>
              <relative_cover>10</relative_cover>
            </species_description>
          </species>
        </understory>
      </trees>
      <snags>
        <class_1_conifers_with_foliage>
          <percent_cover max="65" min="0" unit="number">0.1714</percent_cover>
          <height_to_crown_base max="65" min="0" unit="feet">43.355000000000004</height_to_crown_base>
          <stem_density max="15" min="0" unit="number_per_acre">1</stem_density>
          <diameter max="8" min="3" unit="inches">11</diameter>
          <height max="40" min="25" unit="feet">65</height>
          <species>
            <species_description>
              <tsn>183284</tsn>
              <relative_cover>50</relative_cover>
            </species_description>
            <species_description>
              <tsn>183424</tsn>
              <relative_cover>50</relative_cover>
            </species_description>
          </species>
        </class_1_conifers_with_foliage>
        <class_1_all_others>
          <stem_density max="-3" min="-3" unit="number_per_acre">1</stem_density>
          <diameter max="-3" min="-3" unit="inches">12</diameter>
          <height max="-3" min="-3" unit="feet">50</height>
          <species>
            <species_description>
              <tsn>183424</tsn>
              <relative_cover>50</relative_cover>
            </species_description>
            <species_description>
              <tsn>183284</tsn>
              <relative_cover>50</relative_cover>
            </species_description>
          </species>
        </class_1_all_others>
        <class_2>
          <stem_density unit="number_per_acre" />
          <diameter unit="inches" />
          <height unit="feet" />
          <species />
        </class_2>
        <class_3>
          <stem_density max="-3" min="-3" unit="number_per_acre">1</stem_density>
          <diameter max="-3" min="-3" unit="inches">18</diameter>
          <height max="-3" min="-3" unit="feet">35</height>
          <species>
            <species_description>
              <tsn>183424</tsn>
              <relative_cover>100</relative_cover>
            </species_description>
          </species>
        </class_3>
      </snags>
      <ladder_fuels>
        <minimum_height max="-3" min="-3" unit="feet">0</minimum_height>
        <maximum_height max="-3" min="-3" unit="feet">4</maximum_height>
        <is_vertically_contiguous>0</is_vertically_contiguous>
        <type>2</type>
      </ladder_fuels>
    </canopy>
    <shrubs>
      <primary_layer>
        <percent_cover max="70" min="30" unit="number">45</percent_cover>
        <height max="6" min="2" unit="feet">2</height>
        <percent_live max="80" min="40" unit="number">80</percent_live>
        <species>
          <species_description>
            <tsn>25109</tsn>
            <relative_cover>12</relative_cover>
          </species_description>
          <species_description>
            <tsn>23503</tsn>
            <relative_cover>41</relative_cover>
          </species_description>
          <species_description>
            <tsn>25331</tsn>
            <relative_cover>10</relative_cover>
          </species_description>
          <species_description>
            <tsn>504149</tsn>
            <relative_cover>8</relative_cover>
          </species_description>
          <species_description>
            <tsn>25177</tsn>
            <relative_cover>20</relative_cover>
          </species_description>
          <species_description>
            <tsn>24828</tsn>
            <relative_cover>9</relative_cover>
          </species_description>
        </species>
      </primary_layer>
      <secondary_layer>
        <percent_cover unit="number" />
        <height unit="feet" />
        <percent_live unit="number" />
        <species />
      </secondary_layer>
      <needle_drape>
        <is_sufficient_to_affect_fire_behavior>0</is_sufficient_to_affect_fire_behavior>
      </needle_drape>
    </shrubs>
    <herbaceous>
      <primary_layer>
        <percent_cover max="40" min="10" reference_id="1364" unit="number">20</percent_cover>
        <height max="4" min="1.5" unit="feet">2</height>
        <loading max="1" min="0.2" unit="tons_per_acre">0.1</loading>
        <percent_live max="99" min="75" reference_id="1358" unit="number">90</percent_live>
        <species>
          <species_description>
            <tsn>40540</tsn>
            <relative_cover>58</relative_cover>
          </species_description>
          <species_description>
            <tsn>39613</tsn>
            <relative_cover>15</relative_cover>
          </species_description>
          <species_description>
            <tsn>40820</tsn>
            <relative_cover>9</relative_cover>
          </species_description>
          <species_description>
            <tsn>37693</tsn>
            <relative_cover>5</relative_cover>
          </species_description>
          <species_description>
            <tsn>25916</tsn>
            <relative_cover>13</relative_cover>
          </species_description>
        </species>
      </primary_layer>
      <secondary_layer>
        <percent_cover unit="number" />
        <height unit="feet" />
        <loading unit="tons_per_acre" />
        <percent_live unit="number" />
        <species />
      </secondary_layer>
    </herbaceous>
    <woody_fuel>
      <all_downed_woody_fuel>
        <total_percent_cover max="70" min="30" unit="number">90</total_percent_cover>
        <depth max="5" min="0.5" unit="inches">3</depth>
      </all_downed_woody_fuel>
      <sound_wood>
        <all_sound_wood>
          <species>
            <species_description>
              <tsn>183424</tsn>
              <relative_cover>37</relative_cover>
            </species_description>
            <species_description>
              <tsn>183365</tsn>
              <relative_cover>32</relative_cover>
            </species_description>
            <species_description>
              <tsn>183284</tsn>
              <relative_cover>22</relative_cover>
            </species_description>
            <species_description>
              <tsn>183417</tsn>
              <relative_cover>9</relative_cover>
            </species_description>
          </species>
        </all_sound_wood>
        <loadings_zero_to_three_inches>
          <zero_to_quarter_inch max="1" min="0" unit="tons_per_acre">1.8</zero_to_quarter_inch>
          <quarter_inch_to_one_inch max="1" min="0.1" unit="tons_per_acre">2.7</quarter_inch_to_one_inch>
          <one_to_three_inches max="4" min="0.7" unit="tons_per_acre">5.5</one_to_three_inches>
        </loadings_zero_to_three_inches>
        <loadings_greater_than_three_inches>
          <three_to_nine_inches max="0" min="0" unit="tons_per_acre">10</three_to_nine_inches>
          <nine_to_twenty_inches max="0" min="0" unit="tons_per_acre">6</nine_to_twenty_inches>
          <greater_than_twenty_inches max="0" min="0" unit="tons_per_acre">1.5</greater_than_twenty_inches>
        </loadings_greater_than_three_inches>
      </sound_wood>
      <rotten_wood>
        <all_rotten_wood>
          <species>
            <species_description>
              <tsn>183365</tsn>
              <relative_cover>100</relative_cover>
            </species_description>
          </species>
        </all_rotten_wood>
        <loadings_greater_than_three_inches>
          <three_to_nine_inches max="16" min="5" unit="tons_per_acre">1.5</three_to_nine_inches>
          <nine_to_twenty_inches max="24" min="4" unit="tons_per_acre">5.5</nine_to_twenty_inches>
          <greater_than_twenty_inches max="10" min="0" unit="tons_per_acre">0.5</greater_than_twenty_inches>
        </loadings_greater_than_three_inches>
      </rotten_wood>
      <stumps>
        <sound>
          <stem_density max="-3" min="-3" unit="number_per_acre">145</stem_density>
          <diameter max="-3" min="-3" unit="inches">9</diameter>
          <height max="-3" min="-3" unit="feet">0.6</height>
          <species>
            <species_description>
              <tsn>183424</tsn>
              <relative_cover>37</relative_cover>
            </species_description>
            <species_description>
              <tsn>183365</tsn>
              <relative_cover>32</relative_cover>
            </species_description>
            <species_description>
              <tsn>183284</tsn>
              <relative_cover>22</relative_cover>
            </species_description>
            <species_description>
              <tsn>183417</tsn>
              <relative_cover>9</relative_cover>
            </species_description>
          </species>
        </sound>
        <rotten>
          <stem_density max="150" min="80" unit="number_per_acre">300</stem_density>
          <diameter max="44" min="28" unit="inches">5</diameter>
          <height max="4" min="1" unit="feet">0.33</height>
          <species>
            <species_description>
              <tsn>183284</tsn>
              <relative_cover>60</relative_cover>
            </species_description>
            <species_description>
              <tsn>183365</tsn>
              <relative_cover>20</relative_cover>
            </species_description>
            <species_description>
              <tsn>183424</tsn>
              <relative_cover>20</relative_cover>
            </species_description>
          </species>
        </rotten>
        <lightered_pitchy>
          <stem_density unit="number_per_acre" />
          <diameter unit="inches" />
          <height unit="feet" />
          <species />
        </lightered_pitchy>
      </stumps>
    </woody_fuel>
    <moss_lichen_litter>
      <moss>
        <type />
        <percent_cover unit="number" />
        <depth unit="inches" />
      </moss>
      <ground_lichen>
        <percent_cover unit="number" />
        <depth unit="inches" />
      </ground_lichen>
      <litter>
        <percent_cover max="100" min="90" unit="number">90</percent_cover>
        <depth max="1.5" min="0.5" unit="inches">2.2</depth>
        <arrangement>1</arrangement>
        <litter_type>
          <short_needle_pine>
            <relative_cover />
          </short_needle_pine>
          <long_needle_pine>
            <relative_cover>15.0</relative_cover>
          </long_needle_pine>
          <other_conifer>
            <relative_cover>45.0</relative_cover>
          </other_conifer>
          <broadleaf_deciduous>
            <relative_cover />
          </broadleaf_deciduous>
          <broadleaf_evergreen>
            <relative_cover>30.0</relative_cover>
          </broadleaf_evergreen>
          <palm_frond>
            <relative_cover />
          </palm_frond>
          <grass>
            <relative_cover>10.0</relative_cover>
          </grass>
        </litter_type>
      </litter>
    </moss_lichen_litter>
    <ground_fuel>
      <duff>
        <upper>
          <depth max="1.5" min="0.25" unit="inches">1.7</depth>
          <percent_cover max="70" min="30" unit="number">90</percent_cover>
          <derivation>1</derivation>
        </upper>
        <lower>
          <depth max="1.5" min="0.75" unit="inches">0.6</depth>
          <percent_cover max="70" min="30" unit="number">90</percent_cover>
          <derivation>3</derivation>
        </lower>
      </duff>
      <squirrel_middens>
        <depth unit="inches" />
        <radius unit="feet" />
        <number_per_unit_area unit="number_per_acre" />
      </squirrel_middens>
      <basal_accumulation>
        <depth unit="inches" />
        <radius unit="feet" />
        <number_per_unit_area unit="number_per_acre" />
        <type />
      </basal_accumulation>
    </ground_fuel>
  </fuelbed>
</FCCS_file>