<?xml version="1.0"?>
<FCCS_file xmlns:xsi="http://www.w3.org/2001/XMLSchema-instance" schemaVersion="1.4" xsi:noNamespaceSchemaLocation="cash.xsd">
	<fuelbed_number>5087_222</fuelbed_number>
	<fuelbed_name>PP (eWA)|0-15yr|WF|Shrub</fuelbed_name>
	<fuelbed_description>Eastern Washington ponderosa pine forest. Established less than 15 years ago after wildfire. Shrub understory.</fuelbed_description>
	<ecoregion>340,330</ecoregion>
	<vegetation_form>2</vegetation_form>
	<structural_class>5</structural_class>
	<cover_type>152</cover_type>
	<change_agent>30</change_agent>
	<natural_fire_regime>1</natural_fire_regime>
	<condition_class>3</condition_class>
	<user_name>John Barnes</user_name>
	<address />
	<affiliation>Okanogan  Wenatchee NF</affiliation>
	<phone />
	<file_owner_email>jabarnes@fs.fed.us</file_owner_email>
	<notes> This fuelbed created in cooperation with Richy Harrod, Jim Bailey, John Barnes, and Rick Lind of the Okanogan and Wenatchee NF. 
Compare with OW001,  Used Entiat 2.1 GR for shrub -w/some PUTR added and add bunchgrass.  Use PNW 105  4-PP-4 for Overstory (20+) and base for Woody fuels,  with some modification from local knowledge.  John Barnes modified 11-29-05.Edited by Susan Prichard and Ellen Eberhardt, February 2009.</notes>
	<date_collected>Mar 30, 2009</date_collected>
	<fuelbed_confidence />
	<fuelbed>
		<canopy>
			<trees>
				<total_percent_cover max="75" min="40" unit="number">6.7</total_percent_cover>
				<overstory>
					<percent_cover max="80" min="10" unit="number">5.0</percent_cover>
					<height max="40" min="20" unit="feet">88</height>
					<height_to_live_crown max="8" min="4" unit="feet">30.0</height_to_live_crown>
					<stem_density max="300" min="40" unit="number_per_acre">9.0</stem_density>
					<diameter_at_breast_height max="9" min="3.3" unit="inches">30.0</diameter_at_breast_height>
					<species>
						<species_description>
							<tsn>183365</tsn>
							<relative_cover>100</relative_cover>
						</species_description>
					</species>
				</overstory>
				<midstory>
					<percent_cover unit="number">0.0</percent_cover>
					<height unit="feet" />
					<height_to_live_crown unit="feet">0.0</height_to_live_crown>
					<stem_density unit="number_per_acre">0.0</stem_density>
					<diameter_at_breast_height unit="inches">0.0</diameter_at_breast_height>
					<species />
				</midstory>
				<understory>
					<percent_cover max="70" min="5" unit="number">0.0</percent_cover>
					<height max="10" min="1" unit="feet">0.0</height>
					<height_to_live_crown max="2" min="0" unit="feet">0.0</height_to_live_crown>
					<stem_density max="500" min="20" unit="number_per_acre">0.0</stem_density>
					<diameter_at_breast_height max="1" min="0.1" unit="inches">0.0</diameter_at_breast_height>
					<species>
						<species_description>
							<tsn>183365</tsn>
							<relative_cover>100</relative_cover>
						</species_description>
					</species>
				</understory>
			</trees>
			<snags>
				<class_1_conifers_with_foliage>
					<percent_cover unit="number" />
					<height_to_crown_base unit="feet" />
					<stem_density unit="number_per_acre" />
					<diameter unit="inches" />
					<height unit="feet" />
					<species />
				</class_1_conifers_with_foliage>
				<class_1_all_others>
					<stem_density unit="number_per_acre" />
					<diameter unit="inches" />
					<height unit="feet" />
					<species />
				</class_1_all_others>
				<class_2>
					<stem_density max="-3" min="-3" unit="number_per_acre">50</stem_density>
					<diameter max="-3" min="-3" unit="inches">13</diameter>
					<height max="-3" min="-3" unit="feet">15</height>
					<species>
						<species_description>
							<tsn>183365</tsn>
							<relative_cover>100</relative_cover>
						</species_description>
					</species>
				</class_2>
				<class_3>
					<stem_density max="-3" min="-3" unit="number_per_acre">4</stem_density>
					<diameter max="-3" min="-3" unit="inches">20</diameter>
					<height max="-3" min="-3" unit="feet">15</height>
					<species>
						<species_description>
							<tsn>183365</tsn>
							<relative_cover>100</relative_cover>
						</species_description>
					</species>
				</class_3>
			</snags>
			<ladder_fuels>
				<minimum_height unit="feet" />
				<maximum_height unit="feet" />
				<is_vertically_contiguous />
				<type />
			</ladder_fuels>
		</canopy>
		<shrubs>
			<primary_layer>
				<percent_cover max="70" min="30" unit="number">37.5</percent_cover>
				<height max="6" min="2" unit="feet">3</height>
				<percent_live max="80" min="40" unit="number">80.0</percent_live>
				<species>
					<species_description>
						<tsn>28517</tsn>
						<relative_cover>80</relative_cover>
					</species_description>
					<species_description>
						<tsn>25290</tsn>
						<relative_cover>20</relative_cover>
					</species_description>
				</species>
			</primary_layer>
			<secondary_layer>
				<percent_cover unit="number">0.0</percent_cover>
				<height unit="feet" />
				<percent_live unit="number">0.0</percent_live>
				<species />
			</secondary_layer>
			<needle_drape>
				<is_sufficient_to_affect_fire_behavior>0</is_sufficient_to_affect_fire_behavior>
			</needle_drape>
		</shrubs>
		<herbaceous>
			<primary_layer>
				<percent_cover max="40" min="10" unit="number">22.5</percent_cover>
				<height max="4" min="1.5" unit="feet">0.5</height>
				<loading max="1" min="0.2" unit="tons_per_acre">0.07500000000000001</loading>
				<percent_live max="99" min="75" unit="number">90.0</percent_live>
				<species>
					<species_description>
						<tsn>40540</tsn>
						<relative_cover>60</relative_cover>
					</species_description>
					<species_description>
						<tsn>504637</tsn>
						<relative_cover>40</relative_cover>
					</species_description>
				</species>
			</primary_layer>
			<secondary_layer>
				<percent_cover unit="number">0.0</percent_cover>
				<height unit="feet" />
				<loading unit="tons_per_acre">0.0</loading>
				<percent_live unit="number">0.0</percent_live>
				<species />
			</secondary_layer>
		</herbaceous>
		<woody_fuel>
			<all_downed_woody_fuel>
				<total_percent_cover max="70" min="30" unit="number">15.75</total_percent_cover>
				<depth max="5" min="0.5" unit="inches">1.125</depth>
			</all_downed_woody_fuel>
			<sound_wood>
				<all_sound_wood>
					<species>
						<species_description>
							<tsn>183365</tsn>
							<relative_cover>100.00</relative_cover>
						</species_description>
					</species>
				</all_sound_wood>
				<loadings_zero_to_three_inches>
					<zero_to_quarter_inch max="1" min="0" unit="tons_per_acre">0.75</zero_to_quarter_inch>
					<quarter_inch_to_one_inch max="1" min="0.1" unit="tons_per_acre">1.5</quarter_inch_to_one_inch>
					<one_to_three_inches max="4" min="0.7" unit="tons_per_acre">2.5875</one_to_three_inches>
				</loadings_zero_to_three_inches>
				<loadings_greater_than_three_inches>
					<three_to_nine_inches max="0" min="0" unit="tons_per_acre">3.0</three_to_nine_inches>
					<nine_to_twenty_inches max="0" min="0" unit="tons_per_acre">1.7999999999999998</nine_to_twenty_inches>
					<greater_than_twenty_inches max="0" min="0" unit="tons_per_acre">0.0</greater_than_twenty_inches>
				</loadings_greater_than_three_inches>
			</sound_wood>
			<rotten_wood>
				<all_rotten_wood>
					<species>
						<species_description>
							<tsn>183365</tsn>
							<relative_cover>100.00</relative_cover>
						</species_description>
					</species>
				</all_rotten_wood>
				<loadings_greater_than_three_inches>
					<three_to_nine_inches max="16" min="5" unit="tons_per_acre">1.1</three_to_nine_inches>
					<nine_to_twenty_inches max="24" min="4" unit="tons_per_acre">0.7</nine_to_twenty_inches>
					<greater_than_twenty_inches max="10" min="0" unit="tons_per_acre">0.0</greater_than_twenty_inches>
				</loadings_greater_than_three_inches>
			</rotten_wood>
			<stumps>
				<sound>
					<stem_density unit="number_per_acre">9.0</stem_density>
					<diameter unit="inches" />
					<height unit="feet" />
					<species />
				</sound>
				<rotten>
					<stem_density unit="number_per_acre" />
					<diameter unit="inches" />
					<height unit="feet" />
					<species />
				</rotten>
				<lightered_pitchy>
					<stem_density unit="number_per_acre" />
					<diameter unit="inches" />
					<height unit="feet" />
					<species />
				</lightered_pitchy>
			</stumps>
		</woody_fuel>
		<moss_lichen_litter>
			<moss>
				<type />
				<percent_cover unit="number" />
				<depth unit="inches" />
			</moss>
			<ground_lichen>
				<percent_cover unit="number" />
				<depth unit="inches" />
			</ground_lichen>
			<litter>
				<percent_cover max="100" min="90" unit="number">42.0</percent_cover>
				<depth max="1.5" min="0.5" unit="inches">0.15000000000000002</depth>
				<arrangement>1</arrangement>
				<litter_type>
					<short_needle_pine>
						<relative_cover />
					</short_needle_pine>
					<long_needle_pine>
						<relative_cover>80.0</relative_cover>
					</long_needle_pine>
					<other_conifer>
						<relative_cover />
					</other_conifer>
					<broadleaf_deciduous>
						<relative_cover />
					</broadleaf_deciduous>
					<broadleaf_evergreen>
						<relative_cover>20.0</relative_cover>
					</broadleaf_evergreen>
					<palm_frond>
						<relative_cover />
					</palm_frond>
					<grass>
						<relative_cover />
					</grass>
				</litter_type>
			</litter>
		</moss_lichen_litter>
		<ground_fuel>
			<duff>
				<upper>
					<depth max="1.5" min="0.25" unit="inches">0.2</depth>
					<percent_cover max="70" min="30" unit="number">30</percent_cover>
					<derivation>1</derivation>
				</upper>
				<lower>
					<depth unit="inches" />
					<percent_cover unit="number" />
					<derivation />
				</lower>
			</duff>
			<squirrel_middens>
				<depth unit="inches" />
				<radius unit="feet" />
				<number_per_unit_area unit="number_per_acre" />
			</squirrel_middens>
			<basal_accumulation>
				<depth unit="inches" />
				<radius unit="feet" />
				<number_per_unit_area unit="number_per_acre" />
				<type />
			</basal_accumulation>
		</ground_fuel>
	</fuelbed>
</FCCS_file>
