<?xml version="1.0"?>
<FCCS_file xmlns:xsi="http://www.w3.org/2001/XMLSchema-instance" schemaVersion="1.4" xsi:noNamespaceSchemaLocation="cash.xsd">
	<fuelbed_number>5211_231</fuelbed_number>
	<fuelbed_name>DF GF (moist)|90-150yr</fuelbed_name>
	<fuelbed_description>Moist Douglas-fir and grand fir forest. Established 90 to 150 years ago from wildfire or clearcut cut and prescribed burn and had no subsequent management. Dense, multi-layered stand with high fuel load. Western hemlock and western larch may be present.</fuelbed_description>
	<ecoregion>340,330</ecoregion>
	<vegetation_form>2</vegetation_form>
	<structural_class>1</structural_class>
	<cover_type>121,136</cover_type>
	<change_agent>18</change_agent>
	<natural_fire_regime>3</natural_fire_regime>
	<condition_class>2</condition_class>
	<user_name>Tom Leuschen</user_name>
	<address>PO Box 664 Twisp, WA 98856</address>
	<affiliation>Fire Vision LLC contract consultant</affiliation>
	<phone>509-997-5052</phone>
	<file_owner_email>tom@firevisionllc.com</file_owner_email>
	<notes>This fuelbed created in cooperation with Richy Harrod, Jim Bailey, John Barnes, and Rick Lind of the Okanogan and Wenatchee NF.   Entered woody, duff, and stand data from photo 2-MC-3, PNW 105.Edited by Susan Prichard and Ellen Eberhardt, February 2009.</notes>
	<date_collected>May 28, 2010</date_collected>
	<fuelbed_confidence />
	<fuelbed>
		<canopy>
			<trees>
				<total_percent_cover max="75" min="40" unit="number">29.700000000000003</total_percent_cover>
				<overstory>
					<percent_cover max="80" min="10" unit="number">17.5</percent_cover>
					<height max="40" min="20" unit="feet">90</height>
					<height_to_live_crown max="8" min="4" unit="feet">30.0</height_to_live_crown>
					<stem_density max="300" min="40" unit="number_per_acre">40.0</stem_density>
					<diameter_at_breast_height max="9" min="3.3" unit="inches">17.5</diameter_at_breast_height>
					<species>
						<species_description>
							<tsn>183424</tsn>
							<relative_cover>60</relative_cover>
						</species_description>
						<species_description>
							<tsn>183284</tsn>
							<relative_cover>40</relative_cover>
						</species_description>
					</species>
				</overstory>
				<midstory>
					<percent_cover max="-2" min="-2" unit="number">10.0</percent_cover>
					<height max="-2" min="-2" unit="feet">60</height>
					<height_to_live_crown max="-2" min="-2" unit="feet">7.5</height_to_live_crown>
					<stem_density max="-2" min="-2" unit="number_per_acre">50.0</stem_density>
					<diameter_at_breast_height max="-2" min="-2" unit="inches">11.25</diameter_at_breast_height>
					<species>
						<species_description>
							<tsn>183284</tsn>
							<relative_cover>45</relative_cover>
						</species_description>
						<species_description>
							<tsn>183424</tsn>
							<relative_cover>45</relative_cover>
						</species_description>
						<species_description>
							<tsn>183400</tsn>
							<relative_cover>10</relative_cover>
						</species_description>
					</species>
				</midstory>
				<understory>
					<percent_cover max="70" min="5" unit="number">0.0</percent_cover>
					<height max="10" min="1" unit="feet">0.0</height>
					<height_to_live_crown max="2" min="0" unit="feet">0.0</height_to_live_crown>
					<stem_density max="500" min="20" unit="number_per_acre">0.0</stem_density>
					<diameter_at_breast_height max="1" min="0.1" unit="inches">0.0</diameter_at_breast_height>
					<species>
						<species_description>
							<tsn>183424</tsn>
							<relative_cover>45</relative_cover>
						</species_description>
						<species_description>
							<tsn>183284</tsn>
							<relative_cover>45</relative_cover>
						</species_description>
						<species_description>
							<tsn>183400</tsn>
							<relative_cover>10</relative_cover>
						</species_description>
					</species>
				</understory>
			</trees>
			<snags>
				<class_1_conifers_with_foliage>
					<percent_cover max="30" min="0" unit="number">0.14604</percent_cover>
					<height_to_crown_base max="30" min="0" unit="feet">20.01</height_to_crown_base>
					<stem_density max="15" min="0" reference_id="1358" unit="number_per_acre">4</stem_density>
					<diameter max="8" min="3" reference_id="459" unit="inches">5</diameter>
					<height max="40" min="25" reference_id="1364" unit="feet">30</height>
					<species>
						<species_description>
							<tsn>183424</tsn>
							<relative_cover>100.00</relative_cover>
						</species_description>
					</species>
				</class_1_conifers_with_foliage>
				<class_1_all_others>
					<stem_density max="-3" min="-3" unit="number_per_acre">4</stem_density>
					<diameter max="-3" min="-3" unit="inches">12</diameter>
					<height max="-3" min="-3" unit="feet">25</height>
					<species>
						<species_description>
							<tsn>183424</tsn>
							<relative_cover>100</relative_cover>
						</species_description>
					</species>
				</class_1_all_others>
				<class_2>
					<stem_density max="-3" min="-3" unit="number_per_acre">8</stem_density>
					<diameter max="-3" min="-3" unit="inches">12</diameter>
					<height max="-3" min="-3" unit="feet">25</height>
					<species>
						<species_description>
							<tsn>183424</tsn>
							<relative_cover>100</relative_cover>
						</species_description>
					</species>
				</class_2>
				<class_3>
					<stem_density max="-3" min="-3" unit="number_per_acre">5</stem_density>
					<diameter max="-3" min="-3" unit="inches">12</diameter>
					<height max="-3" min="-3" unit="feet">25</height>
					<species>
						<species_description>
							<tsn>183424</tsn>
							<relative_cover>100</relative_cover>
						</species_description>
					</species>
				</class_3>
			</snags>
			<ladder_fuels>
				<minimum_height max="-3" min="-3" unit="feet">2</minimum_height>
				<maximum_height max="-3" min="-3" unit="feet">25</maximum_height>
				<is_vertically_contiguous>1</is_vertically_contiguous>
				<type>2</type>
			</ladder_fuels>
		</canopy>
		<shrubs>
			<primary_layer>
				<percent_cover max="70" min="30" unit="number">1.25</percent_cover>
				<height max="6" min="2" unit="feet">1</height>
				<percent_live max="80" min="40" unit="number">22.5</percent_live>
				<species>
					<species_description>
						<tsn>25177</tsn>
						<relative_cover>20</relative_cover>
					</species_description>
					<species_description>
						<tsn>25331</tsn>
						<relative_cover>20</relative_cover>
					</species_description>
					<species_description>
						<tsn>23613</tsn>
						<relative_cover>60</relative_cover>
					</species_description>
				</species>
			</primary_layer>
			<secondary_layer>
				<percent_cover unit="number">0.0</percent_cover>
				<height unit="feet" />
				<percent_live unit="number">0.0</percent_live>
				<species />
			</secondary_layer>
			<needle_drape>
				<is_sufficient_to_affect_fire_behavior>0</is_sufficient_to_affect_fire_behavior>
			</needle_drape>
		</shrubs>
		<herbaceous>
			<primary_layer>
				<percent_cover max="40" min="10" unit="number">0.25</percent_cover>
				<height max="4" min="1.5" unit="feet">1</height>
				<loading max="1" min="0.2" unit="tons_per_acre">0.0075</loading>
				<percent_live max="99" min="75" unit="number">22.5</percent_live>
				<species>
					<species_description>
						<tsn>40540</tsn>
						<relative_cover>50</relative_cover>
					</species_description>
					<species_description>
						<tsn>39613</tsn>
						<relative_cover>50</relative_cover>
					</species_description>
				</species>
			</primary_layer>
			<secondary_layer>
				<percent_cover unit="number">0.0</percent_cover>
				<height unit="feet" />
				<loading unit="tons_per_acre">0.0</loading>
				<percent_live unit="number">0.0</percent_live>
				<species />
			</secondary_layer>
		</herbaceous>
		<woody_fuel>
			<all_downed_woody_fuel>
				<total_percent_cover max="70" min="30" unit="number">100</total_percent_cover>
				<depth max="5" min="0.5" unit="inches">8.0</depth>
			</all_downed_woody_fuel>
			<sound_wood>
				<all_sound_wood>
					<species>
						<species_description>
							<tsn>183424</tsn>
							<relative_cover>60</relative_cover>
						</species_description>
						<species_description>
							<tsn>183284</tsn>
							<relative_cover>40</relative_cover>
						</species_description>
					</species>
				</all_sound_wood>
				<loadings_zero_to_three_inches>
					<zero_to_quarter_inch max="-3" min="-3" unit="tons_per_acre">1.5</zero_to_quarter_inch>
					<quarter_inch_to_one_inch max="-3" min="-3" unit="tons_per_acre">4.8</quarter_inch_to_one_inch>
					<one_to_three_inches max="-3" min="-3" unit="tons_per_acre">7.8</one_to_three_inches>
				</loadings_zero_to_three_inches>
				<loadings_greater_than_three_inches>
					<three_to_nine_inches max="-3" min="-3" unit="tons_per_acre">10.3</three_to_nine_inches>
					<nine_to_twenty_inches max="-3" min="-3" unit="tons_per_acre">1.2</nine_to_twenty_inches>
					<greater_than_twenty_inches max="-3" min="-3" unit="tons_per_acre">0</greater_than_twenty_inches>
				</loadings_greater_than_three_inches>
			</sound_wood>
			<rotten_wood>
				<all_rotten_wood>
					<species>
						<species_description>
							<tsn>183424</tsn>
							<relative_cover>60</relative_cover>
						</species_description>
						<species_description>
							<tsn>183284</tsn>
							<relative_cover>40</relative_cover>
						</species_description>
					</species>
				</all_rotten_wood>
				<loadings_greater_than_three_inches>
					<three_to_nine_inches max="16" min="2" unit="tons_per_acre">2.2</three_to_nine_inches>
					<nine_to_twenty_inches max="24" min="4" unit="tons_per_acre">16.3</nine_to_twenty_inches>
					<greater_than_twenty_inches max="67" min="0" unit="tons_per_acre">2</greater_than_twenty_inches>
				</loadings_greater_than_three_inches>
			</rotten_wood>
			<stumps>
				<sound>
					<stem_density unit="number_per_acre">270.0</stem_density>
					<diameter unit="inches" />
					<height unit="feet" />
					<species />
				</sound>
				<rotten>
					<stem_density unit="number_per_acre" />
					<diameter unit="inches" />
					<height unit="feet" />
					<species />
				</rotten>
				<lightered_pitchy>
					<stem_density unit="number_per_acre" />
					<diameter unit="inches" />
					<height unit="feet" />
					<species />
				</lightered_pitchy>
			</stumps>
		</woody_fuel>
		<moss_lichen_litter>
			<moss>
				<type />
				<percent_cover unit="number" />
				<depth unit="inches" />
			</moss>
			<ground_lichen>
				<percent_cover unit="number" />
				<depth unit="inches" />
			</ground_lichen>
			<litter>
				<percent_cover max="100" min="90" reference_id="1364" unit="number">100</percent_cover>
				<depth max="1.5" min="0.5" unit="inches">1.75</depth>
				<arrangement>1</arrangement>
				<litter_type>
					<short_needle_pine>
						<relative_cover />
					</short_needle_pine>
					<long_needle_pine>
						<relative_cover />
					</long_needle_pine>
					<other_conifer>
						<relative_cover>100.0</relative_cover>
					</other_conifer>
					<broadleaf_deciduous>
						<relative_cover />
					</broadleaf_deciduous>
					<broadleaf_evergreen>
						<relative_cover />
					</broadleaf_evergreen>
					<palm_frond>
						<relative_cover />
					</palm_frond>
					<grass>
						<relative_cover />
					</grass>
				</litter_type>
			</litter>
		</moss_lichen_litter>
		<ground_fuel>
			<duff>
				<upper>
					<depth max="1.5" min="0.25" unit="inches">1</depth>
					<percent_cover max="70" min="30" unit="number">100</percent_cover>
					<derivation>1</derivation>
				</upper>
				<lower>
					<depth max="1.5" min="0.75" reference_id="1364" unit="inches">1</depth>
					<percent_cover max="70" min="30" unit="number">100</percent_cover>
					<derivation>3</derivation>
				</lower>
			</duff>
			<squirrel_middens>
				<depth unit="inches" />
				<radius unit="feet" />
				<number_per_unit_area unit="number_per_acre" />
			</squirrel_middens>
			<basal_accumulation>
				<depth unit="inches" />
				<radius unit="feet" />
				<number_per_unit_area unit="number_per_acre" />
				<type />
			</basal_accumulation>
		</ground_fuel>
	</fuelbed>
</FCCS_file>
