<?xml version="1.0"?>
<FCCS_file xmlns:xsi="http://www.w3.org/2001/XMLSchema-instance" schemaVersion="1.4" xsi:noNamespaceSchemaLocation="cash.xsd">
	<fuelbed_number>5230_532</fuelbed_number>
	<fuelbed_name>GF WH (moist)|0-30yr|WF</fuelbed_name>
	<fuelbed_description>Moist grand fir and western hemlock forest. Established less than 30 years ago after wildfire. Medium-density.</fuelbed_description>
	<ecoregion>340,330</ecoregion>
	<vegetation_form>2</vegetation_form>
	<structural_class>5</structural_class>
	<cover_type>121,131</cover_type>
	<change_agent>30</change_agent>
	<natural_fire_regime>4</natural_fire_regime>
	<condition_class>1</condition_class>
	<user_name>Anne Andreu</user_name>
	<address />
	<affiliation />
	<phone />
	<file_owner_email>agandreu@u.washington.edu</file_owner_email>
	<notes> This fuelbed created in cooperation with Richy Harrod, Jim Bailey, John Barnes, and Rick Lind of the Okanogan and Wenatchee NF, Roger Ottmar of USFSPNW, FERA and Tom Leuschen of Fire Vision LLC. Used LP09, NFES 2629 for woody and litter. Changed search criteria and description.  Used Field Guide to Forested Plant Associations of the Wenatchee NF, TSHE/ACCI/ACTR, for tree, shrub and nonwoody species. Edited by Susan Prichard and Ellen Eberhardt, February 2009.</notes>
	<date_collected>Mar 27, 2009</date_collected>
	<fuelbed_confidence />
	<fuelbed>
		<canopy>
			<trees>
				<total_percent_cover max="75" min="40" unit="number">6.75</total_percent_cover>
				<overstory>
					<percent_cover unit="number">0.0</percent_cover>
					<height unit="feet" />
					<height_to_live_crown unit="feet">0.0</height_to_live_crown>
					<stem_density unit="number_per_acre">0.0</stem_density>
					<diameter_at_breast_height unit="inches" />
					<species />
				</overstory>
				<midstory>
					<percent_cover unit="number">0.0</percent_cover>
					<height unit="feet" />
					<height_to_live_crown unit="feet">0.0</height_to_live_crown>
					<stem_density unit="number_per_acre">0.0</stem_density>
					<diameter_at_breast_height unit="inches" />
					<species />
				</midstory>
				<understory>
					<percent_cover max="70" min="5" reference_id="7000" unit="number">30</percent_cover>
					<height max="10" min="1" unit="feet">6</height>
					<height_to_live_crown max="2" min="0" unit="feet">0.5</height_to_live_crown>
					<stem_density max="500" min="20" unit="number_per_acre">800</stem_density>
					<diameter_at_breast_height max="1" min="0.1" unit="inches">2</diameter_at_breast_height>
					<species>
						<species_description>
							<tsn>183424</tsn>
							<relative_cover>46</relative_cover>
						</species_description>
						<species_description>
							<tsn>183284</tsn>
							<relative_cover>44</relative_cover>
						</species_description>
						<species_description>
							<tsn>183400</tsn>
							<relative_cover>10</relative_cover>
						</species_description>
					</species>
				</understory>
			</trees>
			<snags>
				<class_1_conifers_with_foliage>
					<percent_cover unit="number">23.25</percent_cover>
					<height_to_crown_base unit="feet" />
					<stem_density unit="number_per_acre">0.0</stem_density>
					<diameter unit="inches">0</diameter>
					<height unit="feet" />
					<species />
				</class_1_conifers_with_foliage>
				<class_1_all_others>
					<stem_density max="-3" min="-3" unit="number_per_acre">0.0</stem_density>
					<diameter max="-3" min="-3" unit="inches">0</diameter>
					<height max="-3" min="-3" unit="feet"></height>
					<species>
						<species_description>
							<tsn>183424</tsn>
							<relative_cover>60</relative_cover>
						</species_description>
						<species_description>
							<tsn>183284</tsn>
							<relative_cover>30</relative_cover>
						</species_description>
						<species_description>
							<tsn>183400</tsn>
							<relative_cover>10</relative_cover>
						</species_description>
					</species>
				</class_1_all_others>
				<class_2>
					<stem_density max="-3" min="-3" unit="number_per_acre">25</stem_density>
					<diameter max="-3" min="-3" unit="inches">12</diameter>
					<height max="-3" min="-3" unit="feet">50</height>
					<species>
						<species_description>
							<tsn>181824</tsn>
							<relative_cover>30</relative_cover>
						</species_description>
						<species_description>
							<tsn>183400</tsn>
							<relative_cover>10</relative_cover>
						</species_description>
						<species_description>
							<tsn>183424</tsn>
							<relative_cover>60</relative_cover>
						</species_description>
					</species>
				</class_2>
				<class_3>
					<stem_density unit="number_per_acre">50</stem_density>
					<diameter unit="inches">12</diameter>
					<height unit="feet">50</height>
					<species>
						<species_description>
							<tsn>181824</tsn>
							<relative_cover>30</relative_cover>
						</species_description>
						<species_description>
							<tsn>183400</tsn>
							<relative_cover>10</relative_cover>
						</species_description>
						<species_description>
							<tsn>183424</tsn>
							<relative_cover>60</relative_cover>
						</species_description>
					</species>
				</class_3>
			</snags>
			<ladder_fuels>
				<minimum_height unit="feet" />
				<maximum_height unit="feet" />
				<is_vertically_contiguous />
				<type />
			</ladder_fuels>
		</canopy>
		<shrubs>
			<primary_layer>
				<percent_cover max="70" min="30" unit="number">37.5</percent_cover>
				<height max="6" min="2" unit="feet">3.5</height>
				<percent_live max="80" min="40" unit="number">100</percent_live>
				<species>
					<species_description>
						<tsn>28740</tsn>
						<relative_cover>30</relative_cover>
					</species_description>
					<species_description>
						<tsn>23601</tsn>
						<relative_cover>15</relative_cover>
					</species_description>
					<species_description>
						<tsn>24828</tsn>
						<relative_cover>10</relative_cover>
					</species_description>
					<species_description>
						<tsn>35314</tsn>
						<relative_cover>15</relative_cover>
					</species_description>
					<species_description>
						<tsn>504149</tsn>
						<relative_cover>15</relative_cover>
					</species_description>
					<species_description>
						<tsn>18825</tsn>
						<relative_cover>15</relative_cover>
					</species_description>
				</species>
			</primary_layer>
			<secondary_layer>
				<percent_cover unit="number">0.0</percent_cover>
				<height unit="feet" />
				<percent_live unit="number" />
				<species />
			</secondary_layer>
			<needle_drape>
				<is_sufficient_to_affect_fire_behavior>0</is_sufficient_to_affect_fire_behavior>
			</needle_drape>
		</shrubs>
		<herbaceous>
			<primary_layer>
				<percent_cover max="40" min="10" unit="number">28.0</percent_cover>
				<height max="4" min="1.5" unit="feet">1</height>
				<loading max="1" min="0.2" unit="tons_per_acre">0.13999999999999999</loading>
				<percent_live max="99" min="75" unit="number">90</percent_live>
				<species>
					<species_description>
						<tsn>18813</tsn>
						<relative_cover>35</relative_cover>
					</species_description>
					<species_description>
						<tsn>24055</tsn>
						<relative_cover>17</relative_cover>
					</species_description>
					<species_description>
						<tsn>42905</tsn>
						<relative_cover>17</relative_cover>
					</species_description>
					<species_description>
						<tsn>43080</tsn>
						<relative_cover>16</relative_cover>
					</species_description>
					<species_description>
						<tsn>43593</tsn>
						<relative_cover>15</relative_cover>
					</species_description>
				</species>
			</primary_layer>
			<secondary_layer>
				<percent_cover unit="number">0.0</percent_cover>
				<height unit="feet" />
				<loading unit="tons_per_acre">0.0</loading>
				<percent_live unit="number" />
				<species />
			</secondary_layer>
		</herbaceous>
		<woody_fuel>
			<all_downed_woody_fuel>
				<total_percent_cover max="70" min="30" unit="number">87.5</total_percent_cover>
				<depth max="5" min="0.5" unit="inches">5.25</depth>
			</all_downed_woody_fuel>
			<sound_wood>
				<all_sound_wood>
					<species>
						<species_description>
							<tsn>183284</tsn>
							<relative_cover>50</relative_cover>
						</species_description>
						<species_description>
							<tsn>183424</tsn>
							<relative_cover>50</relative_cover>
						</species_description>
					</species>
				</all_sound_wood>
				<loadings_zero_to_three_inches>
					<zero_to_quarter_inch max="1" min="0" unit="tons_per_acre">1.0</zero_to_quarter_inch>
					<quarter_inch_to_one_inch max="1" min="0.1" unit="tons_per_acre">2.0</quarter_inch_to_one_inch>
					<one_to_three_inches max="4" min="0.7" unit="tons_per_acre">3.0</one_to_three_inches>
				</loadings_zero_to_three_inches>
				<loadings_greater_than_three_inches>
					<three_to_nine_inches max="0" min="0" unit="tons_per_acre">10</three_to_nine_inches>
					<nine_to_twenty_inches max="0" min="0" unit="tons_per_acre">4.5</nine_to_twenty_inches>
					<greater_than_twenty_inches max="0" min="0" unit="tons_per_acre">1.5</greater_than_twenty_inches>
				</loadings_greater_than_three_inches>
			</sound_wood>
			<rotten_wood>
				<all_rotten_wood>
					<species>
						<species_description>
							<tsn>183424</tsn>
							<relative_cover>50</relative_cover>
						</species_description>
						<species_description>
							<tsn>183284</tsn>
							<relative_cover>50</relative_cover>
						</species_description>
					</species>
				</all_rotten_wood>
				<loadings_greater_than_three_inches>
					<three_to_nine_inches max="16" min="5" unit="tons_per_acre">0.7</three_to_nine_inches>
					<nine_to_twenty_inches max="24" min="4" unit="tons_per_acre">0</nine_to_twenty_inches>
					<greater_than_twenty_inches max="10" min="0" unit="tons_per_acre">0</greater_than_twenty_inches>
				</loadings_greater_than_three_inches>
			</rotten_wood>
			<stumps>
				<sound>
					<stem_density unit="number_per_acre" />
					<diameter unit="inches" />
					<height unit="feet" />
					<species />
				</sound>
				<rotten>
					<stem_density unit="number_per_acre" />
					<diameter unit="inches" />
					<height unit="feet" />
					<species />
				</rotten>
				<lightered_pitchy>
					<stem_density unit="number_per_acre" />
					<diameter unit="inches" />
					<height unit="feet" />
					<species />
				</lightered_pitchy>
			</stumps>
		</woody_fuel>
		<moss_lichen_litter>
			<moss>
				<type />
				<percent_cover unit="number" />
				<depth unit="inches" />
			</moss>
			<ground_lichen>
				<percent_cover unit="number" />
				<depth unit="inches" />
			</ground_lichen>
			<litter>
				<percent_cover max="100" min="90" unit="number">100.0</percent_cover>
				<depth max="1.5" min="0.5" unit="inches">0.4</depth>
				<arrangement>1</arrangement>
				<litter_type>
					<short_needle_pine>
						<relative_cover>0.0</relative_cover>
					</short_needle_pine>
					<long_needle_pine>
						<relative_cover />
					</long_needle_pine>
					<other_conifer>
						<relative_cover>100.0</relative_cover>
					</other_conifer>
					<broadleaf_deciduous>
						<relative_cover />
					</broadleaf_deciduous>
					<broadleaf_evergreen>
						<relative_cover />
					</broadleaf_evergreen>
					<palm_frond>
						<relative_cover />
					</palm_frond>
					<grass>
						<relative_cover />
					</grass>
				</litter_type>
			</litter>
		</moss_lichen_litter>
		<ground_fuel>
			<duff>
				<upper>
					<depth max="1.5" min="0.25" unit="inches">0.1</depth>
					<percent_cover max="70" min="30" unit="number">50</percent_cover>
					<derivation>1</derivation>
				</upper>
				<lower>
					<depth unit="inches" />
					<percent_cover unit="number" />
					<derivation />
				</lower>
			</duff>
			<squirrel_middens>
				<depth unit="inches" />
				<radius unit="feet" />
				<number_per_unit_area unit="number_per_acre" />
			</squirrel_middens>
			<basal_accumulation>
				<depth unit="inches" />
				<radius unit="feet" />
				<number_per_unit_area unit="number_per_acre" />
				<type />
			</basal_accumulation>
		</ground_fuel>
	</fuelbed>
</FCCS_file>
