<?xml version="1.0"?>
<FCCS_file xmlns:xsi="http://www.w3.org/2001/XMLSchema-instance" schemaVersion="1.4" xsi:schemaLocation="conf\\us.fed.fs.fera.fccs.xsd">
	<fuelbed_number>5332_423</fuelbed_number>
	<fuelbed_name>JP WF|50-80yr</fuelbed_name>
	<fuelbed_description>Jeffrey pine and white fir forest. Occurs at middle elevations in the south Cascades and Sierra Nevada. Established 50 to 80 years ago with no subsequent management. Single layer, medium-density canopy and medium woody fuel load.</fuelbed_description>
	<ecoregion>260,340</ecoregion>
	<vegetation_form>2</vegetation_form>
	<structural_class>3</structural_class>
	<cover_type>119,154</cover_type>
	<change_agent>18</change_agent>
	<natural_fire_regime>1</natural_fire_regime>
	<condition_class>3</condition_class>
	<user_name>Roger Ottmar, Tom Leuschen</user_name>
	<address> PNW-Seattle</address>
	<affiliation>PNW-Seattle</affiliation>
	<phone> 206-732-7826</phone>
	<file_owner_email>rottmar@fs.fed.us</file_owner_email>
	<notes>Used Okanogan/Wenatchee fuelbed 0W136, changed species in inputs and custom page.
AA edited shrub and nonwoody species. AA edited name and description May 2009.</notes>
	<date_collected>Sep 9, 2011</date_collected>
	<fuelbed_confidence />
	<fuelbed>
		<canopy>
			<trees>
				<total_percent_cover max="100" min="50" unit="number">52.25000000000001</total_percent_cover>
				<overstory>
					<percent_cover max="40" min="5" unit="number">5.5</percent_cover>
					<height max="120" min="30" unit="feet">110</height>
					<height_to_live_crown max="50" min="5" unit="feet">30</height_to_live_crown>
					<stem_density max="40" min="3" unit="number_per_acre">5.5</stem_density>
					<diameter_at_breast_height max="60" min="10" unit="inches">27</diameter_at_breast_height>
					<species>
						<species_description>
							<tsn>183345</tsn>
							<relative_cover>100.00</relative_cover>
						</species_description>
					</species>
				</overstory>
				<midstory>
					<percent_cover max="70" min="30" unit="number">46.75000000000001</percent_cover>
					<height max="80" min="20" unit="feet">45</height>
					<height_to_live_crown max="40" min="2" unit="feet">23</height_to_live_crown>
					<stem_density max="150" min="20" unit="number_per_acre">467.50000000000006</stem_density>
					<diameter_at_breast_height max="30" min="6" unit="inches">7</diameter_at_breast_height>
					<species>
						<species_description>
							<tsn>183345</tsn>
							<relative_cover>50</relative_cover>
						</species_description>
						<species_description>
							<tsn>181826</tsn>
							<relative_cover>50</relative_cover>
						</species_description>
					</species>
				</midstory>
				<understory>
					<percent_cover max="60" min="10" unit="number">15</percent_cover>
					<height max="30" min="1" unit="feet">36</height>
					<height_to_live_crown max="15" min="0" unit="feet">19</height_to_live_crown>
					<stem_density max="2000" min="50" unit="number_per_acre">100</stem_density>
					<diameter_at_breast_height max="8" min="0.5" unit="inches">5</diameter_at_breast_height>
					<species>
						<species_description>
							<tsn>183345</tsn>
							<relative_cover>40</relative_cover>
						</species_description>
						<species_description>
							<tsn>181826</tsn>
							<relative_cover>60</relative_cover>
						</species_description>
					</species>
				</understory>
			</trees>
			<snags>
				<class_1_conifers_with_foliage>
					<percent_cover unit="number">0.0</percent_cover>
					<height_to_crown_base unit="feet" />
					<stem_density unit="number_per_acre">0.0</stem_density>
					<diameter unit="inches" />
					<height unit="feet" />
					<species />
				</class_1_conifers_with_foliage>
				<class_1_all_others>
					<stem_density unit="number_per_acre">0.0</stem_density>
					<diameter unit="inches" />
					<height unit="feet" />
					<species />
				</class_1_all_others>
				<class_2>
					<stem_density max="10" min="0" unit="number_per_acre">2.2</stem_density>
					<diameter max="70" min="6" unit="inches">9</diameter>
					<height max="120" min="10" unit="feet">30</height>
					<species>
						<species_description>
							<tsn>183345</tsn>
							<relative_cover>70</relative_cover>
						</species_description>
						<species_description>
							<tsn>181826</tsn>
							<relative_cover>30</relative_cover>
						</species_description>
					</species>
				</class_2>
				<class_3>
					<stem_density max="-3" min="-3" unit="number_per_acre">5.5</stem_density>
					<diameter max="-3" min="-3" unit="inches">8</diameter>
					<height max="-3" min="-3" unit="feet">13</height>
					<species>
						<species_description>
							<tsn>183345</tsn>
							<relative_cover>70</relative_cover>
						</species_description>
						<species_description>
							<tsn>181826</tsn>
							<relative_cover>30</relative_cover>
						</species_description>
					</species>
				</class_3>
			</snags>
			<ladder_fuels>
				<minimum_height max="15" min="0" unit="feet">19</minimum_height>
				<maximum_height max="30" min="1" unit="feet">110</maximum_height>
				<is_vertically_contiguous>1</is_vertically_contiguous>
				<type>2</type>
			</ladder_fuels>
		</canopy>
		<shrubs>
			<primary_layer>
				<percent_cover max="10" min="0" unit="number">18.927999999999997</percent_cover>
				<height max="6" min="0.5" unit="feet">1</height>
				<percent_live max="100" min="70" unit="number">63.7</percent_live>
				<species>
					<species_description>
						<tsn>23467</tsn>
						<relative_cover>50</relative_cover>
					</species_description>
					<species_description>
						<tsn>28453</tsn>
						<relative_cover>20</relative_cover>
					</species_description>
					<species_description>
						<tsn>35330</tsn>
						<relative_cover>20</relative_cover>
					</species_description>
					<species_description>
						<tsn>25134</tsn>
						<relative_cover>10</relative_cover>
					</species_description>
				</species>
			</primary_layer>
			<secondary_layer>
				<percent_cover unit="number">0.0</percent_cover>
				<height unit="feet" />
				<percent_live unit="number">0.0</percent_live>
				<species />
			</secondary_layer>
			<needle_drape>
				<is_sufficient_to_affect_fire_behavior>1</is_sufficient_to_affect_fire_behavior>
			</needle_drape>
		</shrubs>
		<herbaceous>
			<primary_layer>
				<percent_cover max="30" min="2" unit="number">12.0</percent_cover>
				<height max="2" min="0.5" unit="feet">0.6</height>
				<loading max="0.5" min="0" unit="tons_per_acre">0.012</loading>
				<percent_live max="99" min="40" unit="number">90</percent_live>
				<species>
					<species_description>
						<tsn>525109</tsn>
						<relative_cover>20</relative_cover>
					</species_description>
					<species_description>
						<tsn>39786</tsn>
						<relative_cover>20</relative_cover>
					</species_description>
					<species_description>
						<tsn>525113</tsn>
						<relative_cover>20</relative_cover>
					</species_description>
					<species_description>
						<tsn>41097</tsn>
						<relative_cover>20</relative_cover>
					</species_description>
					<species_description>
						<tsn>38684</tsn>
						<relative_cover>20</relative_cover>
					</species_description>
				</species>
			</primary_layer>
			<secondary_layer>
				<percent_cover unit="number">0.0</percent_cover>
				<height unit="feet" />
				<loading unit="tons_per_acre">0.0</loading>
				<percent_live unit="number" />
				<species />
			</secondary_layer>
		</herbaceous>
		<woody_fuel>
			<all_downed_woody_fuel>
				<total_percent_cover max="95" min="50" unit="number">75.0</total_percent_cover>
				<depth max="3" min="0.5" unit="inches">1.5</depth>
			</all_downed_woody_fuel>
			<sound_wood>
				<all_sound_wood>
					<species />
				</all_sound_wood>
				<loadings_zero_to_three_inches>
					<zero_to_quarter_inch max="1" min="0" unit="tons_per_acre">0.037500000000000006</zero_to_quarter_inch>
					<quarter_inch_to_one_inch max="3" min="0" unit="tons_per_acre">0.375</quarter_inch_to_one_inch>
					<one_to_three_inches max="3" min="0" unit="tons_per_acre">0.9375</one_to_three_inches>
				</loadings_zero_to_three_inches>
				<loadings_greater_than_three_inches>
					<three_to_nine_inches max="5" min="0" unit="tons_per_acre">1.40625</three_to_nine_inches>
					<nine_to_twenty_inches max="5" min="0" unit="tons_per_acre">2.4375</nine_to_twenty_inches>
					<greater_than_twenty_inches max="5" min="0" unit="tons_per_acre">2.8125</greater_than_twenty_inches>
				</loadings_greater_than_three_inches>
			</sound_wood>
			<rotten_wood>
				<all_rotten_wood>
					<species>
						<species_description>
							<tsn>183345</tsn>
							<relative_cover>70</relative_cover>
						</species_description>
						<species_description>
							<tsn>181826</tsn>
							<relative_cover>30</relative_cover>
						</species_description>
					</species>
				</all_rotten_wood>
				<loadings_greater_than_three_inches>
					<three_to_nine_inches max="5" min="0" unit="tons_per_acre">2.94375</three_to_nine_inches>
					<nine_to_twenty_inches max="5" min="0" unit="tons_per_acre">5.5625</nine_to_twenty_inches>
					<greater_than_twenty_inches max="5" min="0" unit="tons_per_acre">4.6875</greater_than_twenty_inches>
				</loadings_greater_than_three_inches>
			</rotten_wood>
			<stumps>
				<sound>
					<stem_density unit="number_per_acre" />
					<diameter unit="inches" />
					<height unit="feet" />
					<species />
				</sound>
				<rotten>
					<stem_density max="-3" min="-3" unit="number_per_acre">15</stem_density>
					<diameter max="-3" min="-3" unit="inches">8</diameter>
					<height max="-3" min="-3" unit="feet">3</height>
					<species>
						<species_description>
							<tsn>183345</tsn>
							<relative_cover>70</relative_cover>
						</species_description>
						<species_description>
							<tsn>181826</tsn>
							<relative_cover>30</relative_cover>
						</species_description>
					</species>
				</rotten>
				<lightered_pitchy>
					<stem_density unit="number_per_acre" />
					<diameter unit="inches" />
					<height unit="feet" />
					<species />
				</lightered_pitchy>
			</stumps>
		</woody_fuel>
		<moss_lichen_litter>
			<moss>
				<type />
				<percent_cover unit="number" />
				<depth unit="inches" />
			</moss>
			<ground_lichen>
				<percent_cover unit="number" />
				<depth unit="inches" />
			</ground_lichen>
			<litter>
				<percent_cover max="100" min="75" unit="number">75.0</percent_cover>
				<depth max="4" min="0.1" unit="inches">1.125</depth>
				<arrangement>1</arrangement>
				<litter_type>
					<short_needle_pine>
						<relative_cover />
					</short_needle_pine>
					<long_needle_pine>
						<relative_cover>70.0</relative_cover>
					</long_needle_pine>
					<other_conifer>
						<relative_cover>30.0</relative_cover>
					</other_conifer>
					<broadleaf_deciduous>
						<relative_cover />
					</broadleaf_deciduous>
					<broadleaf_evergreen>
						<relative_cover />
					</broadleaf_evergreen>
					<palm_frond>
						<relative_cover />
					</palm_frond>
					<grass>
						<relative_cover />
					</grass>
				</litter_type>
			</litter>
		</moss_lichen_litter>
		<ground_fuel>
			<duff>
				<upper>
					<depth max="2" min="0" unit="inches">0.44999999999999996</depth>
					<percent_cover max="100" min="75" unit="number">100</percent_cover>
					<derivation>1</derivation>
				</upper>
				<lower>
					<depth max="2" min="0" unit="inches">0.2</depth>
					<percent_cover max="100" min="75" unit="number">10</percent_cover>
					<derivation>3</derivation>
				</lower>
			</duff>
			<squirrel_middens>
				<depth unit="inches" />
				<radius unit="feet" />
				<number_per_unit_area unit="number_per_acre" />
			</squirrel_middens>
			<basal_accumulation>
				<depth max="4" min="0.3" unit="inches">2</depth>
				<radius max="2" min="0.3" unit="feet">3</radius>
				<number_per_unit_area unit="number_per_acre">2.5</number_per_unit_area>
				<type>2</type>
			</basal_accumulation>
		</ground_fuel>
	</fuelbed>
</FCCS_file>
