<?xml version="1.0"?>
<FCCS_file xmlns:xsi="http://www.w3.org/2001/XMLSchema-instance" schemaVersion="1.4" xsi:schemaLocation="conf\\us.fed.fs.fera.fccs.xsd">
	<fuelbed_number>5136_121</fuelbed_number>
	<fuelbed_name>PP DF|150+yr|SC</fuelbed_name>
	<fuelbed_description>Ponderosa pine and Douglas-fir forest. Single-layer mature forest, over 150 years old. Recent thin.</fuelbed_description>
	<ecoregion>340,330</ecoregion>
	<vegetation_form>2</vegetation_form>
	<structural_class>2</structural_class>
	<cover_type>118,120,144</cover_type>
	<change_agent>12</change_agent>
	<natural_fire_regime>1</natural_fire_regime>
	<condition_class>2</condition_class>
	<user_name>Roger Ottmar/Tom Leuschen</user_name>
	<address />
	<affiliation>FERA/USFS/Seattle</affiliation>
	<phone>206-732-7826</phone>
	<file_owner_email>rottmar@fs.fed.us</file_owner_email>
	<notes>This fuelbed created from ow184. AA - changed shrub and nonwoody species composition based on PSME dry series in Simpson, 2007. Forested Plant Associations of the Oregon East Cascades. AA - edited name and description May 2009.</notes>
	<date_collected>Sep 16, 2011</date_collected>
	<fuelbed_confidence />
	<fuelbed>
		<canopy>
			<trees>
				<total_percent_cover max="100" min="30" unit="number">21.0</total_percent_cover>
				<overstory>
					<percent_cover max="100" min="0" unit="number">21.0</percent_cover>
					<height max="125" min="30" unit="feet">110</height>
					<height_to_live_crown max="40" min="15" unit="feet">36.0</height_to_live_crown>
					<stem_density max="500" min="0" unit="number_per_acre">42.0</stem_density>
					<diameter_at_breast_height max="32" min="12" unit="inches">14</diameter_at_breast_height>
					<species>
						<species_description>
							<tsn>183365</tsn>
							<relative_cover>30</relative_cover>
						</species_description>
						<species_description>
							<tsn>183417</tsn>
							<relative_cover>30</relative_cover>
						</species_description>
						<species_description>
							<tsn>183424</tsn>
							<relative_cover>40</relative_cover>
						</species_description>
					</species>
				</overstory>
				<midstory>
					<percent_cover max="90" min="0" unit="number">1.2</percent_cover>
					<height max="100" min="3" unit="feet">60</height>
					<height_to_live_crown max="45" min="15" unit="feet">24.0</height_to_live_crown>
					<stem_density max="250" min="0" unit="number_per_acre">3.0</stem_density>
					<diameter_at_breast_height max="21" min="6" unit="inches">12</diameter_at_breast_height>
					<species>
						<species_description>
							<tsn>183417</tsn>
							<relative_cover>40</relative_cover>
						</species_description>
						<species_description>
							<tsn>183365</tsn>
							<relative_cover>50</relative_cover>
						</species_description>
						<species_description>
							<tsn>183424</tsn>
							<relative_cover>10</relative_cover>
						</species_description>
					</species>
				</midstory>
				<understory>
					<percent_cover max="100" min="0" unit="number">1.2000000000000002</percent_cover>
					<height max="35" min="0.1" unit="feet">3</height>
					<height_to_live_crown max="25" min="0" unit="feet">0.65</height_to_live_crown>
					<stem_density max="650" min="10" unit="number_per_acre">4.0</stem_density>
					<diameter_at_breast_height max="6" min="0.1" unit="inches">0.5</diameter_at_breast_height>
					<species>
						<species_description>
							<tsn>183365</tsn>
							<relative_cover>20</relative_cover>
						</species_description>
						<species_description>
							<tsn>183424</tsn>
							<relative_cover>60</relative_cover>
						</species_description>
						<species_description>
							<tsn>183417</tsn>
							<relative_cover>20</relative_cover>
						</species_description>
					</species>
				</understory>
			</trees>
			<snags>
				<class_1_conifers_with_foliage>
					<percent_cover unit="number">14.0</percent_cover>
					<height_to_crown_base unit="feet">30</height_to_crown_base>
					<stem_density unit="number_per_acre">30.0</stem_density>
					<diameter unit="inches">13.866666666666667</diameter>
					<height unit="feet">110</height>
					<species>
						<species_description>
							<tsn>183365</tsn>
							<relative_cover>30</relative_cover>
						</species_description>
						<species_description>
							<tsn>183417</tsn>
							<relative_cover>30</relative_cover>
						</species_description>
						<species_description>
							<tsn>183424</tsn>
							<relative_cover>40</relative_cover>
						</species_description>
					</species>
				</class_1_conifers_with_foliage>
				<class_1_all_others>
					<stem_density max="10" min="0" unit="number_per_acre">2</stem_density>
					<diameter max="20" min="3" unit="inches">12</diameter>
					<height max="40" min="10" unit="feet">60</height>
					<species>
						<species_description>
							<tsn>183424</tsn>
							<relative_cover>10</relative_cover>
						</species_description>
						<species_description>
							<tsn>183365</tsn>
							<relative_cover>40</relative_cover>
						</species_description>
						<species_description>
							<tsn>183417</tsn>
							<relative_cover>50</relative_cover>
						</species_description>
					</species>
				</class_1_all_others>
				<class_2>
					<stem_density unit="number_per_acre" />
					<diameter unit="inches" />
					<height unit="feet" />
					<species />
				</class_2>
				<class_3>
					<stem_density max="30" min="0" unit="number_per_acre">4</stem_density>
					<diameter max="30" min="10" unit="inches">16</diameter>
					<height max="120" min="30" unit="feet">35</height>
					<species>
						<species_description>
							<tsn>183424</tsn>
							<relative_cover>10</relative_cover>
						</species_description>
						<species_description>
							<tsn>183365</tsn>
							<relative_cover>40</relative_cover>
						</species_description>
						<species_description>
							<tsn>183417</tsn>
							<relative_cover>50</relative_cover>
						</species_description>
					</species>
				</class_3>
			</snags>
			<ladder_fuels>
				<minimum_height max="6" min="0" unit="feet">0.5</minimum_height>
				<maximum_height max="25" min="2" unit="feet">3</maximum_height>
				<is_vertically_contiguous>0</is_vertically_contiguous>
				<type>7</type>
			</ladder_fuels>
		</canopy>
		<shrubs>
			<primary_layer>
				<percent_cover max="50" min="0" unit="number">0.75</percent_cover>
				<height max="10" min="0.1" unit="feet">0.25</height>
				<percent_live max="100" min="20" unit="number">10.0</percent_live>
				<species>
					<species_description>
						<tsn>25290</tsn>
						<relative_cover>60</relative_cover>
					</species_description>
					<species_description>
						<tsn>25109</tsn>
						<relative_cover>40</relative_cover>
					</species_description>
				</species>
			</primary_layer>
			<secondary_layer>
				<percent_cover unit="number">0.0</percent_cover>
				<height unit="feet">0.0</height>
				<percent_live unit="number">0.0</percent_live>
				<species />
			</secondary_layer>
			<needle_drape>
				<is_sufficient_to_affect_fire_behavior>0</is_sufficient_to_affect_fire_behavior>
			</needle_drape>
		</shrubs>
		<herbaceous>
			<primary_layer>
				<percent_cover max="100" min="0" unit="number">12.5</percent_cover>
				<height max="2" min="0.1" unit="feet">0.125</height>
				<loading max="4" min="0.1" unit="tons_per_acre">0.125</loading>
				<percent_live max="100" min="40" unit="number">15.0</percent_live>
				<species>
					<species_description>
						<tsn>40540</tsn>
						<relative_cover>15</relative_cover>
					</species_description>
					<species_description>
						<tsn>40816</tsn>
						<relative_cover>50</relative_cover>
					</species_description>
					<species_description>
						<tsn>36818</tsn>
						<relative_cover>35</relative_cover>
					</species_description>
				</species>
			</primary_layer>
			<secondary_layer>
				<percent_cover unit="number">0.0</percent_cover>
				<height unit="feet">0.0</height>
				<loading unit="tons_per_acre">0.0</loading>
				<percent_live unit="number">0.0</percent_live>
				<species />
			</secondary_layer>
		</herbaceous>
		<woody_fuel>
			<all_downed_woody_fuel>
				<total_percent_cover max="70" min="0" unit="number">17.5</total_percent_cover>
				<depth max="5" min="0" unit="inches">0.3</depth>
			</all_downed_woody_fuel>
			<sound_wood>
				<all_sound_wood>
					<species>
						<species_description>
							<tsn>183417</tsn>
							<relative_cover>20</relative_cover>
						</species_description>
						<species_description>
							<tsn>183365</tsn>
							<relative_cover>60</relative_cover>
						</species_description>
						<species_description>
							<tsn>183424</tsn>
							<relative_cover>20</relative_cover>
						</species_description>
					</species>
				</all_sound_wood>
				<loadings_zero_to_three_inches>
					<zero_to_quarter_inch max="1" min="0" unit="tons_per_acre">0.275</zero_to_quarter_inch>
					<quarter_inch_to_one_inch max="4" min="0" unit="tons_per_acre">0.575</quarter_inch_to_one_inch>
					<one_to_three_inches max="6" min="0" unit="tons_per_acre">1.2</one_to_three_inches>
				</loadings_zero_to_three_inches>
				<loadings_greater_than_three_inches>
					<three_to_nine_inches max="10" min="0" unit="tons_per_acre">3.2249999999999996</three_to_nine_inches>
					<nine_to_twenty_inches max="25" min="0" unit="tons_per_acre">6.1499999999999995</nine_to_twenty_inches>
					<greater_than_twenty_inches max="6" min="0" unit="tons_per_acre">1.875</greater_than_twenty_inches>
				</loadings_greater_than_three_inches>
			</sound_wood>
			<rotten_wood>
				<all_rotten_wood>
					<species>
						<species_description>
							<tsn>183417</tsn>
							<relative_cover>20</relative_cover>
						</species_description>
						<species_description>
							<tsn>183365</tsn>
							<relative_cover>60</relative_cover>
						</species_description>
						<species_description>
							<tsn>183424</tsn>
							<relative_cover>20</relative_cover>
						</species_description>
					</species>
				</all_rotten_wood>
				<loadings_greater_than_three_inches>
					<three_to_nine_inches max="2" min="0" unit="tons_per_acre">1.5</three_to_nine_inches>
					<nine_to_twenty_inches max="6" min="0" unit="tons_per_acre">2.25</nine_to_twenty_inches>
					<greater_than_twenty_inches max="5" min="0" unit="tons_per_acre">0.0</greater_than_twenty_inches>
				</loadings_greater_than_three_inches>
			</rotten_wood>
			<stumps>
				<sound>
					<stem_density max="250" min="0" unit="number_per_acre">70</stem_density>
					<diameter max="20" min="6" unit="inches">14</diameter>
					<height max="1" min="0.5" unit="feet">1</height>
					<species>
						<species_description>
							<tsn>183365</tsn>
							<relative_cover>50</relative_cover>
						</species_description>
						<species_description>
							<tsn>183424</tsn>
							<relative_cover>20</relative_cover>
						</species_description>
						<species_description>
							<tsn>183417</tsn>
							<relative_cover>30</relative_cover>
						</species_description>
					</species>
				</sound>
				<rotten>
					<stem_density unit="number_per_acre">0.0</stem_density>
					<diameter unit="inches">0.0</diameter>
					<height unit="feet">0.0</height>
					<species />
				</rotten>
				<lightered_pitchy>
					<stem_density unit="number_per_acre">0.0</stem_density>
					<diameter unit="inches">0.0</diameter>
					<height unit="feet">0.0</height>
					<species />
				</lightered_pitchy>
			</stumps>
		</woody_fuel>
		<moss_lichen_litter>
			<moss>
				<type />
				<percent_cover unit="number">0.0</percent_cover>
				<depth unit="inches">0.0</depth>
			</moss>
			<ground_lichen>
				<percent_cover max="-3" min="-3" unit="number">1.25</percent_cover>
				<depth max="-3" min="-3" unit="inches">0.025</depth>
			</ground_lichen>
			<litter>
				<percent_cover max="100" min="20" unit="number">21.25</percent_cover>
				<depth max="3" min="0.1" unit="inches">0.3</depth>
				<arrangement>3</arrangement>
				<litter_type>
					<short_needle_pine>
						<relative_cover />
					</short_needle_pine>
					<long_needle_pine>
						<relative_cover>40.0</relative_cover>
					</long_needle_pine>
					<other_conifer>
						<relative_cover>30.0</relative_cover>
					</other_conifer>
					<broadleaf_deciduous>
						<relative_cover />
					</broadleaf_deciduous>
					<broadleaf_evergreen>
						<relative_cover />
					</broadleaf_evergreen>
					<palm_frond>
						<relative_cover />
					</palm_frond>
					<grass>
						<relative_cover>30.0</relative_cover>
					</grass>
				</litter_type>
			</litter>
		</moss_lichen_litter>
		<ground_fuel>
			<duff>
				<upper>
					<depth max="2" min="0" unit="inches">0.25</depth>
					<percent_cover max="80" min="40" unit="number">20.0</percent_cover>
					<derivation>1</derivation>
				</upper>
				<lower>
					<depth max="2" min="0" unit="inches">0.125</depth>
					<percent_cover max="80" min="40" unit="number">20.0</percent_cover>
					<derivation>3</derivation>
				</lower>
			</duff>
			<squirrel_middens>
				<depth unit="inches">0.0</depth>
				<radius unit="feet">0.0</radius>
				<number_per_unit_area unit="number_per_acre">0.0</number_per_unit_area>
			</squirrel_middens>
			<basal_accumulation>
				<depth max="-3" min="-3" unit="inches">0.25</depth>
				<radius max="-3" min="-3" unit="feet">0.75</radius>
				<number_per_unit_area unit="number_per_acre">5.25</number_per_unit_area>
				<type>2</type>
			</basal_accumulation>
		</ground_fuel>
	</fuelbed>
</FCCS_file>
