<?xml version="1.0"?>
<FCCS_file xmlns:xsi="http://www.w3.org/2001/XMLSchema-instance" schemaVersion="1.4" xsi:schemaLocation="conf\\us.fed.fs.fera.fccs.xsd">
	<fuelbed_number>448_333</fuelbed_number>
	<fuelbed_name>Bald cypress-tupelo/swamp titi forest</fuelbed_name>
	<fuelbed_description>Nonriverine swamp forest dominated by bald cypress and water tupelo that occurs in very poorly drained areas of the mid-Atlantic Coastal Plain. The shrub layer in these swamps tends to be more dense than in riverine swamps. </fuelbed_description>
	<ecoregion>220,230</ecoregion>
	<vegetation_form>4</vegetation_form>
	<structural_class>1</structural_class>
	<cover_type>90</cover_type>
	<change_agent>18</change_agent>
	<natural_fire_regime>5</natural_fire_regime>
	<condition_class>1</condition_class>
	<user_name />
	<address />
	<affiliation />
	<phone />
	<file_owner_email />
	<notes>Created from FCCS 288 for EVT 2501. Altered canopy, shrub and nonwoody structure and composition based on EVT description and NatureServe Explorer association descriptions (mainly CEGL007558). Also updated woody species, litter and duff layers.</notes>
	<date_collected>Sep 20, 2011</date_collected>
	<fuelbed_confidence />
	<fuelbed>
		<canopy>
			<trees>
				<total_percent_cover unit="number" min="50" max="100" reference_id="5094">26.400000000000002</total_percent_cover>
				<overstory>
					<percent_cover unit="number" min="50" max="100" reference_id="5094">20.0</percent_cover>
					<height unit="feet" min="60" max="100">80</height>
					<height_to_live_crown unit="feet" min="20" max="80">82.5</height_to_live_crown>
					<stem_density unit="number_per_acre" min="90" max="1000">25.0</stem_density>
					<diameter_at_breast_height unit="inches" min="15" max="40">25.0</diameter_at_breast_height>
					<species>
						<species_description>
							<tsn>18041</tsn>
							<relative_cover>35</relative_cover>
						</species_description>
						<species_description>
							<tsn>27824</tsn>
							<relative_cover>10</relative_cover>
						</species_description>
						<species_description>
							<tsn>195925</tsn>
							<relative_cover>35</relative_cover>
						</species_description>
						<species_description>
							<tsn>18037</tsn>
							<relative_cover>15</relative_cover>
						</species_description>
						<species_description>
							<tsn>18046</tsn>
							<relative_cover>5</relative_cover>
						</species_description>
					</species>
				</overstory>
				<midstory>
					<percent_cover unit="number" min="5" max="45">5.0</percent_cover>
					<height unit="feet" min="35" max="90">55</height>
					<height_to_live_crown unit="feet" min="10" max="60">45.0</height_to_live_crown>
					<stem_density unit="number_per_acre" min="50" max="600">50.0</stem_density>
					<diameter_at_breast_height unit="inches" min="5" max="20">12.5</diameter_at_breast_height>
					<species>
						<species_description>
							<tsn>18070</tsn>
							<relative_cover>30.00</relative_cover>
						</species_description>
						<species_description>
							<tsn>28728</tsn>
							<relative_cover>30</relative_cover>
						</species_description>
						<species_description>
							<tsn>19276</tsn>
							<relative_cover>20</relative_cover>
						</species_description>
						<species_description>
							<tsn>504254</tsn>
							<relative_cover>20</relative_cover>
						</species_description>
					</species>
				</midstory>
				<understory>
					<percent_cover unit="number"></percent_cover>
					<height unit="feet"></height>
					<height_to_live_crown unit="feet"></height_to_live_crown>
					<stem_density unit="number_per_acre"></stem_density>
					<diameter_at_breast_height unit="inches"></diameter_at_breast_height>
					<species />
				</understory>
			</trees>
			<snags>
				<class_1_conifers_with_foliage>
					<percent_cover unit="number" />
					<height_to_crown_base unit="feet" />
					<stem_density unit="number_per_acre" />
					<diameter unit="inches" />
					<height unit="feet" />
					<species />
				</class_1_conifers_with_foliage>
				<class_1_all_others>
					<stem_density unit="number_per_acre" min="0" max="10">3</stem_density>
					<diameter unit="inches" min="10" max="40">15</diameter>
					<height unit="feet" min="5" max="130" reference_id="5066">60</height>
					<species>
						<species_description>
							<tsn>18041</tsn>
							<relative_cover>60.00</relative_cover>
						</species_description>
						<species_description>
							<tsn>195925</tsn>
							<relative_cover>40.00</relative_cover>
						</species_description>
					</species>
				</class_1_all_others>
				<class_2>
					<stem_density unit="number_per_acre" min="0" max="10">3</stem_density>
					<diameter unit="inches" min="10" max="40">15</diameter>
					<height unit="feet" min="5" max="120">50</height>
					<species>
						<species_description>
							<tsn>18041</tsn>
							<relative_cover>60.00</relative_cover>
						</species_description>
						<species_description>
							<tsn>195925</tsn>
							<relative_cover>40.00</relative_cover>
						</species_description>
					</species>
				</class_2>
				<class_3>
					<stem_density unit="number_per_acre" min="0" max="10">3</stem_density>
					<diameter unit="inches" min="10" max="40">15</diameter>
					<height unit="feet" min="5" max="100">40</height>
					<species>
						<species_description>
							<tsn>18041</tsn>
							<relative_cover>60.00</relative_cover>
						</species_description>
						<species_description>
							<tsn>195925</tsn>
							<relative_cover>40.00</relative_cover>
						</species_description>
					</species>
				</class_3>
			</snags>
			<ladder_fuels>
				<minimum_height unit="feet" min="0" max="15">30</minimum_height>
				<maximum_height unit="feet" min="0" max="80">60</maximum_height>
				<is_vertically_contiguous>0</is_vertically_contiguous>
				<type>5</type>
			</ladder_fuels>
		</canopy>
		<shrubs>
			<primary_layer>
				<percent_cover unit="number" min="25" max="75">55.006874999999994</percent_cover>
				<height unit="feet" min="5" max="20">10</height>
				<percent_live unit="number" min="60" max="90">80.0</percent_live>
				<species>
					<species_description>
						<tsn>27981</tsn>
						<relative_cover>20</relative_cover>
					</species_description>
					<species_description>
						<tsn>23449</tsn>
						<relative_cover>20</relative_cover>
					</species_description>
					<species_description>
						<tsn>23563</tsn>
						<relative_cover>20</relative_cover>
					</species_description>
					<species_description>
						<tsn>23573</tsn>
						<relative_cover>20</relative_cover>
					</species_description>
					<species_description>
						<tsn>23454</tsn>
						<relative_cover>20</relative_cover>
					</species_description>
				</species>
			</primary_layer>
			<secondary_layer>
				<percent_cover unit="number">0.0</percent_cover>
				<height unit="feet" />
				<percent_live unit="number">0.0</percent_live>
				<species />
			</secondary_layer>
			<needle_drape>
				<is_sufficient_to_affect_fire_behavior>0</is_sufficient_to_affect_fire_behavior>
			</needle_drape>
		</shrubs>
		<herbaceous>
			<primary_layer>
				<percent_cover unit="number" min="5" max="40" reference_id="5094">15.001874999999998</percent_cover>
				<height unit="feet" min="1" max="3" reference_id="5083">1.5</height>
				<loading unit="tons_per_acre" min="0" max="0.05">0.11001375</loading>
				<percent_live unit="number" min="60" max="90" reference_id="5094">80.0</percent_live>
				<species>
					<species_description>
						<tsn>17749</tsn>
						<relative_cover>25</relative_cover>
					</species_description>
					<species_description>
						<tsn>17751</tsn>
						<relative_cover>20</relative_cover>
					</species_description>
					<species_description>
						<tsn>39369</tsn>
						<relative_cover>25</relative_cover>
					</species_description>
					<species_description>
						<tsn>17519</tsn>
						<relative_cover>15</relative_cover>
					</species_description>
					<species_description>
						<tsn>18221</tsn>
						<relative_cover>15</relative_cover>
					</species_description>
				</species>
			</primary_layer>
			<secondary_layer>
				<percent_cover unit="number">0.0</percent_cover>
				<height unit="feet" />
				<loading unit="tons_per_acre">0.0</loading>
				<percent_live unit="number">0.0</percent_live>
				<species />
			</secondary_layer>
		</herbaceous>
		<woody_fuel>
			<all_downed_woody_fuel>
				<total_percent_cover unit="number" min="5" max="40">6.6000000000000005</total_percent_cover>
				<depth unit="inches" min="0" max="2">0.165</depth>
			</all_downed_woody_fuel>
			<sound_wood>
				<all_sound_wood>
					<species>
						<species_description>
							<tsn>18041</tsn>
							<relative_cover>60.00</relative_cover>
						</species_description>
						<species_description>
							<tsn>195925</tsn>
							<relative_cover>40.00</relative_cover>
						</species_description>
					</species>
				</all_sound_wood>
				<loadings_zero_to_three_inches>
					<zero_to_quarter_inch unit="tons_per_acre" min="0" max="3" reference_id="1359">0.066</zero_to_quarter_inch>
					<quarter_inch_to_one_inch unit="tons_per_acre" min="0" max="3" reference_id="1359">0.066</quarter_inch_to_one_inch>
					<one_to_three_inches unit="tons_per_acre" min="0" max="4" reference_id="1359">0.165</one_to_three_inches>
				</loadings_zero_to_three_inches>
				<loadings_greater_than_three_inches>
					<three_to_nine_inches unit="tons_per_acre" min="0" max="8" reference_id="1359">0.20625000000000002</three_to_nine_inches>
					<nine_to_twenty_inches unit="tons_per_acre" min="0" max="10" reference_id="1359">0.20625000000000002</nine_to_twenty_inches>
					<greater_than_twenty_inches unit="tons_per_acre" min="0" max="10" reference_id="1359">0.20625000000000002</greater_than_twenty_inches>
				</loadings_greater_than_three_inches>
			</sound_wood>
			<rotten_wood>
				<all_rotten_wood>
					<species>
						<species_description>
							<tsn>18041</tsn>
							<relative_cover>60.00</relative_cover>
						</species_description>
						<species_description>
							<tsn>195925</tsn>
							<relative_cover>40.00</relative_cover>
						</species_description>
					</species>
				</all_rotten_wood>
				<loadings_greater_than_three_inches>
					<three_to_nine_inches unit="tons_per_acre" min="0" max="2">0.89375</three_to_nine_inches>
					<nine_to_twenty_inches unit="tons_per_acre" min="0" max="4">1.44375</nine_to_twenty_inches>
					<greater_than_twenty_inches unit="tons_per_acre" min="0" max="4">1.44375</greater_than_twenty_inches>
				</loadings_greater_than_three_inches>
			</rotten_wood>
			<stumps>
				<sound>
					<stem_density unit="number_per_acre"></stem_density>
					<diameter unit="inches"></diameter>
					<height unit="feet"></height>
					<species />
				</sound>
				<rotten>
					<stem_density unit="number_per_acre" min="0" max="20">235.0</stem_density>
					<diameter unit="inches" min="10" max="40">20</diameter>
					<height unit="feet" min="1" max="4.5">3</height>
					<species>
						<species_description>
							<tsn>18041</tsn>
							<relative_cover>60.00</relative_cover>
						</species_description>
						<species_description>
							<tsn>195925</tsn>
							<relative_cover>40.00</relative_cover>
						</species_description>
					</species>
				</rotten>
				<lightered_pitchy>
					<stem_density unit="number_per_acre" />
					<diameter unit="inches" />
					<height unit="feet" />
					<species />
				</lightered_pitchy>
			</stumps>
		</woody_fuel>
		<moss_lichen_litter>
			<moss>
				<type>1</type>
				<percent_cover unit="number" min="0" max="25">15.0</percent_cover>
				<depth unit="inches" min="0.25" max="2">1.0</depth>
			</moss>
			<ground_lichen>
				<percent_cover unit="number">0.0</percent_cover>
				<depth unit="inches">0.0</depth>
			</ground_lichen>
			<litter>
				<percent_cover unit="number" min="0" max="100">50.0</percent_cover>
				<depth unit="inches" min="0" max="1">0.5</depth>
				<arrangement>1</arrangement>
				<litter_type>
					<short_needle_pine>
						<relative_cover />
					</short_needle_pine>
					<long_needle_pine>
						<relative_cover />
					</long_needle_pine>
					<other_conifer>
						<relative_cover>40.0</relative_cover>
					</other_conifer>
					<broadleaf_deciduous>
						<relative_cover>60.0</relative_cover>
					</broadleaf_deciduous>
					<broadleaf_evergreen>
						<relative_cover />
					</broadleaf_evergreen>
					<palm_frond>
						<relative_cover />
					</palm_frond>
					<grass>
						<relative_cover />
					</grass>
				</litter_type>
			</litter>
		</moss_lichen_litter>
		<ground_fuel>
			<duff>
				<upper>
					<depth unit="inches" min="0" max="5">0.5</depth>
					<percent_cover unit="number" min="20" max="90">15.0</percent_cover>
					<derivation>1</derivation>
				</upper>
				<lower>
					<depth unit="inches" min="0" max="5">0.0</depth>
					<percent_cover unit="number" min="20" max="90">0.0</percent_cover>
					<derivation />
					<loading unit="tons_per_acre" />
				</lower>
			</duff>
			<squirrel_middens>
				<depth unit="inches">0.0</depth>
				<radius unit="feet" />
				<number_per_unit_area unit="number_per_acre">0.0</number_per_unit_area>
			</squirrel_middens>
			<basal_accumulation>
				<depth unit="inches">0.0</depth>
				<radius unit="feet" />
				<number_per_unit_area unit="number_per_acre">0.0</number_per_unit_area>
				<type />
			</basal_accumulation>
		</ground_fuel>
	</fuelbed>
</FCCS_file>
