<?xml version="1.0"?>
<FCCS_file xmlns:xsi="http://www.w3.org/2001/XMLSchema-instance" xsi:noNamespaceSchemaLocation="cash.xsd" schemaVersion="1.4">
	<fuelbed_number>83_111</fuelbed_number>
	<fuelbed_name>Molasses grass grassland - invaded by exotic species</fuelbed_name>
	<fuelbed_description>This Hawaiian submontane grassland fuelbed is dominated by molasses grass (Melinis minutiflora), a nonnative sodgrass. Molasses grass is found in dry and mesic environments from sea level to 4,500 feet throughout the Hawaiian Islands.</fuelbed_description>
	<ecoregion>420</ecoregion>
	<vegetation_form>3</vegetation_form>
	<structural_class />
	<cover_type>404</cover_type>
	<change_agent>6</change_agent>
	<natural_fire_regime />
	<condition_class>3</condition_class>
	<user_name />
	<address />
	<affiliation />
	<phone />
	<file_owner_email />
	<notes />
	<site_photo />
	<date_collected>2003-09-17</date_collected>
	<fuelbed_confidence>3</fuelbed_confidence>
	<fuelbed>
		<canopy>
			<trees>
				<total_percent_cover unit="number">0.0</total_percent_cover>
				<overstory>
					<percent_cover unit="number">0.0</percent_cover>
					<height unit="feet" />
					<height_to_live_crown unit="feet">0.0</height_to_live_crown>
					<stem_density unit="number_per_acre">0.0</stem_density>
					<diameter_at_breast_height unit="inches" />
					<species />
				</overstory>
				<midstory>
					<percent_cover unit="number">0.0</percent_cover>
					<height unit="feet" />
					<height_to_live_crown unit="feet">0.0</height_to_live_crown>
					<stem_density unit="number_per_acre">0.0</stem_density>
					<diameter_at_breast_height unit="inches" />
					<species />
				</midstory>
				<understory>
					<percent_cover unit="number">0.0</percent_cover>
					<height unit="feet" />
					<height_to_live_crown unit="feet" />
					<stem_density unit="number_per_acre">0.0</stem_density>
					<diameter_at_breast_height unit="inches" />
					<species />
				</understory>
			</trees>
			<snags>
				<class_1_conifers_with_foliage>
					<percent_cover unit="number">0.0</percent_cover>
					<height_to_crown_base unit="feet" />
					<stem_density unit="number_per_acre">0.0</stem_density>
					<diameter unit="inches">0</diameter>
					<height unit="feet" />
					<species />
				</class_1_conifers_with_foliage>
				<class_1_all_others>
					<stem_density unit="number_per_acre" />
					<diameter unit="inches" />
					<height unit="feet" />
					<species />
				</class_1_all_others>
				<class_2>
					<stem_density unit="number_per_acre" />
					<diameter unit="inches" />
					<height unit="feet" />
					<species />
				</class_2>
				<class_3>
					<stem_density unit="number_per_acre" />
					<diameter unit="inches" />
					<height unit="feet" />
					<species />
				</class_3>
			</snags>
			<ladder_fuels>
				<minimum_height unit="feet" />
				<maximum_height unit="feet" />
				<is_vertically_contiguous />
				<type />
			</ladder_fuels>
		</canopy>
		<shrubs>
			<primary_layer>
				<percent_cover unit="number" min="0" max="40" reference_id="1479">10.4</percent_cover>
				<height unit="feet" min="1" max="8" reference_id="478">2.15</height>
				<percent_live unit="number" min="60" max="90" reference_id="1358">42.5</percent_live>
				<species>
					<species_description>
						<tsn>28675</tsn>
						<relative_cover>54.00</relative_cover>
					</species_description>
					<species_description>
						<tsn>894525</tsn>
						<relative_cover>46.00</relative_cover>
					</species_description>
				</species>
			</primary_layer>
			<secondary_layer>
				<percent_cover unit="number">0.0</percent_cover>
				<height unit="feet">0.0</height>
				<percent_live unit="number">0.0</percent_live>
				<species />
			</secondary_layer>
			<needle_drape>
				<is_sufficient_to_affect_fire_behavior>0</is_sufficient_to_affect_fire_behavior>
			</needle_drape>
		</shrubs>
		<herbaceous>
			<primary_layer>
				<percent_cover unit="number" min="20" max="100">30.0</percent_cover>
				<height unit="feet" min="1" max="2.5" reference_id="478">0.85</height>
				<percent_live unit="number" min="60" max="100" reference_id="1477">42.5</percent_live>
				<loading unit="tons_per_acre" min="3" max="7">2.5</loading>
				<species>
					<species_description>
						<tsn>41863</tsn>
						<relative_cover>75.00</relative_cover>
					</species_description>
					<species_description>
						<tsn>505053</tsn>
						<relative_cover>25.00</relative_cover>
					</species_description>
				</species>
			</primary_layer>
			<secondary_layer>
				<percent_cover unit="number">0.0</percent_cover>
				<height unit="feet">0.0</height>
				<percent_live unit="number">0.0</percent_live>
				<loading unit="tons_per_acre">0.0</loading>
				<species />
			</secondary_layer>
		</herbaceous>
		<woody_fuel>
			<all_downed_woody_fuel>
				<total_percent_cover unit="number" min="0" max="30">2.5</total_percent_cover>
				<depth unit="inches" min="0" max="1">0.05</depth>
			</all_downed_woody_fuel>
			<sound_wood>
				<loadings_zero_to_three_inches>
					<zero_to_quarter_inch unit="tons_per_acre" min="0" max="0.5">0.05</zero_to_quarter_inch>
					<quarter_inch_to_one_inch unit="tons_per_acre" min="0" max="0.5">0.0</quarter_inch_to_one_inch>
					<one_to_three_inches unit="tons_per_acre" min="0" max="0.5">0.0</one_to_three_inches>
				</loadings_zero_to_three_inches>
				<loadings_greater_than_three_inches>
					<three_to_nine_inches unit="tons_per_acre" min="0" max="0.5">0.0</three_to_nine_inches>
					<nine_to_twenty_inches unit="tons_per_acre" min="0" max="0">0.0</nine_to_twenty_inches>
					<greater_than_twenty_inches unit="tons_per_acre" min="0" max="0">0.0</greater_than_twenty_inches>
				</loadings_greater_than_three_inches>
				<all_sound_wood>
					<species>
						<species_description>
							<tsn>28675</tsn>
							<relative_cover>54.00</relative_cover>
						</species_description>
						<species_description>
							<tsn>894525</tsn>
							<relative_cover>46.00</relative_cover>
						</species_description>
					</species>
				</all_sound_wood>
			</sound_wood>
			<rotten_wood>
				<loadings_greater_than_three_inches>
					<three_to_nine_inches unit="tons_per_acre">0.0</three_to_nine_inches>
					<nine_to_twenty_inches unit="tons_per_acre">0.0</nine_to_twenty_inches>
					<greater_than_twenty_inches unit="tons_per_acre">0.0</greater_than_twenty_inches>
				</loadings_greater_than_three_inches>
				<all_rotten_wood>
					<species />
				</all_rotten_wood>
			</rotten_wood>
			<stumps>
				<sound>
					<stem_density unit="number_per_acre" />
					<diameter unit="inches" />
					<height unit="feet" />
					<species />
				</sound>
				<rotten>
					<stem_density unit="number_per_acre">0.0</stem_density>
					<diameter unit="inches">0.0</diameter>
					<height unit="feet">0.0</height>
					<species />
				</rotten>
				<lightered_pitchy>
					<stem_density unit="number_per_acre">0.0</stem_density>
					<diameter unit="inches">0.0</diameter>
					<height unit="feet">0.0</height>
					<species />
				</lightered_pitchy>
			</stumps>
		</woody_fuel>
		<moss_lichen_litter>
			<moss>
				<percent_cover unit="number">0.0</percent_cover>
				<depth unit="inches">0.0</depth>
				<type />
			</moss>
			<ground_lichen>
				<percent_cover unit="number">0.0</percent_cover>
				<depth unit="inches">0.0</depth>
			</ground_lichen>
			<litter>
				<percent_cover unit="number" min="50" max="100">71.25</percent_cover>
				<depth unit="inches" min="0.5" max="5">1.5</depth>
				<arrangement>1</arrangement>
				<litter_type>
					<short_needle_pine>
						<relative_cover />
					</short_needle_pine>
					<long_needle_pine>
						<relative_cover />
					</long_needle_pine>
					<other_conifer>
						<relative_cover />
					</other_conifer>
					<broadleaf_deciduous>
						<relative_cover />
					</broadleaf_deciduous>
					<broadleaf_evergreen>
						<relative_cover>2.00</relative_cover>
					</broadleaf_evergreen>
					<palm_frond>
						<relative_cover />
					</palm_frond>
					<grass>
						<relative_cover>98.00</relative_cover>
					</grass>
				</litter_type>
			</litter>
		</moss_lichen_litter>
		<ground_fuel>
			<duff>
				<upper>
					<percent_cover unit="number">0.0</percent_cover>
					<depth unit="inches">0.0</depth>
					<derivation />
				</upper>
				<lower>
					<percent_cover unit="number">0.0</percent_cover>
					<depth unit="inches">0.0</depth>
					<derivation />
				</lower>
			</duff>
			<basal_accumulation>
				<radius unit="feet">0.0</radius>
				<depth unit="inches">0.0</depth>
				<number_per_unit_area unit="number_per_acre">0.0</number_per_unit_area>
				<type />
			</basal_accumulation>
			<squirrel_middens>
				<depth unit="inches">0.0</depth>
				<number_per_unit_area unit="number_per_acre">0.0</number_per_unit_area>
				<radius unit="feet">0.0</radius>
			</squirrel_middens>
		</ground_fuel>
	</fuelbed>
</FCCS_file>
