<?xml version="1.0"?>
<FCCS_file xmlns:xsi="http://www.w3.org/2001/XMLSchema-instance" schemaVersion="1.4" xsi:schemaLocation="conf\\us.fed.fs.fera.fccs.xsd">
	<fuelbed_number>27_432</fuelbed_number>
	<fuelbed_name>Ponderosa pine-two needle pinyon-Utah juniper forest</fuelbed_name>
	<fuelbed_description>This fuelbed represents transitional forests containing ponderosa pine, pinyon pine, and juniper that often occur on montane forest plateaus as an ecotone between interior ponderosa pine forests and pinyon-juniper forests of the Southwest. Utah juniper may be replaced by alligator juniper or other types of juniper in the south.</fuelbed_description>
	<ecoregion>340,330,320,310</ecoregion>
	<vegetation_form>2</vegetation_form>
	<structural_class>1</structural_class>
	<cover_type>144,146,222</cover_type>
	<change_agent>2</change_agent>
	<natural_fire_regime>1</natural_fire_regime>
	<condition_class>3</condition_class>
	<user_name />
	<address />
	<affiliation />
	<phone />
	<file_owner_email />
	<notes />
	<date_collected>Sep 9, 2011</date_collected>
	<fuelbed_confidence />
	<fuelbed>
		<canopy>
			<trees>
				<total_percent_cover unit="number" min="30" max="80" reference_id="508">12.5</total_percent_cover>
				<overstory>
					<percent_cover unit="number" min="5" max="50" reference_id="508">5.0</percent_cover>
					<height unit="feet" min="22" max="90" reference_id="5066">45</height>
					<height_to_live_crown unit="feet" min="5" max="35">15</height_to_live_crown>
					<stem_density unit="number_per_acre" min="5" max="70">6.25</stem_density>
					<diameter_at_breast_height unit="inches" min="9" max="36">17</diameter_at_breast_height>
					<species>
						<species_description>
							<tsn>183365</tsn>
							<relative_cover>70.00</relative_cover>
						</species_description>
						<species_description>
							<tsn>183336</tsn>
							<relative_cover>15.00</relative_cover>
						</species_description>
						<species_description>
							<tsn>194859</tsn>
							<relative_cover>15.00</relative_cover>
						</species_description>
					</species>
				</overstory>
				<midstory>
					<percent_cover unit="number" min="5" max="70" reference_id="508">8.75</percent_cover>
					<height unit="feet" min="12" max="25">18</height>
					<height_to_live_crown unit="feet" min="2" max="8">4</height_to_live_crown>
					<stem_density unit="number_per_acre" min="15" max="2000">91.25</stem_density>
					<diameter_at_breast_height unit="inches" min="3" max="15">7</diameter_at_breast_height>
					<species>
						<species_description>
							<tsn>183336</tsn>
							<relative_cover>40.00</relative_cover>
						</species_description>
						<species_description>
							<tsn>183365</tsn>
							<relative_cover>20.00</relative_cover>
						</species_description>
						<species_description>
							<tsn>194859</tsn>
							<relative_cover>20.00</relative_cover>
						</species_description>
						<species_description>
							<tsn>19337</tsn>
							<relative_cover>15.00</relative_cover>
						</species_description>
						<species_description>
							<tsn>194834</tsn>
							<relative_cover>5.00</relative_cover>
						</species_description>
					</species>
				</midstory>
				<understory>
					<percent_cover unit="number" min="5" max="40">15</percent_cover>
					<height unit="feet" min="1" max="5" reference_id="508">3</height>
					<height_to_live_crown unit="feet" min="0" max="1" reference_id="7000">0</height_to_live_crown>
					<stem_density unit="number_per_acre" min="60" max="1500" reference_id="4007">300</stem_density>
					<diameter_at_breast_height unit="inches" min="0.1" max="1">0.5</diameter_at_breast_height>
					<species>
						<species_description>
							<tsn>194859</tsn>
							<relative_cover>45.00</relative_cover>
						</species_description>
						<species_description>
							<tsn>183365</tsn>
							<relative_cover>25.00</relative_cover>
						</species_description>
						<species_description>
							<tsn>183336</tsn>
							<relative_cover>20.00</relative_cover>
						</species_description>
						<species_description>
							<tsn>19337</tsn>
							<relative_cover>10.00</relative_cover>
						</species_description>
					</species>
				</understory>
			</trees>
			<snags>
				<class_1_conifers_with_foliage>
					<percent_cover unit="number" min="0" max="35">0.06212</percent_cover>
					<height_to_crown_base unit="feet" min="0" max="35">23.345000000000002</height_to_crown_base>
					<stem_density unit="number_per_acre" min="2" max="170" reference_id="1359">1.25</stem_density>
					<diameter unit="inches" min="4" max="30" reference_id="5066">11</diameter>
					<height unit="feet" min="15" max="80" reference_id="5066">35</height>
					<species>
						<species_description>
							<tsn>183365</tsn>
							<relative_cover>60.00</relative_cover>
						</species_description>
						<species_description>
							<tsn>183336</tsn>
							<relative_cover>40.00</relative_cover>
						</species_description>
					</species>
				</class_1_conifers_with_foliage>
				<class_1_all_others>
					<stem_density unit="number_per_acre">0.0</stem_density>
					<diameter unit="inches" />
					<height unit="feet" />
					<species />
				</class_1_all_others>
				<class_2>
					<stem_density unit="number_per_acre" min="2" max="170" reference_id="1359">1.25</stem_density>
					<diameter unit="inches" min="4" max="30" reference_id="5066">11</diameter>
					<height unit="feet" min="8" max="70" reference_id="5066">25</height>
					<species>
						<species_description>
							<tsn>183365</tsn>
							<relative_cover>60.00</relative_cover>
						</species_description>
						<species_description>
							<tsn>183336</tsn>
							<relative_cover>40.00</relative_cover>
						</species_description>
					</species>
				</class_2>
				<class_3>
					<stem_density unit="number_per_acre" min="2" max="170" reference_id="1359">1.25</stem_density>
					<diameter unit="inches" min="4" max="30" reference_id="5066">11</diameter>
					<height unit="feet" min="6" max="60" reference_id="5066">20</height>
					<species>
						<species_description>
							<tsn>183365</tsn>
							<relative_cover>60.00</relative_cover>
						</species_description>
						<species_description>
							<tsn>183336</tsn>
							<relative_cover>40.00</relative_cover>
						</species_description>
					</species>
				</class_3>
			</snags>
			<ladder_fuels>
				<minimum_height unit="feet" min="0" max="8" reference_id="7000">4</minimum_height>
				<maximum_height unit="feet" min="12" max="25" reference_id="7000">18</maximum_height>
				<is_vertically_contiguous>1</is_vertically_contiguous>
				<type>7</type>
			</ladder_fuels>
		</canopy>
		<shrubs>
			<primary_layer>
				<percent_cover unit="number" min="0" max="30">3.75</percent_cover>
				<height unit="feet" min="3" max="12" reference_id="4013">8</height>
				<percent_live unit="number" min="20" max="100" reference_id="4007">63.75</percent_live>
				<species>
					<species_description>
						<tsn>35498</tsn>
						<relative_cover>50.00</relative_cover>
					</species_description>
					<species_description>
						<tsn>25136</tsn>
						<relative_cover>25.00</relative_cover>
					</species_description>
					<species_description>
						<tsn>19337</tsn>
						<relative_cover>15.00</relative_cover>
					</species_description>
					<species_description>
						<tsn>25290</tsn>
						<relative_cover>10.00</relative_cover>
					</species_description>
				</species>
			</primary_layer>
			<secondary_layer>
				<percent_cover unit="number">0.0</percent_cover>
				<height unit="feet" />
				<percent_live unit="number">0.0</percent_live>
				<species />
			</secondary_layer>
			<needle_drape>
				<is_sufficient_to_affect_fire_behavior>1</is_sufficient_to_affect_fire_behavior>
			</needle_drape>
		</shrubs>
		<herbaceous>
			<primary_layer>
				<percent_cover unit="number" min="1" max="60" reference_id="508">37.5</percent_cover>
				<height unit="feet" min="1" max="4" reference_id="4013">2</height>
				<loading unit="tons_per_acre" min="0.01" max="3">0.75</loading>
				<percent_live unit="number" min="50" max="100">90</percent_live>
				<species>
					<species_description>
						<tsn>41883</tsn>
						<relative_cover>70.00</relative_cover>
					</species_description>
					<species_description>
						<tsn>41493</tsn>
						<relative_cover>15.00</relative_cover>
					</species_description>
					<species_description>
						<tsn>41500</tsn>
						<relative_cover>5.00</relative_cover>
					</species_description>
					<species_description>
						<tsn>504467</tsn>
						<relative_cover>5.00</relative_cover>
					</species_description>
					<species_description>
						<tsn>39369</tsn>
						<relative_cover>5.00</relative_cover>
					</species_description>
				</species>
			</primary_layer>
			<secondary_layer>
				<percent_cover unit="number">0.0</percent_cover>
				<height unit="feet" />
				<loading unit="tons_per_acre">0.0</loading>
				<percent_live unit="number" />
				<species />
			</secondary_layer>
		</herbaceous>
		<woody_fuel>
			<all_downed_woody_fuel>
				<total_percent_cover unit="number" min="20" max="80" reference_id="1358">100</total_percent_cover>
				<depth unit="inches" min="1" max="30" reference_id="1359">3.0</depth>
			</all_downed_woody_fuel>
			<sound_wood>
				<all_sound_wood>
					<species />
				</all_sound_wood>
				<loadings_zero_to_three_inches>
					<zero_to_quarter_inch unit="tons_per_acre" min="0" max="0.5">0.45000000000000007</zero_to_quarter_inch>
					<quarter_inch_to_one_inch unit="tons_per_acre" min="0" max="2.5">0.75</quarter_inch_to_one_inch>
					<one_to_three_inches unit="tons_per_acre" min="0" max="4">2.25</one_to_three_inches>
				</loadings_zero_to_three_inches>
				<loadings_greater_than_three_inches>
					<three_to_nine_inches unit="tons_per_acre" min="0" max="6">6.0</three_to_nine_inches>
					<nine_to_twenty_inches unit="tons_per_acre" min="0" max="5">4.875</nine_to_twenty_inches>
					<greater_than_twenty_inches unit="tons_per_acre" min="0" max="5">0.0</greater_than_twenty_inches>
				</loadings_greater_than_three_inches>
			</sound_wood>
			<rotten_wood>
				<all_rotten_wood>
					<species>
						<species_description>
							<tsn>183365</tsn>
							<relative_cover>60.00</relative_cover>
						</species_description>
						<species_description>
							<tsn>183336</tsn>
							<relative_cover>40.00</relative_cover>
						</species_description>
					</species>
				</all_rotten_wood>
				<loadings_greater_than_three_inches>
					<three_to_nine_inches unit="tons_per_acre" min="0" max="3">3.0</three_to_nine_inches>
					<nine_to_twenty_inches unit="tons_per_acre" min="0" max="10">3.625</nine_to_twenty_inches>
					<greater_than_twenty_inches unit="tons_per_acre" min="0" max="30">6.0</greater_than_twenty_inches>
				</loadings_greater_than_three_inches>
			</rotten_wood>
			<stumps>
				<sound>
					<stem_density unit="number_per_acre" />
					<diameter unit="inches" />
					<height unit="feet" />
					<species />
				</sound>
				<rotten>
					<stem_density unit="number_per_acre" min="0" max="10" reference_id="1359">2</stem_density>
					<diameter unit="inches" min="5" max="18" reference_id="1359">17</diameter>
					<height unit="feet" min="1" max="4" reference_id="1359">2</height>
					<species>
						<species_description>
							<tsn>183365</tsn>
							<relative_cover>100.00</relative_cover>
						</species_description>
					</species>
				</rotten>
				<lightered_pitchy>
					<stem_density unit="number_per_acre" />
					<diameter unit="inches" />
					<height unit="feet" />
					<species />
				</lightered_pitchy>
			</stumps>
			<piles>
				<clean_loading unit="tons_per_acre">0.007819</clean_loading>
				<dirty_loading unit="tons_per_acre">0.000000</dirty_loading>
				<verydirty_loading unit="tons_per_acre">0.000000</verydirty_loading>
				<pileData>
					<header>pileGroupID,pileGroupName,numPiles,pileType,pileShape,W1,L1,H1,W2,L2,H2,soilPercent,packingRatio,handPileSpecies,species1_TSN,species1_percent,species2_TSN,species2_percent,pileQuality,percentConsumed</header>
					<pileGroups>
						<pileGroup>2,,1,1,5,2.00,4.00,3.00,,,,,,2,,,,,,90</pileGroup>
					</pileGroups>
				</pileData>
			</piles>
		</woody_fuel>
		<moss_lichen_litter>
			<moss>
				<type />
				<percent_cover unit="number" />
				<depth unit="inches" />
			</moss>
			<ground_lichen>
				<percent_cover unit="number" />
				<depth unit="inches" />
			</ground_lichen>
			<litter>
				<percent_cover unit="number" min="10" max="100" reference_id="1359">80.0</percent_cover>
				<depth unit="inches" min="0.2" max="3.5">1.0</depth>
				<arrangement>1</arrangement>
				<litter_type>
					<short_needle_pine>
						<relative_cover />
					</short_needle_pine>
					<long_needle_pine>
						<relative_cover>50.00</relative_cover>
					</long_needle_pine>
					<other_conifer>
						<relative_cover>20.00</relative_cover>
					</other_conifer>
					<broadleaf_deciduous>
						<relative_cover>20.00</relative_cover>
					</broadleaf_deciduous>
					<broadleaf_evergreen>
						<relative_cover />
					</broadleaf_evergreen>
					<palm_frond>
						<relative_cover />
					</palm_frond>
					<grass>
						<relative_cover>10.00</relative_cover>
					</grass>
				</litter_type>
			</litter>
		</moss_lichen_litter>
		<ground_fuel>
			<duff>
				<upper>
					<depth unit="inches" min="0.2" max="1" reference_id="1359">0.6</depth>
					<percent_cover unit="number" min="10" max="100" reference_id="1359">60.0</percent_cover>
					<derivation>1</derivation>
				</upper>
				<lower>
					<depth unit="inches" min="0.1" max="1" />
					<percent_cover unit="number" min="10" max="100" reference_id="1359" />
					<derivation />
					<loading unit="tons_per_acre" />
				</lower>
			</duff>
			<squirrel_middens>
				<depth unit="inches" />
				<radius unit="feet" />
				<number_per_unit_area unit="number_per_acre" />
			</squirrel_middens>
			<basal_accumulation>
				<depth unit="inches" min="0.5" max="4" reference_id="7000">2</depth>
				<radius unit="feet" min="0.16" max="2" reference_id="7000">0.5</radius>
				<number_per_unit_area unit="number_per_acre">1.25</number_per_unit_area>
				<type>1</type>
			</basal_accumulation>
		</ground_fuel>
	</fuelbed>
</FCCS_file>
