<?xml version="1.0"?>
<FCCS_file xmlns:xsi="http://www.w3.org/2001/XMLSchema-instance" xsi:noNamespaceSchemaLocation="cash.xsd" schemaVersion="1.4">
	<fuelbed_number>32_221</fuelbed_number>
	<fuelbed_name>Ponderosa pine/pinyon pine-Utah juniper forest</fuelbed_name>
	<fuelbed_description>Transitional forests containing ponderosa pine, pinyon pine, and juniper often occur on montane forest plateaus as an ecotone between interior ponderosa pine forests and pinyon-juniper forests of the Southwest. This fuelbed was developed based on data from Lake Mead National Recreation Area.</fuelbed_description>
	<ecoregion>310</ecoregion>
	<vegetation_form>2</vegetation_form>
	<structural_class>1</structural_class>
	<cover_type>144,146,222</cover_type>
	<change_agent>2,3</change_agent>
	<natural_fire_regime>1</natural_fire_regime>
	<condition_class>3</condition_class>
	<user_name />
	<address />
	<affiliation />
	<phone />
	<file_owner_email />
	<notes />
	<site_photo />
	<date_collected>2003-09-17</date_collected>
	<fuelbed_confidence>4</fuelbed_confidence>
	<fuelbed>
		<canopy>
			<trees>
				<total_percent_cover unit="number" min="50" max="90" reference_id="1360">53.6</total_percent_cover>
				<overstory>
					<percent_cover unit="number" min="0" max="20" reference_id="4007">2.5</percent_cover>
					<height unit="feet" min="70" max="150" reference_id="1358">90</height>
					<height_to_live_crown unit="feet" min="30" max="85" reference_id="1358">75.0</height_to_live_crown>
					<stem_density unit="number_per_acre" min="0" max="8" reference_id="4007">1.0</stem_density>
					<diameter_at_breast_height unit="inches" min="10" max="60" reference_id="4007">23.25</diameter_at_breast_height>
					<species>
						<species_description>
							<tsn>183365</tsn>
							<relative_cover>100.00</relative_cover>
						</species_description>
					</species>
				</overstory>
				<midstory>
					<percent_cover unit="number" min="30" max="90" reference_id="1358">30.0</percent_cover>
					<height unit="feet" min="30" max="100" reference_id="1358">80</height>
					<height_to_live_crown unit="feet" min="10" max="75" reference_id="1360">60.0</height_to_live_crown>
					<stem_density unit="number_per_acre" min="50" max="250" reference_id="4007">68.3</stem_density>
					<diameter_at_breast_height unit="inches" min="6" max="30" reference_id="4007">15.25</diameter_at_breast_height>
					<species>
						<species_description>
							<tsn>183365</tsn>
							<relative_cover>90.00</relative_cover>
						</species_description>
						<species_description>
							<tsn>194859</tsn>
							<relative_cover>10.00</relative_cover>
						</species_description>
					</species>
				</midstory>
				<understory>
					<percent_cover unit="number" min="5" max="65">0.0</percent_cover>
					<height unit="feet" min="2" max="30" reference_id="4007">0.0</height>
					<height_to_live_crown unit="feet" min="0" max="20">0.0</height_to_live_crown>
					<stem_density unit="number_per_acre" min="75" max="500" reference_id="4007">0.0</stem_density>
					<diameter_at_breast_height unit="inches" min="0.5" max="8" reference_id="4007">0.0</diameter_at_breast_height>
					<species>
						<species_description>
							<tsn>194859</tsn>
							<relative_cover>55.00</relative_cover>
						</species_description>
						<species_description>
							<tsn>183365</tsn>
							<relative_cover>28.00</relative_cover>
						</species_description>
						<species_description>
							<tsn>183336</tsn>
							<relative_cover>16.00</relative_cover>
						</species_description>
						<species_description>
							<tsn>19337</tsn>
							<relative_cover>1.00</relative_cover>
						</species_description>
					</species>
				</understory>
			</trees>
			<snags>
				<class_1_conifers_with_foliage>
					<percent_cover unit="number" />
					<height_to_crown_base unit="feet" />
					<stem_density unit="number_per_acre" />
					<diameter unit="inches" />
					<height unit="feet" />
					<species />
				</class_1_conifers_with_foliage>
				<class_1_all_others>
					<stem_density unit="number_per_acre" />
					<diameter unit="inches" />
					<height unit="feet" />
					<species />
				</class_1_all_others>
				<class_2>
					<stem_density unit="number_per_acre" min="0" max="5" reference_id="4007">1</stem_density>
					<diameter unit="inches" min="6" max="36" reference_id="4007">13.2</diameter>
					<height unit="feet" min="10" max="100">80</height>
					<species>
						<species_description>
							<tsn>183365</tsn>
							<relative_cover>100.00</relative_cover>
						</species_description>
					</species>
				</class_2>
				<class_3>
					<stem_density unit="number_per_acre" />
					<diameter unit="inches" />
					<height unit="feet" />
					<species />
				</class_3>
			</snags>
			<ladder_fuels>
				<minimum_height unit="feet" min="0" max="6" reference_id="1360">2</minimum_height>
				<maximum_height unit="feet" min="6" max="20" reference_id="1360">13</maximum_height>
				<is_vertically_contiguous>1</is_vertically_contiguous>
				<type>7</type>
			</ladder_fuels>
		</canopy>
		<shrubs>
			<primary_layer>
				<percent_cover unit="number" min="0" max="20" reference_id="4007">0.15</percent_cover>
				<height unit="feet" min="0.1" max="6" reference_id="4007">0.7</height>
				<percent_live unit="number" min="60" max="98" reference_id="1360">20.0</percent_live>
				<species>
					<species_description>
						<tsn>35498</tsn>
						<relative_cover>100.00</relative_cover>
					</species_description>
				</species>
			</primary_layer>
			<secondary_layer>
				<percent_cover unit="number">0.0</percent_cover>
				<height unit="feet" />
				<percent_live unit="number">0.0</percent_live>
				<species />
			</secondary_layer>
			<needle_drape>
				<is_sufficient_to_affect_fire_behavior>0</is_sufficient_to_affect_fire_behavior>
			</needle_drape>
		</shrubs>
		<herbaceous>
			<primary_layer>
				<percent_cover unit="number">0.0</percent_cover>
				<height unit="feet" />
				<percent_live unit="number">0.0</percent_live>
				<loading unit="tons_per_acre">0.0</loading>
				<species />
			</primary_layer>
			<secondary_layer>
				<percent_cover unit="number">0.0</percent_cover>
				<height unit="feet" />
				<percent_live unit="number">0.0</percent_live>
				<loading unit="tons_per_acre">0.0</loading>
				<species />
			</secondary_layer>
		</herbaceous>
		<woody_fuel>
			<all_downed_woody_fuel>
				<total_percent_cover unit="number" min="35" max="100">100</total_percent_cover>
				<depth unit="inches" min="0.5" max="5" reference_id="1360">1.5</depth>
			</all_downed_woody_fuel>
			<sound_wood>
				<loadings_zero_to_three_inches>
					<zero_to_quarter_inch unit="tons_per_acre" min="0.04" max="0.28" reference_id="4007">1.0</zero_to_quarter_inch>
					<quarter_inch_to_one_inch unit="tons_per_acre" min="0.03" max="4" reference_id="4007">2.0</quarter_inch_to_one_inch>
					<one_to_three_inches unit="tons_per_acre" min="0" max="5" reference_id="4007">1.9500000000000002</one_to_three_inches>
				</loadings_zero_to_three_inches>
				<loadings_greater_than_three_inches>
					<three_to_nine_inches unit="tons_per_acre" min="0" max="10" reference_id="4007">1.4</three_to_nine_inches>
					<nine_to_twenty_inches unit="tons_per_acre" min="0" max="5" reference_id="4007">0</nine_to_twenty_inches>
					<greater_than_twenty_inches unit="tons_per_acre" min="0" max="10" reference_id="4007">0</greater_than_twenty_inches>
				</loadings_greater_than_three_inches>
				<all_sound_wood>
					<species>
						<species_description>
							<tsn>183365</tsn>
							<relative_cover>90.00</relative_cover>
						</species_description>
						<species_description>
							<tsn>194859</tsn>
							<relative_cover>10.00</relative_cover>
						</species_description>
					</species>
				</all_sound_wood>
			</sound_wood>
			<rotten_wood>
				<loadings_greater_than_three_inches>
					<three_to_nine_inches unit="tons_per_acre" min="0" max="2" reference_id="4007">0.4</three_to_nine_inches>
					<nine_to_twenty_inches unit="tons_per_acre" min="0" max="1.9" reference_id="4007">0.5</nine_to_twenty_inches>
					<greater_than_twenty_inches unit="tons_per_acre" min="0" max="10" reference_id="4007">5.9</greater_than_twenty_inches>
				</loadings_greater_than_three_inches>
				<all_rotten_wood>
					<species>
						<species_description>
							<tsn>183365</tsn>
							<relative_cover>90.00</relative_cover>
						</species_description>
						<species_description>
							<tsn>194859</tsn>
							<relative_cover>10.00</relative_cover>
						</species_description>
					</species>
				</all_rotten_wood>
			</rotten_wood>
			<stumps>
				<sound>
					<stem_density unit="number_per_acre">69.3</stem_density>
					<diameter unit="inches" />
					<height unit="feet" />
					<species />
				</sound>
				<rotten>
					<stem_density unit="number_per_acre" />
					<diameter unit="inches" />
					<height unit="feet" />
					<species />
				</rotten>
				<lightered_pitchy>
					<stem_density unit="number_per_acre" />
					<diameter unit="inches" />
					<height unit="feet" />
					<species />
				</lightered_pitchy>
			</stumps>
		</woody_fuel>
		<moss_lichen_litter>
			<moss>
				<percent_cover unit="number" />
				<depth unit="inches" />
				<type />
			</moss>
			<ground_lichen>
				<percent_cover unit="number" />
				<depth unit="inches" />
			</ground_lichen>
			<litter>
				<percent_cover unit="number" min="7" max="80">60.0</percent_cover>
				<depth unit="inches" min="0.1" max="2" reference_id="4007">1.2000000000000002</depth>
				<arrangement>1</arrangement>
				<litter_type>
					<short_needle_pine>
						<relative_cover>10.00</relative_cover>
					</short_needle_pine>
					<long_needle_pine>
						<relative_cover>80.00</relative_cover>
					</long_needle_pine>
					<other_conifer>
						<relative_cover>10.00</relative_cover>
					</other_conifer>
					<broadleaf_deciduous>
						<relative_cover />
					</broadleaf_deciduous>
					<broadleaf_evergreen>
						<relative_cover />
					</broadleaf_evergreen>
					<palm_frond>
						<relative_cover />
					</palm_frond>
					<grass>
						<relative_cover />
					</grass>
				</litter_type>
			</litter>
		</moss_lichen_litter>
		<ground_fuel>
			<duff>
				<upper>
					<percent_cover unit="number" min="10" max="90">40</percent_cover>
					<depth unit="inches" min="0" max="1.5" reference_id="4007">0.6</depth>
					<derivation>1</derivation>
				</upper>
				<lower>
					<percent_cover unit="number" min="0" max="80" />
					<depth unit="inches" min="0" max="1" reference_id="4007" />
					<derivation />
					<loading unit="tons_per_acre" />
				</lower>
			</duff>
			<basal_accumulation>
				<radius unit="feet" min="0" max="1.5" reference_id="1360">1</radius>
				<depth unit="inches" min="0" max="6" reference_id="1360">3</depth>
				<number_per_unit_area unit="number_per_acre">1</number_per_unit_area>
				<type>2</type>
			</basal_accumulation>
			<squirrel_middens>
				<depth unit="inches" />
				<number_per_unit_area unit="number_per_acre" />
				<radius unit="feet" />
			</squirrel_middens>
		</ground_fuel>
	</fuelbed>
</FCCS_file>
