<?xml version="1.0"?>
<FCCS_file xmlns:xsi="http://www.w3.org/2001/XMLSchema-instance" xsi:noNamespaceSchemaLocation="cash.xsd" schemaVersion="1.4">
	<fuelbed_number>226_321</fuelbed_number>
	<fuelbed_name>White fir-gambel oak forest</fuelbed_name>
	<fuelbed_description>Interior West forest dominated by white fir and gambel oak. This fuelbed was developed based on data from Zion National Park and represents a forest in which fire has been excluded for over 50 years.</fuelbed_description>
	<ecoregion>340</ecoregion>
	<vegetation_form>4</vegetation_form>
	<structural_class>1</structural_class>
	<cover_type>119,209</cover_type>
	<change_agent>2</change_agent>
	<natural_fire_regime>3</natural_fire_regime>
	<condition_class>2</condition_class>
	<user_name />
	<address />
	<affiliation />
	<phone />
	<file_owner_email />
	<notes />
	<site_photo />
	<date_collected>2003-09-17</date_collected>
	<fuelbed_confidence>5</fuelbed_confidence>
	<fuelbed>
		<canopy>
			<trees>
				<total_percent_cover unit="number" min="30" max="100">53.6</total_percent_cover>
				<overstory>
					<percent_cover unit="number" min="5" max="65">12.5</percent_cover>
					<height unit="feet" min="40" max="125">74</height>
					<height_to_live_crown unit="feet" min="2" max="60" reference_id="459">51.0</height_to_live_crown>
					<stem_density unit="number_per_acre" min="10" max="100" reference_id="4006">28.3</stem_density>
					<diameter_at_breast_height unit="inches" min="8" max="60" reference_id="4006">15.625</diameter_at_breast_height>
					<species>
						<species_description>
							<tsn>181826</tsn>
							<relative_cover>96.00</relative_cover>
						</species_description>
						<species_description>
							<tsn>19337</tsn>
							<relative_cover>4.00</relative_cover>
						</species_description>
					</species>
				</overstory>
				<midstory>
					<percent_cover unit="number" min="20" max="80" reference_id="459">20.0</percent_cover>
					<height unit="feet" min="20" max="90">55</height>
					<height_to_live_crown unit="feet" min="0" max="50">30.0</height_to_live_crown>
					<stem_density unit="number_per_acre" min="50" max="250" reference_id="4006">73.85</stem_density>
					<diameter_at_breast_height unit="inches" min="6" max="30" reference_id="4006">10.25</diameter_at_breast_height>
					<species>
						<species_description>
							<tsn>181826</tsn>
							<relative_cover>67.00</relative_cover>
						</species_description>
						<species_description>
							<tsn>19337</tsn>
							<relative_cover>32.00</relative_cover>
						</species_description>
						<species_description>
							<tsn>195773</tsn>
							<relative_cover>1.00</relative_cover>
						</species_description>
					</species>
				</midstory>
				<understory>
					<percent_cover unit="number" min="5" max="65" reference_id="459"></percent_cover>
					<height unit="feet" min="4" max="60"></height>
					<height_to_live_crown unit="feet" min="0" max="25"></height_to_live_crown>
					<stem_density unit="number_per_acre" min="100" max="2000" reference_id="4006"></stem_density>
					<diameter_at_breast_height unit="inches" min="1" max="8" reference_id="4006"></diameter_at_breast_height>
					<species />
				</understory>
			</trees>
			<snags>
				<class_1_conifers_with_foliage>
					<percent_cover unit="number" min="0" max="40">1.44747</percent_cover>
					<height_to_crown_base unit="feet" min="0" max="40">26.68</height_to_crown_base>
					<stem_density unit="number_per_acre" min="5" max="50" reference_id="4006">22.3</stem_density>
					<diameter unit="inches" min="6" max="60" reference_id="4006">7.5</diameter>
					<height unit="feet" min="20" max="125">40</height>
					<species>
						<species_description>
							<tsn>181826</tsn>
							<relative_cover>100.00</relative_cover>
						</species_description>
					</species>
				</class_1_conifers_with_foliage>
				<class_1_all_others>
					<stem_density unit="number_per_acre" min="5" max="50" reference_id="4006">26.3</stem_density>
					<diameter unit="inches" min="6" max="60" reference_id="4006">9.3</diameter>
					<height unit="feet" min="15" max="90">55</height>
					<species>
						<species_description>
							<tsn>19337</tsn>
							<relative_cover>100.00</relative_cover>
						</species_description>
					</species>
				</class_1_all_others>
				<class_2>
					<stem_density unit="number_per_acre" min="2" max="35" reference_id="4006">14.2</stem_density>
					<diameter unit="inches" min="6" max="50" reference_id="4006">7.3</diameter>
					<height unit="feet" min="20" max="100">40</height>
					<species>
						<species_description>
							<tsn>195773</tsn>
							<relative_cover>100.00</relative_cover>
						</species_description>
					</species>
				</class_2>
				<class_3>
					<stem_density unit="number_per_acre" />
					<diameter unit="inches" />
					<height unit="feet" />
					<species />
				</class_3>
			</snags>
			<ladder_fuels>
				<minimum_height unit="feet" min="0" max="8">1</minimum_height>
				<maximum_height unit="feet" min="1" max="15" reference_id="4006">5</maximum_height>
				<is_vertically_contiguous>1</is_vertically_contiguous>
				<type>7</type>
			</ladder_fuels>
		</canopy>
		<shrubs>
			<primary_layer>
				<percent_cover unit="number" min="2" max="30">6.15</percent_cover>
				<height unit="feet" min="0.1" max="8" reference_id="4006">0.7</height>
				<percent_live unit="number" min="60" max="100">23.75</percent_live>
				<species>
					<species_description>
						<tsn>35338</tsn>
						<relative_cover>90.00</relative_cover>
					</species_description>
					<species_description>
						<tsn>25121</tsn>
						<relative_cover>7.00</relative_cover>
					</species_description>
					<species_description>
						<tsn>24847</tsn>
						<relative_cover>3.00</relative_cover>
					</species_description>
				</species>
			</primary_layer>
			<secondary_layer>
				<percent_cover unit="number">0.0</percent_cover>
				<height unit="feet" />
				<percent_live unit="number">0.0</percent_live>
				<species />
			</secondary_layer>
			<needle_drape>
				<is_sufficient_to_affect_fire_behavior>0</is_sufficient_to_affect_fire_behavior>
			</needle_drape>
		</shrubs>
		<herbaceous>
			<primary_layer>
				<percent_cover unit="number" min="0" max="20" reference_id="4006">2.85</percent_cover>
				<height unit="feet" min="0.1" max="4" reference_id="4006">1.3</height>
				<percent_live unit="number" min="60" max="100">45.0</percent_live>
				<loading unit="tons_per_acre" min="0" max="2">0.025</loading>
				<species>
					<species_description>
						<tsn>39786</tsn>
						<relative_cover>68.00</relative_cover>
					</species_description>
					<species_description>
						<tsn>41088</tsn>
						<relative_cover>26.00</relative_cover>
					</species_description>
					<species_description>
						<tsn>525107</tsn>
						<relative_cover>6.00</relative_cover>
					</species_description>
				</species>
			</primary_layer>
			<secondary_layer>
				<percent_cover unit="number" min="3" max="40" reference_id="4006">10.55</percent_cover>
				<height unit="feet" min="0.1" max="4" reference_id="4006">0.3</height>
				<percent_live unit="number" min="35" max="95">37.5</percent_live>
				<loading unit="tons_per_acre" min="0" max="1">0.015</loading>
				<species>
					<species_description>
						<tsn>20358</tsn>
						<relative_cover>69.00</relative_cover>
					</species_description>
					<species_description>
						<tsn>26112</tsn>
						<relative_cover>12.00</relative_cover>
					</species_description>
					<species_description>
						<tsn>35423</tsn>
						<relative_cover>8.00</relative_cover>
					</species_description>
					<species_description>
						<tsn>33534</tsn>
						<relative_cover>5.00</relative_cover>
					</species_description>
					<species_description>
						<tsn>185162</tsn>
						<relative_cover>3.00</relative_cover>
					</species_description>
					<species_description>
						<tsn>18670</tsn>
						<relative_cover>1.00</relative_cover>
					</species_description>
					<species_description>
						<tsn>26265</tsn>
						<relative_cover>1.00</relative_cover>
					</species_description>
					<species_description>
						<tsn>26331</tsn>
						<relative_cover>1.00</relative_cover>
					</species_description>
				</species>
			</secondary_layer>
		</herbaceous>
		<woody_fuel>
			<all_downed_woody_fuel>
				<total_percent_cover unit="number" min="50" max="100" reference_id="459">49.5</total_percent_cover>
				<depth unit="inches" min="0.5" max="6" reference_id="459">1.5</depth>
			</all_downed_woody_fuel>
			<sound_wood>
				<loadings_zero_to_three_inches>
					<zero_to_quarter_inch unit="tons_per_acre" min="0" max="2" reference_id="4006">0.3</zero_to_quarter_inch>
					<quarter_inch_to_one_inch unit="tons_per_acre" min="0" max="3.5" reference_id="4006">0.45</quarter_inch_to_one_inch>
					<one_to_three_inches unit="tons_per_acre" min="0" max="6" reference_id="4006">0.6</one_to_three_inches>
				</loadings_zero_to_three_inches>
				<loadings_greater_than_three_inches>
					<three_to_nine_inches unit="tons_per_acre" min="0" max="30" reference_id="4006">5.68</three_to_nine_inches>
					<nine_to_twenty_inches unit="tons_per_acre" min="0" max="10" reference_id="4006">0.0</nine_to_twenty_inches>
					<greater_than_twenty_inches unit="tons_per_acre" min="0" max="10" reference_id="4006">0.0</greater_than_twenty_inches>
				</loadings_greater_than_three_inches>
				<all_sound_wood>
					<species>
						<species_description>
							<tsn>181826</tsn>
							<relative_cover>85.00</relative_cover>
						</species_description>
						<species_description>
							<tsn>19337</tsn>
							<relative_cover>15.00</relative_cover>
						</species_description>
					</species>
				</all_sound_wood>
			</sound_wood>
			<rotten_wood>
				<loadings_greater_than_three_inches>
					<three_to_nine_inches unit="tons_per_acre" min="0" max="30" reference_id="4006">1.2000000000000002</three_to_nine_inches>
					<nine_to_twenty_inches unit="tons_per_acre" min="0" max="10" reference_id="4006">0.0</nine_to_twenty_inches>
					<greater_than_twenty_inches unit="tons_per_acre" min="0" max="10" reference_id="4006">0.0</greater_than_twenty_inches>
				</loadings_greater_than_three_inches>
				<all_rotten_wood>
					<species>
						<species_description>
							<tsn>181826</tsn>
							<relative_cover>85.00</relative_cover>
						</species_description>
						<species_description>
							<tsn>19337</tsn>
							<relative_cover>15.00</relative_cover>
						</species_description>
					</species>
				</all_rotten_wood>
			</rotten_wood>
			<stumps>
				<sound>
					<stem_density unit="number_per_acre">102.14999999999999</stem_density>
					<diameter unit="inches" />
					<height unit="feet" />
					<species />
				</sound>
				<rotten>
					<stem_density unit="number_per_acre" min="0" max="8">1</stem_density>
					<diameter unit="inches" min="6" max="60">8</diameter>
					<height unit="feet" min="0.3" max="4.5" reference_id="1358">4</height>
					<species>
						<species_description>
							<tsn>181826</tsn>
							<relative_cover>100.00</relative_cover>
						</species_description>
					</species>
				</rotten>
				<lightered_pitchy>
					<stem_density unit="number_per_acre" />
					<diameter unit="inches" />
					<height unit="feet" />
					<species />
				</lightered_pitchy>
			</stumps>
			<piles>
				<clean_loading unit="tons_per_acre">0.1284195</clean_loading>
				<dirty_loading unit="tons_per_acre">0.0</dirty_loading>
				<verydirty_loading unit="tons_per_acre">0.0</verydirty_loading>
				<pileData>
					<header>pileGroupID,pileGroupName,numPiles,pileType,pileShape,W1,L1,H1,W2,L2,H2,soilPercent,packingRatio,handPileSpecies,species1_TSN,species1_percent,species2_TSN,species2_percent,pileQuality,percentConsumed</header>
					<pileGroups>
						<pileGroup>2,,2,1,5,3.50,10.00,2.50,,,,,,1,,,,,,90</pileGroup>
					</pileGroups>
				</pileData>
			</piles>
		</woody_fuel>
		<moss_lichen_litter>
			<moss>
				<percent_cover unit="number">0.0</percent_cover>
				<depth unit="inches">0.0</depth>
				<type />
			</moss>
			<ground_lichen>
				<percent_cover unit="number">0.0</percent_cover>
				<depth unit="inches">0.0</depth>
			</ground_lichen>
			<litter>
				<percent_cover unit="number" min="50" max="100" reference_id="459">50.0</percent_cover>
				<depth unit="inches" min="0" max="4">0.2</depth>
				<arrangement>1</arrangement>
				<litter_type>
					<short_needle_pine>
						<relative_cover />
					</short_needle_pine>
					<long_needle_pine>
						<relative_cover />
					</long_needle_pine>
					<other_conifer>
						<relative_cover>90.00</relative_cover>
					</other_conifer>
					<broadleaf_deciduous>
						<relative_cover>10.00</relative_cover>
					</broadleaf_deciduous>
					<broadleaf_evergreen>
						<relative_cover />
					</broadleaf_evergreen>
					<palm_frond>
						<relative_cover />
					</palm_frond>
					<grass>
						<relative_cover />
					</grass>
				</litter_type>
			</litter>
		</moss_lichen_litter>
		<ground_fuel>
			<duff>
				<upper>
					<percent_cover unit="number" min="50" max="100">50.0</percent_cover>
					<depth unit="inches" min="0.1" max="4" reference_id="4006">0.9</depth>
					<derivation>1</derivation>
				</upper>
				<lower>
					<percent_cover unit="number" min="50" max="100">0.0</percent_cover>
					<depth unit="inches" min="0" max="8" reference_id="4006">0.0</depth>
					<derivation />
					<loading unit="tons_per_acre" />
				</lower>
			</duff>
			<basal_accumulation>
				<radius unit="feet" />
				<depth unit="inches">0.0</depth>
				<number_per_unit_area unit="number_per_acre">0.0</number_per_unit_area>
				<type />
			</basal_accumulation>
			<squirrel_middens>
				<depth unit="inches">0.0</depth>
				<number_per_unit_area unit="number_per_acre">0.0</number_per_unit_area>
				<radius unit="feet" />
			</squirrel_middens>
		</ground_fuel>
	</fuelbed>
</FCCS_file>
