<?xml version="1.0"?>
<FCCS_file xmlns:xsi="http://www.w3.org/2001/XMLSchema-instance" xsi:noNamespaceSchemaLocation="cash.xsd" schemaVersion="1.4">
	<fuelbed_number>282_212</fuelbed_number>
	<fuelbed_name>Loblolly pine forest</fuelbed_name>
	<fuelbed_description>Loblolly pine-dominated forests occur throughout the Southeast coastal plain and Piedmont regions from Texas east and north to Virginia. Shortleaf pine, Virginia pine and longleaf pine may also be present in the canopy depending on geographic location within the region. Fuelbed represents stands from 30 to 80 years old.</fuelbed_description>
	<ecoregion>220,230</ecoregion>
	<vegetation_form>2</vegetation_form>
	<structural_class>7</structural_class>
	<cover_type>70</cover_type>
	<change_agent>18</change_agent>
	<natural_fire_regime>1</natural_fire_regime>
	<condition_class>2</condition_class>
	<user_name />
	<address />
	<affiliation />
	<phone />
	<file_owner_email />
	<notes />
	<site_photo />
	<date_collected>2003-09-17</date_collected>
	<fuelbed_confidence>2</fuelbed_confidence>
	<fuelbed>
		<canopy>
			<trees>
				<total_percent_cover unit="number" min="70" max="95">72.25</total_percent_cover>
				<overstory>
					<percent_cover unit="number" min="60" max="90">60.0</percent_cover>
					<height unit="feet" min="50" max="80" reference_id="5066">65</height>
					<height_to_live_crown unit="feet" min="25" max="50">43.75</height_to_live_crown>
					<stem_density unit="number_per_acre" min="55" max="200">75.0</stem_density>
					<diameter_at_breast_height unit="inches" min="9" max="22" reference_id="5066">16.5</diameter_at_breast_height>
					<species>
						<species_description>
							<tsn>18037</tsn>
							<relative_cover>80.00</relative_cover>
						</species_description>
						<species_description>
							<tsn>18035</tsn>
							<relative_cover>20.00</relative_cover>
						</species_description>
					</species>
				</overstory>
				<midstory>
					<percent_cover unit="number" min="15" max="50">26.25</percent_cover>
					<height unit="feet" min="35" max="55" reference_id="5066">45</height>
					<height_to_live_crown unit="feet" min="10" max="25">31.25</height_to_live_crown>
					<stem_density unit="number_per_acre" min="50" max="300" reference_id="5066">75.0</stem_density>
					<diameter_at_breast_height unit="inches" min="5.5" max="12" reference_id="5066">9.350000000000001</diameter_at_breast_height>
					<species>
						<species_description>
							<tsn>18037</tsn>
							<relative_cover>50.00</relative_cover>
						</species_description>
						<species_description>
							<tsn>19276</tsn>
							<relative_cover>15.00</relative_cover>
						</species_description>
						<species_description>
							<tsn>28728</tsn>
							<relative_cover>15.00</relative_cover>
						</species_description>
						<species_description>
							<tsn>24764</tsn>
							<relative_cover>10.00</relative_cover>
						</species_description>
						<species_description>
							<tsn>19027</tsn>
							<relative_cover>10.00</relative_cover>
						</species_description>
					</species>
				</midstory>
				<understory>
					<percent_cover unit="number" min="5" max="40">5.0</percent_cover>
					<height unit="feet" min="15" max="40" reference_id="5066">30</height>
					<height_to_live_crown unit="feet" min="2.5" max="20">10</height_to_live_crown>
					<stem_density unit="number_per_acre" min="50" max="600">50.0</stem_density>
					<diameter_at_breast_height unit="inches" min="1" max="5" reference_id="5066">2.5</diameter_at_breast_height>
					<species>
						<species_description>
							<tsn>27806</tsn>
							<relative_cover>40.00</relative_cover>
						</species_description>
						<species_description>
							<tsn>19511</tsn>
							<relative_cover>30.00</relative_cover>
						</species_description>
						<species_description>
							<tsn>23855</tsn>
							<relative_cover>30.00</relative_cover>
						</species_description>
					</species>
				</understory>
			</trees>
			<snags>
				<class_1_conifers_with_foliage>
					<percent_cover unit="number" min="0" max="65">0.3428</percent_cover>
					<height_to_crown_base unit="feet" min="0" max="65">43.355000000000004</height_to_crown_base>
					<stem_density unit="number_per_acre" min="0" max="6">2</stem_density>
					<diameter unit="inches" min="7" max="22">10</diameter>
					<height unit="feet" min="50" max="80">65</height>
					<species>
						<species_description>
							<tsn>18037</tsn>
							<relative_cover>100.00</relative_cover>
						</species_description>
					</species>
				</class_1_conifers_with_foliage>
				<class_1_all_others>
					<stem_density unit="number_per_acre" />
					<diameter unit="inches" />
					<height unit="feet" />
					<species />
				</class_1_all_others>
				<class_2>
					<stem_density unit="number_per_acre" min="0" max="12">4</stem_density>
					<diameter unit="inches" min="7" max="22">10</diameter>
					<height unit="feet" min="45" max="75">60</height>
					<species>
						<species_description>
							<tsn>18037</tsn>
							<relative_cover>100.00</relative_cover>
						</species_description>
					</species>
				</class_2>
				<class_3>
					<stem_density unit="number_per_acre" min="0" max="12">4</stem_density>
					<diameter unit="inches" min="7" max="20">10</diameter>
					<height unit="feet" min="30" max="60">50</height>
					<species>
						<species_description>
							<tsn>18037</tsn>
							<relative_cover>100.00</relative_cover>
						</species_description>
					</species>
				</class_3>
			</snags>
			<ladder_fuels>
				<minimum_height unit="feet" />
				<maximum_height unit="feet" />
				<is_vertically_contiguous />
				<type />
			</ladder_fuels>
		</canopy>
		<shrubs>
			<primary_layer>
				<percent_cover unit="number" min="5" max="40">16.5</percent_cover>
				<height unit="feet" min="2" max="10">5</height>
				<percent_live unit="number" min="60" max="95">90.0</percent_live>
				<species>
					<species_description>
						<tsn>23571</tsn>
						<relative_cover>60.00</relative_cover>
					</species_description>
					<species_description>
						<tsn>32973</tsn>
						<relative_cover>40.00</relative_cover>
					</species_description>
				</species>
			</primary_layer>
			<secondary_layer>
				<percent_cover unit="number">0.0</percent_cover>
				<height unit="feet" />
				<percent_live unit="number">0.0</percent_live>
				<species />
			</secondary_layer>
			<needle_drape>
				<is_sufficient_to_affect_fire_behavior>1</is_sufficient_to_affect_fire_behavior>
			</needle_drape>
		</shrubs>
		<herbaceous>
			<primary_layer>
				<percent_cover unit="number" min="5" max="25">9.375</percent_cover>
				<height unit="feet" min="0.5" max="3.5">2</height>
				<percent_live unit="number" min="60" max="95">84.97874999999999</percent_live>
				<loading unit="tons_per_acre" min="0" max="0.05">0.01875</loading>
				<species>
					<species_description>
						<tsn>17224</tsn>
						<relative_cover>40.00</relative_cover>
					</species_description>
					<species_description>
						<tsn>40450</tsn>
						<relative_cover>25.00</relative_cover>
					</species_description>
					<species_description>
						<tsn>40901</tsn>
						<relative_cover>25.00</relative_cover>
					</species_description>
					<species_description>
						<tsn>28821</tsn>
						<relative_cover>10.00</relative_cover>
					</species_description>
				</species>
			</primary_layer>
			<secondary_layer>
				<percent_cover unit="number">0.0</percent_cover>
				<height unit="feet" />
				<percent_live unit="number">0.0</percent_live>
				<loading unit="tons_per_acre">0.0</loading>
				<species />
			</secondary_layer>
		</herbaceous>
		<woody_fuel>
			<all_downed_woody_fuel>
				<total_percent_cover unit="number" min="5" max="30">14.0625</total_percent_cover>
				<depth unit="inches" min="0.5" max="2" reference_id="1359">1.40625</depth>
			</all_downed_woody_fuel>
			<sound_wood>
				<loadings_zero_to_three_inches>
					<zero_to_quarter_inch unit="tons_per_acre" min="0" max="2" reference_id="5020">0.5625</zero_to_quarter_inch>
					<quarter_inch_to_one_inch unit="tons_per_acre" min="0" max="3" reference_id="5020">1.59375</quarter_inch_to_one_inch>
					<one_to_three_inches unit="tons_per_acre" min="0" max="3" reference_id="5020">1.875</one_to_three_inches>
				</loadings_zero_to_three_inches>
				<loadings_greater_than_three_inches>
					<three_to_nine_inches unit="tons_per_acre" min="0" max="5" reference_id="5020">2.25</three_to_nine_inches>
					<nine_to_twenty_inches unit="tons_per_acre" min="0" max="0" reference_id="5020">1.5</nine_to_twenty_inches>
					<greater_than_twenty_inches unit="tons_per_acre" min="0" max="0" reference_id="5020">0.0</greater_than_twenty_inches>
				</loadings_greater_than_three_inches>
				<all_sound_wood>
					<species>
						<species_description>
							<tsn>18037</tsn>
							<relative_cover>100.00</relative_cover>
						</species_description>
					</species>
				</all_sound_wood>
			</sound_wood>
			<rotten_wood>
				<loadings_greater_than_three_inches>
					<three_to_nine_inches unit="tons_per_acre" min="0" max="1" reference_id="5020">0.95</three_to_nine_inches>
					<nine_to_twenty_inches unit="tons_per_acre" min="0" max="1">0.5</nine_to_twenty_inches>
					<greater_than_twenty_inches unit="tons_per_acre" min="0" max="0">0.0</greater_than_twenty_inches>
				</loadings_greater_than_three_inches>
				<all_rotten_wood>
					<species>
						<species_description>
							<tsn>18037</tsn>
							<relative_cover>100.00</relative_cover>
						</species_description>
					</species>
				</all_rotten_wood>
			</rotten_wood>
			<stumps>
				<sound>
					<stem_density unit="number_per_acre">50.0</stem_density>
					<diameter unit="inches" />
					<height unit="feet" />
					<species />
				</sound>
				<rotten>
					<stem_density unit="number_per_acre" min="0" max="20">5</stem_density>
					<diameter unit="inches" min="5" max="25">15</diameter>
					<height unit="feet" min="0.5" max="1.5">1</height>
					<species>
						<species_description>
							<tsn>18037</tsn>
							<relative_cover>100.00</relative_cover>
						</species_description>
					</species>
				</rotten>
				<lightered_pitchy>
					<stem_density unit="number_per_acre" min="0" max="20">5</stem_density>
					<diameter unit="inches" min="5" max="25">15</diameter>
					<height unit="feet" min="0.5" max="1.5">1</height>
					<species>
						<species_description>
							<tsn>18037</tsn>
							<relative_cover>100.00</relative_cover>
						</species_description>
					</species>
				</lightered_pitchy>
			</stumps>
			<piles>
				<clean_loading unit="tons_per_acre">0.009442</clean_loading>
				<dirty_loading unit="tons_per_acre">0.000000</dirty_loading>
				<verydirty_loading unit="tons_per_acre">0.000000</verydirty_loading>
				<pileData>
					<header>pileGroupID,pileGroupName,numPiles,pileType,pileShape,W1,L1,H1,W2,L2,H2,soilPercent,packingRatio,handPileSpecies,species1_TSN,species1_percent,species2_TSN,species2_percent,pileQuality,percentConsumed</header>
					<pileGroups>
						<pileGroup>2,,3,1,5,2.00,3.00,2.00,,,,,,2,,,,,,90</pileGroup>
					</pileGroups>
				</pileData>
			</piles>
		</woody_fuel>
		<moss_lichen_litter>
			<moss>
				<percent_cover unit="number" />
				<depth unit="inches" />
				<type />
			</moss>
			<ground_lichen>
				<percent_cover unit="number" />
				<depth unit="inches" />
			</ground_lichen>
			<litter>
				<percent_cover unit="number" min="80" max="100">100</percent_cover>
				<depth unit="inches" min="0.5" max="3" reference_id="1359">2.5</depth>
				<arrangement>1</arrangement>
				<litter_type>
					<short_needle_pine>
						<relative_cover />
					</short_needle_pine>
					<long_needle_pine>
						<relative_cover>85.00</relative_cover>
					</long_needle_pine>
					<other_conifer>
						<relative_cover />
					</other_conifer>
					<broadleaf_deciduous>
						<relative_cover>15.00</relative_cover>
					</broadleaf_deciduous>
					<broadleaf_evergreen>
						<relative_cover />
					</broadleaf_evergreen>
					<palm_frond>
						<relative_cover />
					</palm_frond>
					<grass>
						<relative_cover />
					</grass>
				</litter_type>
			</litter>
		</moss_lichen_litter>
		<ground_fuel>
			<duff>
				<upper>
					<percent_cover unit="number" min="70" max="100">85</percent_cover>
					<depth unit="inches" min="0" max="2">2</depth>
					<derivation>1</derivation>
				</upper>
				<lower>
					<percent_cover unit="number" min="70" max="100" />
					<depth unit="inches" min="0" max="2" />
					<derivation />
					<loading unit="tons_per_acre" />
				</lower>
			</duff>
			<basal_accumulation>
				<radius unit="feet" />
				<depth unit="inches" />
				<number_per_unit_area unit="number_per_acre" />
				<type />
			</basal_accumulation>
			<squirrel_middens>
				<depth unit="inches" />
				<number_per_unit_area unit="number_per_acre" />
				<radius unit="feet" />
			</squirrel_middens>
		</ground_fuel>
	</fuelbed>
</FCCS_file>
