<?xml version="1.0"?>
<FCCS_file xmlns:xsi="http://www.w3.org/2001/XMLSchema-instance" xsi:noNamespaceSchemaLocation="cash.xsd" schemaVersion="1.4">
	<fuelbed_number>342_431</fuelbed_number>
	<fuelbed_name>Hawai'i bog shrubland</fuelbed_name>
	<fuelbed_description>Hawai'i bog shrublands typically occur between 3500 and 5500 feet in elevation but may also occur at lower and higher elevations on some islands. Vegetation is composed of hummocks of sedges and grasses. Stunted woody plants occur as scattered individuals or as more dense shrub layer. There is typically a well developed peat layer.</fuelbed_description>
	<ecoregion>420</ecoregion>
	<vegetation_form>6</vegetation_form>
	<structural_class />
	<cover_type>403</cover_type>
	<change_agent>18</change_agent>
	<natural_fire_regime>4</natural_fire_regime>
	<condition_class>1</condition_class>
	<user_name />
	<address />
	<affiliation />
	<phone />
	<file_owner_email />
	<notes>Used FB 168 as the base. Altered the fuelbed based on NatureServe description and BpS description 18060 Class A (100% of land area).</notes>
	<site_photo />
	<date_collected>2003-09-17</date_collected>
	<fuelbed_confidence>3</fuelbed_confidence>
	<fuelbed>
		<canopy>
			<trees>
				<total_percent_cover unit="number" min="0" max="10">0.0</total_percent_cover>
				<overstory>
					<percent_cover unit="number" min="0" max="10">0.0</percent_cover>
					<height unit="feet" min="3" max="20" />
					<height_to_live_crown unit="feet" min="0" max="10" />
					<stem_density unit="number_per_acre" min="0" max="25">0.0</stem_density>
					<diameter_at_breast_height unit="inches" min="1" max="10" />
					<species />
				</overstory>
				<midstory>
					<percent_cover unit="number">0.0</percent_cover>
					<height unit="feet" />
					<height_to_live_crown unit="feet" />
					<stem_density unit="number_per_acre">0.0</stem_density>
					<diameter_at_breast_height unit="inches" />
					<species />
				</midstory>
				<understory>
					<percent_cover unit="number" min="0" max="15" />
					<height unit="feet" min="0.5" max="5" />
					<height_to_live_crown unit="feet" min="0" max="3" />
					<stem_density unit="number_per_acre" min="0" max="50" />
					<diameter_at_breast_height unit="inches" min="0" max="2" />
					<species />
				</understory>
			</trees>
			<snags>
				<class_1_conifers_with_foliage>
					<percent_cover unit="number">0.0</percent_cover>
					<height_to_crown_base unit="feet" />
					<stem_density unit="number_per_acre">0.0</stem_density>
					<diameter unit="inches" />
					<height unit="feet" />
					<species />
				</class_1_conifers_with_foliage>
				<class_1_all_others>
					<stem_density unit="number_per_acre">0.0</stem_density>
					<diameter unit="inches" />
					<height unit="feet" />
					<species />
				</class_1_all_others>
				<class_2>
					<stem_density unit="number_per_acre">0.0</stem_density>
					<diameter unit="inches" />
					<height unit="feet" />
					<species />
				</class_2>
				<class_3>
					<stem_density unit="number_per_acre">0.0</stem_density>
					<diameter unit="inches" />
					<height unit="feet" />
					<species />
				</class_3>
			</snags>
			<ladder_fuels>
				<minimum_height unit="feet" />
				<maximum_height unit="feet" />
				<is_vertically_contiguous />
				<type />
			</ladder_fuels>
		</canopy>
		<shrubs>
			<primary_layer>
				<percent_cover unit="number" min="65" max="100">32.5</percent_cover>
				<height unit="feet" min="2" max="7">1.5</height>
				<percent_live unit="number" min="45" max="100">45.0</percent_live>
				<species>
					<species_description>
						<tsn>27259</tsn>
						<relative_cover>20</relative_cover>
					</species_description>
					<species_description>
						<tsn>38767</tsn>
						<relative_cover>40</relative_cover>
					</species_description>
					<species_description>
						<tsn>38754</tsn>
						<relative_cover>40</relative_cover>
					</species_description>
				</species>
			</primary_layer>
			<secondary_layer>
				<percent_cover unit="number">0.0</percent_cover>
				<height unit="feet" />
				<percent_live unit="number">0.0</percent_live>
				<species />
			</secondary_layer>
			<needle_drape>
				<is_sufficient_to_affect_fire_behavior>0</is_sufficient_to_affect_fire_behavior>
			</needle_drape>
		</shrubs>
		<herbaceous>
			<primary_layer>
				<percent_cover unit="number" min="0" max="25" reference_id="5001">60</percent_cover>
				<height unit="feet" min="0" max="1.5" reference_id="5001">1</height>
				<percent_live unit="number" min="0" max="100" reference_id="5001">90</percent_live>
				<loading unit="tons_per_acre" min="0" max="2">0.1</loading>
				<species>
					<species_description>
						<tsn>41645</tsn>
						<relative_cover>40</relative_cover>
					</species_description>
					<species_description>
						<tsn>39369</tsn>
						<relative_cover>40</relative_cover>
					</species_description>
					<species_description>
						<tsn>17964</tsn>
						<relative_cover>10</relative_cover>
					</species_description>
					<species_description>
						<tsn>17408</tsn>
						<relative_cover>10</relative_cover>
					</species_description>
				</species>
			</primary_layer>
			<secondary_layer>
				<percent_cover unit="number" />
				<height unit="feet" />
				<percent_live unit="number" />
				<loading unit="tons_per_acre" />
				<species />
			</secondary_layer>
		</herbaceous>
		<woody_fuel>
			<all_downed_woody_fuel>
				<total_percent_cover unit="number">75.0</total_percent_cover>
				<depth unit="inches">1.0</depth>
			</all_downed_woody_fuel>
			<sound_wood>
				<loadings_zero_to_three_inches>
					<zero_to_quarter_inch unit="tons_per_acre">0.2</zero_to_quarter_inch>
					<quarter_inch_to_one_inch unit="tons_per_acre">1.0</quarter_inch_to_one_inch>
					<one_to_three_inches unit="tons_per_acre">2.0</one_to_three_inches>
				</loadings_zero_to_three_inches>
				<loadings_greater_than_three_inches>
					<three_to_nine_inches unit="tons_per_acre" />
					<nine_to_twenty_inches unit="tons_per_acre" />
					<greater_than_twenty_inches unit="tons_per_acre" />
				</loadings_greater_than_three_inches>
				<all_sound_wood>
					<species />
				</all_sound_wood>
			</sound_wood>
			<rotten_wood>
				<loadings_greater_than_three_inches>
					<three_to_nine_inches unit="tons_per_acre" />
					<nine_to_twenty_inches unit="tons_per_acre" />
					<greater_than_twenty_inches unit="tons_per_acre" />
				</loadings_greater_than_three_inches>
				<all_rotten_wood>
					<species />
				</all_rotten_wood>
			</rotten_wood>
			<stumps>
				<sound>
					<stem_density unit="number_per_acre" />
					<diameter unit="inches" />
					<height unit="feet" />
					<species />
				</sound>
				<rotten>
					<stem_density unit="number_per_acre" />
					<diameter unit="inches" />
					<height unit="feet" />
					<species />
				</rotten>
				<lightered_pitchy>
					<stem_density unit="number_per_acre" />
					<diameter unit="inches" />
					<height unit="feet" />
					<species />
				</lightered_pitchy>
			</stumps>
		</woody_fuel>
		<moss_lichen_litter>
			<moss>
				<percent_cover unit="number" min="0" max="50">20</percent_cover>
				<depth unit="inches" min="0" max="4">2</depth>
				<type>1</type>
			</moss>
			<ground_lichen>
				<percent_cover unit="number" />
				<depth unit="inches" />
			</ground_lichen>
			<litter>
				<percent_cover unit="number" min="25" max="75">100.0</percent_cover>
				<depth unit="inches" min="0" max="2">1.0</depth>
				<arrangement>1</arrangement>
				<litter_type>
					<short_needle_pine>
						<relative_cover>0</relative_cover>
					</short_needle_pine>
					<long_needle_pine>
						<relative_cover>0</relative_cover>
					</long_needle_pine>
					<other_conifer>
						<relative_cover>0</relative_cover>
					</other_conifer>
					<broadleaf_deciduous>
						<relative_cover>0</relative_cover>
					</broadleaf_deciduous>
					<broadleaf_evergreen>
						<relative_cover>50</relative_cover>
					</broadleaf_evergreen>
					<palm_frond>
						<relative_cover>0</relative_cover>
					</palm_frond>
					<grass>
						<relative_cover>50</relative_cover>
					</grass>
				</litter_type>
			</litter>
		</moss_lichen_litter>
		<ground_fuel>
			<duff>
				<upper>
					<percent_cover unit="number" min="40" max="100" reference_id="5001">90</percent_cover>
					<depth unit="inches" min="0" max="2">5</depth>
					<derivation>2</derivation>
				</upper>
				<lower>
					<percent_cover unit="number" min="85" max="100" reference_id="5001">100</percent_cover>
					<depth unit="inches" min="36" max="190">3</depth>
					<derivation>4</derivation>
				</lower>
			</duff>
			<basal_accumulation>
				<radius unit="feet" />
				<depth unit="inches" />
				<number_per_unit_area unit="number_per_acre" />
				<type />
			</basal_accumulation>
			<squirrel_middens>
				<depth unit="inches" />
				<number_per_unit_area unit="number_per_acre" />
				<radius unit="feet" />
			</squirrel_middens>
		</ground_fuel>
	</fuelbed>
</FCCS_file>
