<?xml version="1.0"?>
<FCCS_file xmlns:xsi="http://www.w3.org/2001/XMLSchema-instance" xsi:noNamespaceSchemaLocation="cash.xsd" schemaVersion="1.4">
	<fuelbed_number>28_512</fuelbed_number>
	<fuelbed_name>Ponderosa pine savanna</fuelbed_name>
	<fuelbed_description>Fire exclusion has reduced the area of open ponderosa pine stands in native bunchgrass savannas. This fuelbed represents a savanna in which grazing has encouraged replacement of native bunchgrasses with range grasses. </fuelbed_description>
	<ecoregion>310,320,330,340</ecoregion>
	<vegetation_form>5</vegetation_form>
	<structural_class>1</structural_class>
	<cover_type>10,144</cover_type>
	<change_agent>18,32</change_agent>
	<natural_fire_regime>1</natural_fire_regime>
	<condition_class>1</condition_class>
	<user_name />
	<address />
	<affiliation />
	<phone />
	<file_owner_email />
	<notes />
	<site_photo />
	<date_collected>2003-09-17</date_collected>
	<fuelbed_confidence>3</fuelbed_confidence>
	<fuelbed>
		<canopy>
			<trees>
				<total_percent_cover unit="number" min="15" max="40" reference_id="7049">21.375</total_percent_cover>
				<overstory>
					<percent_cover unit="number" min="5" max="25">8.549999999999999</percent_cover>
					<height unit="feet" min="45" max="120">70</height>
					<height_to_live_crown unit="feet" min="20" max="50" reference_id="7000">40.425000000000004</height_to_live_crown>
					<stem_density unit="number_per_acre" min="5" max="20">8.549999999999999</stem_density>
					<diameter_at_breast_height unit="inches" min="20" max="35">24</diameter_at_breast_height>
					<species>
						<species_description>
							<tsn>183365</tsn>
							<relative_cover>100.00</relative_cover>
						</species_description>
					</species>
				</overstory>
				<midstory>
					<percent_cover unit="number" min="10" max="30" reference_id="7000">17.099999999999998</percent_cover>
					<height unit="feet" min="15" max="65">35</height>
					<height_to_live_crown unit="feet" min="2" max="25" reference_id="7000">11.55</height_to_live_crown>
					<stem_density unit="number_per_acre" min="25" max="80">51.3</stem_density>
					<diameter_at_breast_height unit="inches" min="4" max="16">8</diameter_at_breast_height>
					<species>
						<species_description>
							<tsn>183365</tsn>
							<relative_cover>100.00</relative_cover>
						</species_description>
					</species>
				</midstory>
				<understory>
					<percent_cover unit="number" />
					<height unit="feet" />
					<height_to_live_crown unit="feet" />
					<stem_density unit="number_per_acre" />
					<diameter_at_breast_height unit="inches" />
					<species />
				</understory>
			</trees>
			<snags>
				<class_1_conifers_with_foliage>
					<percent_cover unit="number">3.625</percent_cover>
					<height_to_crown_base unit="feet">35</height_to_crown_base>
					<stem_density unit="number_per_acre">10.15</stem_density>
					<diameter unit="inches">10.285714285714286</diameter>
					<height unit="feet">70</height>
					<species>
						<species_description>
							<tsn>183365</tsn>
							<relative_cover>100.00</relative_cover>
						</species_description>
					</species>
				</class_1_conifers_with_foliage>
				<class_1_all_others>
					<stem_density unit="number_per_acre">7.0</stem_density>
					<diameter unit="inches">10.285714285714286</diameter>
					<height unit="feet">70</height>
					<species />
				</class_1_all_others>
				<class_2>
					<stem_density unit="number_per_acre" min="1" max="10"></stem_density>
					<diameter unit="inches" min="6" max="35"></diameter>
					<height unit="feet" min="15" max="115"></height>
					<species>
						<species_description>
							<tsn>183365</tsn>
							<relative_cover>100.00</relative_cover>
						</species_description>
					</species>
				</class_2>
				<class_3>
					<stem_density unit="number_per_acre">5</stem_density>
					<diameter unit="inches">24</diameter>
					<height unit="feet">50</height>
					<species>
						<species_description>
							<tsn>183365</tsn>
							<relative_cover>100.00</relative_cover>
						</species_description>
					</species>
				</class_3>
			</snags>
			<ladder_fuels>
				<minimum_height unit="feet" />
				<maximum_height unit="feet" />
				<is_vertically_contiguous />
				<type />
			</ladder_fuels>
		</canopy>
		<shrubs>
			<primary_layer>
				<percent_cover unit="number" min="0" max="25" reference_id="7024">5</percent_cover>
				<height unit="feet" min="2" max="6" reference_id="5083">4</height>
				<percent_live unit="number" min="40" max="100" reference_id="7000">90</percent_live>
				<species>
					<species_description>
						<tsn>25290</tsn>
						<relative_cover>80.00</relative_cover>
					</species_description>
					<species_description>
						<tsn>24457</tsn>
						<relative_cover>20.00</relative_cover>
					</species_description>
				</species>
			</primary_layer>
			<secondary_layer>
				<percent_cover unit="number" />
				<height unit="feet" />
				<percent_live unit="number" />
				<species />
			</secondary_layer>
			<needle_drape>
				<is_sufficient_to_affect_fire_behavior>1</is_sufficient_to_affect_fire_behavior>
			</needle_drape>
		</shrubs>
		<herbaceous>
			<primary_layer>
				<percent_cover unit="number" min="45" max="95">60</percent_cover>
				<height unit="feet" min="1" max="3" reference_id="5083">2</height>
				<percent_live unit="number" min="60" max="100" reference_id="7000">90</percent_live>
				<loading unit="tons_per_acre" min="0.3" max="1">0.8</loading>
				<species>
					<species_description>
						<tsn>40816</tsn>
						<relative_cover>25.00</relative_cover>
					</species_description>
					<species_description>
						<tsn>502264</tsn>
						<relative_cover>20.00</relative_cover>
					</species_description>
					<species_description>
						<tsn>504467</tsn>
						<relative_cover>20.00</relative_cover>
					</species_description>
					<species_description>
						<tsn>39786</tsn>
						<relative_cover>15.00</relative_cover>
					</species_description>
					<species_description>
						<tsn>784287</tsn>
						<relative_cover>10.00</relative_cover>
					</species_description>
					<species_description>
						<tsn>41500</tsn>
						<relative_cover>10.00</relative_cover>
					</species_description>
				</species>
			</primary_layer>
			<secondary_layer>
				<percent_cover unit="number" />
				<height unit="feet" />
				<percent_live unit="number" />
				<loading unit="tons_per_acre" />
				<species />
			</secondary_layer>
		</herbaceous>
		<woody_fuel>
			<all_downed_woody_fuel>
				<total_percent_cover unit="number" min="0" max="20" reference_id="459">11.0</total_percent_cover>
				<depth unit="inches" min="0.5" max="2">0.55</depth>
			</all_downed_woody_fuel>
			<sound_wood>
				<loadings_zero_to_three_inches>
					<zero_to_quarter_inch unit="tons_per_acre" min="0" max="1">0.05500000000000001</zero_to_quarter_inch>
					<quarter_inch_to_one_inch unit="tons_per_acre" min="0" max="1">0.11000000000000001</quarter_inch_to_one_inch>
					<one_to_three_inches unit="tons_per_acre" min="0" max="2">0.22000000000000003</one_to_three_inches>
				</loadings_zero_to_three_inches>
				<loadings_greater_than_three_inches>
					<three_to_nine_inches unit="tons_per_acre" min="0" max="3">0.3</three_to_nine_inches>
					<nine_to_twenty_inches unit="tons_per_acre" min="0" max="6">0.5</nine_to_twenty_inches>
					<greater_than_twenty_inches unit="tons_per_acre" min="0" max="7">0</greater_than_twenty_inches>
				</loadings_greater_than_three_inches>
				<all_sound_wood>
					<species>
						<species_description>
							<tsn>183365</tsn>
							<relative_cover>100.00</relative_cover>
						</species_description>
					</species>
				</all_sound_wood>
			</sound_wood>
			<rotten_wood>
				<loadings_greater_than_three_inches>
					<three_to_nine_inches unit="tons_per_acre" min="0" max="5" reference_id="1359">0.5</three_to_nine_inches>
					<nine_to_twenty_inches unit="tons_per_acre" min="0" max="6" reference_id="1359">1</nine_to_twenty_inches>
					<greater_than_twenty_inches unit="tons_per_acre" min="0" max="7" reference_id="1359">2</greater_than_twenty_inches>
				</loadings_greater_than_three_inches>
				<all_rotten_wood>
					<species>
						<species_description>
							<tsn>183365</tsn>
							<relative_cover>100.00</relative_cover>
						</species_description>
					</species>
				</all_rotten_wood>
			</rotten_wood>
			<stumps>
				<sound>
					<stem_density unit="number_per_acre" min="0" max="8" reference_id="1359">2</stem_density>
					<diameter unit="inches" min="10" max="36" reference_id="1359">24</diameter>
					<height unit="feet" min="1" max="4" reference_id="1359">2</height>
					<species>
						<species_description>
							<tsn>183365</tsn>
							<relative_cover>100.00</relative_cover>
						</species_description>
					</species>
				</sound>
				<rotten>
					<stem_density unit="number_per_acre" />
					<diameter unit="inches" />
					<height unit="feet" />
					<species />
				</rotten>
				<lightered_pitchy>
					<stem_density unit="number_per_acre" />
					<diameter unit="inches" />
					<height unit="feet" />
					<species />
				</lightered_pitchy>
			</stumps>
		</woody_fuel>
		<moss_lichen_litter>
			<moss>
				<percent_cover unit="number" />
				<depth unit="inches" />
				<type />
			</moss>
			<ground_lichen>
				<percent_cover unit="number" />
				<depth unit="inches" />
			</ground_lichen>
			<litter>
				<percent_cover unit="number" min="60" max="100">99.00000000000001</percent_cover>
				<depth unit="inches" min="0.2" max="2" reference_id="7051">0.55</depth>
				<arrangement>1</arrangement>
				<litter_type>
					<short_needle_pine>
						<relative_cover />
					</short_needle_pine>
					<long_needle_pine>
						<relative_cover>50.00</relative_cover>
					</long_needle_pine>
					<other_conifer>
						<relative_cover />
					</other_conifer>
					<broadleaf_deciduous>
						<relative_cover />
					</broadleaf_deciduous>
					<broadleaf_evergreen>
						<relative_cover />
					</broadleaf_evergreen>
					<palm_frond>
						<relative_cover />
					</palm_frond>
					<grass>
						<relative_cover>50.00</relative_cover>
					</grass>
				</litter_type>
			</litter>
		</moss_lichen_litter>
		<ground_fuel>
			<duff>
				<upper>
					<percent_cover unit="number" min="70" max="100">70</percent_cover>
					<depth unit="inches" min="0.05" max="0.5">0.4</depth>
					<derivation>1</derivation>
				</upper>
				<lower>
					<percent_cover unit="number" min="70" max="100" />
					<depth unit="inches" min="0.05" max="0.5" />
					<derivation />
					<loading unit="tons_per_acre" />
				</lower>
			</duff>
			<basal_accumulation>
				<radius unit="feet" min="0.5" max="4" reference_id="1359">2</radius>
				<depth unit="inches" min="0" max="12" reference_id="1359">4</depth>
				<number_per_unit_area unit="number_per_acre">0.2</number_per_unit_area>
				<type>2</type>
			</basal_accumulation>
			<squirrel_middens>
				<depth unit="inches" />
				<number_per_unit_area unit="number_per_acre" />
				<radius unit="feet" />
			</squirrel_middens>
		</ground_fuel>
	</fuelbed>
</FCCS_file>
