<?xml version="1.0"?>
<FCCS_file xmlns:xsi="http://www.w3.org/2001/XMLSchema-instance" xsi:noNamespaceSchemaLocation="cash.xsd" schemaVersion="1.4">
	<fuelbed_number>138_322</fuelbed_number>
	<fuelbed_name>Red pine-eastern white pine forest</fuelbed_name>
	<fuelbed_description>Old growth red and white pine forests are found throughout the upper Great Lakes States. Most forests of this type have undergone fire exclusion for 50+ years. Old growth forests in this area are highly susceptible to windthrow during severe thunderstorms. Similar forests occur in the Northeast.</fuelbed_description>
	<ecoregion>210,220</ecoregion>
	<vegetation_form>2</vegetation_form>
	<structural_class>1</structural_class>
	<cover_type>30,31</cover_type>
	<change_agent>2</change_agent>
	<natural_fire_regime>3</natural_fire_regime>
	<condition_class>2</condition_class>
	<user_name />
	<address />
	<affiliation />
	<phone />
	<file_owner_email />
	<notes />
	<site_photo />
	<date_collected>2003-09-17</date_collected>
	<fuelbed_confidence>2</fuelbed_confidence>
	<fuelbed>
		<canopy>
			<trees>
				<total_percent_cover unit="number" min="45" max="95" reference_id="5000">50.25</total_percent_cover>
				<overstory>
					<percent_cover unit="number" min="5" max="63" reference_id="5003">13.5</percent_cover>
					<height unit="feet" min="65" max="110" reference_id="452">105</height>
					<height_to_live_crown unit="feet" min="20" max="71" reference_id="5003">70.5</height_to_live_crown>
					<stem_density unit="number_per_acre" min="17" max="100" reference_id="452">17.0</stem_density>
					<diameter_at_breast_height unit="inches" min="17" max="23" reference_id="452">25.625</diameter_at_breast_height>
					<species>
						<species_description>
							<tsn>183385</tsn>
							<relative_cover>60.00</relative_cover>
						</species_description>
						<species_description>
							<tsn>183375</tsn>
							<relative_cover>40.00</relative_cover>
						</species_description>
					</species>
				</overstory>
				<midstory>
					<percent_cover unit="number" min="12" max="94" reference_id="5003">30.5</percent_cover>
					<height unit="feet" min="45" max="95" reference_id="452">60</height>
					<height_to_live_crown unit="feet" min="9" max="50" reference_id="5003">48.0</height_to_live_crown>
					<stem_density unit="number_per_acre" min="17" max="95" reference_id="452">30.0</stem_density>
					<diameter_at_breast_height unit="inches" min="10" max="14" reference_id="452">15.0</diameter_at_breast_height>
					<species>
						<species_description>
							<tsn>183319</tsn>
							<relative_cover>28.00</relative_cover>
						</species_description>
						<species_description>
							<tsn>18032</tsn>
							<relative_cover>26.00</relative_cover>
						</species_description>
						<species_description>
							<tsn>183295</tsn>
							<relative_cover>26.00</relative_cover>
						</species_description>
						<species_description>
							<tsn>19489</tsn>
							<relative_cover>20.00</relative_cover>
						</species_description>
					</species>
				</midstory>
				<understory>
					<percent_cover unit="number" min="38" max="92" reference_id="5003"></percent_cover>
					<height unit="feet" min="7" max="40" reference_id="5003"></height>
					<height_to_live_crown unit="feet" min="1" max="14" reference_id="5003"></height_to_live_crown>
					<stem_density unit="number_per_acre" min="300" max="2000" reference_id="452"></stem_density>
					<diameter_at_breast_height unit="inches" min="1" max="7" reference_id="452"></diameter_at_breast_height>
					<species />
				</understory>
			</trees>
			<snags>
				<class_1_conifers_with_foliage>
					<percent_cover unit="number" />
					<height_to_crown_base unit="feet" />
					<stem_density unit="number_per_acre" />
					<diameter unit="inches" />
					<height unit="feet" />
					<species />
				</class_1_conifers_with_foliage>
				<class_1_all_others>
					<stem_density unit="number_per_acre" />
					<diameter unit="inches" />
					<height unit="feet" />
					<species />
				</class_1_all_others>
				<class_2>
					<stem_density unit="number_per_acre" min="0" max="185">54</stem_density>
					<diameter unit="inches" min="5" max="16" reference_id="5003">9</diameter>
					<height unit="feet" min="45" max="85">70</height>
					<species>
						<species_description>
							<tsn>183385</tsn>
							<relative_cover>50.00</relative_cover>
						</species_description>
						<species_description>
							<tsn>19489</tsn>
							<relative_cover>50.00</relative_cover>
						</species_description>
					</species>
				</class_2>
				<class_3>
					<stem_density unit="number_per_acre" />
					<diameter unit="inches" />
					<height unit="feet" />
					<species />
				</class_3>
			</snags>
			<ladder_fuels>
				<minimum_height unit="feet" min="0.5" max="10">5</minimum_height>
				<maximum_height unit="feet" min="2" max="60">15</maximum_height>
				<is_vertically_contiguous>0</is_vertically_contiguous>
				<type>2</type>
			</ladder_fuels>
		</canopy>
		<shrubs>
			<primary_layer>
				<percent_cover unit="number" min="5" max="80" reference_id="5005">15.0</percent_cover>
				<height unit="feet" min="3" max="7" reference_id="5003">4</height>
				<percent_live unit="number" min="60" max="80" reference_id="5003">75.0</percent_live>
				<species>
					<species_description>
						<tsn>19507</tsn>
						<relative_cover>70.00</relative_cover>
					</species_description>
					<species_description>
						<tsn>28758</tsn>
						<relative_cover>15.00</relative_cover>
					</species_description>
					<species_description>
						<tsn>181894</tsn>
						<relative_cover>15.00</relative_cover>
					</species_description>
				</species>
			</primary_layer>
			<secondary_layer>
				<percent_cover unit="number">0.0</percent_cover>
				<height unit="feet" />
				<percent_live unit="number">0.0</percent_live>
				<species />
			</secondary_layer>
			<needle_drape>
				<is_sufficient_to_affect_fire_behavior>0</is_sufficient_to_affect_fire_behavior>
			</needle_drape>
		</shrubs>
		<herbaceous>
			<primary_layer>
				<percent_cover unit="number" min="20" max="65" reference_id="5003">26.25</percent_cover>
				<height unit="feet" min="1" max="6" reference_id="5003">3</height>
				<percent_live unit="number" min="65" max="100" reference_id="5000">75.0</percent_live>
				<loading unit="tons_per_acre" min="0" max="2">0.07500000000000001</loading>
				<species>
					<species_description>
						<tsn>17224</tsn>
						<relative_cover>20.00</relative_cover>
					</species_description>
					<species_description>
						<tsn>17242</tsn>
						<relative_cover>20.00</relative_cover>
					</species_description>
					<species_description>
						<tsn>29376</tsn>
						<relative_cover>20.00</relative_cover>
					</species_description>
					<species_description>
						<tsn>503653</tsn>
						<relative_cover>20.00</relative_cover>
					</species_description>
					<species_description>
						<tsn>513449</tsn>
						<relative_cover>20.00</relative_cover>
					</species_description>
				</species>
			</primary_layer>
			<secondary_layer>
				<percent_cover unit="number">0.0</percent_cover>
				<height unit="feet" />
				<percent_live unit="number">0.0</percent_live>
				<loading unit="tons_per_acre">0.0</loading>
				<species />
			</secondary_layer>
		</herbaceous>
		<woody_fuel>
			<all_downed_woody_fuel>
				<total_percent_cover unit="number" min="5" max="80" reference_id="5000">12.5</total_percent_cover>
				<depth unit="inches" min="0.5" max="24" reference_id="5003">0.5</depth>
			</all_downed_woody_fuel>
			<sound_wood>
				<loadings_zero_to_three_inches>
					<zero_to_quarter_inch unit="tons_per_acre" min="0.1" max="2" reference_id="452">0.45</zero_to_quarter_inch>
					<quarter_inch_to_one_inch unit="tons_per_acre" min="0.2" max="2.5" reference_id="452">0.75</quarter_inch_to_one_inch>
					<one_to_three_inches unit="tons_per_acre" min="0.1" max="2.5" reference_id="5003">0.95</one_to_three_inches>
				</loadings_zero_to_three_inches>
				<loadings_greater_than_three_inches>
					<three_to_nine_inches unit="tons_per_acre" min="0.2" max="5.5" reference_id="452">2.88</three_to_nine_inches>
					<nine_to_twenty_inches unit="tons_per_acre" min="0.4" max="24.6">3.12</nine_to_twenty_inches>
					<greater_than_twenty_inches unit="tons_per_acre" min="0" max="0" reference_id="5003">0.0</greater_than_twenty_inches>
				</loadings_greater_than_three_inches>
				<all_sound_wood>
					<species>
						<species_description>
							<tsn>183375</tsn>
							<relative_cover>40.00</relative_cover>
						</species_description>
						<species_description>
							<tsn>183385</tsn>
							<relative_cover>60.00</relative_cover>
						</species_description>
					</species>
				</all_sound_wood>
			</sound_wood>
			<rotten_wood>
				<loadings_greater_than_three_inches>
					<three_to_nine_inches unit="tons_per_acre" min="0.2" max="3.7">2.08</three_to_nine_inches>
					<nine_to_twenty_inches unit="tons_per_acre" min="0.3" max="4.3" reference_id="5003">2.72</nine_to_twenty_inches>
					<greater_than_twenty_inches unit="tons_per_acre" min="0" max="0" reference_id="5003">0.0</greater_than_twenty_inches>
				</loadings_greater_than_three_inches>
				<all_rotten_wood>
					<species>
						<species_description>
							<tsn>183375</tsn>
							<relative_cover>40.00</relative_cover>
						</species_description>
						<species_description>
							<tsn>183385</tsn>
							<relative_cover>60.00</relative_cover>
						</species_description>
					</species>
				</all_rotten_wood>
			</rotten_wood>
			<stumps>
				<sound>
					<stem_density unit="number_per_acre">47.0</stem_density>
					<diameter unit="inches" />
					<height unit="feet" />
					<species />
				</sound>
				<rotten>
					<stem_density unit="number_per_acre" />
					<diameter unit="inches" />
					<height unit="feet" />
					<species />
				</rotten>
				<lightered_pitchy>
					<stem_density unit="number_per_acre" />
					<diameter unit="inches" />
					<height unit="feet" />
					<species />
				</lightered_pitchy>
			</stumps>
			<piles>
				<clean_loading unit="tons_per_acre">0.0901845</clean_loading>
				<dirty_loading unit="tons_per_acre">0.0</dirty_loading>
				<verydirty_loading unit="tons_per_acre">0.0</verydirty_loading>
				<pileData>
					<header>pileGroupID,pileGroupName,numPiles,pileType,pileShape,W1,L1,H1,W2,L2,H2,soilPercent,packingRatio,handPileSpecies,species1_TSN,species1_percent,species2_TSN,species2_percent,pileQuality,percentConsumed</header>
					<pileGroups>
						<pileGroup>2,,5,1,5,5.00,8.00,2.00,,,,,,2,,,,,,90</pileGroup>
					</pileGroups>
				</pileData>
			</piles>
		</woody_fuel>
		<moss_lichen_litter>
			<moss>
				<percent_cover unit="number" min="10" max="30" reference_id="5003">10.0</percent_cover>
				<depth unit="inches" min="0.2" max="2.1" reference_id="5003">0.65</depth>
				<type>2</type>
			</moss>
			<ground_lichen>
				<percent_cover unit="number" min="1" max="10" reference_id="5003">2.5</percent_cover>
				<depth unit="inches" min="0.2" max="1.5" reference_id="5003">0.25</depth>
			</ground_lichen>
			<litter>
				<percent_cover unit="number" min="60" max="90" reference_id="5003">75.0</percent_cover>
				<depth unit="inches" min="0.6" max="1" reference_id="5003">0.8</depth>
				<arrangement>1</arrangement>
				<litter_type>
					<short_needle_pine>
						<relative_cover />
					</short_needle_pine>
					<long_needle_pine>
						<relative_cover>70.00</relative_cover>
					</long_needle_pine>
					<other_conifer>
						<relative_cover>24.00</relative_cover>
					</other_conifer>
					<broadleaf_deciduous>
						<relative_cover>5.00</relative_cover>
					</broadleaf_deciduous>
					<broadleaf_evergreen>
						<relative_cover />
					</broadleaf_evergreen>
					<palm_frond>
						<relative_cover />
					</palm_frond>
					<grass>
						<relative_cover>1.00</relative_cover>
					</grass>
				</litter_type>
			</litter>
		</moss_lichen_litter>
		<ground_fuel>
			<duff>
				<upper>
					<percent_cover unit="number" min="60" max="90">42.5</percent_cover>
					<depth unit="inches" min="0.4" max="1.4" reference_id="5003">0.5</depth>
					<derivation>1</derivation>
				</upper>
				<lower>
					<percent_cover unit="number" min="60" max="90">0.0</percent_cover>
					<depth unit="inches" min="0.4" max="4" reference_id="5003">0.0</depth>
					<derivation />
					<loading unit="tons_per_acre" />
				</lower>
			</duff>
			<basal_accumulation>
				<radius unit="feet" min="0.41" max="1" reference_id="5000">0.66</radius>
				<depth unit="inches" min="0.5" max="4">1.0</depth>
				<number_per_unit_area unit="number_per_acre">1.7</number_per_unit_area>
				<type>2</type>
			</basal_accumulation>
			<squirrel_middens>
				<depth unit="inches">0.0</depth>
				<number_per_unit_area unit="number_per_acre">0.0</number_per_unit_area>
				<radius unit="feet" />
			</squirrel_middens>
		</ground_fuel>
	</fuelbed>
</FCCS_file>
