<?xml version="1.0"?>
<FCCS_file xmlns:xsi="http://www.w3.org/2001/XMLSchema-instance" xsi:noNamespaceSchemaLocation="cash.xsd" schemaVersion="1.4">
	<fuelbed_number>55_411</fuelbed_number>
	<fuelbed_name>Western juniper/sagebrush savanna</fuelbed_name>
	<fuelbed_description>Western juniper savannas are transitional between ponderosa pine forests and sagebrush steppe in eastern Oregon and throughout the Great Basin. Fire exclusion has resulted in juniper encroachment into bordering sagebrush steppe. This fuelbed was developed based on data from John Day Fossil Beds National Monument.</fuelbed_description>
	<ecoregion>330,340</ecoregion>
	<vegetation_form>5</vegetation_form>
	<structural_class>4</structural_class>
	<cover_type>7</cover_type>
	<change_agent>2</change_agent>
	<natural_fire_regime>2</natural_fire_regime>
	<condition_class>2</condition_class>
	<user_name />
	<address />
	<affiliation />
	<phone />
	<file_owner_email />
	<notes />
	<site_photo />
	<date_collected>2003-09-17</date_collected>
	<fuelbed_confidence>4</fuelbed_confidence>
	<fuelbed>
		<canopy>
			<trees>
				<total_percent_cover unit="number" min="10" max="80">34.0</total_percent_cover>
				<overstory>
					<percent_cover unit="number" min="5" max="50">17.0</percent_cover>
					<height unit="feet" min="10" max="60">32</height>
					<height_to_live_crown unit="feet" min="0" max="10">3</height_to_live_crown>
					<stem_density unit="number_per_acre" min="5" max="80" reference_id="1337">14.28</stem_density>
					<diameter_at_breast_height unit="inches" min="6" max="42" reference_id="1358">9.9</diameter_at_breast_height>
					<species>
						<species_description>
							<tsn>194855</tsn>
							<relative_cover>100.00</relative_cover>
						</species_description>
					</species>
				</overstory>
				<midstory>
					<percent_cover unit="number">0.0</percent_cover>
					<height unit="feet" />
					<height_to_live_crown unit="feet" />
					<stem_density unit="number_per_acre">0.0</stem_density>
					<diameter_at_breast_height unit="inches" />
					<species />
				</midstory>
				<understory>
					<percent_cover unit="number" min="5" max="50">20</percent_cover>
					<height unit="feet" min="2" max="35">23.9</height>
					<height_to_live_crown unit="feet" min="0" max="6">1</height_to_live_crown>
					<stem_density unit="number_per_acre" min="10" max="100" reference_id="1337">26.6</stem_density>
					<diameter_at_breast_height unit="inches" min="0.5" max="6" reference_id="1337">3.1</diameter_at_breast_height>
					<species>
						<species_description>
							<tsn>194855</tsn>
							<relative_cover>100.00</relative_cover>
						</species_description>
					</species>
				</understory>
			</trees>
			<snags>
				<class_1_conifers_with_foliage>
					<percent_cover unit="number">0.0</percent_cover>
					<height_to_crown_base unit="feet" />
					<stem_density unit="number_per_acre">0.0</stem_density>
					<diameter unit="inches" />
					<height unit="feet" />
					<species />
				</class_1_conifers_with_foliage>
				<class_1_all_others>
					<stem_density unit="number_per_acre">0.0</stem_density>
					<diameter unit="inches" />
					<height unit="feet" />
					<species />
				</class_1_all_others>
				<class_2>
					<stem_density unit="number_per_acre">0.0</stem_density>
					<diameter unit="inches" />
					<height unit="feet" />
					<species />
				</class_2>
				<class_3>
					<stem_density unit="number_per_acre">0.0</stem_density>
					<diameter unit="inches" />
					<height unit="feet" />
					<species />
				</class_3>
			</snags>
			<ladder_fuels>
				<minimum_height unit="feet" />
				<maximum_height unit="feet" />
				<is_vertically_contiguous />
				<type />
			</ladder_fuels>
		</canopy>
		<shrubs>
			<primary_layer>
				<percent_cover unit="number" min="1" max="30">9.99</percent_cover>
				<height unit="feet" min="1" max="6">3.5</height>
				<percent_live unit="number" min="50" max="99">72.0</percent_live>
				<species>
					<species_description>
						<tsn>35498</tsn>
						<relative_cover>48.00</relative_cover>
					</species_description>
					<species_description>
						<tsn>37483</tsn>
						<relative_cover>42.00</relative_cover>
					</species_description>
					<species_description>
						<tsn>20707</tsn>
						<relative_cover>5.00</relative_cover>
					</species_description>
					<species_description>
						<tsn>35449</tsn>
						<relative_cover>5.00</relative_cover>
					</species_description>
				</species>
			</primary_layer>
			<secondary_layer>
				<percent_cover unit="number">0.0</percent_cover>
				<height unit="feet" />
				<percent_live unit="number">0.0</percent_live>
				<species />
			</secondary_layer>
			<needle_drape>
				<is_sufficient_to_affect_fire_behavior>0</is_sufficient_to_affect_fire_behavior>
			</needle_drape>
		</shrubs>
		<herbaceous>
			<primary_layer>
				<percent_cover unit="number" min="30" max="95">69.8</percent_cover>
				<height unit="feet" min="0.5" max="2" reference_id="459">1.5</height>
				<percent_live unit="number" min="20" max="80">50</percent_live>
				<loading unit="tons_per_acre" min="0" max="5">0.6</loading>
				<species>
					<species_description>
						<tsn>504637</tsn>
						<relative_cover>55.00</relative_cover>
					</species_description>
					<species_description>
						<tsn>41103</tsn>
						<relative_cover>23.00</relative_cover>
					</species_description>
					<species_description>
						<tsn>40524</tsn>
						<relative_cover>8.00</relative_cover>
					</species_description>
					<species_description>
						<tsn>40495</tsn>
						<relative_cover>6.00</relative_cover>
					</species_description>
					<species_description>
						<tsn>40816</tsn>
						<relative_cover>5.00</relative_cover>
					</species_description>
					<species_description>
						<tsn>42262</tsn>
						<relative_cover>3.00</relative_cover>
					</species_description>
				</species>
			</primary_layer>
			<secondary_layer>
				<percent_cover unit="number" min="0" max="10" reference_id="1337">5.3</percent_cover>
				<height unit="feet" min="0.5" max="2">1</height>
				<percent_live unit="number" min="30" max="90">50</percent_live>
				<loading unit="tons_per_acre" min="0" max="1">0.01</loading>
				<species>
					<species_description>
						<tsn>25515</tsn>
						<relative_cover>34.00</relative_cover>
					</species_description>
					<species_description>
						<tsn>27288</tsn>
						<relative_cover>32.00</relative_cover>
					</species_description>
					<species_description>
						<tsn>503057</tsn>
						<relative_cover>11.00</relative_cover>
					</species_description>
					<species_description>
						<tsn>35423</tsn>
						<relative_cover>9.00</relative_cover>
					</species_description>
					<species_description>
						<tsn>36727</tsn>
						<relative_cover>6.00</relative_cover>
					</species_description>
					<species_description>
						<tsn>21271</tsn>
						<relative_cover>4.00</relative_cover>
					</species_description>
					<species_description>
						<tsn>24126</tsn>
						<relative_cover>4.00</relative_cover>
					</species_description>
				</species>
			</secondary_layer>
		</herbaceous>
		<woody_fuel>
			<all_downed_woody_fuel>
				<total_percent_cover unit="number" min="3" max="50" reference_id="459">28.75</total_percent_cover>
				<depth unit="inches" min="0.1" max="3" reference_id="459">1.25</depth>
			</all_downed_woody_fuel>
			<sound_wood>
				<loadings_zero_to_three_inches>
					<zero_to_quarter_inch unit="tons_per_acre" min="0" max="0.5" reference_id="459">0.30000000000000004</zero_to_quarter_inch>
					<quarter_inch_to_one_inch unit="tons_per_acre" min="0" max="1" reference_id="459">0.6000000000000001</quarter_inch_to_one_inch>
					<one_to_three_inches unit="tons_per_acre" min="0" max="3" reference_id="459">1.2000000000000002</one_to_three_inches>
				</loadings_zero_to_three_inches>
				<loadings_greater_than_three_inches>
					<three_to_nine_inches unit="tons_per_acre" min="0" max="1" reference_id="459">0.0</three_to_nine_inches>
					<nine_to_twenty_inches unit="tons_per_acre" min="0" max="1" reference_id="459">0.0</nine_to_twenty_inches>
					<greater_than_twenty_inches unit="tons_per_acre" min="0" max="1" reference_id="459">0</greater_than_twenty_inches>
				</loadings_greater_than_three_inches>
				<all_sound_wood>
					<species />
				</all_sound_wood>
			</sound_wood>
			<rotten_wood>
				<loadings_greater_than_three_inches>
					<three_to_nine_inches unit="tons_per_acre" min="0" max="1" reference_id="459">0</three_to_nine_inches>
					<nine_to_twenty_inches unit="tons_per_acre" min="0" max="1" reference_id="459">0</nine_to_twenty_inches>
					<greater_than_twenty_inches unit="tons_per_acre" min="0" max="1" reference_id="459">0</greater_than_twenty_inches>
				</loadings_greater_than_three_inches>
				<all_rotten_wood>
					<species>
						<species_description>
							<tsn>194855</tsn>
							<relative_cover>100.00</relative_cover>
						</species_description>
					</species>
				</all_rotten_wood>
			</rotten_wood>
			<stumps>
				<sound>
					<stem_density unit="number_per_acre" />
					<diameter unit="inches" />
					<height unit="feet" />
					<species />
				</sound>
				<rotten>
					<stem_density unit="number_per_acre" />
					<diameter unit="inches" />
					<height unit="feet" />
					<species />
				</rotten>
				<lightered_pitchy>
					<stem_density unit="number_per_acre" />
					<diameter unit="inches" />
					<height unit="feet" />
					<species />
				</lightered_pitchy>
			</stumps>
		</woody_fuel>
		<moss_lichen_litter>
			<moss>
				<percent_cover unit="number" min="1" max="15" reference_id="1337">4.5</percent_cover>
				<depth unit="inches" min="0.1" max="1">0.1</depth>
				<type>2</type>
			</moss>
			<ground_lichen>
				<percent_cover unit="number" min="0" max="10">3.5</percent_cover>
				<depth unit="inches" min="0.1" max="0.5">0.1</depth>
			</ground_lichen>
			<litter>
				<percent_cover unit="number" min="0" max="60">18.75</percent_cover>
				<depth unit="inches" min="0" max="0.5">0.125</depth>
				<arrangement>1</arrangement>
				<litter_type>
					<short_needle_pine>
						<relative_cover />
					</short_needle_pine>
					<long_needle_pine>
						<relative_cover />
					</long_needle_pine>
					<other_conifer>
						<relative_cover>60.00</relative_cover>
					</other_conifer>
					<broadleaf_deciduous>
						<relative_cover />
					</broadleaf_deciduous>
					<broadleaf_evergreen>
						<relative_cover />
					</broadleaf_evergreen>
					<palm_frond>
						<relative_cover />
					</palm_frond>
					<grass>
						<relative_cover>40.00</relative_cover>
					</grass>
				</litter_type>
			</litter>
		</moss_lichen_litter>
		<ground_fuel>
			<duff>
				<upper>
					<percent_cover unit="number" min="0" max="60">15</percent_cover>
					<depth unit="inches" min="0" max="0.8">0.2</depth>
					<derivation>1</derivation>
				</upper>
				<lower>
					<percent_cover unit="number" min="0" max="60" />
					<depth unit="inches" min="0" max="0.8" />
					<derivation />
					<loading unit="tons_per_acre" />
				</lower>
			</duff>
			<basal_accumulation>
				<radius unit="feet" />
				<depth unit="inches" />
				<number_per_unit_area unit="number_per_acre" />
				<type />
			</basal_accumulation>
			<squirrel_middens>
				<depth unit="inches" />
				<number_per_unit_area unit="number_per_acre" />
				<radius unit="feet" />
			</squirrel_middens>
		</ground_fuel>
	</fuelbed>
</FCCS_file>
