<?xml version="1.0"?>
<FCCS_file xmlns:xsi="http://www.w3.org/2001/XMLSchema-instance" xsi:noNamespaceSchemaLocation="cash.xsd" schemaVersion="1.4">
	<fuelbed_number>72_432</fuelbed_number>
	<fuelbed_name>Ohia/uluhe forest</fuelbed_name>
	<fuelbed_description>Ohia rainforests with uluhe (Dicranopteris linearis) climbing fern understories, are typically open with thick, tall mats of uluhe. These rainforests occur at elevations between 1,500 and 4,400 feet. Although wildfires are uncommon in the rainforests of Hawaii, they can occur in uluhe fern-dominated sites after several weeks of drought.</fuelbed_description>
	<ecoregion>420</ecoregion>
	<vegetation_form>1</vegetation_form>
	<structural_class>7</structural_class>
	<cover_type>400</cover_type>
	<change_agent>18</change_agent>
	<natural_fire_regime>4</natural_fire_regime>
	<condition_class>1</condition_class>
	<user_name />
	<address />
	<affiliation />
	<phone />
	<file_owner_email />
	<notes />
	<site_photo />
	<date_collected>2003-09-17</date_collected>
	<fuelbed_confidence>4</fuelbed_confidence>
	<fuelbed>
		<canopy>
			<trees>
				<total_percent_cover unit="number" min="40" max="80" reference_id="478">15.0</total_percent_cover>
				<overstory>
					<percent_cover unit="number" min="5" max="80">10.0</percent_cover>
					<height unit="feet" min="10" max="50" reference_id="478">25.1</height>
					<height_to_live_crown unit="feet" min="5" max="30" reference_id="478">10</height_to_live_crown>
					<stem_density unit="number_per_acre" min="200" max="2500">250.0</stem_density>
					<diameter_at_breast_height unit="inches" min="4" max="16">6</diameter_at_breast_height>
					<species>
						<species_description>
							<tsn>27259</tsn>
							<relative_cover>95.00</relative_cover>
						</species_description>
						<species_description>
							<tsn>507900</tsn>
							<relative_cover>5.00</relative_cover>
						</species_description>
					</species>
				</overstory>
				<midstory>
					<percent_cover unit="number">0.0</percent_cover>
					<height unit="feet" />
					<height_to_live_crown unit="feet" />
					<stem_density unit="number_per_acre">0.0</stem_density>
					<diameter_at_breast_height unit="inches" />
					<species />
				</midstory>
				<understory>
					<percent_cover unit="number" />
					<height unit="feet" />
					<height_to_live_crown unit="feet" />
					<stem_density unit="number_per_acre" />
					<diameter_at_breast_height unit="inches" />
					<species />
				</understory>
			</trees>
			<snags>
				<class_1_conifers_with_foliage>
					<percent_cover unit="number">0.0</percent_cover>
					<height_to_crown_base unit="feet" />
					<stem_density unit="number_per_acre">0.0</stem_density>
					<diameter unit="inches" />
					<height unit="feet" />
					<species />
				</class_1_conifers_with_foliage>
				<class_1_all_others>
					<stem_density unit="number_per_acre" min="0" max="50">0.75</stem_density>
					<diameter unit="inches" min="4" max="16" reference_id="478">4.9</diameter>
					<height unit="feet" min="10" max="35" reference_id="478">20</height>
					<species>
						<species_description>
							<tsn>27259</tsn>
							<relative_cover>100.00</relative_cover>
						</species_description>
					</species>
				</class_1_all_others>
				<class_2>
					<stem_density unit="number_per_acre" min="0" max="50">0.75</stem_density>
					<diameter unit="inches" min="4" max="16" reference_id="478">4.9</diameter>
					<height unit="feet" min="10" max="35" reference_id="478">20</height>
					<species>
						<species_description>
							<tsn>27259</tsn>
							<relative_cover>100.00</relative_cover>
						</species_description>
					</species>
				</class_2>
				<class_3>
					<stem_density unit="number_per_acre" min="0" max="50">0.75</stem_density>
					<diameter unit="inches" min="4" max="16" reference_id="478">4.9</diameter>
					<height unit="feet" min="4.5" max="25">15</height>
					<species>
						<species_description>
							<tsn>27259</tsn>
							<relative_cover>100.00</relative_cover>
						</species_description>
					</species>
				</class_3>
			</snags>
			<ladder_fuels>
				<minimum_height unit="feet" min="0" max="3">1</minimum_height>
				<maximum_height unit="feet" min="4" max="15" reference_id="478">5.5</maximum_height>
				<is_vertically_contiguous>1</is_vertically_contiguous>
				<type>3</type>
			</ladder_fuels>
		</canopy>
		<shrubs>
			<primary_layer>
				<percent_cover unit="number" min="0" max="25" reference_id="478">3.0</percent_cover>
				<height unit="feet" min="2" max="10" reference_id="478">5.2</height>
				<percent_live unit="number" min="60" max="90" reference_id="478">60.0</percent_live>
				<species>
					<species_description>
						<tsn>34772</tsn>
						<relative_cover>50.00</relative_cover>
					</species_description>
					<species_description>
						<tsn>38735</tsn>
						<relative_cover>38.00</relative_cover>
					</species_description>
					<species_description>
						<tsn>23618</tsn>
						<relative_cover>6.00</relative_cover>
					</species_description>
					<species_description>
						<tsn>34975</tsn>
						<relative_cover>6.00</relative_cover>
					</species_description>
				</species>
			</primary_layer>
			<secondary_layer>
				<percent_cover unit="number">0.0</percent_cover>
				<height unit="feet" />
				<percent_live unit="number">0.0</percent_live>
				<species />
			</secondary_layer>
			<needle_drape>
				<is_sufficient_to_affect_fire_behavior>0</is_sufficient_to_affect_fire_behavior>
			</needle_drape>
		</shrubs>
		<herbaceous>
			<primary_layer>
				<percent_cover unit="number" min="60" max="100" reference_id="478">100</percent_cover>
				<height unit="feet" min="2" max="15" reference_id="478">5.4</height>
				<percent_live unit="number" min="80" max="100">95</percent_live>
				<loading unit="tons_per_acre" min="4.5" max="8">9.0</loading>
				<species>
					<species_description>
						<tsn>17964</tsn>
						<relative_cover>100.00</relative_cover>
					</species_description>
				</species>
			</primary_layer>
			<secondary_layer>
				<percent_cover unit="number" min="0" max="8" reference_id="478">6.0</percent_cover>
				<height unit="feet" min="0.5" max="5" reference_id="478">3.5</height>
				<percent_live unit="number" min="80" max="100">95</percent_live>
				<loading unit="tons_per_acre" min="0.1" max="0.6">0.44999999999999996</loading>
				<species>
					<species_description>
						<tsn>40343</tsn>
						<relative_cover>45.00</relative_cover>
					</species_description>
					<species_description>
						<tsn>503607</tsn>
						<relative_cover>45.00</relative_cover>
					</species_description>
					<species_description>
						<tsn>507520</tsn>
						<relative_cover>10.00</relative_cover>
					</species_description>
				</species>
			</secondary_layer>
		</herbaceous>
		<woody_fuel>
			<all_downed_woody_fuel>
				<total_percent_cover unit="number" min="20" max="80">75.0</total_percent_cover>
				<depth unit="inches" min="0" max="2" reference_id="1358">1.0</depth>
			</all_downed_woody_fuel>
			<sound_wood>
				<loadings_zero_to_three_inches>
					<zero_to_quarter_inch unit="tons_per_acre" min="0" max="2">0.45000000000000007</zero_to_quarter_inch>
					<quarter_inch_to_one_inch unit="tons_per_acre" min="0" max="2" reference_id="478">0.9000000000000001</quarter_inch_to_one_inch>
					<one_to_three_inches unit="tons_per_acre" min="0" max="2" reference_id="478">1.5</one_to_three_inches>
				</loadings_zero_to_three_inches>
				<loadings_greater_than_three_inches>
					<three_to_nine_inches unit="tons_per_acre" min="0" max="2" reference_id="478">2.25</three_to_nine_inches>
					<nine_to_twenty_inches unit="tons_per_acre" min="0" max="2" reference_id="478">0.0</nine_to_twenty_inches>
					<greater_than_twenty_inches unit="tons_per_acre" min="0" max="0" reference_id="478">0.0</greater_than_twenty_inches>
				</loadings_greater_than_three_inches>
				<all_sound_wood>
					<species />
				</all_sound_wood>
			</sound_wood>
			<rotten_wood>
				<loadings_greater_than_three_inches>
					<three_to_nine_inches unit="tons_per_acre" min="0" max="2" reference_id="478">0.75</three_to_nine_inches>
					<nine_to_twenty_inches unit="tons_per_acre" min="0" max="2" reference_id="478">0.0</nine_to_twenty_inches>
					<greater_than_twenty_inches unit="tons_per_acre" min="0" max="0" reference_id="478">0.0</greater_than_twenty_inches>
				</loadings_greater_than_three_inches>
				<all_rotten_wood>
					<species>
						<species_description>
							<tsn>27259</tsn>
							<relative_cover>100.00</relative_cover>
						</species_description>
					</species>
				</all_rotten_wood>
			</rotten_wood>
			<stumps>
				<sound>
					<stem_density unit="number_per_acre" />
					<diameter unit="inches" />
					<height unit="feet" />
					<species />
				</sound>
				<rotten>
					<stem_density unit="number_per_acre" />
					<diameter unit="inches" />
					<height unit="feet" />
					<species />
				</rotten>
				<lightered_pitchy>
					<stem_density unit="number_per_acre" />
					<diameter unit="inches" />
					<height unit="feet" />
					<species />
				</lightered_pitchy>
			</stumps>
		</woody_fuel>
		<moss_lichen_litter>
			<moss>
				<percent_cover unit="number" />
				<depth unit="inches" />
				<type />
			</moss>
			<ground_lichen>
				<percent_cover unit="number" />
				<depth unit="inches" />
			</ground_lichen>
			<litter>
				<percent_cover unit="number" min="60" max="100" reference_id="1358">100</percent_cover>
				<depth unit="inches" min="1" max="5" reference_id="1477">3.6</depth>
				<arrangement>1</arrangement>
				<litter_type>
					<short_needle_pine>
						<relative_cover />
					</short_needle_pine>
					<long_needle_pine>
						<relative_cover />
					</long_needle_pine>
					<other_conifer>
						<relative_cover />
					</other_conifer>
					<broadleaf_deciduous>
						<relative_cover />
					</broadleaf_deciduous>
					<broadleaf_evergreen>
						<relative_cover>100.00</relative_cover>
					</broadleaf_evergreen>
					<palm_frond>
						<relative_cover />
					</palm_frond>
					<grass>
						<relative_cover />
					</grass>
				</litter_type>
			</litter>
		</moss_lichen_litter>
		<ground_fuel>
			<duff>
				<upper>
					<percent_cover unit="number">0.0</percent_cover>
					<depth unit="inches">0.0</depth>
					<derivation />
				</upper>
				<lower>
					<percent_cover unit="number" />
					<depth unit="inches" />
					<derivation />
				</lower>
			</duff>
			<basal_accumulation>
				<radius unit="feet" />
				<depth unit="inches" />
				<number_per_unit_area unit="number_per_acre" />
				<type />
			</basal_accumulation>
			<squirrel_middens>
				<depth unit="inches" />
				<number_per_unit_area unit="number_per_acre" />
				<radius unit="feet" />
			</squirrel_middens>
		</ground_fuel>
	</fuelbed>
</FCCS_file>
