<?xml version="1.0"?>
<FCCS_file xmlns:xsi="http://www.w3.org/2001/XMLSchema-instance" schemaVersion="1.4" xsi:schemaLocation="conf\\us.fed.fs.fera.fccs.xsd">
	<fuelbed_number>311_412</fuelbed_number>
	<fuelbed_name>Saltbush shrubland</fuelbed_name>
	<fuelbed_description>The salt-desert shrubland fuelbed type is generally located in the low elevation landscapes in the temperate deserts of the Great Basin and surrounding areas of the United States.  It is found in alluvial terraces, lake basins, salt flats, and valleys.  </fuelbed_description>
	<ecoregion>340,320</ecoregion>
	<vegetation_form>6</vegetation_form>
	<structural_class />
	<cover_type>210</cover_type>
	<change_agent>18</change_agent>
	<natural_fire_regime>4</natural_fire_regime>
	<condition_class>2</condition_class>
	<user_name>Roger Ottmar</user_name>
	<address />
	<affiliation>USDA Forest Service</affiliation>
	<phone>206-732-7826</phone>
	<file_owner_email>rottmar@fs.fed.us</file_owner_email>
	<notes>Used FCCS fuelbed 049 as baseline and changed species according to the salt-desert brush series SRM 414.  </notes>
	<date_collected>Sep 16, 2011</date_collected>
	<fuelbed_confidence />
	<fuelbed>
		<canopy>
			<trees>
				<total_percent_cover unit="number">0.0</total_percent_cover>
				<overstory>
					<percent_cover unit="number">0.0</percent_cover>
					<height unit="feet" />
					<height_to_live_crown unit="feet" />
					<stem_density unit="number_per_acre">0.0</stem_density>
					<diameter_at_breast_height unit="inches" />
					<species />
				</overstory>
				<midstory>
					<percent_cover unit="number">0.0</percent_cover>
					<height unit="feet" />
					<height_to_live_crown unit="feet" />
					<stem_density unit="number_per_acre">0.0</stem_density>
					<diameter_at_breast_height unit="inches" />
					<species />
				</midstory>
				<understory>
					<percent_cover unit="number" />
					<height unit="feet" />
					<height_to_live_crown unit="feet" />
					<stem_density unit="number_per_acre" />
					<diameter_at_breast_height unit="inches" />
					<species />
				</understory>
			</trees>
			<snags>
				<class_1_conifers_with_foliage>
					<percent_cover unit="number">0.0</percent_cover>
					<height_to_crown_base unit="feet" />
					<stem_density unit="number_per_acre">0.0</stem_density>
					<diameter unit="inches" />
					<height unit="feet" />
					<species />
				</class_1_conifers_with_foliage>
				<class_1_all_others>
					<stem_density unit="number_per_acre">0.0</stem_density>
					<diameter unit="inches" />
					<height unit="feet" />
					<species />
				</class_1_all_others>
				<class_2>
					<stem_density unit="number_per_acre">0.0</stem_density>
					<diameter unit="inches" />
					<height unit="feet" />
					<species />
				</class_2>
				<class_3>
					<stem_density unit="number_per_acre">0.0</stem_density>
					<diameter unit="inches" />
					<height unit="feet" />
					<species />
				</class_3>
			</snags>
			<ladder_fuels>
				<minimum_height unit="feet" />
				<maximum_height unit="feet" />
				<is_vertically_contiguous />
				<type />
			</ladder_fuels>
		</canopy>
		<shrubs>
			<primary_layer>
				<percent_cover unit="number" min="5" max="35">9.9</percent_cover>
				<height unit="feet" min="2" max="4">3</height>
				<percent_live unit="number" min="30" max="60">44.550000000000004</percent_live>
				<species>
					<species_description>
						<tsn>20519</tsn>
						<relative_cover>30</relative_cover>
					</species_description>
					<species_description>
						<tsn>20707</tsn>
						<relative_cover>30</relative_cover>
					</species_description>
					<species_description>
						<tsn>20518</tsn>
						<relative_cover>20</relative_cover>
					</species_description>
					<species_description>
						<tsn>37048</tsn>
						<relative_cover>10</relative_cover>
					</species_description>
					<species_description>
						<tsn>500971</tsn>
						<relative_cover>10</relative_cover>
					</species_description>
				</species>
			</primary_layer>
			<secondary_layer>
				<percent_cover unit="number">0.0</percent_cover>
				<height unit="feet" />
				<percent_live unit="number">0.0</percent_live>
				<species />
			</secondary_layer>
			<needle_drape>
				<is_sufficient_to_affect_fire_behavior>0</is_sufficient_to_affect_fire_behavior>
			</needle_drape>
		</shrubs>
		<herbaceous>
			<primary_layer>
				<percent_cover unit="number" min="5" max="20">11.0</percent_cover>
				<height unit="feet" min="1" max="3" reference_id="5083">2</height>
				<loading unit="tons_per_acre" min="0.1" max="3" reference_id="7062">0.11000000000000001</loading>
				<percent_live unit="number" min="30" max="90" reference_id="7062">70</percent_live>
				<species>
					<species_description>
						<tsn>40662</tsn>
						<relative_cover>30.00</relative_cover>
					</species_description>
					<species_description>
						<tsn>41768</tsn>
						<relative_cover>30</relative_cover>
					</species_description>
					<species_description>
						<tsn>797398</tsn>
						<relative_cover>25.00</relative_cover>
					</species_description>
					<species_description>
						<tsn>41501</tsn>
						<relative_cover>15</relative_cover>
					</species_description>
				</species>
			</primary_layer>
			<secondary_layer>
				<percent_cover unit="number">0.0</percent_cover>
				<height unit="feet" />
				<loading unit="tons_per_acre">0.0</loading>
				<percent_live unit="number" />
				<species />
			</secondary_layer>
		</herbaceous>
		<woody_fuel>
			<all_downed_woody_fuel>
				<total_percent_cover unit="number" min="0" max="10">1.875</total_percent_cover>
				<depth unit="inches" min="0.1" max="0.5">0.234375</depth>
			</all_downed_woody_fuel>
			<sound_wood>
				<all_sound_wood>
					<species />
				</all_sound_wood>
				<loadings_zero_to_three_inches>
					<zero_to_quarter_inch unit="tons_per_acre" min="0" max="0.2" reference_id="450">0.11250000000000002</zero_to_quarter_inch>
					<quarter_inch_to_one_inch unit="tons_per_acre" min="0" max="0.3" reference_id="450">0.22500000000000003</quarter_inch_to_one_inch>
					<one_to_three_inches unit="tons_per_acre" min="0" max="1" reference_id="450">0.0</one_to_three_inches>
				</loadings_zero_to_three_inches>
				<loadings_greater_than_three_inches>
					<three_to_nine_inches unit="tons_per_acre" min="0" max="0" reference_id="450">0.0</three_to_nine_inches>
					<nine_to_twenty_inches unit="tons_per_acre" min="0" max="0" reference_id="450">0.0</nine_to_twenty_inches>
					<greater_than_twenty_inches unit="tons_per_acre" min="0" max="0" reference_id="450">0.0</greater_than_twenty_inches>
				</loadings_greater_than_three_inches>
			</sound_wood>
			<rotten_wood>
				<all_rotten_wood>
					<species />
				</all_rotten_wood>
				<loadings_greater_than_three_inches>
					<three_to_nine_inches unit="tons_per_acre">0.0</three_to_nine_inches>
					<nine_to_twenty_inches unit="tons_per_acre">0.0</nine_to_twenty_inches>
					<greater_than_twenty_inches unit="tons_per_acre">0.0</greater_than_twenty_inches>
				</loadings_greater_than_three_inches>
			</rotten_wood>
			<stumps>
				<sound>
					<stem_density unit="number_per_acre" />
					<diameter unit="inches" />
					<height unit="feet" />
					<species />
				</sound>
				<rotten>
					<stem_density unit="number_per_acre" />
					<diameter unit="inches" />
					<height unit="feet" />
					<species />
				</rotten>
				<lightered_pitchy>
					<stem_density unit="number_per_acre" />
					<diameter unit="inches" />
					<height unit="feet" />
					<species />
				</lightered_pitchy>
			</stumps>
		</woody_fuel>
		<moss_lichen_litter>
			<moss>
				<type />
				<percent_cover unit="number" />
				<depth unit="inches" />
			</moss>
			<ground_lichen>
				<percent_cover unit="number" />
				<depth unit="inches" />
			</ground_lichen>
			<litter>
				<percent_cover unit="number" min="0" max="15" reference_id="7063">8.75</percent_cover>
				<depth unit="inches" min="0.1" max="0.5" reference_id="7000">0.3125</depth>
				<arrangement>1</arrangement>
				<litter_type>
					<short_needle_pine>
						<relative_cover />
					</short_needle_pine>
					<long_needle_pine>
						<relative_cover />
					</long_needle_pine>
					<other_conifer>
						<relative_cover />
					</other_conifer>
					<broadleaf_deciduous>
						<relative_cover>40.00</relative_cover>
					</broadleaf_deciduous>
					<broadleaf_evergreen>
						<relative_cover>50.00</relative_cover>
					</broadleaf_evergreen>
					<palm_frond>
						<relative_cover />
					</palm_frond>
					<grass>
						<relative_cover>10.00</relative_cover>
					</grass>
				</litter_type>
			</litter>
		</moss_lichen_litter>
		<ground_fuel>
			<duff>
				<upper>
					<depth unit="inches">0.0</depth>
					<percent_cover unit="number">0.0</percent_cover>
					<derivation />
				</upper>
				<lower>
					<depth unit="inches" />
					<percent_cover unit="number" />
					<derivation />
				</lower>
			</duff>
			<squirrel_middens>
				<depth unit="inches" />
				<radius unit="feet" />
				<number_per_unit_area unit="number_per_acre" />
			</squirrel_middens>
			<basal_accumulation>
				<depth unit="inches" />
				<radius unit="feet" />
				<number_per_unit_area unit="number_per_acre" />
				<type />
			</basal_accumulation>
		</ground_fuel>
	</fuelbed>
</FCCS_file>
