<?xml version="1.0"?>
<FCCS_file xmlns:xsi="http://www.w3.org/2001/XMLSchema-instance" xsi:noNamespaceSchemaLocation="cash.xsd" schemaVersion="1.4">
	<fuelbed_number>477_321</fuelbed_number>
	<fuelbed_name>Central Florida wet prairie and herbaceous seep</fuelbed_name>
	<fuelbed_description>Mesic to wet savannas with very open, scattered longleaf pine over a diverse herbaceous layer dominated by grasses and many forb species, 2-3 years after prescribed fire. History of periodic prescribed fire maintains herbaceous layer diversity by reducing cover native and nonative understory shrubs and trees.</fuelbed_description>
	<ecoregion>230,410</ecoregion>
	<vegetation_form>5</vegetation_form>
	<structural_class />
	<cover_type>66,289,298</cover_type>
	<change_agent>8</change_agent>
	<natural_fire_regime>1</natural_fire_regime>
	<condition_class>1</condition_class>
	<user_name />
	<address />
	<affiliation />
	<phone />
	<file_owner_email />
	<notes />
	<site_photo />
	<date_collected>2003-09-17</date_collected>
	<fuelbed_confidence>2</fuelbed_confidence>
	<fuelbed>
		<canopy>
			<trees>
				<total_percent_cover unit="number" min="0" max="25">0.0</total_percent_cover>
				<overstory>
					<percent_cover unit="number" min="0" max="25">0.0</percent_cover>
					<height unit="feet" min="55" max="95" reference_id="5000" />
					<height_to_live_crown unit="feet" min="35" max="70" reference_id="5000">0.0</height_to_live_crown>
					<stem_density unit="number_per_acre" min="0" max="30">0.0</stem_density>
					<diameter_at_breast_height unit="inches" min="8" max="20" reference_id="5000">0.0</diameter_at_breast_height>
					<species />
				</overstory>
				<midstory>
					<percent_cover unit="number" min="0" max="15" reference_id="5000">0.0</percent_cover>
					<height unit="feet" min="12" max="40" reference_id="5000" />
					<height_to_live_crown unit="feet" min="8" max="25" reference_id="5000">0.0</height_to_live_crown>
					<stem_density unit="number_per_acre" min="0" max="20" reference_id="5000">0.0</stem_density>
					<diameter_at_breast_height unit="inches" min="5" max="12" reference_id="5000">0.0</diameter_at_breast_height>
					<species />
				</midstory>
				<understory>
					<percent_cover unit="number"></percent_cover>
					<height unit="feet"></height>
					<height_to_live_crown unit="feet"></height_to_live_crown>
					<stem_density unit="number_per_acre"></stem_density>
					<diameter_at_breast_height unit="inches"></diameter_at_breast_height>
					<species />
				</understory>
			</trees>
			<snags>
				<class_1_conifers_with_foliage>
					<percent_cover unit="number" />
					<height_to_crown_base unit="feet" />
					<stem_density unit="number_per_acre" />
					<diameter unit="inches" />
					<height unit="feet" />
					<species />
				</class_1_conifers_with_foliage>
				<class_1_all_others>
					<stem_density unit="number_per_acre" />
					<diameter unit="inches" />
					<height unit="feet" />
					<species />
				</class_1_all_others>
				<class_2>
					<stem_density unit="number_per_acre" />
					<diameter unit="inches" />
					<height unit="feet" />
					<species />
				</class_2>
				<class_3>
					<stem_density unit="number_per_acre" />
					<diameter unit="inches" />
					<height unit="feet" />
					<species />
				</class_3>
			</snags>
			<ladder_fuels>
				<minimum_height unit="feet" />
				<maximum_height unit="feet" />
				<is_vertically_contiguous />
				<type />
			</ladder_fuels>
		</canopy>
		<shrubs>
			<primary_layer>
				<percent_cover unit="number" min="0" max="25" reference_id="5000">0.0</percent_cover>
				<height unit="feet" min="4" max="25" reference_id="5000" />
				<percent_live unit="number" min="40" max="100" reference_id="5000">0.0</percent_live>
				<species />
				<loading unit="tons_per_acre" />
			</primary_layer>
			<secondary_layer>
				<percent_cover unit="number" min="0" max="35" reference_id="5000">0.0</percent_cover>
				<height unit="feet" min="0.5" max="10" reference_id="5000" />
				<percent_live unit="number" min="40" max="100" reference_id="5000">0.0</percent_live>
				<species />
				<loading unit="tons_per_acre" />
			</secondary_layer>
			<needle_drape>
				<is_sufficient_to_affect_fire_behavior />
			</needle_drape>
		</shrubs>
		<herbaceous>
			<primary_layer>
				<percent_cover unit="number" min="85" max="100">47.5</percent_cover>
				<height unit="feet" min="0.5" max="2" reference_id="5000">2.5</height>
				<percent_live unit="number" min="0" max="90" reference_id="5000">40.0</percent_live>
				<loading unit="tons_per_acre" min="0" max="4">0.15</loading>
				<species>
					<species_description>
						<tsn>41400</tsn>
						<relative_cover>20</relative_cover>
					</species_description>
					<species_description>
						<tsn>41883</tsn>
						<relative_cover>15</relative_cover>
					</species_description>
					<species_description>
						<tsn>42076</tsn>
						<relative_cover>15</relative_cover>
					</species_description>
					<species_description>
						<tsn>40926</tsn>
						<relative_cover>50</relative_cover>
					</species_description>
				</species>
			</primary_layer>
			<secondary_layer>
				<percent_cover unit="number" min="40" max="80" reference_id="5000">20.0</percent_cover>
				<height unit="feet" min="0.5" max="2" reference_id="5000">1.5</height>
				<percent_live unit="number" min="0" max="90" reference_id="5000">40.0</percent_live>
				<loading unit="tons_per_acre" min="0" max="1">0.025</loading>
				<species>
					<species_description>
						<tsn>21992</tsn>
						<relative_cover>40.00</relative_cover>
					</species_description>
					<species_description>
						<tsn>27689</tsn>
						<relative_cover>30.00</relative_cover>
					</species_description>
					<species_description>
						<tsn>39195</tsn>
						<relative_cover>30.00</relative_cover>
					</species_description>
				</species>
			</secondary_layer>
		</herbaceous>
		<woody_fuel>
			<all_downed_woody_fuel>
				<total_percent_cover unit="number" min="5" max="35">0.0</total_percent_cover>
				<depth unit="inches" min="0.1" max="1">0.0</depth>
			</all_downed_woody_fuel>
			<sound_wood>
				<loadings_zero_to_three_inches>
					<zero_to_quarter_inch unit="tons_per_acre" min="0" max="0.5">0.0</zero_to_quarter_inch>
					<quarter_inch_to_one_inch unit="tons_per_acre" min="0" max="1">0.0</quarter_inch_to_one_inch>
					<one_to_three_inches unit="tons_per_acre" min="0" max="0.5">0.0</one_to_three_inches>
				</loadings_zero_to_three_inches>
				<loadings_greater_than_three_inches>
					<three_to_nine_inches unit="tons_per_acre" min="0" max="0.5">0.0</three_to_nine_inches>
					<nine_to_twenty_inches unit="tons_per_acre" min="0" max="0.5">0.0</nine_to_twenty_inches>
					<greater_than_twenty_inches unit="tons_per_acre" min="0" max="0">0.0</greater_than_twenty_inches>
				</loadings_greater_than_three_inches>
				<all_sound_wood>
					<species />
				</all_sound_wood>
			</sound_wood>
			<rotten_wood>
				<loadings_greater_than_three_inches>
					<three_to_nine_inches unit="tons_per_acre">0.0</three_to_nine_inches>
					<nine_to_twenty_inches unit="tons_per_acre">0.0</nine_to_twenty_inches>
					<greater_than_twenty_inches unit="tons_per_acre">0.0</greater_than_twenty_inches>
				</loadings_greater_than_three_inches>
				<all_rotten_wood>
					<species />
				</all_rotten_wood>
			</rotten_wood>
			<stumps>
				<sound>
					<stem_density unit="number_per_acre">0.0</stem_density>
					<diameter unit="inches" />
					<height unit="feet" />
					<species />
				</sound>
				<rotten>
					<stem_density unit="number_per_acre" />
					<diameter unit="inches" />
					<height unit="feet" />
					<species />
				</rotten>
				<lightered_pitchy>
					<stem_density unit="number_per_acre" />
					<diameter unit="inches" />
					<height unit="feet" />
					<species />
				</lightered_pitchy>
			</stumps>
		</woody_fuel>
		<moss_lichen_litter>
			<moss>
				<percent_cover unit="number">0.0</percent_cover>
				<depth unit="inches">0.0</depth>
				<type />
			</moss>
			<ground_lichen>
				<percent_cover unit="number">0.0</percent_cover>
				<depth unit="inches">0.0</depth>
			</ground_lichen>
			<litter>
				<percent_cover unit="number" min="80" max="100" reference_id="5000">45.0</percent_cover>
				<depth unit="inches" min="0.2" max="1.5" reference_id="5000">0.25</depth>
				<arrangement>1</arrangement>
				<litter_type>
					<short_needle_pine>
						<relative_cover>0</relative_cover>
					</short_needle_pine>
					<long_needle_pine>
						<relative_cover>0</relative_cover>
					</long_needle_pine>
					<other_conifer>
						<relative_cover>0</relative_cover>
					</other_conifer>
					<broadleaf_deciduous>
						<relative_cover>0</relative_cover>
					</broadleaf_deciduous>
					<broadleaf_evergreen>
						<relative_cover>0</relative_cover>
					</broadleaf_evergreen>
					<palm_frond>
						<relative_cover>0</relative_cover>
					</palm_frond>
					<grass>
						<relative_cover>100</relative_cover>
					</grass>
				</litter_type>
			</litter>
		</moss_lichen_litter>
		<ground_fuel>
			<duff>
				<upper>
					<percent_cover unit="number" min="0" max="100" reference_id="5000">10.0</percent_cover>
					<depth unit="inches" min="0" max="1" reference_id="5000">0.25</depth>
					<derivation>1</derivation>
				</upper>
				<lower>
					<percent_cover unit="number" min="0" max="100" reference_id="5000">0.0</percent_cover>
					<depth unit="inches" min="0" max="1" reference_id="5000">0.0</depth>
					<derivation />
					<loading unit="tons_per_acre" />
				</lower>
			</duff>
			<basal_accumulation>
				<radius unit="feet" />
				<depth unit="inches">0.0</depth>
				<number_per_unit_area unit="number_per_acre">0.0</number_per_unit_area>
				<type />
			</basal_accumulation>
			<squirrel_middens>
				<depth unit="inches">0.0</depth>
				<number_per_unit_area unit="number_per_acre">0.0</number_per_unit_area>
				<radius unit="feet" />
			</squirrel_middens>
		</ground_fuel>
	</fuelbed>
</FCCS_file>
