<?xml version="1.0"?>
<FCCS_file xmlns:xsi="http://www.w3.org/2001/XMLSchema-instance" xsi:noNamespaceSchemaLocation="cash.xsd" schemaVersion="1.4">
	<fuelbed_number>184_511</fuelbed_number>
	<fuelbed_name>Longleaf pine/turkey oak forest 20 yr postfire</fuelbed_name>
	<fuelbed_description>Xeric longleaf pine -- turkey oak forests occurring throughout the Southeast coastal plain from Virginia south to Florida and west into Texas on well-drained soils, about 20 years after fire. Fire exclusion increases oak component and sand pine, slash pine, and loblolly pine. The typical lower canopy layer is dominated by turkey oak with other mixed oaks often including bluejack oak and sand live oak. Depending on geographic location, other oaks may occur as canopy associates.</fuelbed_description>
	<ecoregion>230</ecoregion>
	<vegetation_form>4</vegetation_form>
	<structural_class>1</structural_class>
	<cover_type>75,287</cover_type>
	<change_agent>2</change_agent>
	<natural_fire_regime>1</natural_fire_regime>
	<condition_class>2</condition_class>
	<user_name />
	<address />
	<affiliation />
	<phone />
	<file_owner_email />
	<notes />
	<site_photo />
	<date_collected>2003-09-17</date_collected>
	<fuelbed_confidence>3</fuelbed_confidence>
	<fuelbed>
		<canopy>
			<trees>
				<total_percent_cover unit="number" min="50" max="100">81.0</total_percent_cover>
				<overstory>
					<percent_cover unit="number" min="35" max="95">58.5</percent_cover>
					<height unit="feet" min="40" max="70">55</height>
					<height_to_live_crown unit="feet" min="20" max="35">27.500000000000004</height_to_live_crown>
					<stem_density unit="number_per_acre" min="20" max="100">36.0</stem_density>
					<diameter_at_breast_height unit="inches" min="6" max="18">12</diameter_at_breast_height>
					<species>
						<species_description>
							<tsn>18038</tsn>
							<relative_cover>75.00</relative_cover>
						</species_description>
						<species_description>
							<tsn>183324</tsn>
							<relative_cover>25.00</relative_cover>
						</species_description>
					</species>
				</overstory>
				<midstory>
					<percent_cover unit="number" min="30" max="100">54.0</percent_cover>
					<height unit="feet" min="15" max="45">30</height>
					<height_to_live_crown unit="feet" min="2" max="15">5.5</height_to_live_crown>
					<stem_density unit="number_per_acre" min="40" max="150">90.0</stem_density>
					<diameter_at_breast_height unit="inches" min="4" max="10">6</diameter_at_breast_height>
					<species>
						<species_description>
							<tsn>19367</tsn>
							<relative_cover>75.00</relative_cover>
						</species_description>
						<species_description>
							<tsn>19360</tsn>
							<relative_cover>20.00</relative_cover>
						</species_description>
						<species_description>
							<tsn>195176</tsn>
							<relative_cover>5.00</relative_cover>
						</species_description>
					</species>
				</midstory>
				<understory>
					<percent_cover unit="number" min="20" max="80">40</percent_cover>
					<height unit="feet" min="0.25" max="18">11</height>
					<height_to_live_crown unit="feet" min="0.25" max="15">3.5</height_to_live_crown>
					<stem_density unit="number_per_acre" min="50" max="1000">450</stem_density>
					<diameter_at_breast_height unit="inches" min="0.25" max="3">1.5</diameter_at_breast_height>
					<species>
						<species_description>
							<tsn>19360</tsn>
							<relative_cover>45.00</relative_cover>
						</species_description>
						<species_description>
							<tsn>19367</tsn>
							<relative_cover>45.00</relative_cover>
						</species_description>
						<species_description>
							<tsn>18038</tsn>
							<relative_cover>5.00</relative_cover>
						</species_description>
						<species_description>
							<tsn>23855</tsn>
							<relative_cover>5.00</relative_cover>
						</species_description>
					</species>
				</understory>
			</trees>
			<snags>
				<class_1_conifers_with_foliage>
					<percent_cover unit="number">9.0</percent_cover>
					<height_to_crown_base unit="feet">25</height_to_crown_base>
					<stem_density unit="number_per_acre">14.0</stem_density>
					<diameter unit="inches">7.714285714285714</diameter>
					<height unit="feet">55</height>
					<species>
						<species_description>
							<tsn>18038</tsn>
							<relative_cover>75.00</relative_cover>
						</species_description>
						<species_description>
							<tsn>183324</tsn>
							<relative_cover>25.00</relative_cover>
						</species_description>
					</species>
				</class_1_conifers_with_foliage>
				<class_1_all_others>
					<stem_density unit="number_per_acre" min="0" max="20">5</stem_density>
					<diameter unit="inches" min="4" max="10">6</diameter>
					<height unit="feet" min="15" max="45" reference_id="5000">30</height>
					<species>
						<species_description>
							<tsn>19367</tsn>
							<relative_cover>80.00</relative_cover>
						</species_description>
						<species_description>
							<tsn>19276</tsn>
							<relative_cover>20.00</relative_cover>
						</species_description>
					</species>
				</class_1_all_others>
				<class_2>
					<stem_density unit="number_per_acre" min="0" max="65" reference_id="5000">10</stem_density>
					<diameter unit="inches" min="5" max="14" reference_id="5000">9</diameter>
					<height unit="feet" min="15" max="60" reference_id="5000">45</height>
					<species>
						<species_description>
							<tsn>18038</tsn>
							<relative_cover>30.00</relative_cover>
						</species_description>
						<species_description>
							<tsn>19276</tsn>
							<relative_cover>70.00</relative_cover>
						</species_description>
					</species>
				</class_2>
				<class_3>
					<stem_density unit="number_per_acre" min="0" max="20">5</stem_density>
					<diameter unit="inches" min="3" max="10" reference_id="5000">8</diameter>
					<height unit="feet" min="4.5" max="45" reference_id="5000">30</height>
					<species>
						<species_description>
							<tsn>18038</tsn>
							<relative_cover>30.00</relative_cover>
						</species_description>
						<species_description>
							<tsn>19276</tsn>
							<relative_cover>70.00</relative_cover>
						</species_description>
					</species>
				</class_3>
			</snags>
			<ladder_fuels>
				<minimum_height unit="feet" />
				<maximum_height unit="feet" />
				<is_vertically_contiguous />
				<type />
			</ladder_fuels>
		</canopy>
		<shrubs>
			<primary_layer>
				<percent_cover unit="number" min="2" max="65">15</percent_cover>
				<height unit="feet" min="0.5" max="10">4</height>
				<percent_live unit="number" min="70" max="100">90</percent_live>
				<species>
					<species_description>
						<tsn>27986</tsn>
						<relative_cover>60.00</relative_cover>
					</species_description>
					<species_description>
						<tsn>23580</tsn>
						<relative_cover>35.00</relative_cover>
					</species_description>
					<species_description>
						<tsn>42508</tsn>
						<relative_cover>5.00</relative_cover>
					</species_description>
				</species>
			</primary_layer>
			<secondary_layer>
				<percent_cover unit="number" min="0" max="35">10</percent_cover>
				<height unit="feet" min="0.5" max="6">2.5</height>
				<percent_live unit="number" min="20" max="100">85</percent_live>
				<species>
					<species_description>
						<tsn>195183</tsn>
						<relative_cover>40.00</relative_cover>
					</species_description>
					<species_description>
						<tsn>23564</tsn>
						<relative_cover>30.00</relative_cover>
					</species_description>
					<species_description>
						<tsn>23662</tsn>
						<relative_cover>30.00</relative_cover>
					</species_description>
				</species>
			</secondary_layer>
			<needle_drape>
				<is_sufficient_to_affect_fire_behavior>1</is_sufficient_to_affect_fire_behavior>
			</needle_drape>
		</shrubs>
		<herbaceous>
			<primary_layer>
				<percent_cover unit="number" min="5" max="45">20</percent_cover>
				<height unit="feet" min="0.5" max="4">2</height>
				<percent_live unit="number" min="10" max="80">60</percent_live>
				<loading unit="tons_per_acre" min="0" max="4">0.2</loading>
				<species>
					<species_description>
						<tsn>41433</tsn>
						<relative_cover>55.00</relative_cover>
					</species_description>
					<species_description>
						<tsn>17224</tsn>
						<relative_cover>20.00</relative_cover>
					</species_description>
					<species_description>
						<tsn>40456</tsn>
						<relative_cover>20.00</relative_cover>
					</species_description>
					<species_description>
						<tsn>21260</tsn>
						<relative_cover>5.00</relative_cover>
					</species_description>
				</species>
			</primary_layer>
			<secondary_layer>
				<percent_cover unit="number" />
				<height unit="feet" />
				<percent_live unit="number" />
				<loading unit="tons_per_acre" />
				<species />
			</secondary_layer>
		</herbaceous>
		<woody_fuel>
			<all_downed_woody_fuel>
				<total_percent_cover unit="number" min="2" max="35">15</total_percent_cover>
				<depth unit="inches" min="0.2" max="2.5">0.8</depth>
			</all_downed_woody_fuel>
			<sound_wood>
				<loadings_zero_to_three_inches>
					<zero_to_quarter_inch unit="tons_per_acre" min="0" max="0.8">0.1</zero_to_quarter_inch>
					<quarter_inch_to_one_inch unit="tons_per_acre" min="0.1" max="1.4">0.5</quarter_inch_to_one_inch>
					<one_to_three_inches unit="tons_per_acre" min="0" max="1.9">1</one_to_three_inches>
				</loadings_zero_to_three_inches>
				<loadings_greater_than_three_inches>
					<three_to_nine_inches unit="tons_per_acre" min="0" max="2.9">0.8</three_to_nine_inches>
					<nine_to_twenty_inches unit="tons_per_acre" min="0" max="2.4">0</nine_to_twenty_inches>
					<greater_than_twenty_inches unit="tons_per_acre" min="0" max="0">0</greater_than_twenty_inches>
				</loadings_greater_than_three_inches>
				<all_sound_wood>
					<species>
						<species_description>
							<tsn>18038</tsn>
							<relative_cover>50.00</relative_cover>
						</species_description>
						<species_description>
							<tsn>19276</tsn>
							<relative_cover>50.00</relative_cover>
						</species_description>
					</species>
				</all_sound_wood>
			</sound_wood>
			<rotten_wood>
				<loadings_greater_than_three_inches>
					<three_to_nine_inches unit="tons_per_acre" min="0" max="1.6">0.2</three_to_nine_inches>
					<nine_to_twenty_inches unit="tons_per_acre" min="0" max="1">0</nine_to_twenty_inches>
					<greater_than_twenty_inches unit="tons_per_acre" min="0" max="0" reference_id="5000">0</greater_than_twenty_inches>
				</loadings_greater_than_three_inches>
				<all_rotten_wood>
					<species>
						<species_description>
							<tsn>18038</tsn>
							<relative_cover>50.00</relative_cover>
						</species_description>
						<species_description>
							<tsn>19276</tsn>
							<relative_cover>50.00</relative_cover>
						</species_description>
					</species>
				</all_rotten_wood>
			</rotten_wood>
			<stumps>
				<sound>
					<stem_density unit="number_per_acre" min="0" max="5">1</stem_density>
					<diameter unit="inches" min="5" max="20">10</diameter>
					<height unit="feet" min="0.25" max="1">0.5</height>
					<species>
						<species_description>
							<tsn>18038</tsn>
							<relative_cover>100.00</relative_cover>
						</species_description>
					</species>
				</sound>
				<rotten>
					<stem_density unit="number_per_acre" min="0" max="5">1</stem_density>
					<diameter unit="inches" min="2" max="18" reference_id="5000">8</diameter>
					<height unit="feet" min="0" max="1" reference_id="5000">0.5</height>
					<species>
						<species_description>
							<tsn>18038</tsn>
							<relative_cover>100.00</relative_cover>
						</species_description>
					</species>
				</rotten>
				<lightered_pitchy>
					<stem_density unit="number_per_acre" min="0" max="10">5</stem_density>
					<diameter unit="inches" min="5" max="20">10</diameter>
					<height unit="feet" min="0.5" max="1">0.5</height>
					<species>
						<species_description>
							<tsn>18038</tsn>
							<relative_cover>100.00</relative_cover>
						</species_description>
					</species>
				</lightered_pitchy>
			</stumps>
		</woody_fuel>
		<moss_lichen_litter>
			<moss>
				<percent_cover unit="number" min="0" max="13">5</percent_cover>
				<depth unit="inches" min="0" max="4">2</depth>
				<type>2</type>
			</moss>
			<ground_lichen>
				<percent_cover unit="number" min="0" max="15">5</percent_cover>
				<depth unit="inches" min="0" max="4">1.5</depth>
			</ground_lichen>
			<litter>
				<percent_cover unit="number" min="65" max="100">85</percent_cover>
				<depth unit="inches" min="1.1" max="3">1.8</depth>
				<arrangement>1</arrangement>
				<litter_type>
					<short_needle_pine>
						<relative_cover>5.00</relative_cover>
					</short_needle_pine>
					<long_needle_pine>
						<relative_cover>40.00</relative_cover>
					</long_needle_pine>
					<other_conifer>
						<relative_cover />
					</other_conifer>
					<broadleaf_deciduous>
						<relative_cover>35.00</relative_cover>
					</broadleaf_deciduous>
					<broadleaf_evergreen>
						<relative_cover>5.00</relative_cover>
					</broadleaf_evergreen>
					<palm_frond>
						<relative_cover>3.00</relative_cover>
					</palm_frond>
					<grass>
						<relative_cover>12.00</relative_cover>
					</grass>
				</litter_type>
			</litter>
		</moss_lichen_litter>
		<ground_fuel>
			<duff>
				<upper>
					<percent_cover unit="number" min="0" max="100">40</percent_cover>
					<depth unit="inches" min="0" max="1">1.25</depth>
					<derivation>1</derivation>
				</upper>
				<lower>
					<percent_cover unit="number" min="0" max="100" />
					<depth unit="inches" min="0" max="1" reference_id="5013" />
					<derivation />
					<loading unit="tons_per_acre" />
				</lower>
			</duff>
			<basal_accumulation>
				<radius unit="feet" min="0.66" max="1">0.83</radius>
				<depth unit="inches" min="0.5" max="2">1</depth>
				<number_per_unit_area unit="number_per_acre">2</number_per_unit_area>
				<type>2</type>
			</basal_accumulation>
			<squirrel_middens>
				<depth unit="inches" />
				<number_per_unit_area unit="number_per_acre" />
				<radius unit="feet" />
			</squirrel_middens>
		</ground_fuel>
	</fuelbed>
</FCCS_file>
