<?xml version="1.0"?>
<FCCS_file xmlns:xsi="http://www.w3.org/2001/XMLSchema-instance" xsi:noNamespaceSchemaLocation="cash.xsd" schemaVersion="1.4">
	<fuelbed_number>225_513</fuelbed_number>
	<fuelbed_name>Quaking aspen forest - post prescribed burn</fuelbed_name>
	<fuelbed_description>This quaking aspen forest was burned in a prescribed fire 2 years previously to reduce conifer encroachment and fuel buildup. This fuelbed was developed based on data from Zion National Park and represents a forest in which fire has been excluded for over 50 years.</fuelbed_description>
	<ecoregion>340</ecoregion>
	<vegetation_form>1</vegetation_form>
	<structural_class>6</structural_class>
	<cover_type>124</cover_type>
	<change_agent>8</change_agent>
	<natural_fire_regime>4</natural_fire_regime>
	<condition_class>1</condition_class>
	<user_name />
	<address />
	<affiliation />
	<phone />
	<file_owner_email />
	<notes />
	<site_photo />
	<date_collected>2003-09-17</date_collected>
	<fuelbed_confidence>4</fuelbed_confidence>
	<fuelbed>
		<canopy>
			<trees>
				<total_percent_cover unit="number" min="50" max="100">68.39999999999999</total_percent_cover>
				<overstory>
					<percent_cover unit="number" min="45" max="95">64.125</percent_cover>
					<height unit="feet" min="40" max="80">60</height>
					<height_to_live_crown unit="feet" min="10" max="50">34.65</height_to_live_crown>
					<stem_density unit="number_per_acre" min="60" max="150">68.39999999999999</stem_density>
					<diameter_at_breast_height unit="inches" min="6" max="15" reference_id="4006">10</diameter_at_breast_height>
					<species>
						<species_description>
							<tsn>195773</tsn>
							<relative_cover>91.00</relative_cover>
						</species_description>
						<species_description>
							<tsn>183365</tsn>
							<relative_cover>5.00</relative_cover>
						</species_description>
						<species_description>
							<tsn>19337</tsn>
							<relative_cover>2.00</relative_cover>
						</species_description>
						<species_description>
							<tsn>194872</tsn>
							<relative_cover>2.00</relative_cover>
						</species_description>
					</species>
				</overstory>
				<midstory>
					<percent_cover unit="number">0.0</percent_cover>
					<height unit="feet" />
					<height_to_live_crown unit="feet">0.0</height_to_live_crown>
					<stem_density unit="number_per_acre">0.0</stem_density>
					<diameter_at_breast_height unit="inches" />
					<species />
				</midstory>
				<understory>
					<percent_cover unit="number" min="5" max="80">40</percent_cover>
					<height unit="feet" min="0.5" max="20" reference_id="4006">3</height>
					<height_to_live_crown unit="feet" min="0" max="5">0</height_to_live_crown>
					<stem_density unit="number_per_acre" min="40" max="6000" reference_id="4006">1800</stem_density>
					<diameter_at_breast_height unit="inches" min="0.1" max="5" reference_id="4006">0.5</diameter_at_breast_height>
					<species>
						<species_description>
							<tsn>195773</tsn>
							<relative_cover>65.00</relative_cover>
						</species_description>
						<species_description>
							<tsn>19337</tsn>
							<relative_cover>15.00</relative_cover>
						</species_description>
						<species_description>
							<tsn>181826</tsn>
							<relative_cover>10.00</relative_cover>
						</species_description>
						<species_description>
							<tsn>194872</tsn>
							<relative_cover>7.00</relative_cover>
						</species_description>
						<species_description>
							<tsn>183365</tsn>
							<relative_cover>3.00</relative_cover>
						</species_description>
					</species>
				</understory>
			</trees>
			<snags>
				<class_1_conifers_with_foliage>
					<percent_cover unit="number"></percent_cover>
					<height_to_crown_base unit="feet"></height_to_crown_base>
					<stem_density unit="number_per_acre"></stem_density>
					<diameter unit="inches"></diameter>
					<height unit="feet"></height>
					<species />
				</class_1_conifers_with_foliage>
				<class_1_all_others>
					<stem_density unit="number_per_acre" min="4" max="60" reference_id="4006">11.6</stem_density>
					<diameter unit="inches" min="6" max="20" reference_id="4006">10.0</diameter>
					<height unit="feet" min="10" max="90">60</height>
					<species>
						<species_description>
							<tsn>195773</tsn>
							<relative_cover>100.00</relative_cover>
						</species_description>
					</species>
				</class_1_all_others>
				<class_2>
					<stem_density unit="number_per_acre" min="5" max="70" reference_id="4006">8.0</stem_density>
					<diameter unit="inches" min="6" max="20" reference_id="4006">10.0</diameter>
					<height unit="feet" min="10" max="90">60</height>
					<species>
						<species_description>
							<tsn>195773</tsn>
							<relative_cover>99.00</relative_cover>
						</species_description>
						<species_description>
							<tsn>183365</tsn>
							<relative_cover>1.00</relative_cover>
						</species_description>
					</species>
				</class_2>
				<class_3>
					<stem_density unit="number_per_acre" min="0" max="15" reference_id="4006">16</stem_density>
					<diameter unit="inches" min="6" max="20" reference_id="4006">9</diameter>
					<height unit="feet" min="10" max="90">75</height>
					<species>
						<species_description>
							<tsn>195773</tsn>
							<relative_cover>100.00</relative_cover>
						</species_description>
					</species>
				</class_3>
			</snags>
			<ladder_fuels>
				<minimum_height unit="feet" min="0" max="20">4</minimum_height>
				<maximum_height unit="feet" min="4" max="50">25</maximum_height>
				<is_vertically_contiguous>0</is_vertically_contiguous>
				<type>7</type>
			</ladder_fuels>
		</canopy>
		<shrubs>
			<primary_layer>
				<percent_cover unit="number" min="10" max="60" reference_id="4006">36.3</percent_cover>
				<height unit="feet" min="0.1" max="6" reference_id="4006">1.8</height>
				<percent_live unit="number" min="40" max="95">70</percent_live>
				<species>
					<species_description>
						<tsn>35338</tsn>
						<relative_cover>87.00</relative_cover>
					</species_description>
					<species_description>
						<tsn>35498</tsn>
						<relative_cover>7.00</relative_cover>
					</species_description>
					<species_description>
						<tsn>25121</tsn>
						<relative_cover>6.00</relative_cover>
					</species_description>
				</species>
			</primary_layer>
			<secondary_layer>
				<percent_cover unit="number" />
				<height unit="feet" />
				<percent_live unit="number" />
				<species />
			</secondary_layer>
			<needle_drape>
				<is_sufficient_to_affect_fire_behavior>0</is_sufficient_to_affect_fire_behavior>
			</needle_drape>
		</shrubs>
		<herbaceous>
			<primary_layer>
				<percent_cover unit="number" min="10" max="60">40</percent_cover>
				<height unit="feet" min="0.1" max="4" reference_id="4006">1</height>
				<percent_live unit="number" min="40" max="95">70</percent_live>
				<loading unit="tons_per_acre" min="0.2" max="2">0.5</loading>
				<species>
					<species_description>
						<tsn>41088</tsn>
						<relative_cover>33.00</relative_cover>
					</species_description>
					<species_description>
						<tsn>525105</tsn>
						<relative_cover>27.00</relative_cover>
					</species_description>
					<species_description>
						<tsn>504467</tsn>
						<relative_cover>21.00</relative_cover>
					</species_description>
					<species_description>
						<tsn>502267</tsn>
						<relative_cover>8.00</relative_cover>
					</species_description>
					<species_description>
						<tsn>784287</tsn>
						<relative_cover>6.00</relative_cover>
					</species_description>
					<species_description>
						<tsn>502282</tsn>
						<relative_cover>4.00</relative_cover>
					</species_description>
					<species_description>
						<tsn>41082</tsn>
						<relative_cover>1.00</relative_cover>
					</species_description>
				</species>
			</primary_layer>
			<secondary_layer>
				<percent_cover unit="number" min="5" max="55" reference_id="4006">40</percent_cover>
				<height unit="feet" min="0.1" max="6" reference_id="4006">1</height>
				<percent_live unit="number" min="40" max="95">70</percent_live>
				<loading unit="tons_per_acre" min="0.01" max="1">0.05</loading>
				<species>
					<species_description>
						<tsn>26331</tsn>
						<relative_cover>41.00</relative_cover>
					</species_description>
					<species_description>
						<tsn>17224</tsn>
						<relative_cover>30.00</relative_cover>
					</species_description>
					<species_description>
						<tsn>35423</tsn>
						<relative_cover>13.00</relative_cover>
					</species_description>
					<species_description>
						<tsn>25964</tsn>
						<relative_cover>5.00</relative_cover>
					</species_description>
					<species_description>
						<tsn>35061</tsn>
						<relative_cover>3.00</relative_cover>
					</species_description>
					<species_description>
						<tsn>36213</tsn>
						<relative_cover>3.00</relative_cover>
					</species_description>
					<species_description>
						<tsn>31666</tsn>
						<relative_cover>2.00</relative_cover>
					</species_description>
					<species_description>
						<tsn>508158</tsn>
						<relative_cover>2.00</relative_cover>
					</species_description>
					<species_description>
						<tsn>20607</tsn>
						<relative_cover>1.00</relative_cover>
					</species_description>
				</species>
			</secondary_layer>
		</herbaceous>
		<woody_fuel>
			<all_downed_woody_fuel>
				<total_percent_cover unit="number" min="50" max="95">96.80000000000001</total_percent_cover>
				<depth unit="inches" min="0.5" max="5">2.4200000000000004</depth>
			</all_downed_woody_fuel>
			<sound_wood>
				<loadings_zero_to_three_inches>
					<zero_to_quarter_inch unit="tons_per_acre" min="0" max="2" reference_id="4006">0.12100000000000002</zero_to_quarter_inch>
					<quarter_inch_to_one_inch unit="tons_per_acre" min="0" max="3" reference_id="4006">0.12100000000000002</quarter_inch_to_one_inch>
					<one_to_three_inches unit="tons_per_acre" min="0" max="5" reference_id="4006">1.9360000000000004</one_to_three_inches>
				</loadings_zero_to_three_inches>
				<loadings_greater_than_three_inches>
					<three_to_nine_inches unit="tons_per_acre" min="0" max="15" reference_id="4006">5.175000000000001</three_to_nine_inches>
					<nine_to_twenty_inches unit="tons_per_acre" min="0" max="15" reference_id="4006">2.4749999999999996</nine_to_twenty_inches>
					<greater_than_twenty_inches unit="tons_per_acre" min="0" max="15" reference_id="4006">1.5750000000000002</greater_than_twenty_inches>
				</loadings_greater_than_three_inches>
				<all_sound_wood>
					<species>
						<species_description>
							<tsn>195773</tsn>
							<relative_cover>97.00</relative_cover>
						</species_description>
						<species_description>
							<tsn>183365</tsn>
							<relative_cover>3.00</relative_cover>
						</species_description>
					</species>
				</all_sound_wood>
			</sound_wood>
			<rotten_wood>
				<loadings_greater_than_three_inches>
					<three_to_nine_inches unit="tons_per_acre" min="0" max="15" reference_id="4006">3.5250000000000004</three_to_nine_inches>
					<nine_to_twenty_inches unit="tons_per_acre" min="0" max="15" reference_id="4006">1.825</nine_to_twenty_inches>
					<greater_than_twenty_inches unit="tons_per_acre" min="0" max="15" reference_id="4006">0.525</greater_than_twenty_inches>
				</loadings_greater_than_three_inches>
				<all_rotten_wood>
					<species>
						<species_description>
							<tsn>195773</tsn>
							<relative_cover>97.00</relative_cover>
						</species_description>
						<species_description>
							<tsn>183365</tsn>
							<relative_cover>3.00</relative_cover>
						</species_description>
					</species>
				</all_rotten_wood>
			</rotten_wood>
			<stumps>
				<sound>
					<stem_density unit="number_per_acre" />
					<diameter unit="inches" />
					<height unit="feet" />
					<species />
				</sound>
				<rotten>
					<stem_density unit="number_per_acre" min="0" max="8">2</stem_density>
					<diameter unit="inches" min="6" max="50">12</diameter>
					<height unit="feet" min="0.5" max="4.5">3.5</height>
					<species>
						<species_description>
							<tsn>195773</tsn>
							<relative_cover>100.00</relative_cover>
						</species_description>
					</species>
				</rotten>
				<lightered_pitchy>
					<stem_density unit="number_per_acre" />
					<diameter unit="inches" />
					<height unit="feet" />
					<species />
				</lightered_pitchy>
			</stumps>
		</woody_fuel>
		<moss_lichen_litter>
			<moss>
				<percent_cover unit="number" />
				<depth unit="inches" />
				<type />
			</moss>
			<ground_lichen>
				<percent_cover unit="number" />
				<depth unit="inches" />
			</ground_lichen>
			<litter>
				<percent_cover unit="number" min="60" max="100">84.99150000000002</percent_cover>
				<depth unit="inches" min="0" max="4">0.29997</depth>
				<arrangement>1</arrangement>
				<litter_type>
					<short_needle_pine>
						<relative_cover />
					</short_needle_pine>
					<long_needle_pine>
						<relative_cover>20.00</relative_cover>
					</long_needle_pine>
					<other_conifer>
						<relative_cover>15.00</relative_cover>
					</other_conifer>
					<broadleaf_deciduous>
						<relative_cover>65.00</relative_cover>
					</broadleaf_deciduous>
					<broadleaf_evergreen>
						<relative_cover />
					</broadleaf_evergreen>
					<palm_frond>
						<relative_cover />
					</palm_frond>
					<grass>
						<relative_cover />
					</grass>
				</litter_type>
			</litter>
		</moss_lichen_litter>
		<ground_fuel>
			<duff>
				<upper>
					<percent_cover unit="number" min="0" max="50">20</percent_cover>
					<depth unit="inches" min="0" max="5">0.4</depth>
					<derivation>1</derivation>
				</upper>
				<lower>
					<percent_cover unit="number" min="0" max="50" />
					<depth unit="inches" min="0" max="8" />
					<derivation />
					<loading unit="tons_per_acre" />
				</lower>
			</duff>
			<basal_accumulation>
				<radius unit="feet" />
				<depth unit="inches" />
				<number_per_unit_area unit="number_per_acre" />
				<type />
			</basal_accumulation>
			<squirrel_middens>
				<depth unit="inches" />
				<number_per_unit_area unit="number_per_acre" />
				<radius unit="feet" />
			</squirrel_middens>
		</ground_fuel>
	</fuelbed>
</FCCS_file>
