<?xml version="1.0"?>
<FCCS_file xmlns:xsi="http://www.w3.org/2001/XMLSchema-instance" xsi:noNamespaceSchemaLocation="cash.xsd" schemaVersion="1.4">
	<fuelbed_number>20_432</fuelbed_number>
	<fuelbed_name>Western juniper/curl-leaf mountain mahogany woodland</fuelbed_name>
	<fuelbed_description>Mixed forest fuelbed located on dry, steep slopes, ridges, and subalpine areas of the west side of the Sierra Nevada. Western juniper occurs with various species such as Jeffrey pine, white fir, mountain mahogany, and ponderosa pine.</fuelbed_description>
	<ecoregion>260</ecoregion>
	<vegetation_form>2</vegetation_form>
	<structural_class>4</structural_class>
	<cover_type>145</cover_type>
	<change_agent>2</change_agent>
	<natural_fire_regime>4</natural_fire_regime>
	<condition_class>2</condition_class>
	<user_name />
	<address />
	<affiliation />
	<phone />
	<file_owner_email />
	<notes />
	<site_photo />
	<date_collected>2003-09-17</date_collected>
	<fuelbed_confidence>4</fuelbed_confidence>
	<fuelbed>
		<canopy>
			<trees>
				<total_percent_cover unit="number" min="0" max="100">12.5</total_percent_cover>
				<overstory>
					<percent_cover unit="number" min="2" max="50" reference_id="7072">2.5</percent_cover>
					<height unit="feet" min="25" max="115" reference_id="7024">45</height>
					<height_to_live_crown unit="feet" min="2" max="40" reference_id="7000">5</height_to_live_crown>
					<stem_density unit="number_per_acre" min="5" max="115" reference_id="7024">5.0</stem_density>
					<diameter_at_breast_height unit="inches" min="15" max="45" reference_id="7024">25</diameter_at_breast_height>
					<species>
						<species_description>
							<tsn>194855</tsn>
							<relative_cover>75.00</relative_cover>
						</species_description>
						<species_description>
							<tsn>183345</tsn>
							<relative_cover>25.00</relative_cover>
						</species_description>
					</species>
				</overstory>
				<midstory>
					<percent_cover unit="number" min="5" max="50" reference_id="7072">10.0</percent_cover>
					<height unit="feet" min="8" max="30" reference_id="7024">15</height>
					<height_to_live_crown unit="feet" min="0" max="5" reference_id="7000">2</height_to_live_crown>
					<stem_density unit="number_per_acre" min="20" max="500" reference_id="7024">25.0</stem_density>
					<diameter_at_breast_height unit="inches" min="3" max="20" reference_id="7024">6</diameter_at_breast_height>
					<species>
						<species_description>
							<tsn>194855</tsn>
							<relative_cover>90.00</relative_cover>
						</species_description>
						<species_description>
							<tsn>183345</tsn>
							<relative_cover>10.00</relative_cover>
						</species_description>
					</species>
				</midstory>
				<understory>
					<percent_cover unit="number" />
					<height unit="feet" />
					<height_to_live_crown unit="feet" />
					<stem_density unit="number_per_acre" />
					<diameter_at_breast_height unit="inches" />
					<species />
				</understory>
			</trees>
			<snags>
				<class_1_conifers_with_foliage>
					<percent_cover unit="number">0.0</percent_cover>
					<height_to_crown_base unit="feet" />
					<stem_density unit="number_per_acre">0.0</stem_density>
					<diameter unit="inches" />
					<height unit="feet" />
					<species />
				</class_1_conifers_with_foliage>
				<class_1_all_others>
					<stem_density unit="number_per_acre">0.0</stem_density>
					<diameter unit="inches" />
					<height unit="feet" />
					<species />
				</class_1_all_others>
				<class_2>
					<stem_density unit="number_per_acre">0.0</stem_density>
					<diameter unit="inches" />
					<height unit="feet" />
					<species />
				</class_2>
				<class_3>
					<stem_density unit="number_per_acre">0.0</stem_density>
					<diameter unit="inches" />
					<height unit="feet" />
					<species />
				</class_3>
			</snags>
			<ladder_fuels>
				<minimum_height unit="feet" min="0" max="5">2</minimum_height>
				<maximum_height unit="feet" min="8" max="30">15</maximum_height>
				<is_vertically_contiguous>1</is_vertically_contiguous>
				<type>7</type>
			</ladder_fuels>
		</canopy>
		<shrubs>
			<primary_layer>
				<percent_cover unit="number" min="2" max="80" reference_id="7024">15.0</percent_cover>
				<height unit="feet" min="1" max="5" reference_id="5083">3</height>
				<percent_live unit="number" min="50" max="90" reference_id="7000">52.5</percent_live>
				<species>
					<species_description>
						<tsn>35498</tsn>
						<relative_cover>45.00</relative_cover>
					</species_description>
					<species_description>
						<tsn>25290</tsn>
						<relative_cover>30.00</relative_cover>
					</species_description>
					<species_description>
						<tsn>37090</tsn>
						<relative_cover>15.00</relative_cover>
					</species_description>
					<species_description>
						<tsn>24448</tsn>
						<relative_cover>10.00</relative_cover>
					</species_description>
				</species>
			</primary_layer>
			<secondary_layer>
				<percent_cover unit="number" min="2" max="50" reference_id="7024">7.5</percent_cover>
				<height unit="feet" min="5" max="20" reference_id="5083">10</height>
				<percent_live unit="number" min="70" max="100" reference_id="7000">67.5</percent_live>
				<species>
					<species_description>
						<tsn>25134</tsn>
						<relative_cover>100.00</relative_cover>
					</species_description>
				</species>
			</secondary_layer>
			<needle_drape>
				<is_sufficient_to_affect_fire_behavior>0</is_sufficient_to_affect_fire_behavior>
			</needle_drape>
		</shrubs>
		<herbaceous>
			<primary_layer>
				<percent_cover unit="number" min="2" max="60" reference_id="7024">15.0</percent_cover>
				<height unit="feet" min="0.5" max="2" reference_id="5083">1</height>
				<percent_live unit="number" min="50" max="100" reference_id="7000">80</percent_live>
				<loading unit="tons_per_acre" min="0.01" max="0.1">0.07500000000000001</loading>
				<species>
					<species_description>
						<tsn>21054</tsn>
						<relative_cover>25.00</relative_cover>
					</species_description>
					<species_description>
						<tsn>33665</tsn>
						<relative_cover>20.00</relative_cover>
					</species_description>
					<species_description>
						<tsn>25916</tsn>
						<relative_cover>15.00</relative_cover>
					</species_description>
					<species_description>
						<tsn>42823</tsn>
						<relative_cover>15.00</relative_cover>
					</species_description>
					<species_description>
						<tsn>38673</tsn>
						<relative_cover>10.00</relative_cover>
					</species_description>
					<species_description>
						<tsn>823706</tsn>
						<relative_cover>10.00</relative_cover>
					</species_description>
					<species_description>
						<tsn>36716</tsn>
						<relative_cover>5.00</relative_cover>
					</species_description>
				</species>
			</primary_layer>
			<secondary_layer>
				<percent_cover unit="number" min="2" max="65" reference_id="7024">30.0</percent_cover>
				<height unit="feet" min="1" max="3" reference_id="5083">2</height>
				<percent_live unit="number" min="50" max="100" reference_id="7000">80</percent_live>
				<loading unit="tons_per_acre" min="0.1" max="2">0.44999999999999996</loading>
				<species>
					<species_description>
						<tsn>40677</tsn>
						<relative_cover>30.00</relative_cover>
					</species_description>
					<species_description>
						<tsn>40524</tsn>
						<relative_cover>35.00</relative_cover>
					</species_description>
					<species_description>
						<tsn>40792</tsn>
						<relative_cover>30.00</relative_cover>
					</species_description>
					<species_description>
						<tsn>500933</tsn>
						<relative_cover>5.00</relative_cover>
					</species_description>
				</species>
			</secondary_layer>
		</herbaceous>
		<woody_fuel>
			<all_downed_woody_fuel>
				<total_percent_cover unit="number" min="5" max="50" reference_id="7000">75.0</total_percent_cover>
				<depth unit="inches" min="0.1" max="2" reference_id="7000">1.0</depth>
			</all_downed_woody_fuel>
			<sound_wood>
				<loadings_zero_to_three_inches>
					<zero_to_quarter_inch unit="tons_per_acre" min="0.01" max="0.5">0.15000000000000002</zero_to_quarter_inch>
					<quarter_inch_to_one_inch unit="tons_per_acre" min="0.01" max="1">0.75</quarter_inch_to_one_inch>
					<one_to_three_inches unit="tons_per_acre" min="0" max="2">1.5</one_to_three_inches>
				</loadings_zero_to_three_inches>
				<loadings_greater_than_three_inches>
					<three_to_nine_inches unit="tons_per_acre" min="0" max="3">3.0</three_to_nine_inches>
					<nine_to_twenty_inches unit="tons_per_acre" min="0" max="5">4.875</nine_to_twenty_inches>
					<greater_than_twenty_inches unit="tons_per_acre" min="0" max="10">5.625</greater_than_twenty_inches>
				</loadings_greater_than_three_inches>
				<all_sound_wood>
					<species />
				</all_sound_wood>
			</sound_wood>
			<rotten_wood>
				<loadings_greater_than_three_inches>
					<three_to_nine_inches unit="tons_per_acre" min="0" max="3">1.0</three_to_nine_inches>
					<nine_to_twenty_inches unit="tons_per_acre" min="0" max="5">3.625</nine_to_twenty_inches>
					<greater_than_twenty_inches unit="tons_per_acre" min="0" max="10">5.875</greater_than_twenty_inches>
				</loadings_greater_than_three_inches>
				<all_rotten_wood>
					<species>
						<species_description>
							<tsn>194855</tsn>
							<relative_cover>50.00</relative_cover>
						</species_description>
						<species_description>
							<tsn>183345</tsn>
							<relative_cover>50.00</relative_cover>
						</species_description>
					</species>
				</all_rotten_wood>
			</rotten_wood>
			<stumps>
				<sound>
					<stem_density unit="number_per_acre" />
					<diameter unit="inches" />
					<height unit="feet" />
					<species />
				</sound>
				<rotten>
					<stem_density unit="number_per_acre" />
					<diameter unit="inches" />
					<height unit="feet" />
					<species />
				</rotten>
				<lightered_pitchy>
					<stem_density unit="number_per_acre" />
					<diameter unit="inches" />
					<height unit="feet" />
					<species />
				</lightered_pitchy>
			</stumps>
		</woody_fuel>
		<moss_lichen_litter>
			<moss>
				<percent_cover unit="number" min="1" max="15" reference_id="7000">5</percent_cover>
				<depth unit="inches" min="0.1" max="0.5" reference_id="7000">0.1</depth>
				<type>2</type>
			</moss>
			<ground_lichen>
				<percent_cover unit="number" min="0" max="10">3</percent_cover>
				<depth unit="inches" min="0.1" max="0.5" reference_id="7000">0.1</depth>
			</ground_lichen>
			<litter>
				<percent_cover unit="number" min="10" max="60" reference_id="7000">60.0</percent_cover>
				<depth unit="inches" min="0.1" max="1" reference_id="7000">1.0</depth>
				<arrangement>1</arrangement>
				<litter_type>
					<short_needle_pine>
						<relative_cover />
					</short_needle_pine>
					<long_needle_pine>
						<relative_cover>20.00</relative_cover>
					</long_needle_pine>
					<other_conifer>
						<relative_cover>50.00</relative_cover>
					</other_conifer>
					<broadleaf_deciduous>
						<relative_cover>15.00</relative_cover>
					</broadleaf_deciduous>
					<broadleaf_evergreen>
						<relative_cover />
					</broadleaf_evergreen>
					<palm_frond>
						<relative_cover />
					</palm_frond>
					<grass>
						<relative_cover>15.00</relative_cover>
					</grass>
				</litter_type>
			</litter>
		</moss_lichen_litter>
		<ground_fuel>
			<duff>
				<upper>
					<percent_cover unit="number" min="10" max="60" reference_id="7000">60.0</percent_cover>
					<depth unit="inches" min="0.1" max="1" reference_id="7000">1.0</depth>
					<derivation>1</derivation>
				</upper>
				<lower>
					<percent_cover unit="number" min="10" max="60" reference_id="7000">30</percent_cover>
					<depth unit="inches" min="0.1" max="1" reference_id="7000">0.5</depth>
					<derivation>3</derivation>
				</lower>
			</duff>
			<basal_accumulation>
				<radius unit="feet" />
				<depth unit="inches" />
				<number_per_unit_area unit="number_per_acre" />
				<type />
			</basal_accumulation>
			<squirrel_middens>
				<depth unit="inches" />
				<number_per_unit_area unit="number_per_acre" />
				<radius unit="feet" />
			</squirrel_middens>
		</ground_fuel>
	</fuelbed>
</FCCS_file>
