<?xml version="1.0"?>
<FCCS_file xmlns:xsi="http://www.w3.org/2001/XMLSchema-instance" xsi:noNamespaceSchemaLocation="cash.xsd" schemaVersion="1.4">
	<fuelbed_number>243_522</fuelbed_number>
	<fuelbed_name>Pitch pine/scrub oak shrubland</fuelbed_name>
	<fuelbed_description>Shrubland dominated by pitch pine regeneration and shrubby oaks on dry sites, often on sands or exposed ledges. This fuelbed represents regeneration 5-10 years after severe wildfire in a pitch pine and scrub oak forest. Occurs along the Atlantic coastal plain in New Jersey north to midcoast Maine, west to central New York and south into the southern Appalachian Mountains to Virginia.</fuelbed_description>
	<ecoregion>210,220</ecoregion>
	<vegetation_form>6</vegetation_form>
	<structural_class>5</structural_class>
	<cover_type>63</cover_type>
	<change_agent>21</change_agent>
	<natural_fire_regime>2</natural_fire_regime>
	<condition_class>1</condition_class>
	<user_name />
	<address />
	<affiliation />
	<phone />
	<file_owner_email />
	<notes />
	<site_photo />
	<date_collected>2003-09-17</date_collected>
	<fuelbed_confidence>3</fuelbed_confidence>
	<fuelbed>
		<canopy>
			<trees>
				<total_percent_cover unit="number" min="65" max="100" reference_id="5000">45.9</total_percent_cover>
				<overstory>
					<percent_cover unit="number" min="0" max="25">5.4</percent_cover>
					<height unit="feet" min="20" max="45">33</height>
					<height_to_live_crown unit="feet" min="10" max="30" reference_id="5001">24.0</height_to_live_crown>
					<stem_density unit="number_per_acre" min="0" max="150">13.5</stem_density>
					<diameter_at_breast_height unit="inches" min="6" max="13">9.5</diameter_at_breast_height>
					<species>
						<species_description>
							<tsn>183376</tsn>
							<relative_cover>100.00</relative_cover>
						</species_description>
					</species>
				</overstory>
				<midstory>
					<percent_cover unit="number">0.0</percent_cover>
					<height unit="feet" />
					<height_to_live_crown unit="feet">0.0</height_to_live_crown>
					<stem_density unit="number_per_acre">0.0</stem_density>
					<diameter_at_breast_height unit="inches" />
					<species />
				</midstory>
				<understory>
					<percent_cover unit="number" min="65" max="100">85</percent_cover>
					<height unit="feet" min="3" max="8">4</height>
					<height_to_live_crown unit="feet" min="0" max="1">0.5</height_to_live_crown>
					<stem_density unit="number_per_acre" min="1000" max="3000">1500</stem_density>
					<diameter_at_breast_height unit="inches" min="0" max="5">0.5</diameter_at_breast_height>
					<species>
						<species_description>
							<tsn>19276</tsn>
							<relative_cover>75.00</relative_cover>
						</species_description>
						<species_description>
							<tsn>183376</tsn>
							<relative_cover>25.00</relative_cover>
						</species_description>
					</species>
				</understory>
			</trees>
			<snags>
				<class_1_conifers_with_foliage>
					<percent_cover unit="number">39.1</percent_cover>
					<height_to_crown_base unit="feet">20</height_to_crown_base>
					<stem_density unit="number_per_acre">11.5</stem_density>
					<diameter unit="inches">9.5</diameter>
					<height unit="feet">33</height>
					<species>
						<species_description>
							<tsn>183376</tsn>
							<relative_cover>100.00</relative_cover>
						</species_description>
					</species>
				</class_1_conifers_with_foliage>
				<class_1_all_others>
					<stem_density unit="number_per_acre">10.0</stem_density>
					<diameter unit="inches">9.5</diameter>
					<height unit="feet">33</height>
					<species />
				</class_1_all_others>
				<class_2>
					<stem_density unit="number_per_acre" min="50" max="260"></stem_density>
					<diameter unit="inches" min="6" max="13"></diameter>
					<height unit="feet" min="20" max="45"></height>
					<species>
						<species_description>
							<tsn>18035</tsn>
							<relative_cover>70.00</relative_cover>
						</species_description>
						<species_description>
							<tsn>19276</tsn>
							<relative_cover>30.00</relative_cover>
						</species_description>
					</species>
				</class_2>
				<class_3>
					<stem_density unit="number_per_acre" min="0" max="140">130</stem_density>
					<diameter unit="inches" min="5.5" max="13">9.5</diameter>
					<height unit="feet" min="15" max="40" reference_id="5000">33</height>
					<species>
						<species_description>
							<tsn>18035</tsn>
							<relative_cover>70.00</relative_cover>
						</species_description>
						<species_description>
							<tsn>19276</tsn>
							<relative_cover>30.00</relative_cover>
						</species_description>
					</species>
				</class_3>
			</snags>
			<ladder_fuels>
				<minimum_height unit="feet" min="0" max="1">0.5</minimum_height>
				<maximum_height unit="feet" min="2" max="8">4</maximum_height>
				<is_vertically_contiguous>0</is_vertically_contiguous>
				<type>7</type>
			</ladder_fuels>
		</canopy>
		<shrubs>
			<primary_layer>
				<percent_cover unit="number" min="0" max="30" reference_id="5000">15</percent_cover>
				<height unit="feet" min="0.5" max="6">2</height>
				<percent_live unit="number" min="50" max="100" reference_id="5000">80</percent_live>
				<species>
					<species_description>
						<tsn>23660</tsn>
						<relative_cover>70.00</relative_cover>
					</species_description>
					<species_description>
						<tsn>23571</tsn>
						<relative_cover>20.00</relative_cover>
					</species_description>
					<species_description>
						<tsn>43346</tsn>
						<relative_cover>10.00</relative_cover>
					</species_description>
				</species>
			</primary_layer>
			<secondary_layer>
				<percent_cover unit="number" />
				<height unit="feet" />
				<percent_live unit="number" />
				<species />
			</secondary_layer>
			<needle_drape>
				<is_sufficient_to_affect_fire_behavior>0</is_sufficient_to_affect_fire_behavior>
			</needle_drape>
		</shrubs>
		<herbaceous>
			<primary_layer>
				<percent_cover unit="number" min="0" max="25" reference_id="5000">12.5</percent_cover>
				<height unit="feet" min="0.5" max="3">2</height>
				<percent_live unit="number" min="70" max="100" reference_id="5000">85</percent_live>
				<loading unit="tons_per_acre" min="0" max="2">0.125</loading>
				<species>
					<species_description>
						<tsn>17224</tsn>
						<relative_cover>60.00</relative_cover>
					</species_description>
					<species_description>
						<tsn>501619</tsn>
						<relative_cover>40.00</relative_cover>
					</species_description>
				</species>
			</primary_layer>
			<secondary_layer>
				<percent_cover unit="number">0.0</percent_cover>
				<height unit="feet" />
				<percent_live unit="number" />
				<loading unit="tons_per_acre">0.0</loading>
				<species />
			</secondary_layer>
		</herbaceous>
		<woody_fuel>
			<all_downed_woody_fuel>
				<total_percent_cover unit="number" min="10" max="50" reference_id="5000">37.5</total_percent_cover>
				<depth unit="inches" min="0.5" max="2.5" reference_id="5000">1.25</depth>
			</all_downed_woody_fuel>
			<sound_wood>
				<loadings_zero_to_three_inches>
					<zero_to_quarter_inch unit="tons_per_acre" min="1" max="5" reference_id="1359">1.875</zero_to_quarter_inch>
					<quarter_inch_to_one_inch unit="tons_per_acre" min="0" max="2" reference_id="1359">2.0</quarter_inch_to_one_inch>
					<one_to_three_inches unit="tons_per_acre" min="0" max="4" reference_id="5020">3.0</one_to_three_inches>
				</loadings_zero_to_three_inches>
				<loadings_greater_than_three_inches>
					<three_to_nine_inches unit="tons_per_acre" min="1" max="4" reference_id="5020">2.1</three_to_nine_inches>
					<nine_to_twenty_inches unit="tons_per_acre" min="0" max="1" reference_id="5020">0.5</nine_to_twenty_inches>
					<greater_than_twenty_inches unit="tons_per_acre" min="0" max="0" reference_id="5020">0</greater_than_twenty_inches>
				</loadings_greater_than_three_inches>
				<all_sound_wood>
					<species>
						<species_description>
							<tsn>183376</tsn>
							<relative_cover>70.00</relative_cover>
						</species_description>
						<species_description>
							<tsn>19276</tsn>
							<relative_cover>30.00</relative_cover>
						</species_description>
					</species>
				</all_sound_wood>
			</sound_wood>
			<rotten_wood>
				<loadings_greater_than_three_inches>
					<three_to_nine_inches unit="tons_per_acre" />
					<nine_to_twenty_inches unit="tons_per_acre" />
					<greater_than_twenty_inches unit="tons_per_acre" />
				</loadings_greater_than_three_inches>
				<all_rotten_wood>
					<species />
				</all_rotten_wood>
			</rotten_wood>
			<stumps>
				<sound>
					<stem_density unit="number_per_acre" />
					<diameter unit="inches" />
					<height unit="feet" />
					<species />
				</sound>
				<rotten>
					<stem_density unit="number_per_acre" />
					<diameter unit="inches" />
					<height unit="feet" />
					<species />
				</rotten>
				<lightered_pitchy>
					<stem_density unit="number_per_acre" />
					<diameter unit="inches" />
					<height unit="feet" />
					<species />
				</lightered_pitchy>
			</stumps>
			<piles>
				<clean_loading unit="tons_per_acre">0.085996</clean_loading>
				<dirty_loading unit="tons_per_acre">0.000000</dirty_loading>
				<verydirty_loading unit="tons_per_acre">0.000000</verydirty_loading>
				<pileData>
					<header>pileGroupID,pileGroupName,numPiles,pileType,pileShape,W1,L1,H1,W2,L2,H2,soilPercent,packingRatio,handPileSpecies,species1_TSN,species1_percent,species2_TSN,species2_percent,pileQuality,percentConsumed</header>
					<pileGroups>
						<pileGroup>2,,1,1,5,5.00,5.00,2.00,,,,,,1,,,,,,90</pileGroup>
					</pileGroups>
				</pileData>
			</piles>
		</woody_fuel>
		<moss_lichen_litter>
			<moss>
				<percent_cover unit="number" />
				<depth unit="inches" />
				<type />
			</moss>
			<ground_lichen>
				<percent_cover unit="number" min="0" max="10" reference_id="5000">5</percent_cover>
				<depth unit="inches" min="0.1" max="0.75" reference_id="5000">0.5</depth>
			</ground_lichen>
			<litter>
				<percent_cover unit="number" min="40" max="75" reference_id="5000">97.5</percent_cover>
				<depth unit="inches" min="0" max="3" reference_id="5000">1.5</depth>
				<arrangement>1</arrangement>
				<litter_type>
					<short_needle_pine>
						<relative_cover>40.00</relative_cover>
					</short_needle_pine>
					<long_needle_pine>
						<relative_cover />
					</long_needle_pine>
					<other_conifer>
						<relative_cover />
					</other_conifer>
					<broadleaf_deciduous>
						<relative_cover>60.00</relative_cover>
					</broadleaf_deciduous>
					<broadleaf_evergreen>
						<relative_cover />
					</broadleaf_evergreen>
					<palm_frond>
						<relative_cover />
					</palm_frond>
					<grass>
						<relative_cover />
					</grass>
				</litter_type>
			</litter>
		</moss_lichen_litter>
		<ground_fuel>
			<duff>
				<upper>
					<percent_cover unit="number" min="40" max="100" reference_id="5000">75</percent_cover>
					<depth unit="inches" min="0" max="0.7">0.7</depth>
					<derivation>1</derivation>
				</upper>
				<lower>
					<percent_cover unit="number" min="40" max="100" reference_id="5000" />
					<depth unit="inches" min="0" max="0.7" />
					<derivation />
					<loading unit="tons_per_acre" />
				</lower>
			</duff>
			<basal_accumulation>
				<radius unit="feet" />
				<depth unit="inches" />
				<number_per_unit_area unit="number_per_acre" />
				<type />
			</basal_accumulation>
			<squirrel_middens>
				<depth unit="inches" />
				<number_per_unit_area unit="number_per_acre" />
				<radius unit="feet" />
			</squirrel_middens>
		</ground_fuel>
	</fuelbed>
</FCCS_file>
