<?xml version="1.0"?>
<FCCS_file xmlns:xsi="http://www.w3.org/2001/XMLSchema-instance" xsi:noNamespaceSchemaLocation="cash.xsd" schemaVersion="1.4">
	<fuelbed_number>178_323</fuelbed_number>
	<fuelbed_name>Loblolly-shortleaf pine forest - 10-15 years post clearcut</fuelbed_name>
	<fuelbed_description>Dense, naturally regenerating, predominantly loblolly pine and shortleaf pine forest occurring throughout the interior of the southeastern coastal plain. Clearcut 10 to 15 years previously. Scattered slash pine and longleaf pine may be present, depending on geographic location. Various hardwood species may be co-dominant in the canopy.</fuelbed_description>
	<ecoregion>230</ecoregion>
	<vegetation_form>2</vegetation_form>
	<structural_class>3</structural_class>
	<cover_type>71</cover_type>
	<change_agent>18,31</change_agent>
	<natural_fire_regime />
	<condition_class />
	<user_name />
	<address />
	<affiliation />
	<phone />
	<file_owner_email />
	<notes />
	<site_photo />
	<date_collected>2003-09-17</date_collected>
	<fuelbed_confidence>3</fuelbed_confidence>
	<fuelbed>
		<canopy>
			<trees>
				<total_percent_cover unit="number" min="85" max="100" reference_id="5000">63.650000000000006</total_percent_cover>
				<overstory>
					<percent_cover unit="number" min="85" max="100" reference_id="5000">47.5</percent_cover>
					<height unit="feet" min="5" max="45" reference_id="5001">20</height>
					<height_to_live_crown unit="feet" min="5" max="15" reference_id="5000">10.5</height_to_live_crown>
					<stem_density unit="number_per_acre" min="700" max="3000" reference_id="5020">750.0</stem_density>
					<diameter_at_breast_height unit="inches" min="0.5" max="10" reference_id="5020">3.75</diameter_at_breast_height>
					<species>
						<species_description>
							<tsn>18037</tsn>
							<relative_cover>40.00</relative_cover>
						</species_description>
						<species_description>
							<tsn>183335</tsn>
							<relative_cover>40.00</relative_cover>
						</species_description>
						<species_description>
							<tsn>18036</tsn>
							<relative_cover>20.00</relative_cover>
						</species_description>
					</species>
				</overstory>
				<midstory>
					<percent_cover unit="number" min="20" max="80" reference_id="5000">25.0</percent_cover>
					<height unit="feet" min="1" max="30" reference_id="5000">12</height>
					<height_to_live_crown unit="feet" min="0" max="10" reference_id="5000">6.0</height_to_live_crown>
					<stem_density unit="number_per_acre" min="650" max="4000" reference_id="5020">1000.0</stem_density>
					<diameter_at_breast_height unit="inches" min="0.5" max="10" reference_id="5020">1.875</diameter_at_breast_height>
					<species>
						<species_description>
							<tsn>18035</tsn>
							<relative_cover>100.00</relative_cover>
						</species_description>
					</species>
				</midstory>
				<understory>
					<percent_cover unit="number"></percent_cover>
					<height unit="feet"></height>
					<height_to_live_crown unit="feet"></height_to_live_crown>
					<stem_density unit="number_per_acre"></stem_density>
					<diameter_at_breast_height unit="inches"></diameter_at_breast_height>
					<species />
				</understory>
			</trees>
			<snags>
				<class_1_conifers_with_foliage>
					<percent_cover unit="number" />
					<height_to_crown_base unit="feet" />
					<stem_density unit="number_per_acre" />
					<diameter unit="inches" />
					<height unit="feet" />
					<species />
				</class_1_conifers_with_foliage>
				<class_1_all_others>
					<stem_density unit="number_per_acre" />
					<diameter unit="inches" />
					<height unit="feet" />
					<species />
				</class_1_all_others>
				<class_2>
					<stem_density unit="number_per_acre" />
					<diameter unit="inches" />
					<height unit="feet" />
					<species />
				</class_2>
				<class_3>
					<stem_density unit="number_per_acre" />
					<diameter unit="inches" />
					<height unit="feet" />
					<species />
				</class_3>
			</snags>
			<ladder_fuels>
				<minimum_height unit="feet" min="0" max="2" reference_id="5000">0.5</minimum_height>
				<maximum_height unit="feet" min="4" max="15" reference_id="5000">8</maximum_height>
				<is_vertically_contiguous>1</is_vertically_contiguous>
				<type>7</type>
			</ladder_fuels>
		</canopy>
		<shrubs>
			<primary_layer>
				<percent_cover unit="number" min="10" max="40" reference_id="5000">19.995</percent_cover>
				<height unit="feet" min="5" max="15" reference_id="5000">8</height>
				<percent_live unit="number" min="75" max="100" reference_id="5000">90.0</percent_live>
				<species>
					<species_description>
						<tsn>27986</tsn>
						<relative_cover>35.00</relative_cover>
					</species_description>
					<species_description>
						<tsn>32973</tsn>
						<relative_cover>35.00</relative_cover>
					</species_description>
					<species_description>
						<tsn>23571</tsn>
						<relative_cover>30.00</relative_cover>
					</species_description>
				</species>
			</primary_layer>
			<secondary_layer>
				<percent_cover unit="number" min="10" max="40" reference_id="5000">19.995</percent_cover>
				<height unit="feet" min="3" max="25" reference_id="5000">5</height>
				<percent_live unit="number" min="50" max="100" reference_id="5000">90.0</percent_live>
				<species>
					<species_description>
						<tsn>24848</tsn>
						<relative_cover>25.00</relative_cover>
					</species_description>
					<species_description>
						<tsn>28602</tsn>
						<relative_cover>25.00</relative_cover>
					</species_description>
					<species_description>
						<tsn>28821</tsn>
						<relative_cover>25.00</relative_cover>
					</species_description>
					<species_description>
						<tsn>43340</tsn>
						<relative_cover>25.00</relative_cover>
					</species_description>
				</species>
			</secondary_layer>
			<needle_drape>
				<is_sufficient_to_affect_fire_behavior>0</is_sufficient_to_affect_fire_behavior>
			</needle_drape>
		</shrubs>
		<herbaceous>
			<primary_layer>
				<percent_cover unit="number" min="5" max="40" reference_id="5000">19.995</percent_cover>
				<height unit="feet" min="0.5" max="3.5" reference_id="5000">2</height>
				<percent_live unit="number" min="65" max="85" reference_id="5000">75.0</percent_live>
				<loading unit="tons_per_acre" min="0" max="1">0.09997500000000001</loading>
				<species>
					<species_description>
						<tsn>40450</tsn>
						<relative_cover>35.00</relative_cover>
					</species_description>
					<species_description>
						<tsn>40901</tsn>
						<relative_cover>33.00</relative_cover>
					</species_description>
					<species_description>
						<tsn>17224</tsn>
						<relative_cover>32.00</relative_cover>
					</species_description>
				</species>
			</primary_layer>
			<secondary_layer>
				<percent_cover unit="number">0.0</percent_cover>
				<height unit="feet" />
				<percent_live unit="number">0.0</percent_live>
				<loading unit="tons_per_acre">0.0</loading>
				<species />
			</secondary_layer>
		</herbaceous>
		<woody_fuel>
			<all_downed_woody_fuel>
				<total_percent_cover unit="number" min="50" max="95" reference_id="5000">28.05</total_percent_cover>
				<depth unit="inches" min="5" max="24" reference_id="5000">3.3000000000000003</depth>
			</all_downed_woody_fuel>
			<sound_wood>
				<loadings_zero_to_three_inches>
					<zero_to_quarter_inch unit="tons_per_acre" min="0.3" max="1.5" reference_id="5020">0.29700000000000004</zero_to_quarter_inch>
					<quarter_inch_to_one_inch unit="tons_per_acre" min="2" max="4.5" reference_id="5020">1.1880000000000002</quarter_inch_to_one_inch>
					<one_to_three_inches unit="tons_per_acre" min="3" max="7.5" reference_id="5020">2.0460000000000003</one_to_three_inches>
				</loadings_zero_to_three_inches>
				<loadings_greater_than_three_inches>
					<three_to_nine_inches unit="tons_per_acre" min="5" max="15" reference_id="5020">3.18</three_to_nine_inches>
					<nine_to_twenty_inches unit="tons_per_acre" min="0" max="2">0.0</nine_to_twenty_inches>
					<greater_than_twenty_inches unit="tons_per_acre" min="0" max="0">0.0</greater_than_twenty_inches>
				</loadings_greater_than_three_inches>
				<all_sound_wood>
					<species>
						<species_description>
							<tsn>18035</tsn>
							<relative_cover>70.00</relative_cover>
						</species_description>
						<species_description>
							<tsn>28728</tsn>
							<relative_cover>30.00</relative_cover>
						</species_description>
					</species>
				</all_sound_wood>
			</sound_wood>
			<rotten_wood>
				<loadings_greater_than_three_inches>
					<three_to_nine_inches unit="tons_per_acre" min="0.5" max="5">8.82</three_to_nine_inches>
					<nine_to_twenty_inches unit="tons_per_acre" min="0.5" max="5">1.1199999999999999</nine_to_twenty_inches>
					<greater_than_twenty_inches unit="tons_per_acre" min="0" max="0">0.0</greater_than_twenty_inches>
				</loadings_greater_than_three_inches>
				<all_rotten_wood>
					<species>
						<species_description>
							<tsn>18035</tsn>
							<relative_cover>100.00</relative_cover>
						</species_description>
					</species>
				</all_rotten_wood>
			</rotten_wood>
			<stumps>
				<sound>
					<stem_density unit="number_per_acre"></stem_density>
					<diameter unit="inches"></diameter>
					<height unit="feet"></height>
					<species />
				</sound>
				<rotten>
					<stem_density unit="number_per_acre" min="0" max="140" reference_id="5033">1790.0</stem_density>
					<diameter unit="inches" min="8" max="12" reference_id="5000">10</diameter>
					<height unit="feet" min="0.5" max="1.5" reference_id="5000">1</height>
					<species>
						<species_description>
							<tsn>18035</tsn>
							<relative_cover>100.00</relative_cover>
						</species_description>
					</species>
				</rotten>
				<lightered_pitchy>
					<stem_density unit="number_per_acre" />
					<diameter unit="inches" />
					<height unit="feet" />
					<species />
				</lightered_pitchy>
			</stumps>
		</woody_fuel>
		<moss_lichen_litter>
			<moss>
				<percent_cover unit="number" min="0" max="10" reference_id="5000">2.0</percent_cover>
				<depth unit="inches" min="0" max="1" reference_id="5000">0.5</depth>
				<type>2</type>
			</moss>
			<ground_lichen>
				<percent_cover unit="number" min="0" max="10" reference_id="5000">2.0</percent_cover>
				<depth unit="inches" min="0" max="1" reference_id="5000">0.5</depth>
			</ground_lichen>
			<litter>
				<percent_cover unit="number" min="60" max="95" reference_id="5000">75.0</percent_cover>
				<depth unit="inches" min="1.5" max="3" reference_id="5000">2.0</depth>
				<arrangement>1</arrangement>
				<litter_type>
					<short_needle_pine>
						<relative_cover>35.00</relative_cover>
					</short_needle_pine>
					<long_needle_pine>
						<relative_cover>35.00</relative_cover>
					</long_needle_pine>
					<other_conifer>
						<relative_cover />
					</other_conifer>
					<broadleaf_deciduous>
						<relative_cover>20.00</relative_cover>
					</broadleaf_deciduous>
					<broadleaf_evergreen>
						<relative_cover>9.00</relative_cover>
					</broadleaf_evergreen>
					<palm_frond>
						<relative_cover />
					</palm_frond>
					<grass>
						<relative_cover>1.00</relative_cover>
					</grass>
				</litter_type>
			</litter>
		</moss_lichen_litter>
		<ground_fuel>
			<duff>
				<upper>
					<percent_cover unit="number" min="70" max="100" reference_id="5000">42.5</percent_cover>
					<depth unit="inches" min="0.1" max="1.5" reference_id="5020">0.6</depth>
					<derivation>1</derivation>
				</upper>
				<lower>
					<percent_cover unit="number" min="70" max="100" reference_id="5000">0.0</percent_cover>
					<depth unit="inches" min="0.1" max="1.5" reference_id="5020">0.0</depth>
					<derivation />
					<loading unit="tons_per_acre" />
				</lower>
			</duff>
			<basal_accumulation>
				<radius unit="feet" />
				<depth unit="inches">0.0</depth>
				<number_per_unit_area unit="number_per_acre">0.0</number_per_unit_area>
				<type />
			</basal_accumulation>
			<squirrel_middens>
				<depth unit="inches">0.0</depth>
				<number_per_unit_area unit="number_per_acre">0.0</number_per_unit_area>
				<radius unit="feet" />
			</squirrel_middens>
		</ground_fuel>
	</fuelbed>
</FCCS_file>
