<?xml version="1.0"?>
<FCCS_file xmlns:xsi="http://www.w3.org/2001/XMLSchema-instance" xsi:noNamespaceSchemaLocation="cash.xsd" schemaVersion="1.4">
	<fuelbed_number>208_231</fuelbed_number>
	<fuelbed_name>Grand fir-Douglas-fir forest</fuelbed_name>
	<fuelbed_description>Mixed conifer forests dominated by grand fir occur in the northern Cascade Range and northern U.S. Rocky Mountains and usually occur at higher elevations in the mixed conifer zone and lower elevations of the subalpine zone. Grand fir is replaced by white fir in the southern Cascade Range, southern U.S. Rocky Mountains, and Sierra Nevada. This forest is over 200 years old.</fuelbed_description>
	<ecoregion>240,260,330,340</ecoregion>
	<vegetation_form>2</vegetation_form>
	<structural_class>1</structural_class>
	<cover_type>121,136</cover_type>
	<change_agent>2</change_agent>
	<natural_fire_regime>3</natural_fire_regime>
	<condition_class>2</condition_class>
	<user_name />
	<address />
	<affiliation />
	<phone />
	<file_owner_email />
	<notes />
	<site_photo />
	<date_collected>2003-09-17</date_collected>
	<fuelbed_confidence>3</fuelbed_confidence>
	<fuelbed>
		<canopy>
			<trees>
				<total_percent_cover unit="number" min="45" max="100" reference_id="1412">24.75</total_percent_cover>
				<overstory>
					<percent_cover unit="number" min="0" max="40" reference_id="459">5.0</percent_cover>
					<height unit="feet" min="75" max="170" reference_id="459">115</height>
					<height_to_live_crown unit="feet" min="15" max="80" reference_id="459">52.5</height_to_live_crown>
					<stem_density unit="number_per_acre" min="6" max="85" reference_id="459">6.0</stem_density>
					<diameter_at_breast_height unit="inches" min="16" max="50" reference_id="459">33.75</diameter_at_breast_height>
					<species>
						<species_description>
							<tsn>183284</tsn>
							<relative_cover>75.00</relative_cover>
						</species_description>
						<species_description>
							<tsn>183424</tsn>
							<relative_cover>15.00</relative_cover>
						</species_description>
						<species_description>
							<tsn>183291</tsn>
							<relative_cover>5.00</relative_cover>
						</species_description>
						<species_description>
							<tsn>183365</tsn>
							<relative_cover>5.00</relative_cover>
						</species_description>
					</species>
				</overstory>
				<midstory>
					<percent_cover unit="number" min="20" max="70" reference_id="459">10.0</percent_cover>
					<height unit="feet" min="40" max="130" reference_id="459">75</height>
					<height_to_live_crown unit="feet" min="5" max="70" reference_id="459">45.0</height_to_live_crown>
					<stem_density unit="number_per_acre" min="20" max="230" reference_id="459">22.5</stem_density>
					<diameter_at_breast_height unit="inches" min="6" max="30" reference_id="459">18.75</diameter_at_breast_height>
					<species>
						<species_description>
							<tsn>183284</tsn>
							<relative_cover>75.00</relative_cover>
						</species_description>
						<species_description>
							<tsn>183424</tsn>
							<relative_cover>20.00</relative_cover>
						</species_description>
						<species_description>
							<tsn>183291</tsn>
							<relative_cover>5.00</relative_cover>
						</species_description>
					</species>
				</midstory>
				<understory>
					<percent_cover unit="number" min="5" max="70" reference_id="459">0.0</percent_cover>
					<height unit="feet" min="4" max="40" reference_id="459">0.0</height>
					<height_to_live_crown unit="feet" min="0" max="20" reference_id="459">0.0</height_to_live_crown>
					<stem_density unit="number_per_acre" min="35" max="1500" reference_id="459">0.0</stem_density>
					<diameter_at_breast_height unit="inches" min="0.5" max="10" reference_id="459">0.0</diameter_at_breast_height>
					<species>
						<species_description>
							<tsn>183284</tsn>
							<relative_cover>70.00</relative_cover>
						</species_description>
						<species_description>
							<tsn>28742</tsn>
							<relative_cover>15.00</relative_cover>
						</species_description>
						<species_description>
							<tsn>183424</tsn>
							<relative_cover>15.00</relative_cover>
						</species_description>
					</species>
				</understory>
			</trees>
			<snags>
				<class_1_conifers_with_foliage>
					<percent_cover unit="number" min="0" max="90">4.92902</percent_cover>
					<height_to_crown_base unit="feet" min="0" max="90">60.03</height_to_crown_base>
					<stem_density unit="number_per_acre" min="0" max="50" reference_id="459">15</stem_density>
					<diameter unit="inches" min="6" max="40" reference_id="459">18</diameter>
					<height unit="feet" min="40" max="160" reference_id="459">90</height>
					<species>
						<species_description>
							<tsn>183284</tsn>
							<relative_cover>70.00</relative_cover>
						</species_description>
						<species_description>
							<tsn>183424</tsn>
							<relative_cover>30.00</relative_cover>
						</species_description>
					</species>
				</class_1_conifers_with_foliage>
				<class_1_all_others>
					<stem_density unit="number_per_acre" />
					<diameter unit="inches" />
					<height unit="feet" />
					<species />
				</class_1_all_others>
				<class_2>
					<stem_density unit="number_per_acre" min="0" max="200" reference_id="459">30</stem_density>
					<diameter unit="inches" min="6" max="40" reference_id="459">18</diameter>
					<height unit="feet" min="30" max="150" reference_id="459">80</height>
					<species>
						<species_description>
							<tsn>183284</tsn>
							<relative_cover>70.00</relative_cover>
						</species_description>
						<species_description>
							<tsn>183424</tsn>
							<relative_cover>30.00</relative_cover>
						</species_description>
					</species>
				</class_2>
				<class_3>
					<stem_density unit="number_per_acre" min="0" max="200" reference_id="459">40</stem_density>
					<diameter unit="inches" min="6" max="40" reference_id="459">18</diameter>
					<height unit="feet" min="25" max="140" reference_id="459">70</height>
					<species>
						<species_description>
							<tsn>183284</tsn>
							<relative_cover>70.00</relative_cover>
						</species_description>
						<species_description>
							<tsn>183424</tsn>
							<relative_cover>30.00</relative_cover>
						</species_description>
					</species>
				</class_3>
			</snags>
			<ladder_fuels>
				<minimum_height unit="feet" min="2" max="10">6</minimum_height>
				<maximum_height unit="feet" min="10" max="60">25</maximum_height>
				<is_vertically_contiguous>1</is_vertically_contiguous>
				<type>2</type>
			</ladder_fuels>
		</canopy>
		<shrubs>
			<primary_layer>
				<percent_cover unit="number" min="10" max="80" reference_id="459">15.0</percent_cover>
				<height unit="feet" min="1" max="10">4</height>
				<percent_live unit="number" min="50" max="100">21.25</percent_live>
				<species>
					<species_description>
						<tsn>23601</tsn>
						<relative_cover>75.00</relative_cover>
					</species_description>
					<species_description>
						<tsn>23769</tsn>
						<relative_cover>17.00</relative_cover>
					</species_description>
					<species_description>
						<tsn>25331</tsn>
						<relative_cover>8.00</relative_cover>
					</species_description>
				</species>
			</primary_layer>
			<secondary_layer>
				<percent_cover unit="number">0.0</percent_cover>
				<height unit="feet" />
				<percent_live unit="number">0.0</percent_live>
				<species />
			</secondary_layer>
			<needle_drape>
				<is_sufficient_to_affect_fire_behavior>0</is_sufficient_to_affect_fire_behavior>
			</needle_drape>
		</shrubs>
		<herbaceous>
			<primary_layer>
				<percent_cover unit="number" min="0" max="10" reference_id="1412">0.5</percent_cover>
				<height unit="feet" min="0.1" max="2.5">0.7</height>
				<percent_live unit="number" min="50" max="100">23.75</percent_live>
				<loading unit="tons_per_acre" min="0" max="2">0.0125</loading>
				<species>
					<species_description>
						<tsn>39613</tsn>
						<relative_cover>50.00</relative_cover>
					</species_description>
					<species_description>
						<tsn>40540</tsn>
						<relative_cover>50.00</relative_cover>
					</species_description>
				</species>
			</primary_layer>
			<secondary_layer>
				<percent_cover unit="number" min="0" max="30" reference_id="1412">3.75</percent_cover>
				<height unit="feet" min="0.1" max="3">0.8</height>
				<percent_live unit="number" min="20" max="100">15.0</percent_live>
				<loading unit="tons_per_acre" min="0" max="1">0.0025</loading>
				<species>
					<species_description>
						<tsn>504066</tsn>
						<relative_cover>67.00</relative_cover>
					</species_description>
					<species_description>
						<tsn>36561</tsn>
						<relative_cover>33.00</relative_cover>
					</species_description>
				</species>
			</secondary_layer>
		</herbaceous>
		<woody_fuel>
			<all_downed_woody_fuel>
				<total_percent_cover unit="number" min="25" max="99">100</total_percent_cover>
				<depth unit="inches" min="0.1" max="8">8.0</depth>
			</all_downed_woody_fuel>
			<sound_wood>
				<loadings_zero_to_three_inches>
					<zero_to_quarter_inch unit="tons_per_acre" min="0.1" max="2">1.5</zero_to_quarter_inch>
					<quarter_inch_to_one_inch unit="tons_per_acre" min="0.3" max="4">3.2</quarter_inch_to_one_inch>
					<one_to_three_inches unit="tons_per_acre" min="1" max="6">6.6</one_to_three_inches>
				</loadings_zero_to_three_inches>
				<loadings_greater_than_three_inches>
					<three_to_nine_inches unit="tons_per_acre" min="0.5" max="12">4.3</three_to_nine_inches>
					<nine_to_twenty_inches unit="tons_per_acre" min="0.5" max="25">8.9</nine_to_twenty_inches>
					<greater_than_twenty_inches unit="tons_per_acre" min="0" max="5">3.4</greater_than_twenty_inches>
				</loadings_greater_than_three_inches>
				<all_sound_wood>
					<species>
						<species_description>
							<tsn>183284</tsn>
							<relative_cover>100.00</relative_cover>
						</species_description>
					</species>
				</all_sound_wood>
			</sound_wood>
			<rotten_wood>
				<loadings_greater_than_three_inches>
					<three_to_nine_inches unit="tons_per_acre" min="0.5" max="10">0.8</three_to_nine_inches>
					<nine_to_twenty_inches unit="tons_per_acre" min="0.5" max="12">1.6</nine_to_twenty_inches>
					<greater_than_twenty_inches unit="tons_per_acre" min="0" max="5">0.6</greater_than_twenty_inches>
				</loadings_greater_than_three_inches>
				<all_rotten_wood>
					<species>
						<species_description>
							<tsn>183284</tsn>
							<relative_cover>100.00</relative_cover>
						</species_description>
					</species>
				</all_rotten_wood>
			</rotten_wood>
			<stumps>
				<sound>
					<stem_density unit="number_per_acre" min="0" max="10" reference_id="1358">86.5</stem_density>
					<diameter unit="inches" min="8" max="40" reference_id="1358">11</diameter>
					<height unit="feet" min="0.6" max="4.5" reference_id="1358">2</height>
					<species>
						<species_description>
							<tsn>183284</tsn>
							<relative_cover>100.00</relative_cover>
						</species_description>
					</species>
				</sound>
				<rotten>
					<stem_density unit="number_per_acre" min="0" max="12">2.5</stem_density>
					<diameter unit="inches" min="8" max="40">12</diameter>
					<height unit="feet" min="0.6" max="4.5">2</height>
					<species>
						<species_description>
							<tsn>183284</tsn>
							<relative_cover>100.00</relative_cover>
						</species_description>
					</species>
				</rotten>
				<lightered_pitchy>
					<stem_density unit="number_per_acre" />
					<diameter unit="inches" />
					<height unit="feet" />
					<species />
				</lightered_pitchy>
			</stumps>
			<piles>
				<clean_loading unit="tons_per_acre">0.064866</clean_loading>
				<dirty_loading unit="tons_per_acre">0.000000</dirty_loading>
				<verydirty_loading unit="tons_per_acre">0.000000</verydirty_loading>
				<pileData>
					<header>pileGroupID,pileGroupName,numPiles,pileType,pileShape,W1,L1,H1,W2,L2,H2,soilPercent,packingRatio,handPileSpecies,species1_TSN,species1_percent,species2_TSN,species2_percent,pileQuality,percentConsumed</header>
					<pileGroups>
						<pileGroup>2,,2,1,5,3.00,12.00,2.00,,,,,,2,,,,,,90</pileGroup>
					</pileGroups>
				</pileData>
			</piles>
		</woody_fuel>
		<moss_lichen_litter>
			<moss>
				<percent_cover unit="number" min="0" max="40" reference_id="1412">20</percent_cover>
				<depth unit="inches" min="0.1" max="0.5">0.1</depth>
				<type>2</type>
			</moss>
			<ground_lichen>
				<percent_cover unit="number" min="0" max="20" reference_id="1412">5</percent_cover>
				<depth unit="inches" min="0.1" max="0.5">0.1</depth>
			</ground_lichen>
			<litter>
				<percent_cover unit="number" min="20" max="95" reference_id="459">100</percent_cover>
				<depth unit="inches" min="0.1" max="4">0.7000000000000001</depth>
				<arrangement>1</arrangement>
				<litter_type>
					<short_needle_pine>
						<relative_cover />
					</short_needle_pine>
					<long_needle_pine>
						<relative_cover />
					</long_needle_pine>
					<other_conifer>
						<relative_cover>100.00</relative_cover>
					</other_conifer>
					<broadleaf_deciduous>
						<relative_cover />
					</broadleaf_deciduous>
					<broadleaf_evergreen>
						<relative_cover />
					</broadleaf_evergreen>
					<palm_frond>
						<relative_cover />
					</palm_frond>
					<grass>
						<relative_cover />
					</grass>
				</litter_type>
			</litter>
		</moss_lichen_litter>
		<ground_fuel>
			<duff>
				<upper>
					<percent_cover unit="number" min="60" max="100" reference_id="459">89</percent_cover>
					<depth unit="inches" min="0" max="3">1</depth>
					<derivation>1</derivation>
				</upper>
				<lower>
					<percent_cover unit="number" min="60" max="100" reference_id="459">89</percent_cover>
					<depth unit="inches" min="0" max="6">1</depth>
					<derivation>3</derivation>
				</lower>
			</duff>
			<basal_accumulation>
				<radius unit="feet" min="0.41" max="2.16">1.66</radius>
				<depth unit="inches" min="0.5" max="10" reference_id="1358">3</depth>
				<number_per_unit_area unit="number_per_acre">4.8</number_per_unit_area>
				<type>2</type>
			</basal_accumulation>
			<squirrel_middens>
				<depth unit="inches" />
				<number_per_unit_area unit="number_per_acre" />
				<radius unit="feet" />
			</squirrel_middens>
		</ground_fuel>
	</fuelbed>
</FCCS_file>
