<?xml version="1.0"?>
<FCCS_file xmlns:xsi="http://www.w3.org/2001/XMLSchema-instance" xsi:noNamespaceSchemaLocation="cash.xsd" schemaVersion="1.4">
	<fuelbed_number>218_411</fuelbed_number>
	<fuelbed_name>Gambel oak/big sagebrush shrubland</fuelbed_name>
	<fuelbed_description>Gambel oak and sagebrush are often codominant in the shrublands of the southern and central Rocky Mountains of Arizona, New Mexico, Colorado, and Utah. The shrublands are maintained through wildfire. This fuelbed was developed based on data from Zion National Park.</fuelbed_description>
	<ecoregion>340</ecoregion>
	<vegetation_form>6</vegetation_form>
	<structural_class>4</structural_class>
	<cover_type>209</cover_type>
	<change_agent>2</change_agent>
	<natural_fire_regime>4</natural_fire_regime>
	<condition_class>3</condition_class>
	<user_name />
	<address />
	<affiliation />
	<phone />
	<file_owner_email />
	<notes />
	<site_photo />
	<date_collected>2003-09-17</date_collected>
	<fuelbed_confidence>3</fuelbed_confidence>
	<fuelbed>
		<canopy>
			<trees>
				<total_percent_cover unit="number" min="10" max="75">38.25</total_percent_cover>
				<overstory>
					<percent_cover unit="number" min="0" max="20">1.7</percent_cover>
					<height unit="feet" min="10" max="50" reference_id="1358">35</height>
					<height_to_live_crown unit="feet" min="0" max="20">5</height_to_live_crown>
					<stem_density unit="number_per_acre" min="0" max="10" reference_id="4006">0.68</stem_density>
					<diameter_at_breast_height unit="inches" min="6" max="20" reference_id="4006">6.4</diameter_at_breast_height>
					<species>
						<species_description>
							<tsn>19337</tsn>
							<relative_cover>100.00</relative_cover>
						</species_description>
					</species>
				</overstory>
				<midstory>
					<percent_cover unit="number">0.0</percent_cover>
					<height unit="feet" />
					<height_to_live_crown unit="feet" />
					<stem_density unit="number_per_acre">0.0</stem_density>
					<diameter_at_breast_height unit="inches" />
					<species />
				</midstory>
				<understory>
					<percent_cover unit="number" min="10" max="75">45</percent_cover>
					<height unit="feet" min="4" max="45" reference_id="4006">23</height>
					<height_to_live_crown unit="feet" min="0" max="10">2</height_to_live_crown>
					<stem_density unit="number_per_acre" min="40" max="400" reference_id="4006">112</stem_density>
					<diameter_at_breast_height unit="inches" min="0.5" max="8" reference_id="4006">2.7</diameter_at_breast_height>
					<species>
						<species_description>
							<tsn>19337</tsn>
							<relative_cover>100.00</relative_cover>
						</species_description>
					</species>
				</understory>
			</trees>
			<snags>
				<class_1_conifers_with_foliage>
					<percent_cover unit="number">0.0</percent_cover>
					<height_to_crown_base unit="feet" />
					<stem_density unit="number_per_acre">0.0</stem_density>
					<diameter unit="inches" />
					<height unit="feet" />
					<species />
				</class_1_conifers_with_foliage>
				<class_1_all_others>
					<stem_density unit="number_per_acre">0.0</stem_density>
					<diameter unit="inches" />
					<height unit="feet" />
					<species />
				</class_1_all_others>
				<class_2>
					<stem_density unit="number_per_acre">0.0</stem_density>
					<diameter unit="inches" />
					<height unit="feet" />
					<species />
				</class_2>
				<class_3>
					<stem_density unit="number_per_acre">0.0</stem_density>
					<diameter unit="inches" />
					<height unit="feet" />
					<species />
				</class_3>
			</snags>
			<ladder_fuels>
				<minimum_height unit="feet" />
				<maximum_height unit="feet" />
				<is_vertically_contiguous />
				<type />
			</ladder_fuels>
		</canopy>
		<shrubs>
			<primary_layer>
				<percent_cover unit="number" min="5" max="40" reference_id="4006">16.92</percent_cover>
				<height unit="feet" min="0.5" max="6" reference_id="4006">2.7</height>
				<percent_live unit="number" min="60" max="100">81.0</percent_live>
				<species>
					<species_description>
						<tsn>35498</tsn>
						<relative_cover>47.00</relative_cover>
					</species_description>
					<species_description>
						<tsn>35338</tsn>
						<relative_cover>34.00</relative_cover>
					</species_description>
					<species_description>
						<tsn>23512</tsn>
						<relative_cover>12.00</relative_cover>
					</species_description>
					<species_description>
						<tsn>25290</tsn>
						<relative_cover>4.00</relative_cover>
					</species_description>
					<species_description>
						<tsn>28779</tsn>
						<relative_cover>2.00</relative_cover>
					</species_description>
					<species_description>
						<tsn>24847</tsn>
						<relative_cover>1.00</relative_cover>
					</species_description>
				</species>
			</primary_layer>
			<secondary_layer>
				<percent_cover unit="number" min="0" max="8" reference_id="4006">0.9</percent_cover>
				<height unit="feet" min="0.1" max="1" reference_id="4006">0.3</height>
				<percent_live unit="number" min="75" max="100">88.2</percent_live>
				<species>
					<species_description>
						<tsn>18832</tsn>
						<relative_cover>90.00</relative_cover>
					</species_description>
					<species_description>
						<tsn>504149</tsn>
						<relative_cover>10.00</relative_cover>
					</species_description>
				</species>
			</secondary_layer>
			<needle_drape>
				<is_sufficient_to_affect_fire_behavior>0</is_sufficient_to_affect_fire_behavior>
			</needle_drape>
		</shrubs>
		<herbaceous>
			<primary_layer>
				<percent_cover unit="number" min="0" max="20" reference_id="4006">3.6</percent_cover>
				<height unit="feet" min="0.1" max="3" reference_id="4006">0.7</height>
				<percent_live unit="number" min="50" max="100">80</percent_live>
				<loading unit="tons_per_acre" min="0" max="2">0.1</loading>
				<species>
					<species_description>
						<tsn>503341</tsn>
						<relative_cover>47.00</relative_cover>
					</species_description>
					<species_description>
						<tsn>26331</tsn>
						<relative_cover>17.00</relative_cover>
					</species_description>
					<species_description>
						<tsn>28038</tsn>
						<relative_cover>11.00</relative_cover>
					</species_description>
					<species_description>
						<tsn>528691</tsn>
						<relative_cover>8.00</relative_cover>
					</species_description>
					<species_description>
						<tsn>36279</tsn>
						<relative_cover>6.00</relative_cover>
					</species_description>
					<species_description>
						<tsn>36818</tsn>
						<relative_cover>6.00</relative_cover>
					</species_description>
					<species_description>
						<tsn>38674</tsn>
						<relative_cover>5.00</relative_cover>
					</species_description>
				</species>
			</primary_layer>
			<secondary_layer>
				<percent_cover unit="number" min="0" max="10" reference_id="4006">1.7</percent_cover>
				<height unit="feet" min="0.2" max="4" reference_id="4006">1</height>
				<percent_live unit="number" min="50" max="100">80</percent_live>
				<loading unit="tons_per_acre" min="0" max="1">0.01</loading>
				<species>
					<species_description>
						<tsn>525116</tsn>
						<relative_cover>46.00</relative_cover>
					</species_description>
					<species_description>
						<tsn>504467</tsn>
						<relative_cover>24.00</relative_cover>
					</species_description>
					<species_description>
						<tsn>507943</tsn>
						<relative_cover>18.00</relative_cover>
					</species_description>
					<species_description>
						<tsn>39786</tsn>
						<relative_cover>12.00</relative_cover>
					</species_description>
				</species>
			</secondary_layer>
		</herbaceous>
		<woody_fuel>
			<all_downed_woody_fuel>
				<total_percent_cover unit="number" min="25" max="75">62.5</total_percent_cover>
				<depth unit="inches" min="0.1" max="2">0.625</depth>
			</all_downed_woody_fuel>
			<sound_wood>
				<loadings_zero_to_three_inches>
					<zero_to_quarter_inch unit="tons_per_acre" min="0" max="1">0.30000000000000004</zero_to_quarter_inch>
					<quarter_inch_to_one_inch unit="tons_per_acre" min="0" max="2">0.8999999999999999</quarter_inch_to_one_inch>
					<one_to_three_inches unit="tons_per_acre" min="0" max="4">1.5</one_to_three_inches>
				</loadings_zero_to_three_inches>
				<loadings_greater_than_three_inches>
					<three_to_nine_inches unit="tons_per_acre" min="0" max="2">1.0</three_to_nine_inches>
					<nine_to_twenty_inches unit="tons_per_acre" min="0" max="0.5">0</nine_to_twenty_inches>
					<greater_than_twenty_inches unit="tons_per_acre" min="0" max="0">0</greater_than_twenty_inches>
				</loadings_greater_than_three_inches>
				<all_sound_wood>
					<species />
				</all_sound_wood>
			</sound_wood>
			<rotten_wood>
				<loadings_greater_than_three_inches>
					<three_to_nine_inches unit="tons_per_acre" />
					<nine_to_twenty_inches unit="tons_per_acre" />
					<greater_than_twenty_inches unit="tons_per_acre" />
				</loadings_greater_than_three_inches>
				<all_rotten_wood>
					<species />
				</all_rotten_wood>
			</rotten_wood>
			<stumps>
				<sound>
					<stem_density unit="number_per_acre" />
					<diameter unit="inches" />
					<height unit="feet" />
					<species />
				</sound>
				<rotten>
					<stem_density unit="number_per_acre" />
					<diameter unit="inches" />
					<height unit="feet" />
					<species />
				</rotten>
				<lightered_pitchy>
					<stem_density unit="number_per_acre" />
					<diameter unit="inches" />
					<height unit="feet" />
					<species />
				</lightered_pitchy>
			</stumps>
		</woody_fuel>
		<moss_lichen_litter>
			<moss>
				<percent_cover unit="number" />
				<depth unit="inches" />
				<type />
			</moss>
			<ground_lichen>
				<percent_cover unit="number" />
				<depth unit="inches" />
			</ground_lichen>
			<litter>
				<percent_cover unit="number" min="25" max="75">62.5</percent_cover>
				<depth unit="inches" min="0" max="2">0.75</depth>
				<arrangement>1</arrangement>
				<litter_type>
					<short_needle_pine>
						<relative_cover />
					</short_needle_pine>
					<long_needle_pine>
						<relative_cover />
					</long_needle_pine>
					<other_conifer>
						<relative_cover />
					</other_conifer>
					<broadleaf_deciduous>
						<relative_cover>100.00</relative_cover>
					</broadleaf_deciduous>
					<broadleaf_evergreen>
						<relative_cover />
					</broadleaf_evergreen>
					<palm_frond>
						<relative_cover />
					</palm_frond>
					<grass>
						<relative_cover />
					</grass>
				</litter_type>
			</litter>
		</moss_lichen_litter>
		<ground_fuel>
			<duff>
				<upper>
					<percent_cover unit="number" min="25" max="75">50</percent_cover>
					<depth unit="inches" min="0" max="2">0.6</depth>
					<derivation>1</derivation>
				</upper>
				<lower>
					<percent_cover unit="number" min="25" max="75" />
					<depth unit="inches" min="0" max="2" />
					<derivation />
					<loading unit="tons_per_acre" />
				</lower>
			</duff>
			<basal_accumulation>
				<radius unit="feet" />
				<depth unit="inches" />
				<number_per_unit_area unit="number_per_acre" />
				<type />
			</basal_accumulation>
			<squirrel_middens>
				<depth unit="inches" />
				<number_per_unit_area unit="number_per_acre" />
				<radius unit="feet" />
			</squirrel_middens>
		</ground_fuel>
	</fuelbed>
</FCCS_file>
