<?xml version="1.0"?>
<FCCS_file xmlns:xsi="http://www.w3.org/2001/XMLSchema-instance" xsi:noNamespaceSchemaLocation="cash.xsd" schemaVersion="1.4">
	<fuelbed_number>360_512</fuelbed_number>
	<fuelbed_name>Oregon white oak forest</fuelbed_name>
	<fuelbed_description>Oregon white oak forest.  Resprouting Oregon white oak is common in lower elevations in southcentral Washington Cascade Range.  It occurs in pure stands at the lowest forested locations and mixed stands at higher elevations. Regeneration is often from sprouting in limbs above ground after fire.</fuelbed_description>
	<ecoregion>240</ecoregion>
	<vegetation_form>1</vegetation_form>
	<structural_class>5</structural_class>
	<cover_type>140</cover_type>
	<change_agent>32</change_agent>
	<natural_fire_regime>1</natural_fire_regime>
	<condition_class>1</condition_class>
	<user_name>Tom Leuschen</user_name>
	<address>PO Box 664
Twisp, Washington 98856</address>
	<affiliation>Fire Vision LLC, contract consultant</affiliation>
	<phone>509-997-5052</phone>
	<file_owner_email>tom@firevisionllc.com</file_owner_email>
	<notes> This fuelbed created in cooperation with Richy Harrod, Jim Bailey, John Barnes, and Rick Lind of the Okanogan and Wenatchee NF. Edited by Susan Prichard and Ellen Eberhardt, February 2009.</notes>
	<date_collected>Mar 30, 2009</date_collected>
	<fuelbed_confidence />
	<fuelbed>
		<canopy>
			<trees>
				<total_percent_cover unit="number" min="5" max="60" reference_id="1358">29.924999999999997</total_percent_cover>
				<overstory>
					<percent_cover unit="number" min="0" max="60" reference_id="1358">17.099999999999998</percent_cover>
					<height unit="feet" min="20" max="80" reference_id="1334">60</height>
					<height_to_live_crown unit="feet" min="5" max="40" reference_id="1358">11.55</height_to_live_crown>
					<stem_density unit="number_per_acre" min="0" max="40">6.84</stem_density>
					<diameter_at_breast_height unit="inches" min="20" max="100" reference_id="1334">48.1</diameter_at_breast_height>
					<species>
						<species_description>
							<tsn>19340</tsn>
							<relative_cover>75.00</relative_cover>
						</species_description>
						<species_description>
							<tsn>183424</tsn>
							<relative_cover>25.00</relative_cover>
						</species_description>
					</species>
				</overstory>
				<midstory>
					<percent_cover unit="number" min="5" max="60" reference_id="1358">29.924999999999997</percent_cover>
					<height unit="feet" min="10" max="60" reference_id="1358">40</height>
					<height_to_live_crown unit="feet" min="1" max="30" reference_id="1358">11.55</height_to_live_crown>
					<stem_density unit="number_per_acre" min="5" max="50" reference_id="1334">19.323000000000004</stem_density>
					<diameter_at_breast_height unit="inches" min="6" max="60" reference_id="1334">17.3</diameter_at_breast_height>
					<species>
						<species_description>
							<tsn>19340</tsn>
							<relative_cover>73.00</relative_cover>
						</species_description>
						<species_description>
							<tsn>194872</tsn>
							<relative_cover>15.00</relative_cover>
						</species_description>
						<species_description>
							<tsn>23627</tsn>
							<relative_cover>12.00</relative_cover>
						</species_description>
					</species>
				</midstory>
				<understory>
					<percent_cover unit="number" min="0" max="20" reference_id="1358">3</percent_cover>
					<height unit="feet" min="5" max="25" reference_id="1334">7.7</height>
					<height_to_live_crown unit="feet" min="0" max="10" reference_id="1358">1</height_to_live_crown>
					<stem_density unit="number_per_acre" min="0" max="60" reference_id="1334">8.6</stem_density>
					<diameter_at_breast_height unit="inches" min="0.5" max="6" reference_id="1358">3.6</diameter_at_breast_height>
					<species>
						<species_description>
							<tsn>183424</tsn>
							<relative_cover>33.00</relative_cover>
						</species_description>
						<species_description>
							<tsn>23627</tsn>
							<relative_cover>31.00</relative_cover>
						</species_description>
						<species_description>
							<tsn>19340</tsn>
							<relative_cover>28.00</relative_cover>
						</species_description>
						<species_description>
							<tsn>194872</tsn>
							<relative_cover>8.00</relative_cover>
						</species_description>
					</species>
				</understory>
			</trees>
			<snags>
				<class_1_conifers_with_foliage>
					<percent_cover unit="number" min="0" max="70">5.21415</percent_cover>
					<height_to_crown_base unit="feet" min="0" max="70">46.690000000000005</height_to_crown_base>
					<stem_density unit="number_per_acre" min="0" max="5" reference_id="1334">5.1370000000000005</stem_density>
					<diameter unit="inches" min="8" max="100">25.352287581699343</diameter>
					<height unit="feet" min="20" max="150" reference_id="1358">70</height>
					<species>
						<species_description>
							<tsn>183424</tsn>
							<relative_cover>100.00</relative_cover>
						</species_description>
					</species>
				</class_1_conifers_with_foliage>
				<class_1_all_others>
					<stem_density unit="number_per_acre">3.7600000000000007</stem_density>
					<diameter unit="inches">25.352287581699343</diameter>
					<height unit="feet">70</height>
					<species />
				</class_1_all_others>
				<class_2>
					<stem_density unit="number_per_acre"></stem_density>
					<diameter unit="inches"></diameter>
					<height unit="feet"></height>
					<species />
				</class_2>
				<class_3>
					<stem_density unit="number_per_acre" min="0" max="5" reference_id="1334"></stem_density>
					<diameter unit="inches" min="8" max="100" reference_id="1334"></diameter>
					<height unit="feet" min="20" max="90" reference_id="1358"></height>
					<species>
						<species_description>
							<tsn>183424</tsn>
							<relative_cover>100.00</relative_cover>
						</species_description>
					</species>
				</class_3>
			</snags>
			<ladder_fuels>
				<minimum_height unit="feet" />
				<maximum_height unit="feet" />
				<is_vertically_contiguous />
				<type />
			</ladder_fuels>
		</canopy>
		<shrubs>
			<primary_layer>
				<percent_cover unit="number" min="5" max="80" reference_id="1334">48</percent_cover>
				<height unit="feet" min="0.7" max="8" reference_id="1358">4</height>
				<percent_live unit="number" min="80" max="100" reference_id="1358">90</percent_live>
				<species>
					<species_description>
						<tsn>35332</tsn>
						<relative_cover>68.00</relative_cover>
					</species_description>
					<species_description>
						<tsn>25177</tsn>
						<relative_cover>14.00</relative_cover>
					</species_description>
					<species_description>
						<tsn>24835</tsn>
						<relative_cover>7.00</relative_cover>
					</species_description>
					<species_description>
						<tsn>24968</tsn>
						<relative_cover>5.00</relative_cover>
					</species_description>
					<species_description>
						<tsn>25073</tsn>
						<relative_cover>4.00</relative_cover>
					</species_description>
					<species_description>
						<tsn>24828</tsn>
						<relative_cover>1.00</relative_cover>
					</species_description>
					<species_description>
						<tsn>24853</tsn>
						<relative_cover>1.00</relative_cover>
					</species_description>
				</species>
			</primary_layer>
			<secondary_layer>
				<percent_cover unit="number" />
				<height unit="feet" />
				<percent_live unit="number" />
				<species />
			</secondary_layer>
			<needle_drape>
				<is_sufficient_to_affect_fire_behavior>0</is_sufficient_to_affect_fire_behavior>
			</needle_drape>
		</shrubs>
		<herbaceous>
			<primary_layer>
				<percent_cover unit="number" min="20" max="80" reference_id="1334">62.4</percent_cover>
				<height unit="feet" min="0.1" max="3" reference_id="1334">0.5</height>
				<loading unit="tons_per_acre" min="0" max="6">0.6</loading>
				<percent_live unit="number" min="25" max="100" reference_id="1358">75</percent_live>
				<species>
					<species_description>
						<tsn>41443</tsn>
						<relative_cover>43.00</relative_cover>
					</species_description>
					<species_description>
						<tsn>40522</tsn>
						<relative_cover>27.00</relative_cover>
					</species_description>
					<species_description>
						<tsn>40684</tsn>
						<relative_cover>11.00</relative_cover>
					</species_description>
					<species_description>
						<tsn>41376</tsn>
						<relative_cover>5.00</relative_cover>
					</species_description>
					<species_description>
						<tsn>41773</tsn>
						<relative_cover>4.00</relative_cover>
					</species_description>
					<species_description>
						<tsn>193446</tsn>
						<relative_cover>4.00</relative_cover>
					</species_description>
					<species_description>
						<tsn>41378</tsn>
						<relative_cover>3.00</relative_cover>
					</species_description>
					<species_description>
						<tsn>41625</tsn>
						<relative_cover>2.00</relative_cover>
					</species_description>
					<species_description>
						<tsn>41163</tsn>
						<relative_cover>1.00</relative_cover>
					</species_description>
				</species>
			</primary_layer>
			<secondary_layer>
				<percent_cover unit="number" min="5" max="60" reference_id="1334">39</percent_cover>
				<height unit="feet" min="0.1" max="1.5" reference_id="1334">0.3</height>
				<loading unit="tons_per_acre" min="0" max="1">0.1</loading>
				<percent_live unit="number" min="20" max="100" reference_id="1358">60</percent_live>
				<species>
					<species_description>
						<tsn>34797</tsn>
						<relative_cover>28.00</relative_cover>
					</species_description>
					<species_description>
						<tsn>847533</tsn>
						<relative_cover>23.00</relative_cover>
					</species_description>
					<species_description>
						<tsn>26343</tsn>
						<relative_cover>16.00</relative_cover>
					</species_description>
					<species_description>
						<tsn>26355</tsn>
						<relative_cover>10.00</relative_cover>
					</species_description>
					<species_description>
						<tsn>17224</tsn>
						<relative_cover>9.00</relative_cover>
					</species_description>
					<species_description>
						<tsn>504901</tsn>
						<relative_cover>5.00</relative_cover>
					</species_description>
					<species_description>
						<tsn>31428</tsn>
						<relative_cover>4.00</relative_cover>
					</species_description>
					<species_description>
						<tsn>36428</tsn>
						<relative_cover>4.00</relative_cover>
					</species_description>
					<species_description>
						<tsn>35237</tsn>
						<relative_cover>1.00</relative_cover>
					</species_description>
				</species>
			</secondary_layer>
		</herbaceous>
		<woody_fuel>
			<all_downed_woody_fuel>
				<total_percent_cover unit="number" min="30" max="85" reference_id="1358">66.0</total_percent_cover>
				<depth unit="inches" min="0.5" max="5" reference_id="1358">2.2</depth>
			</all_downed_woody_fuel>
			<sound_wood>
				<all_sound_wood>
					<species>
						<species_description>
							<tsn>183424</tsn>
							<relative_cover>75.00</relative_cover>
						</species_description>
						<species_description>
							<tsn>19340</tsn>
							<relative_cover>25.00</relative_cover>
						</species_description>
					</species>
				</all_sound_wood>
				<loadings_zero_to_three_inches>
					<zero_to_quarter_inch unit="tons_per_acre" min="0" max="1" reference_id="1334">0.11000000000000001</zero_to_quarter_inch>
					<quarter_inch_to_one_inch unit="tons_per_acre" min="0.1" max="1" reference_id="1334">0.44000000000000006</quarter_inch_to_one_inch>
					<one_to_three_inches unit="tons_per_acre" min="0.1" max="1.5" reference_id="1334">0.8800000000000001</one_to_three_inches>
				</loadings_zero_to_three_inches>
				<loadings_greater_than_three_inches>
					<three_to_nine_inches unit="tons_per_acre" min="0" max="6" reference_id="1334">2.6</three_to_nine_inches>
					<nine_to_twenty_inches unit="tons_per_acre" min="0" max="6" reference_id="1334">2.2</nine_to_twenty_inches>
					<greater_than_twenty_inches unit="tons_per_acre" min="0" max="6" reference_id="1334">0</greater_than_twenty_inches>
				</loadings_greater_than_three_inches>
			</sound_wood>
			<rotten_wood>
				<all_rotten_wood>
					<species>
						<species_description>
							<tsn>183424</tsn>
							<relative_cover>75.00</relative_cover>
						</species_description>
						<species_description>
							<tsn>19340</tsn>
							<relative_cover>25.00</relative_cover>
						</species_description>
					</species>
				</all_rotten_wood>
				<loadings_greater_than_three_inches>
					<three_to_nine_inches unit="tons_per_acre" min="0" max="6" reference_id="1334">0.3</three_to_nine_inches>
					<nine_to_twenty_inches unit="tons_per_acre" min="0" max="5" reference_id="1334">0.7</nine_to_twenty_inches>
					<greater_than_twenty_inches unit="tons_per_acre" min="0" max="6" reference_id="1358">0.7</greater_than_twenty_inches>
				</loadings_greater_than_three_inches>
			</rotten_wood>
			<stumps>
				<sound>
					<stem_density unit="number_per_acre" min="5" max="40" reference_id="1358">20</stem_density>
					<diameter unit="inches" min="6" max="40" reference_id="1358">12</diameter>
					<height unit="feet" min="0.5" max="3" reference_id="1358">0.8</height>
					<species>
						<species_description>
							<tsn>183424</tsn>
							<relative_cover>100.00</relative_cover>
						</species_description>
					</species>
				</sound>
				<rotten>
					<stem_density unit="number_per_acre" min="0" max="15" reference_id="1358">5</stem_density>
					<diameter unit="inches" min="8" max="80" reference_id="1358">20</diameter>
					<height unit="feet" min="0.5" max="4" reference_id="1358">1.2</height>
					<species>
						<species_description>
							<tsn>183424</tsn>
							<relative_cover>100.00</relative_cover>
						</species_description>
					</species>
				</rotten>
				<lightered_pitchy>
					<stem_density unit="number_per_acre" />
					<diameter unit="inches" />
					<height unit="feet" />
					<species />
				</lightered_pitchy>
			</stumps>
			<piles>
				<clean_loading unit="tons_per_acre">0.135985</clean_loading>
				<dirty_loading unit="tons_per_acre">0.000000</dirty_loading>
				<verydirty_loading unit="tons_per_acre">0.000000</verydirty_loading>
				<pileData>
					<header>pileGroupID,pileGroupName,numPiles,pileType,pileShape,W1,L1,H1,W2,L2,H2,soilPercent,packingRatio,handPileSpecies,species1_TSN,species1_percent,species2_TSN,species2_percent,pileQuality,percentConsumed</header>
					<pileGroups>
						<pileGroup>1,,1,1,5,4.00,8.00,3.00,,,,,,1,,,,,,90</pileGroup>
					</pileGroups>
				</pileData>
			</piles>
		</woody_fuel>
		<moss_lichen_litter>
			<moss>
				<type>2</type>
				<percent_cover unit="number" min="5" max="40" reference_id="1334">21.2</percent_cover>
				<depth unit="inches" min="0.1" max="1.7" reference_id="1358">0.1</depth>
			</moss>
			<ground_lichen>
				<percent_cover unit="number" min="0" max="2" reference_id="1334">0.3</percent_cover>
				<depth unit="inches" min="0.1" max="0.8" reference_id="1358">0.1</depth>
			</ground_lichen>
			<litter>
				<percent_cover unit="number" min="50" max="100" reference_id="1358">93.50000000000001</percent_cover>
				<depth unit="inches" min="0.1" max="1.2" reference_id="1334">0.55</depth>
				<arrangement>1</arrangement>
				<litter_type>
					<short_needle_pine>
						<relative_cover />
					</short_needle_pine>
					<long_needle_pine>
						<relative_cover />
					</long_needle_pine>
					<other_conifer>
						<relative_cover>80.00</relative_cover>
					</other_conifer>
					<broadleaf_deciduous>
						<relative_cover>10.00</relative_cover>
					</broadleaf_deciduous>
					<broadleaf_evergreen>
						<relative_cover />
					</broadleaf_evergreen>
					<palm_frond>
						<relative_cover />
					</palm_frond>
					<grass>
						<relative_cover>10.00</relative_cover>
					</grass>
				</litter_type>
			</litter>
		</moss_lichen_litter>
		<ground_fuel>
			<duff>
				<upper>
					<depth unit="inches" min="0" max="1" reference_id="1334">0.1</depth>
					<percent_cover unit="number" min="75" max="100" reference_id="1358">95</percent_cover>
					<derivation>1</derivation>
				</upper>
				<lower>
					<depth unit="inches" min="0" max="6" reference_id="1334">0.2</depth>
					<percent_cover unit="number" min="75" max="100" reference_id="1358">95</percent_cover>
					<derivation>3</derivation>
				</lower>
			</duff>
			<squirrel_middens>
				<depth unit="inches" />
				<radius unit="feet" />
				<number_per_unit_area unit="number_per_acre" />
			</squirrel_middens>
			<basal_accumulation>
				<depth unit="inches" min="0.2" max="4" reference_id="1358">1</depth>
				<radius unit="feet" min="1.5" max="4.16" reference_id="1358">2.5</radius>
				<number_per_unit_area unit="number_per_acre">3.2</number_per_unit_area>
				<type>5</type>
			</basal_accumulation>
		</ground_fuel>
	</fuelbed>
</FCCS_file>
