<?xml version="1.0"?>
<FCCS_file xmlns:xsi="http://www.w3.org/2001/XMLSchema-instance" schemaVersion="1.4" xsi:schemaLocation="conf\\us.fed.fs.fera.fccs.xsd">
	<fuelbed_number>161_222</fuelbed_number>
	<fuelbed_name>Loblolly-slash pine plantation</fuelbed_name>
	<fuelbed_description>Conservation Reserve Program (CRP) plantations found throughout the southeastern U.S. This description based on a 20-year-old CRP plantation on medium site index. Sparse shrub and herbaceous layers. This fuelbed based on loblolly pine, but slash pine is also planted in CRP plantations.</fuelbed_description>
	<ecoregion>230</ecoregion>
	<vegetation_form>2</vegetation_form>
	<structural_class>3</structural_class>
	<cover_type>70,72</cover_type>
	<change_agent>18</change_agent>
	<natural_fire_regime>1</natural_fire_regime>
	<condition_class />
	<user_name />
	<address />
	<affiliation />
	<phone />
	<file_owner_email />
	<notes />
	<date_collected>Sep 9, 2011</date_collected>
	<fuelbed_confidence />
	<fuelbed>
		<canopy>
			<trees>
				<total_percent_cover unit="number" min="80" max="100">60.300000000000004</total_percent_cover>
				<overstory>
					<percent_cover unit="number" min="80" max="100">45.0</percent_cover>
					<height unit="feet" min="45" max="85">70</height>
					<height_to_live_crown unit="feet" min="30" max="65">82.5</height_to_live_crown>
					<stem_density unit="number_per_acre" min="550" max="800">312.5</stem_density>
					<diameter_at_breast_height unit="inches" min="6" max="12">8.75</diameter_at_breast_height>
					<species>
						<species_description>
							<tsn>18037</tsn>
							<relative_cover>100.00</relative_cover>
						</species_description>
					</species>
				</overstory>
				<midstory>
					<percent_cover unit="number">0.0</percent_cover>
					<height unit="feet" />
					<height_to_live_crown unit="feet">0.0</height_to_live_crown>
					<stem_density unit="number_per_acre">0.0</stem_density>
					<diameter_at_breast_height unit="inches">0.0</diameter_at_breast_height>
					<species />
				</midstory>
				<understory>
					<percent_cover unit="number" min="0" max="20">0.0</percent_cover>
					<height unit="feet" min="4" max="15">0.0</height>
					<height_to_live_crown unit="feet" min="1" max="5">0.0</height_to_live_crown>
					<stem_density unit="number_per_acre" min="5" max="20">0.0</stem_density>
					<diameter_at_breast_height unit="inches" min="2" max="6">0.0</diameter_at_breast_height>
					<species>
						<species_description>
							<tsn>19027</tsn>
							<relative_cover>50.00</relative_cover>
						</species_description>
						<species_description>
							<tsn>28728</tsn>
							<relative_cover>50.00</relative_cover>
						</species_description>
					</species>
				</understory>
			</trees>
			<snags>
				<class_1_conifers_with_foliage>
					<percent_cover unit="number" />
					<height_to_crown_base unit="feet" />
					<stem_density unit="number_per_acre" />
					<diameter unit="inches" />
					<height unit="feet" />
					<species />
				</class_1_conifers_with_foliage>
				<class_1_all_others>
					<stem_density unit="number_per_acre" />
					<diameter unit="inches" />
					<height unit="feet" />
					<species />
				</class_1_all_others>
				<class_2>
					<stem_density unit="number_per_acre" min="0" max="10">5</stem_density>
					<diameter unit="inches" min="2" max="6">4</diameter>
					<height unit="feet" min="15" max="30">20</height>
					<species>
						<species_description>
							<tsn>18037</tsn>
							<relative_cover>100.00</relative_cover>
						</species_description>
					</species>
				</class_2>
				<class_3>
					<stem_density unit="number_per_acre" />
					<diameter unit="inches" />
					<height unit="feet" />
					<species />
				</class_3>
			</snags>
			<ladder_fuels>
				<minimum_height unit="feet" />
				<maximum_height unit="feet" />
				<is_vertically_contiguous />
				<type />
			</ladder_fuels>
		</canopy>
		<shrubs>
			<primary_layer>
				<percent_cover unit="number" min="0" max="30">6.25</percent_cover>
				<height unit="feet" min="1" max="15">8</height>
				<percent_live unit="number" min="70" max="100">80.0</percent_live>
				<species>
					<species_description>
						<tsn>27986</tsn>
						<relative_cover>40.00</relative_cover>
					</species_description>
					<species_description>
						<tsn>24848</tsn>
						<relative_cover>30.00</relative_cover>
					</species_description>
					<species_description>
						<tsn>32144</tsn>
						<relative_cover>30.00</relative_cover>
					</species_description>
				</species>
			</primary_layer>
			<secondary_layer>
				<percent_cover unit="number">0.0</percent_cover>
				<height unit="feet" />
				<percent_live unit="number">0.0</percent_live>
				<species />
			</secondary_layer>
			<needle_drape>
				<is_sufficient_to_affect_fire_behavior>1</is_sufficient_to_affect_fire_behavior>
			</needle_drape>
		</shrubs>
		<herbaceous>
			<primary_layer>
				<percent_cover unit="number" min="0" max="20">7.5</percent_cover>
				<height unit="feet" min="0.5" max="15">3</height>
				<loading unit="tons_per_acre" min="0" max="2">0.07500000000000001</loading>
				<percent_live unit="number" min="70" max="100">80.0</percent_live>
				<species>
					<species_description>
						<tsn>28821</tsn>
						<relative_cover>50.00</relative_cover>
					</species_description>
					<species_description>
						<tsn>43340</tsn>
						<relative_cover>50.00</relative_cover>
					</species_description>
				</species>
			</primary_layer>
			<secondary_layer>
				<percent_cover unit="number" min="0" max="5" reference_id="5000">1.5</percent_cover>
				<height unit="feet" min="0.5" max="2.5" reference_id="5000">1.5</height>
				<loading unit="tons_per_acre" min="0" max="1">0.0075</loading>
				<percent_live unit="number" min="70" max="100" reference_id="5000">80.0</percent_live>
				<species>
					<species_description>
						<tsn>39369</tsn>
						<relative_cover>25.00</relative_cover>
					</species_description>
					<species_description>
						<tsn>40450</tsn>
						<relative_cover>25.00</relative_cover>
					</species_description>
					<species_description>
						<tsn>40792</tsn>
						<relative_cover>25.00</relative_cover>
					</species_description>
					<species_description>
						<tsn>40901</tsn>
						<relative_cover>25.00</relative_cover>
					</species_description>
				</species>
			</secondary_layer>
		</herbaceous>
		<woody_fuel>
			<all_downed_woody_fuel>
				<total_percent_cover unit="number" min="5" max="50">16.875</total_percent_cover>
				<depth unit="inches" min="0" max="2">1.125</depth>
			</all_downed_woody_fuel>
			<sound_wood>
				<all_sound_wood>
					<species>
						<species_description>
							<tsn>18037</tsn>
							<relative_cover>100.00</relative_cover>
						</species_description>
					</species>
				</all_sound_wood>
				<loadings_zero_to_three_inches>
					<zero_to_quarter_inch unit="tons_per_acre" min="0.5" max="2.5">1.3499999999999999</zero_to_quarter_inch>
					<quarter_inch_to_one_inch unit="tons_per_acre" min="0.25" max="1.5">1.5</quarter_inch_to_one_inch>
					<one_to_three_inches unit="tons_per_acre" min="0" max="1">0.75</one_to_three_inches>
				</loadings_zero_to_three_inches>
				<loadings_greater_than_three_inches>
					<three_to_nine_inches unit="tons_per_acre" min="0" max="5">0.375</three_to_nine_inches>
					<nine_to_twenty_inches unit="tons_per_acre" min="0" max="0.5">0.0</nine_to_twenty_inches>
					<greater_than_twenty_inches unit="tons_per_acre" min="0" max="0">0.0</greater_than_twenty_inches>
				</loadings_greater_than_three_inches>
			</sound_wood>
			<rotten_wood>
				<all_rotten_wood>
					<species>
						<species_description>
							<tsn>18037</tsn>
							<relative_cover>100.00</relative_cover>
						</species_description>
					</species>
				</all_rotten_wood>
				<loadings_greater_than_three_inches>
					<three_to_nine_inches unit="tons_per_acre" min="0" max="5">1.125</three_to_nine_inches>
					<nine_to_twenty_inches unit="tons_per_acre" min="0" max="0.5">0.0</nine_to_twenty_inches>
					<greater_than_twenty_inches unit="tons_per_acre" min="0" max="0">0.0</greater_than_twenty_inches>
				</loadings_greater_than_three_inches>
			</rotten_wood>
			<stumps>
				<sound>
					<stem_density unit="number_per_acre">312.5</stem_density>
					<diameter unit="inches" />
					<height unit="feet" />
					<species />
				</sound>
				<rotten>
					<stem_density unit="number_per_acre" />
					<diameter unit="inches" />
					<height unit="feet" />
					<species />
				</rotten>
				<lightered_pitchy>
					<stem_density unit="number_per_acre" />
					<diameter unit="inches" />
					<height unit="feet" />
					<species />
				</lightered_pitchy>
			</stumps>
		</woody_fuel>
		<moss_lichen_litter>
			<moss>
				<type />
				<percent_cover unit="number" />
				<depth unit="inches" />
			</moss>
			<ground_lichen>
				<percent_cover unit="number" />
				<depth unit="inches" />
			</ground_lichen>
			<litter>
				<percent_cover unit="number" min="80" max="100">100</percent_cover>
				<depth unit="inches" min="0.25" max="4">1.5</depth>
				<arrangement>1</arrangement>
				<litter_type>
					<short_needle_pine>
						<relative_cover />
					</short_needle_pine>
					<long_needle_pine>
						<relative_cover>98.00</relative_cover>
					</long_needle_pine>
					<other_conifer>
						<relative_cover />
					</other_conifer>
					<broadleaf_deciduous>
						<relative_cover>1.00</relative_cover>
					</broadleaf_deciduous>
					<broadleaf_evergreen>
						<relative_cover>1.00</relative_cover>
					</broadleaf_evergreen>
					<palm_frond>
						<relative_cover />
					</palm_frond>
					<grass>
						<relative_cover />
					</grass>
				</litter_type>
			</litter>
		</moss_lichen_litter>
		<ground_fuel>
			<duff>
				<upper>
					<depth unit="inches" min="0.05" max="1">0.5</depth>
					<percent_cover unit="number" min="85" max="100">95</percent_cover>
					<derivation>1</derivation>
				</upper>
				<lower>
					<depth unit="inches" min="0.05" max="1" />
					<percent_cover unit="number" min="85" max="100" />
					<derivation />
					<loading unit="tons_per_acre" />
				</lower>
			</duff>
			<squirrel_middens>
				<depth unit="inches" />
				<radius unit="feet" />
				<number_per_unit_area unit="number_per_acre" />
			</squirrel_middens>
			<basal_accumulation>
				<depth unit="inches" />
				<radius unit="feet" />
				<number_per_unit_area unit="number_per_acre" />
				<type />
			</basal_accumulation>
		</ground_fuel>
	</fuelbed>
</FCCS_file>
