<?xml version="1.0" encoding="UTF-8" standalone="yes"?>
<FCCS_file xmlns:xsi="http://www.w3.org/2001/XMLSchema-instance" xsi:noNamespaceSchemaLocation="cash.xsd" schemaVersion="1.4">
  <fuelbed_number>864</fuelbed_number>
  <fuelbed_name>Western hemlock -- Pacific silver fir -- mountain hemlock forest 0-30 years</fuelbed_name>
  <fuelbed_description>Western hemlock, Pacific silver fir, and mountain hemlock forest. Occurs at high elevations in montane and subalpine forests along the western slopes of the Cascade Range. Established less than 30 years ago from clearcutting and prescribed fire, or wildfire and salvage logging.</fuelbed_description>
  <ecoregion>340,330</ecoregion>
  <vegetation_form>2</vegetation_form>
  <structural_class>5</structural_class>
  <cover_type>112,131</cover_type>
  <change_agent>31,8,11,32</change_agent>
  <natural_fire_regime>5</natural_fire_regime>
  <condition_class>1</condition_class>
  <user_name>Tom Leuschen, Roger Ottmar</user_name>
  <address>PO Box 664
Twisp, WA</address>
  <affiliation>Fire Vision LLC Contract Consultant</affiliation>
  <phone>509-997-5052</phone>
  <file_owner_email>tom@firevisionllc.com</file_owner_email>
  <notes>Created from ow064. AA - changed shrub and nonwoody species composition based on ABAM wet (ABAM/CLUN &amp; ABAM/ASCA3) and TSME wet (TSME/ACTR) series in Simpson, 2007. Forested Plant Associations of the Oregon East Cascades. AA - edited name and description May 2009.</notes>
  <date_collected>May 5, 2009</date_collected>
  <fuelbed_confidence/>
  <fuelbed>
    <canopy>
      <trees>
        <total_percent_cover unit="number" min="60" max="95">60</total_percent_cover>
        <overstory>
          <percent_cover unit="number"/>
          <height unit="feet"/>
          <height_to_live_crown unit="feet"/>
          <stem_density unit="number_per_acre"/>
          <diameter_at_breast_height unit="inches"/>
          <species/>
        </overstory>
        <midstory>
          <percent_cover unit="number"/>
          <height unit="feet"/>
          <height_to_live_crown unit="feet"/>
          <stem_density unit="number_per_acre"/>
          <diameter_at_breast_height unit="inches"/>
          <species/>
        </midstory>
        <understory>
          <percent_cover unit="number" min="5" max="45">60</percent_cover>
          <height unit="feet" min="5" max="30">12</height>
          <height_to_live_crown unit="feet" min="2" max="20">0</height_to_live_crown>
          <stem_density unit="number_per_acre" min="60" max="600">750</stem_density>
          <diameter_at_breast_height unit="inches" min="1" max="8">3</diameter_at_breast_height>
          <species>
            <species_description>
              <tsn>181824</tsn>
              <relative_cover>30</relative_cover>
            </species_description>
            <species_description>
              <tsn>183400</tsn>
              <relative_cover>70</relative_cover>
            </species_description>
          </species>
        </understory>
      </trees>
      <snags>
        <class_1_conifers_with_foliage>
          <percent_cover unit="number"/>
          <height_to_crown_base unit="feet"/>
          <stem_density unit="number_per_acre"/>
          <diameter unit="inches"/>
          <height unit="feet"/>
          <species/>
        </class_1_conifers_with_foliage>
        <class_1_all_others>
          <stem_density unit="number_per_acre"/>
          <diameter unit="inches"/>
          <height unit="feet"/>
          <species/>
        </class_1_all_others>
        <class_2>
          <stem_density unit="number_per_acre"/>
          <diameter unit="inches"/>
          <height unit="feet"/>
          <species/>
        </class_2>
        <class_3>
          <stem_density unit="number_per_acre"/>
          <diameter unit="inches"/>
          <height unit="feet"/>
          <species/>
        </class_3>
      </snags>
      <ladder_fuels>
        <minimum_height unit="feet" min="1" max="10">0</minimum_height>
        <maximum_height unit="feet" min="5" max="25">12</maximum_height>
        <is_vertically_contiguous>1</is_vertically_contiguous>
        <type>2</type>
      </ladder_fuels>
    </canopy>
    <shrubs>
      <primary_layer>
        <percent_cover unit="number" min="10" max="40">40</percent_cover>
        <height unit="feet" min="3" max="6">5</height>
        <percent_live unit="number" min="75" max="99" reference_id="1358">85</percent_live>
        <species>
          <species_description>
            <tsn>23601</tsn>
            <relative_cover>40</relative_cover>
          </species_description>
          <species_description>
            <tsn>18825</tsn>
            <relative_cover>20</relative_cover>
          </species_description>
          <species_description>
            <tsn>23769</tsn>
            <relative_cover>20.00</relative_cover>
          </species_description>
          <species_description>
            <tsn>24828</tsn>
            <relative_cover>20.00</relative_cover>
          </species_description>
        </species>
      </primary_layer>
      <secondary_layer>
        <percent_cover unit="number"/>
        <height unit="feet"/>
        <percent_live unit="number"/>
        <species/>
      </secondary_layer>
      <needle_drape>
        <is_sufficient_to_affect_fire_behavior>1</is_sufficient_to_affect_fire_behavior>
      </needle_drape>
    </shrubs>
    <herbaceous>
      <primary_layer>
        <percent_cover unit="number" min="8" max="25">15</percent_cover>
        <height unit="feet" min="1.5" max="2.5">2</height>
        <loading unit="tons_per_acre" min="0" max="3">0.15</loading>
        <percent_live unit="number" min="75" max="99" reference_id="1358">90</percent_live>
        <species>
          <species_description>
            <tsn>42905</tsn>
            <relative_cover>90</relative_cover>
          </species_description>
          <species_description>
            <tsn>18813</tsn>
            <relative_cover>10</relative_cover>
          </species_description>
        </species>
      </primary_layer>
      <secondary_layer>
        <percent_cover unit="number"/>
        <height unit="feet"/>
        <loading unit="tons_per_acre"/>
        <percent_live unit="number"/>
        <species/>
      </secondary_layer>
    </herbaceous>
    <woody_fuel>
      <all_downed_woody_fuel>
        <total_percent_cover unit="number" min="67" max="99">61</total_percent_cover>
        <depth unit="inches" min="1" max="10">4.8</depth>
      </all_downed_woody_fuel>
      <sound_wood>
        <all_sound_wood>
          <species>
            <species_description>
              <tsn>183400</tsn>
              <relative_cover>20</relative_cover>
            </species_description>
            <species_description>
              <tsn>181824</tsn>
              <relative_cover>80</relative_cover>
            </species_description>
          </species>
        </all_sound_wood>
        <loadings_zero_to_three_inches>
          <zero_to_quarter_inch unit="tons_per_acre" min="0" max="3">0</zero_to_quarter_inch>
          <quarter_inch_to_one_inch unit="tons_per_acre" min="1" max="4">0.7</quarter_inch_to_one_inch>
          <one_to_three_inches unit="tons_per_acre" min="0.5" max="4">0.9</one_to_three_inches>
        </loadings_zero_to_three_inches>
        <loadings_greater_than_three_inches>
          <three_to_nine_inches unit="tons_per_acre" min="0.7" max="5">6</three_to_nine_inches>
          <nine_to_twenty_inches unit="tons_per_acre" min="0.7" max="7">8</nine_to_twenty_inches>
          <greater_than_twenty_inches unit="tons_per_acre" min="2" max="11">3</greater_than_twenty_inches>
        </loadings_greater_than_three_inches>
      </sound_wood>
      <rotten_wood>
        <all_rotten_wood>
          <species>
            <species_description>
              <tsn>183400</tsn>
              <relative_cover>100.00</relative_cover>
            </species_description>
          </species>
        </all_rotten_wood>
        <loadings_greater_than_three_inches>
          <three_to_nine_inches unit="tons_per_acre" min="1" max="8">1</three_to_nine_inches>
          <nine_to_twenty_inches unit="tons_per_acre" min="2" max="14">1</nine_to_twenty_inches>
          <greater_than_twenty_inches unit="tons_per_acre" min="5" max="30">0.5</greater_than_twenty_inches>
        </loadings_greater_than_three_inches>
      </rotten_wood>
      <stumps>
        <sound>
          <stem_density unit="number_per_acre" min="-3" max="-3">45</stem_density>
          <diameter unit="inches" min="-3" max="-3">19</diameter>
          <height unit="feet" min="-3" max="-3">2</height>
          <species>
            <species_description>
              <tsn>183400</tsn>
              <relative_cover>65</relative_cover>
            </species_description>
            <species_description>
              <tsn>181824</tsn>
              <relative_cover>35</relative_cover>
            </species_description>
          </species>
        </sound>
        <rotten>
          <stem_density unit="number_per_acre"/>
          <diameter unit="inches"/>
          <height unit="feet"/>
          <species/>
        </rotten>
        <lightered_pitchy>
          <stem_density unit="number_per_acre"/>
          <diameter unit="inches"/>
          <height unit="feet"/>
          <species/>
        </lightered_pitchy>
      </stumps>
      <piles>
        <clean_loading unit="tons_per_acre">0.056684</clean_loading>
        <dirty_loading unit="tons_per_acre">0.000000</dirty_loading>
        <verydirty_loading unit="tons_per_acre">0.000000</verydirty_loading>
        <pileData>
          <header>pileGroupID,pileGroupName,numPiles,pileType,pileShape,W1,L1,H1,W2,L2,H2,soilPercent,packingRatio,handPileSpecies,species1_TSN,species1_percent,species2_TSN,species2_percent,pileQuality,percentConsumed</header>
          <pileGroups>
            <pileGroup>1,,2,1,5,4.00,8.00,2.00,,,,,,2,,,,,,90</pileGroup>
          </pileGroups>
        </pileData>
      </piles>
    </woody_fuel>
    <moss_lichen_litter>
      <moss>
        <type>2</type>
        <percent_cover unit="number" min="5" max="40">10</percent_cover>
        <depth unit="inches" min="0.1" max="1">0.5</depth>
      </moss>
      <ground_lichen>
        <percent_cover unit="number"/>
        <depth unit="inches"/>
      </ground_lichen>
      <litter>
        <percent_cover unit="number" min="90" max="100">80</percent_cover>
        <depth unit="inches" min="0.1" max="2.5">0.5</depth>
        <arrangement>1</arrangement>
        <litter_type>
          <short_needle_pine>
            <relative_cover/>
          </short_needle_pine>
          <long_needle_pine>
            <relative_cover/>
          </long_needle_pine>
          <other_conifer>
            <relative_cover>100.0</relative_cover>
          </other_conifer>
          <broadleaf_deciduous>
            <relative_cover/>
          </broadleaf_deciduous>
          <broadleaf_evergreen>
            <relative_cover/>
          </broadleaf_evergreen>
          <palm_frond>
            <relative_cover/>
          </palm_frond>
          <grass>
            <relative_cover/>
          </grass>
        </litter_type>
      </litter>
    </moss_lichen_litter>
    <ground_fuel>
      <duff>
        <upper>
          <depth unit="inches" min="0.1" max="2.5">0.1</depth>
          <percent_cover unit="number" min="90" max="100">50</percent_cover>
          <derivation>1</derivation>
        </upper>
        <lower>
          <depth unit="inches" min="0.2" max="4">0</depth>
          <percent_cover unit="number" min="95" max="100">0</percent_cover>
          <derivation>3</derivation>
        </lower>
      </duff>
      <squirrel_middens>
        <depth unit="inches"/>
        <radius unit="feet"/>
        <number_per_unit_area unit="number_per_acre"/>
      </squirrel_middens>
      <basal_accumulation>
        <depth unit="inches"/>
        <radius unit="feet"/>
        <number_per_unit_area unit="number_per_acre"/>
        <type/>
      </basal_accumulation>
    </ground_fuel>
  </fuelbed>
</FCCS_file>
