<?xml version="1.0"?>
<FCCS_file xmlns:xsi="http://www.w3.org/2001/XMLSchema-instance" xsi:noNamespaceSchemaLocation="cash.xsd" schemaVersion="1.4">
	<fuelbed_number>51_223</fuelbed_number>
	<fuelbed_name>Coastal sage shrubland</fuelbed_name>
	<fuelbed_description>Coastal sage scrub is a California chaparral community of low stature. It is found along the Pacific coast from Monterey Bay to Baja California, although much has been lost to agriculture and urban development. Coastal sage scrub is seral to chaparral and maintained by fire.</fuelbed_description>
	<ecoregion>260</ecoregion>
	<vegetation_form>6</vegetation_form>
	<structural_class />
	<cover_type>160</cover_type>
	<change_agent>18</change_agent>
	<natural_fire_regime>2</natural_fire_regime>
	<condition_class>2</condition_class>
	<user_name />
	<address />
	<affiliation />
	<phone />
	<file_owner_email />
	<notes />
	<site_photo />
	<date_collected>2003-09-17</date_collected>
	<fuelbed_confidence>2</fuelbed_confidence>
	<fuelbed>
		<canopy>
			<trees>
				<total_percent_cover unit="number">0.0</total_percent_cover>
				<overstory>
					<percent_cover unit="number">0.0</percent_cover>
					<height unit="feet" />
					<height_to_live_crown unit="feet">0.0</height_to_live_crown>
					<stem_density unit="number_per_acre">0.0</stem_density>
					<diameter_at_breast_height unit="inches">0.0</diameter_at_breast_height>
					<species />
				</overstory>
				<midstory>
					<percent_cover unit="number">0.0</percent_cover>
					<height unit="feet" />
					<height_to_live_crown unit="feet">0.0</height_to_live_crown>
					<stem_density unit="number_per_acre">0.0</stem_density>
					<diameter_at_breast_height unit="inches">0.0</diameter_at_breast_height>
					<species />
				</midstory>
				<understory>
					<percent_cover unit="number">0.0</percent_cover>
					<height unit="feet">0.0</height>
					<height_to_live_crown unit="feet">0.0</height_to_live_crown>
					<stem_density unit="number_per_acre">0.0</stem_density>
					<diameter_at_breast_height unit="inches">0.0</diameter_at_breast_height>
					<species />
				</understory>
			</trees>
			<snags>
				<class_1_conifers_with_foliage>
					<percent_cover unit="number" />
					<height_to_crown_base unit="feet" />
					<stem_density unit="number_per_acre" />
					<diameter unit="inches" />
					<height unit="feet" />
					<species />
				</class_1_conifers_with_foliage>
				<class_1_all_others>
					<stem_density unit="number_per_acre" />
					<diameter unit="inches" />
					<height unit="feet" />
					<species />
				</class_1_all_others>
				<class_2>
					<stem_density unit="number_per_acre" />
					<diameter unit="inches" />
					<height unit="feet" />
					<species />
				</class_2>
				<class_3>
					<stem_density unit="number_per_acre" />
					<diameter unit="inches" />
					<height unit="feet" />
					<species />
				</class_3>
			</snags>
			<ladder_fuels>
				<minimum_height unit="feet" />
				<maximum_height unit="feet" />
				<is_vertically_contiguous />
				<type />
			</ladder_fuels>
		</canopy>
		<shrubs>
			<primary_layer>
				<percent_cover unit="number" min="0" max="70">15.625</percent_cover>
				<height unit="feet" min="3" max="6.5">3.5</height>
				<percent_live unit="number" min="40" max="90">70.0</percent_live>
				<species>
					<species_description>
						<tsn>32721</tsn>
						<relative_cover>43.00</relative_cover>
					</species_description>
					<species_description>
						<tsn>32724</tsn>
						<relative_cover>43.00</relative_cover>
					</species_description>
					<species_description>
						<tsn>28783</tsn>
						<relative_cover>14.00</relative_cover>
					</species_description>
				</species>
			</primary_layer>
			<secondary_layer>
				<percent_cover unit="number" min="30" max="90">46.875</percent_cover>
				<height unit="feet" min="0.5" max="6.5">2.5</height>
				<percent_live unit="number" min="60" max="99">80.0</percent_live>
				<species>
					<species_description>
						<tsn>35453</tsn>
						<relative_cover>80.00</relative_cover>
					</species_description>
					<species_description>
						<tsn>37307</tsn>
						<relative_cover>15.00</relative_cover>
					</species_description>
					<species_description>
						<tsn>21132</tsn>
						<relative_cover>5.00</relative_cover>
					</species_description>
				</species>
			</secondary_layer>
			<needle_drape>
				<is_sufficient_to_affect_fire_behavior>0</is_sufficient_to_affect_fire_behavior>
			</needle_drape>
		</shrubs>
		<herbaceous>
			<primary_layer>
				<percent_cover unit="number">0.0</percent_cover>
				<height unit="feet" />
				<percent_live unit="number">0.0</percent_live>
				<loading unit="tons_per_acre">0.0</loading>
				<species />
			</primary_layer>
			<secondary_layer>
				<percent_cover unit="number">0.0</percent_cover>
				<height unit="feet" />
				<percent_live unit="number">0.0</percent_live>
				<loading unit="tons_per_acre">0.0</loading>
				<species />
			</secondary_layer>
		</herbaceous>
		<woody_fuel>
			<all_downed_woody_fuel>
				<total_percent_cover unit="number" min="1" max="30">2.8125</total_percent_cover>
				<depth unit="inches" min="0" max="1.5">0.16874999999999998</depth>
			</all_downed_woody_fuel>
			<sound_wood>
				<loadings_zero_to_three_inches>
					<zero_to_quarter_inch unit="tons_per_acre" min="0" max="0.5">0.375</zero_to_quarter_inch>
					<quarter_inch_to_one_inch unit="tons_per_acre" min="0" max="0.5" reference_id="1360">0.75</quarter_inch_to_one_inch>
					<one_to_three_inches unit="tons_per_acre" min="0" max="0.2" reference_id="1360">0.375</one_to_three_inches>
				</loadings_zero_to_three_inches>
				<loadings_greater_than_three_inches>
					<three_to_nine_inches unit="tons_per_acre" min="0" max="0" reference_id="1360">0.0</three_to_nine_inches>
					<nine_to_twenty_inches unit="tons_per_acre" min="0" max="0" reference_id="1360">0.0</nine_to_twenty_inches>
					<greater_than_twenty_inches unit="tons_per_acre" min="0" max="0" reference_id="1360">0.0</greater_than_twenty_inches>
				</loadings_greater_than_three_inches>
				<all_sound_wood>
					<species>
						<species_description>
							<tsn>35453</tsn>
							<relative_cover>100.00</relative_cover>
						</species_description>
					</species>
				</all_sound_wood>
			</sound_wood>
			<rotten_wood>
				<loadings_greater_than_three_inches>
					<three_to_nine_inches unit="tons_per_acre" min="0" max="0" reference_id="1360">0.0</three_to_nine_inches>
					<nine_to_twenty_inches unit="tons_per_acre" min="0" max="0" reference_id="1360">0.0</nine_to_twenty_inches>
					<greater_than_twenty_inches unit="tons_per_acre" min="0" max="0" reference_id="1360">0.0</greater_than_twenty_inches>
				</loadings_greater_than_three_inches>
				<all_rotten_wood>
					<species>
						<species_description>
							<tsn>35453</tsn>
							<relative_cover>100.00</relative_cover>
						</species_description>
					</species>
				</all_rotten_wood>
			</rotten_wood>
			<stumps>
				<sound>
					<stem_density unit="number_per_acre"></stem_density>
					<diameter unit="inches"></diameter>
					<height unit="feet"></height>
					<species />
				</sound>
				<rotten>
					<stem_density unit="number_per_acre">0.0</stem_density>
					<diameter unit="inches" />
					<height unit="feet" />
					<species />
				</rotten>
				<lightered_pitchy>
					<stem_density unit="number_per_acre" />
					<diameter unit="inches" />
					<height unit="feet" />
					<species />
				</lightered_pitchy>
			</stumps>
		</woody_fuel>
		<moss_lichen_litter>
			<moss>
				<percent_cover unit="number" />
				<depth unit="inches" />
				<type />
			</moss>
			<ground_lichen>
				<percent_cover unit="number" />
				<depth unit="inches" />
			</ground_lichen>
			<litter>
				<percent_cover unit="number" min="80" max="100" reference_id="409">100</percent_cover>
				<depth unit="inches" min="1" max="12">4.5</depth>
				<arrangement>1</arrangement>
				<litter_type>
					<short_needle_pine>
						<relative_cover />
					</short_needle_pine>
					<long_needle_pine>
						<relative_cover />
					</long_needle_pine>
					<other_conifer>
						<relative_cover />
					</other_conifer>
					<broadleaf_deciduous>
						<relative_cover>70.00</relative_cover>
					</broadleaf_deciduous>
					<broadleaf_evergreen>
						<relative_cover>30.00</relative_cover>
					</broadleaf_evergreen>
					<palm_frond>
						<relative_cover />
					</palm_frond>
					<grass>
						<relative_cover />
					</grass>
				</litter_type>
			</litter>
		</moss_lichen_litter>
		<ground_fuel>
			<duff>
				<upper>
					<percent_cover unit="number" min="10" max="65" reference_id="409">0.0</percent_cover>
					<depth unit="inches" min="0" max="1">0.0</depth>
					<derivation />
					<loading unit="tons_per_acre" />
				</upper>
				<lower>
					<percent_cover unit="number" min="10" max="65" reference_id="409">33</percent_cover>
					<depth unit="inches" min="0" max="1">0</depth>
					<derivation>3</derivation>
				</lower>
			</duff>
			<basal_accumulation>
				<radius unit="feet" />
				<depth unit="inches" />
				<number_per_unit_area unit="number_per_acre" />
				<type />
			</basal_accumulation>
			<squirrel_middens>
				<depth unit="inches" />
				<number_per_unit_area unit="number_per_acre" />
				<radius unit="feet" />
			</squirrel_middens>
		</ground_fuel>
	</fuelbed>
</FCCS_file>
