<?xml version="1.0"?>
<FCCS_file xmlns:xsi="http://www.w3.org/2001/XMLSchema-instance" xsi:noNamespaceSchemaLocation="cash.xsd" schemaVersion="1.4">
	<fuelbed_number>109_532</fuelbed_number>
	<fuelbed_name>Eastern white pine-northern red oak-red maple forest</fuelbed_name>
	<fuelbed_description>Eastern white pine and northern red oak are dominant with red maple as a common canopy associate. Northern hardwood species such as beech, birch, ash, and sugar maple may also be present. This forest type extends through New England west and south along the Appalachian Mountains, typically lower than 3,000 feet in elevation. This fuelbed represents a forest from 50 to 100 years old.</fuelbed_description>
	<ecoregion>210,220</ecoregion>
	<vegetation_form>4</vegetation_form>
	<structural_class>7</structural_class>
	<cover_type>34</cover_type>
	<change_agent>2,18</change_agent>
	<natural_fire_regime>1</natural_fire_regime>
	<condition_class>2</condition_class>
	<user_name />
	<address />
	<affiliation />
	<phone />
	<file_owner_email />
	<notes />
	<site_photo />
	<date_collected>2003-09-17</date_collected>
	<fuelbed_confidence>2</fuelbed_confidence>
	<fuelbed>
		<canopy>
			<trees>
				<total_percent_cover unit="number" min="60" max="95" reference_id="5000">19.125</total_percent_cover>
				<overstory>
					<percent_cover unit="number" min="33" max="70" reference_id="5003">11.25</percent_cover>
					<height unit="feet" min="50" max="70" reference_id="5066">60</height>
					<height_to_live_crown unit="feet" min="15" max="30" reference_id="5000">26.0</height_to_live_crown>
					<stem_density unit="number_per_acre" min="20" max="85" reference_id="5066">10.125</stem_density>
					<diameter_at_breast_height unit="inches" min="9" max="25" reference_id="5066">14</diameter_at_breast_height>
					<species>
						<species_description>
							<tsn>183385</tsn>
							<relative_cover>30.00</relative_cover>
						</species_description>
						<species_description>
							<tsn>19408</tsn>
							<relative_cover>30.00</relative_cover>
						</species_description>
						<species_description>
							<tsn>28728</tsn>
							<relative_cover>30.00</relative_cover>
						</species_description>
						<species_description>
							<tsn>18032</tsn>
							<relative_cover>10.00</relative_cover>
						</species_description>
					</species>
				</overstory>
				<midstory>
					<percent_cover unit="number" min="10" max="90" reference_id="5003">11.25</percent_cover>
					<height unit="feet" min="32" max="50" reference_id="5066">44</height>
					<height_to_live_crown unit="feet" min="6" max="15" reference_id="5000">13.0</height_to_live_crown>
					<stem_density unit="number_per_acre" min="75" max="400">33.75</stem_density>
					<diameter_at_breast_height unit="inches" min="3.5" max="12" reference_id="5066">7.5</diameter_at_breast_height>
					<species>
						<species_description>
							<tsn>28728</tsn>
							<relative_cover>35.00</relative_cover>
						</species_description>
						<species_description>
							<tsn>19276</tsn>
							<relative_cover>25.00</relative_cover>
						</species_description>
						<species_description>
							<tsn>32931</tsn>
							<relative_cover>10.00</relative_cover>
						</species_description>
						<species_description>
							<tsn>19489</tsn>
							<relative_cover>10.00</relative_cover>
						</species_description>
						<species_description>
							<tsn>19358</tsn>
							<relative_cover>10.00</relative_cover>
						</species_description>
						<species_description>
							<tsn>19462</tsn>
							<relative_cover>10.00</relative_cover>
						</species_description>
					</species>
				</midstory>
				<understory>
					<percent_cover unit="number" min="0" max="50" reference_id="5003">30</percent_cover>
					<height unit="feet" min="5" max="25" reference_id="5000">10</height>
					<height_to_live_crown unit="feet" min="1" max="5" reference_id="5000">2</height_to_live_crown>
					<stem_density unit="number_per_acre" min="180" max="2000">1000</stem_density>
					<diameter_at_breast_height unit="inches" min="0.1" max="5.5" reference_id="5066">1.7</diameter_at_breast_height>
					<species>
						<species_description>
							<tsn>183385</tsn>
							<relative_cover>35.00</relative_cover>
						</species_description>
						<species_description>
							<tsn>28727</tsn>
							<relative_cover>35.00</relative_cover>
						</species_description>
						<species_description>
							<tsn>24764</tsn>
							<relative_cover>10.00</relative_cover>
						</species_description>
						<species_description>
							<tsn>183397</tsn>
							<relative_cover>10.00</relative_cover>
						</species_description>
						<species_description>
							<tsn>19511</tsn>
							<relative_cover>10.00</relative_cover>
						</species_description>
					</species>
				</understory>
			</trees>
			<snags>
				<class_1_conifers_with_foliage>
					<percent_cover unit="number" min="0" max="50">66.3821</percent_cover>
					<height_to_crown_base unit="feet" min="0" max="50">33.35</height_to_crown_base>
					<stem_density unit="number_per_acre" min="0" max="20">156.125</stem_density>
					<diameter unit="inches" min="7.5" max="15" reference_id="5066">9.0</diameter>
					<height unit="feet" min="40" max="60">50</height>
					<species>
						<species_description>
							<tsn>183385</tsn>
							<relative_cover>100.00</relative_cover>
						</species_description>
					</species>
				</class_1_conifers_with_foliage>
				<class_1_all_others>
					<stem_density unit="number_per_acre" min="0" max="20">151.25</stem_density>
					<diameter unit="inches" min="8" max="20" reference_id="5066">9.0</diameter>
					<height unit="feet" min="45" max="60">50</height>
					<species>
						<species_description>
							<tsn>19276</tsn>
							<relative_cover>30.00</relative_cover>
						</species_description>
						<species_description>
							<tsn>28728</tsn>
							<relative_cover>70.00</relative_cover>
						</species_description>
					</species>
				</class_1_all_others>
				<class_2>
					<stem_density unit="number_per_acre" min="0" max="30">5</stem_density>
					<diameter unit="inches" min="7.5" max="18">13</diameter>
					<height unit="feet" min="40" max="60">55</height>
					<species>
						<species_description>
							<tsn>183385</tsn>
							<relative_cover>60.00</relative_cover>
						</species_description>
						<species_description>
							<tsn>28728</tsn>
							<relative_cover>40.00</relative_cover>
						</species_description>
					</species>
				</class_2>
				<class_3>
					<stem_density unit="number_per_acre" min="0" max="20">10</stem_density>
					<diameter unit="inches" min="7.5" max="18">11</diameter>
					<height unit="feet" min="30" max="50">50</height>
					<species>
						<species_description>
							<tsn>183385</tsn>
							<relative_cover>60.00</relative_cover>
						</species_description>
						<species_description>
							<tsn>28728</tsn>
							<relative_cover>40.00</relative_cover>
						</species_description>
					</species>
				</class_3>
			</snags>
			<ladder_fuels>
				<minimum_height unit="feet" min="0" max="10">5</minimum_height>
				<maximum_height unit="feet" min="5" max="30">15</maximum_height>
				<is_vertically_contiguous>0</is_vertically_contiguous>
				<type>5</type>
			</ladder_fuels>
		</canopy>
		<shrubs>
			<primary_layer>
				<percent_cover unit="number" min="5" max="65">37.5</percent_cover>
				<height unit="feet" min="3" max="15">6</height>
				<percent_live unit="number" min="70" max="95">85</percent_live>
				<species>
					<species_description>
						<tsn>506068</tsn>
						<relative_cover>20.00</relative_cover>
					</species_description>
					<species_description>
						<tsn>35283</tsn>
						<relative_cover>20.00</relative_cover>
					</species_description>
					<species_description>
						<tsn>28573</tsn>
						<relative_cover>20.00</relative_cover>
					</species_description>
					<species_description>
						<tsn>23579</tsn>
						<relative_cover>15.00</relative_cover>
					</species_description>
					<species_description>
						<tsn>19033</tsn>
						<relative_cover>15.00</relative_cover>
					</species_description>
					<species_description>
						<tsn>24833</tsn>
						<relative_cover>10.00</relative_cover>
					</species_description>
				</species>
			</primary_layer>
			<secondary_layer>
				<percent_cover unit="number">0.0</percent_cover>
				<height unit="feet" />
				<percent_live unit="number" />
				<species />
			</secondary_layer>
			<needle_drape>
				<is_sufficient_to_affect_fire_behavior>0</is_sufficient_to_affect_fire_behavior>
			</needle_drape>
		</shrubs>
		<herbaceous>
			<primary_layer>
				<percent_cover unit="number" min="10" max="50">42.0</percent_cover>
				<height unit="feet" min="1" max="4.5">2.5</height>
				<percent_live unit="number" min="65" max="95">80</percent_live>
				<loading unit="tons_per_acre" min="0.01" max="1">0.5599999999999999</loading>
				<species>
					<species_description>
						<tsn>17224</tsn>
						<relative_cover>40.00</relative_cover>
					</species_description>
					<species_description>
						<tsn>17491</tsn>
						<relative_cover>20.00</relative_cover>
					</species_description>
					<species_description>
						<tsn>503653</tsn>
						<relative_cover>20.00</relative_cover>
					</species_description>
					<species_description>
						<tsn>565865</tsn>
						<relative_cover>20.00</relative_cover>
					</species_description>
				</species>
			</primary_layer>
			<secondary_layer>
				<percent_cover unit="number">0.0</percent_cover>
				<height unit="feet" />
				<percent_live unit="number" />
				<loading unit="tons_per_acre">0.0</loading>
				<species />
			</secondary_layer>
		</herbaceous>
		<woody_fuel>
			<all_downed_woody_fuel>
				<total_percent_cover unit="number" min="20" max="60">70.0</total_percent_cover>
				<depth unit="inches" min="0" max="2">1.75</depth>
			</all_downed_woody_fuel>
			<sound_wood>
				<loadings_zero_to_three_inches>
					<zero_to_quarter_inch unit="tons_per_acre" min="0" max="2" reference_id="5013">1.0</zero_to_quarter_inch>
					<quarter_inch_to_one_inch unit="tons_per_acre" min="0" max="2" reference_id="5013">2.0</quarter_inch_to_one_inch>
					<one_to_three_inches unit="tons_per_acre" min="0" max="3" reference_id="5013">3.0</one_to_three_inches>
				</loadings_zero_to_three_inches>
				<loadings_greater_than_three_inches>
					<three_to_nine_inches unit="tons_per_acre" min="0" max="3" reference_id="5013">1.2</three_to_nine_inches>
					<nine_to_twenty_inches unit="tons_per_acre" min="0" max="3" reference_id="5013">0.5</nine_to_twenty_inches>
					<greater_than_twenty_inches unit="tons_per_acre" min="0" max="3" reference_id="5013">0.5</greater_than_twenty_inches>
				</loadings_greater_than_three_inches>
				<all_sound_wood>
					<species>
						<species_description>
							<tsn>183385</tsn>
							<relative_cover>50.00</relative_cover>
						</species_description>
						<species_description>
							<tsn>19276</tsn>
							<relative_cover>50.00</relative_cover>
						</species_description>
					</species>
				</all_sound_wood>
			</sound_wood>
			<rotten_wood>
				<loadings_greater_than_three_inches>
					<three_to_nine_inches unit="tons_per_acre" min="0" max="2" reference_id="5013">0.75</three_to_nine_inches>
					<nine_to_twenty_inches unit="tons_per_acre" min="0" max="1" reference_id="5013">0.3</nine_to_twenty_inches>
					<greater_than_twenty_inches unit="tons_per_acre" min="0" max="0" reference_id="5013">0</greater_than_twenty_inches>
				</loadings_greater_than_three_inches>
				<all_rotten_wood>
					<species>
						<species_description>
							<tsn>183385</tsn>
							<relative_cover>50.00</relative_cover>
						</species_description>
						<species_description>
							<tsn>19276</tsn>
							<relative_cover>50.00</relative_cover>
						</species_description>
					</species>
				</all_rotten_wood>
			</rotten_wood>
			<stumps>
				<sound>
					<stem_density unit="number_per_acre" />
					<diameter unit="inches" />
					<height unit="feet" />
					<species />
				</sound>
				<rotten>
					<stem_density unit="number_per_acre" min="0" max="10">5</stem_density>
					<diameter unit="inches" min="7" max="20">10</diameter>
					<height unit="feet" min="0.25" max="1.5">1</height>
					<species>
						<species_description>
							<tsn>183385</tsn>
							<relative_cover>50.00</relative_cover>
						</species_description>
						<species_description>
							<tsn>19276</tsn>
							<relative_cover>50.00</relative_cover>
						</species_description>
					</species>
				</rotten>
				<lightered_pitchy>
					<stem_density unit="number_per_acre" />
					<diameter unit="inches" />
					<height unit="feet" />
					<species />
				</lightered_pitchy>
			</stumps>
			<piles>
				<clean_loading unit="tons_per_acre">0.135893</clean_loading>
				<dirty_loading unit="tons_per_acre">0.000000</dirty_loading>
				<verydirty_loading unit="tons_per_acre">0.000000</verydirty_loading>
				<pileData>
					<header>pileGroupID,pileGroupName,numPiles,pileType,pileShape,W1,L1,H1,W2,L2,H2,soilPercent,packingRatio,handPileSpecies,species1_TSN,species1_percent,species2_TSN,species2_percent,pileQuality,percentConsumed</header>
					<pileGroups>
						<pileGroup>2,,3,1,5,3.00,5.00,1.50,,,,,,1,,,,,,90</pileGroup>
					</pileGroups>
				</pileData>
			</piles>
		</woody_fuel>
		<moss_lichen_litter>
			<moss>
				<percent_cover unit="number" min="0" max="35">5</percent_cover>
				<depth unit="inches" min="0.5" max="2.5">1</depth>
				<type>2</type>
			</moss>
			<ground_lichen>
				<percent_cover unit="number" />
				<depth unit="inches" />
			</ground_lichen>
			<litter>
				<percent_cover unit="number" min="50" max="95">100</percent_cover>
				<depth unit="inches" min="0.5" max="3">3.0</depth>
				<arrangement>1</arrangement>
				<litter_type>
					<short_needle_pine>
						<relative_cover />
					</short_needle_pine>
					<long_needle_pine>
						<relative_cover>10.00</relative_cover>
					</long_needle_pine>
					<other_conifer>
						<relative_cover />
					</other_conifer>
					<broadleaf_deciduous>
						<relative_cover>90.00</relative_cover>
					</broadleaf_deciduous>
					<broadleaf_evergreen>
						<relative_cover />
					</broadleaf_evergreen>
					<palm_frond>
						<relative_cover />
					</palm_frond>
					<grass>
						<relative_cover />
					</grass>
				</litter_type>
			</litter>
		</moss_lichen_litter>
		<ground_fuel>
			<duff>
				<upper>
					<percent_cover unit="number" min="50" max="100">90</percent_cover>
					<depth unit="inches" min="0" max="3">1</depth>
					<derivation>1</derivation>
				</upper>
				<lower>
					<percent_cover unit="number" min="50" max="100" />
					<depth unit="inches" min="0" max="3" />
					<derivation />
					<loading unit="tons_per_acre" />
				</lower>
			</duff>
			<basal_accumulation>
				<radius unit="feet" />
				<depth unit="inches" />
				<number_per_unit_area unit="number_per_acre" />
				<type />
			</basal_accumulation>
			<squirrel_middens>
				<depth unit="inches" />
				<number_per_unit_area unit="number_per_acre" />
				<radius unit="feet" />
			</squirrel_middens>
		</ground_fuel>
	</fuelbed>
</FCCS_file>
