<?xml version="1.0"?>
<FCCS_file xmlns:xsi="http://www.w3.org/2001/XMLSchema-instance" xsi:noNamespaceSchemaLocation="cash.xsd" schemaVersion="1.4">
	<fuelbed_number>272_332</fuelbed_number>
	<fuelbed_name>Mangrove forest</fuelbed_name>
	<fuelbed_description>Tall mangrove forest composed of zones dominated by red mangrove at lower elevations and black mangrove farther inland or composed of mixed red, white, and black mangroves. Found near the coast and along waterways in south Florida.</fuelbed_description>
	<ecoregion>410</ecoregion>
	<vegetation_form>1</vegetation_form>
	<structural_class>2</structural_class>
	<cover_type>103</cover_type>
	<change_agent>18</change_agent>
	<natural_fire_regime>5</natural_fire_regime>
	<condition_class>1</condition_class>
	<user_name />
	<address />
	<affiliation />
	<phone />
	<file_owner_email />
	<notes />
	<site_photo />
	<date_collected>2003-09-17</date_collected>
	<fuelbed_confidence>2</fuelbed_confidence>
	<fuelbed>
		<canopy>
			<trees>
				<total_percent_cover unit="number" min="80" max="100">29.700000000000003</total_percent_cover>
				<overstory>
					<percent_cover unit="number" min="80" max="100">22.5</percent_cover>
					<height unit="feet" min="19" max="42" reference_id="5093">26</height>
					<height_to_live_crown unit="feet" min="1" max="9" reference_id="5000">7.5</height_to_live_crown>
					<stem_density unit="number_per_acre" min="250" max="600" reference_id="5093">100.0</stem_density>
					<diameter_at_breast_height unit="inches" min="0.5" max="4">2.5</diameter_at_breast_height>
					<species>
						<species_description>
							<tsn>27791</tsn>
							<relative_cover>45.00</relative_cover>
						</species_description>
						<species_description>
							<tsn>32137</tsn>
							<relative_cover>45.00</relative_cover>
						</species_description>
						<species_description>
							<tsn>503318</tsn>
							<relative_cover>10.00</relative_cover>
						</species_description>
					</species>
				</overstory>
				<midstory>
					<percent_cover unit="number">0.0</percent_cover>
					<height unit="feet" />
					<height_to_live_crown unit="feet">0.0</height_to_live_crown>
					<stem_density unit="number_per_acre">0.0</stem_density>
					<diameter_at_breast_height unit="inches">0.0</diameter_at_breast_height>
					<species />
				</midstory>
				<understory>
					<percent_cover unit="number"></percent_cover>
					<height unit="feet"></height>
					<height_to_live_crown unit="feet"></height_to_live_crown>
					<stem_density unit="number_per_acre"></stem_density>
					<diameter_at_breast_height unit="inches"></diameter_at_breast_height>
					<species />
				</understory>
			</trees>
			<snags>
				<class_1_conifers_with_foliage>
					<percent_cover unit="number" />
					<height_to_crown_base unit="feet" />
					<stem_density unit="number_per_acre" />
					<diameter unit="inches" />
					<height unit="feet" />
					<species />
				</class_1_conifers_with_foliage>
				<class_1_all_others>
					<stem_density unit="number_per_acre" min="0" max="10">5</stem_density>
					<diameter unit="inches" min="1" max="4">2</diameter>
					<height unit="feet" min="19" max="42">26</height>
					<species>
						<species_description>
							<tsn>32137</tsn>
							<relative_cover>50.00</relative_cover>
						</species_description>
						<species_description>
							<tsn>27791</tsn>
							<relative_cover>50.00</relative_cover>
						</species_description>
					</species>
				</class_1_all_others>
				<class_2>
					<stem_density unit="number_per_acre" />
					<diameter unit="inches" />
					<height unit="feet" />
					<species />
				</class_2>
				<class_3>
					<stem_density unit="number_per_acre" min="0" max="10">5</stem_density>
					<diameter unit="inches" min="2" max="4">3</diameter>
					<height unit="feet" min="12" max="30">18</height>
					<species>
						<species_description>
							<tsn>32137</tsn>
							<relative_cover>50.00</relative_cover>
						</species_description>
						<species_description>
							<tsn>27791</tsn>
							<relative_cover>50.00</relative_cover>
						</species_description>
					</species>
				</class_3>
			</snags>
			<ladder_fuels>
				<minimum_height unit="feet" min="0" max="2">0</minimum_height>
				<maximum_height unit="feet" min="3" max="12">6</maximum_height>
				<is_vertically_contiguous>1</is_vertically_contiguous>
				<type>2</type>
			</ladder_fuels>
		</canopy>
		<shrubs>
			<primary_layer>
				<percent_cover unit="number" min="5" max="25">3.75</percent_cover>
				<height unit="feet" min="5" max="15">10</height>
				<percent_live unit="number" min="50" max="90">80.0</percent_live>
				<species>
					<species_description>
						<tsn>27766</tsn>
						<relative_cover>100.00</relative_cover>
					</species_description>
				</species>
			</primary_layer>
			<secondary_layer>
				<percent_cover unit="number" min="0" max="15">3.75</percent_cover>
				<height unit="feet" min="0.5" max="3">1</height>
				<percent_live unit="number" min="50" max="90">80.0</percent_live>
				<species>
					<species_description>
						<tsn>192295</tsn>
						<relative_cover>50.00</relative_cover>
					</species_description>
					<species_description>
						<tsn>35781</tsn>
						<relative_cover>50.00</relative_cover>
					</species_description>
				</species>
			</secondary_layer>
			<needle_drape>
				<is_sufficient_to_affect_fire_behavior>0</is_sufficient_to_affect_fire_behavior>
			</needle_drape>
		</shrubs>
		<herbaceous>
			<primary_layer>
				<percent_cover unit="number" min="0" max="20">3.75</percent_cover>
				<height unit="feet" min="0.5" max="2">1</height>
				<percent_live unit="number" min="30" max="90">80.0</percent_live>
				<loading unit="tons_per_acre" min="0" max="0.5" reference_id="5000">0.09375</loading>
				<species>
					<species_description>
						<tsn>20646</tsn>
						<relative_cover>35.00</relative_cover>
					</species_description>
					<species_description>
						<tsn>19903</tsn>
						<relative_cover>35.00</relative_cover>
					</species_description>
					<species_description>
						<tsn>20659</tsn>
						<relative_cover>30.00</relative_cover>
					</species_description>
				</species>
			</primary_layer>
			<secondary_layer>
				<percent_cover unit="number">0.0</percent_cover>
				<height unit="feet" />
				<percent_live unit="number">0.0</percent_live>
				<loading unit="tons_per_acre">0.0</loading>
				<species />
			</secondary_layer>
		</herbaceous>
		<woody_fuel>
			<all_downed_woody_fuel>
				<total_percent_cover unit="number" min="10" max="65">7.5</total_percent_cover>
				<depth unit="inches" min="0.5" max="3">0.25</depth>
			</all_downed_woody_fuel>
			<sound_wood>
				<loadings_zero_to_three_inches>
					<zero_to_quarter_inch unit="tons_per_acre" min="0.04" max="0.6">0.0625</zero_to_quarter_inch>
					<quarter_inch_to_one_inch unit="tons_per_acre" min="0.8" max="1.2">0.25</quarter_inch_to_one_inch>
					<one_to_three_inches unit="tons_per_acre" min="1.8" max="5">1.05</one_to_three_inches>
				</loadings_zero_to_three_inches>
				<loadings_greater_than_three_inches>
					<three_to_nine_inches unit="tons_per_acre" min="0" max="0.6">0.08250000000000002</three_to_nine_inches>
					<nine_to_twenty_inches unit="tons_per_acre" min="0" max="0">0.0</nine_to_twenty_inches>
					<greater_than_twenty_inches unit="tons_per_acre" min="0" max="0">0.0</greater_than_twenty_inches>
				</loadings_greater_than_three_inches>
				<all_sound_wood>
					<species>
						<species_description>
							<tsn>27791</tsn>
							<relative_cover>50.00</relative_cover>
						</species_description>
						<species_description>
							<tsn>32137</tsn>
							<relative_cover>50.00</relative_cover>
						</species_description>
					</species>
				</all_sound_wood>
			</sound_wood>
			<rotten_wood>
				<loadings_greater_than_three_inches>
					<three_to_nine_inches unit="tons_per_acre" min="0.6" max="6">1.6775000000000002</three_to_nine_inches>
					<nine_to_twenty_inches unit="tons_per_acre" min="0" max="0">0.0</nine_to_twenty_inches>
					<greater_than_twenty_inches unit="tons_per_acre" min="0" max="0">0.0</greater_than_twenty_inches>
				</loadings_greater_than_three_inches>
				<all_rotten_wood>
					<species>
						<species_description>
							<tsn>27791</tsn>
							<relative_cover>50.00</relative_cover>
						</species_description>
						<species_description>
							<tsn>32137</tsn>
							<relative_cover>50.00</relative_cover>
						</species_description>
					</species>
				</all_rotten_wood>
			</rotten_wood>
			<stumps>
				<sound>
					<stem_density unit="number_per_acre">300.0</stem_density>
					<diameter unit="inches" />
					<height unit="feet" />
					<species />
				</sound>
				<rotten>
					<stem_density unit="number_per_acre" />
					<diameter unit="inches" />
					<height unit="feet" />
					<species />
				</rotten>
				<lightered_pitchy>
					<stem_density unit="number_per_acre" />
					<diameter unit="inches" />
					<height unit="feet" />
					<species />
				</lightered_pitchy>
			</stumps>
		</woody_fuel>
		<moss_lichen_litter>
			<moss>
				<percent_cover unit="number">0.0</percent_cover>
				<depth unit="inches">0.0</depth>
				<type />
			</moss>
			<ground_lichen>
				<percent_cover unit="number">0.0</percent_cover>
				<depth unit="inches">0.0</depth>
			</ground_lichen>
			<litter>
				<percent_cover unit="number" min="25" max="80">50.0</percent_cover>
				<depth unit="inches" min="0.1" max="1">0.25</depth>
				<arrangement>1</arrangement>
				<litter_type>
					<short_needle_pine>
						<relative_cover />
					</short_needle_pine>
					<long_needle_pine>
						<relative_cover />
					</long_needle_pine>
					<other_conifer>
						<relative_cover />
					</other_conifer>
					<broadleaf_deciduous>
						<relative_cover />
					</broadleaf_deciduous>
					<broadleaf_evergreen>
						<relative_cover>100.00</relative_cover>
					</broadleaf_evergreen>
					<palm_frond>
						<relative_cover />
					</palm_frond>
					<grass>
						<relative_cover />
					</grass>
				</litter_type>
			</litter>
		</moss_lichen_litter>
		<ground_fuel>
			<duff>
				<upper>
					<percent_cover unit="number" min="80" max="100">22.5</percent_cover>
					<depth unit="inches" min="7" max="40" reference_id="5084">10.0</depth>
					<derivation>2</derivation>
				</upper>
				<lower>
					<percent_cover unit="number" min="80" max="100">0.0</percent_cover>
					<depth unit="inches" min="7" max="40" reference_id="5084">0.0</depth>
					<derivation />
					<loading unit="tons_per_acre" />
				</lower>
			</duff>
			<basal_accumulation>
				<radius unit="feet" />
				<depth unit="inches">0.0</depth>
				<number_per_unit_area unit="number_per_acre">0.0</number_per_unit_area>
				<type />
			</basal_accumulation>
			<squirrel_middens>
				<depth unit="inches">0.0</depth>
				<number_per_unit_area unit="number_per_acre">0.0</number_per_unit_area>
				<radius unit="feet" />
			</squirrel_middens>
		</ground_fuel>
	</fuelbed>
</FCCS_file>
