<?xml version="1.0"?>
<FCCS_file xmlns:xsi="http://www.w3.org/2001/XMLSchema-instance" xsi:noNamespaceSchemaLocation="cash.xsd" schemaVersion="1.4">
	<fuelbed_number>102_432</fuelbed_number>
	<fuelbed_name>White spruce forest with beetle damage</fuelbed_name>
	<fuelbed_description>White spruce forest fuelbed with a feathermoss forest floor, between 100 and 200 years old. The larger white spruce (greater than 5 inches dbh) have recently been attacked by spruce bark beetles. Found on well-drained floodplains and uplands in southcentral Alaska.</fuelbed_description>
	<ecoregion>130</ecoregion>
	<vegetation_form>2</vegetation_form>
	<structural_class>1</structural_class>
	<cover_type>104</cover_type>
	<change_agent>5</change_agent>
	<natural_fire_regime>4</natural_fire_regime>
	<condition_class>2</condition_class>
	<user_name />
	<address />
	<affiliation />
	<phone />
	<file_owner_email />
	<notes />
	<site_photo />
	<date_collected>2003-09-17</date_collected>
	<fuelbed_confidence>4</fuelbed_confidence>
	<fuelbed>
		<canopy>
			<trees>
				<total_percent_cover unit="number" min="30" max="70" reference_id="1357">12.5</total_percent_cover>
				<overstory>
					<percent_cover unit="number" min="30" max="70">12.5</percent_cover>
					<height unit="feet" min="25" max="100">35</height>
					<height_to_live_crown unit="feet" min="3" max="30">10</height_to_live_crown>
					<stem_density unit="number_per_acre" min="50" max="1500">125.0</stem_density>
					<diameter_at_breast_height unit="inches" min="2" max="15">4</diameter_at_breast_height>
					<species>
						<species_description>
							<tsn>183295</tsn>
							<relative_cover>100.00</relative_cover>
						</species_description>
					</species>
				</overstory>
				<midstory>
					<percent_cover unit="number">0.0</percent_cover>
					<height unit="feet" />
					<height_to_live_crown unit="feet" />
					<stem_density unit="number_per_acre">0.0</stem_density>
					<diameter_at_breast_height unit="inches" />
					<species />
				</midstory>
				<understory>
					<percent_cover unit="number" min="1" max="30" reference_id="1357">10</percent_cover>
					<height unit="feet" min="0.5" max="4.5" reference_id="1357">1.5</height>
					<height_to_live_crown unit="feet" min="0" max="2" reference_id="1357">0</height_to_live_crown>
					<stem_density unit="number_per_acre" min="500" max="4000" reference_id="1357">2000</stem_density>
					<diameter_at_breast_height unit="inches" min="0" max="0" reference_id="1357">0</diameter_at_breast_height>
					<species>
						<species_description>
							<tsn>183295</tsn>
							<relative_cover>100.00</relative_cover>
						</species_description>
					</species>
				</understory>
			</trees>
			<snags>
				<class_1_conifers_with_foliage>
					<percent_cover unit="number" min="0" max="40">3.245445</percent_cover>
					<height_to_crown_base unit="feet" min="0" max="40">26.68</height_to_crown_base>
					<stem_density unit="number_per_acre" min="0" max="400" reference_id="453">50.0</stem_density>
					<diameter unit="inches" min="2" max="15" reference_id="453">7</diameter>
					<height unit="feet" min="10" max="60" reference_id="453">40</height>
					<species>
						<species_description>
							<tsn>183295</tsn>
							<relative_cover>100.00</relative_cover>
						</species_description>
					</species>
				</class_1_conifers_with_foliage>
				<class_1_all_others>
					<stem_density unit="number_per_acre" min="0" max="500" reference_id="453">62.5</stem_density>
					<diameter unit="inches" min="2" max="15" reference_id="453">6</diameter>
					<height unit="feet" min="10" max="60" reference_id="453">35</height>
					<species>
						<species_description>
							<tsn>183295</tsn>
							<relative_cover>100.00</relative_cover>
						</species_description>
					</species>
				</class_1_all_others>
				<class_2>
					<stem_density unit="number_per_acre" min="0" max="800" reference_id="453">62.5</stem_density>
					<diameter unit="inches" min="2" max="15" reference_id="453">6</diameter>
					<height unit="feet" min="10" max="60" reference_id="453">30</height>
					<species>
						<species_description>
							<tsn>183295</tsn>
							<relative_cover>100.00</relative_cover>
						</species_description>
					</species>
				</class_2>
				<class_3>
					<stem_density unit="number_per_acre" min="0" max="800" reference_id="453">62.5</stem_density>
					<diameter unit="inches" min="2" max="15" reference_id="453">5</diameter>
					<height unit="feet" min="8" max="50" reference_id="453">20</height>
					<species>
						<species_description>
							<tsn>183295</tsn>
							<relative_cover>100.00</relative_cover>
						</species_description>
					</species>
				</class_3>
			</snags>
			<ladder_fuels>
				<minimum_height unit="feet" min="0" max="10">5</minimum_height>
				<maximum_height unit="feet" min="8" max="60" reference_id="1357">30</maximum_height>
				<is_vertically_contiguous>1</is_vertically_contiguous>
				<type>6</type>
			</ladder_fuels>
		</canopy>
		<shrubs>
			<primary_layer>
				<percent_cover unit="number" min="0" max="40">7.5</percent_cover>
				<height unit="feet" min="2" max="20">15</height>
				<percent_live unit="number" min="50" max="100">67.5</percent_live>
				<species>
					<species_description>
						<tsn>22476</tsn>
						<relative_cover>50.00</relative_cover>
					</species_description>
					<species_description>
						<tsn>181894</tsn>
						<relative_cover>25.00</relative_cover>
					</species_description>
					<species_description>
						<tsn>19479</tsn>
						<relative_cover>25.00</relative_cover>
					</species_description>
				</species>
			</primary_layer>
			<secondary_layer>
				<percent_cover unit="number" min="0" max="50">18.75</percent_cover>
				<height unit="feet" min="0.5" max="2">1</height>
				<percent_live unit="number" min="50" max="100" reference_id="1357">67.5</percent_live>
				<species>
					<species_description>
						<tsn>505637</tsn>
						<relative_cover>30.00</relative_cover>
					</species_description>
					<species_description>
						<tsn>23743</tsn>
						<relative_cover>25.00</relative_cover>
					</species_description>
					<species_description>
						<tsn>23574</tsn>
						<relative_cover>20.00</relative_cover>
					</species_description>
					<species_description>
						<tsn>520050</tsn>
						<relative_cover>20.00</relative_cover>
					</species_description>
					<species_description>
						<tsn>35314</tsn>
						<relative_cover>5.00</relative_cover>
					</species_description>
				</species>
			</secondary_layer>
			<needle_drape>
				<is_sufficient_to_affect_fire_behavior>0</is_sufficient_to_affect_fire_behavior>
			</needle_drape>
		</shrubs>
		<herbaceous>
			<primary_layer>
				<percent_cover unit="number" min="0" max="60">45.0</percent_cover>
				<height unit="feet" min="0.5" max="5">2</height>
				<percent_live unit="number" min="0" max="100">80</percent_live>
				<loading unit="tons_per_acre" min="0" max="2">1.5</loading>
				<species>
					<species_description>
						<tsn>40544</tsn>
						<relative_cover>100.00</relative_cover>
					</species_description>
				</species>
			</primary_layer>
			<secondary_layer>
				<percent_cover unit="number" min="0" max="50">30.0</percent_cover>
				<height unit="feet" min="0.3" max="1">0.5</height>
				<percent_live unit="number" min="0" max="100">80</percent_live>
				<loading unit="tons_per_acre" min="0" max="0.5">0.07500000000000001</loading>
				<species>
					<species_description>
						<tsn>17148</tsn>
						<relative_cover>50.00</relative_cover>
					</species_description>
					<species_description>
						<tsn>502755</tsn>
						<relative_cover>50.00</relative_cover>
					</species_description>
				</species>
			</secondary_layer>
		</herbaceous>
		<woody_fuel>
			<all_downed_woody_fuel>
				<total_percent_cover unit="number" min="30" max="95" reference_id="1357">100</total_percent_cover>
				<depth unit="inches" min="1" max="48">20.0</depth>
			</all_downed_woody_fuel>
			<sound_wood>
				<loadings_zero_to_three_inches>
					<zero_to_quarter_inch unit="tons_per_acre" min="0" max="2" reference_id="1357">2.25</zero_to_quarter_inch>
					<quarter_inch_to_one_inch unit="tons_per_acre" min="0" max="4" reference_id="1357">3.375</quarter_inch_to_one_inch>
					<one_to_three_inches unit="tons_per_acre" min="0" max="10" reference_id="1357">6.75</one_to_three_inches>
				</loadings_zero_to_three_inches>
				<loadings_greater_than_three_inches>
					<three_to_nine_inches unit="tons_per_acre" min="0" max="40" reference_id="1357">60.0</three_to_nine_inches>
					<nine_to_twenty_inches unit="tons_per_acre" min="0" max="10" reference_id="1357">3.75</nine_to_twenty_inches>
					<greater_than_twenty_inches unit="tons_per_acre" min="0" max="10" reference_id="1357">0.0</greater_than_twenty_inches>
				</loadings_greater_than_three_inches>
				<all_sound_wood>
					<species />
				</all_sound_wood>
			</sound_wood>
			<rotten_wood>
				<loadings_greater_than_three_inches>
					<three_to_nine_inches unit="tons_per_acre" min="0" max="15" reference_id="453">20.5</three_to_nine_inches>
					<nine_to_twenty_inches unit="tons_per_acre" min="0" max="10" reference_id="1357">1.25</nine_to_twenty_inches>
					<greater_than_twenty_inches unit="tons_per_acre" min="0" max="5" reference_id="1357">0.0</greater_than_twenty_inches>
				</loadings_greater_than_three_inches>
				<all_rotten_wood>
					<species>
						<species_description>
							<tsn>183295</tsn>
							<relative_cover>100.00</relative_cover>
						</species_description>
					</species>
				</all_rotten_wood>
			</rotten_wood>
			<stumps>
				<sound>
					<stem_density unit="number_per_acre" min="25" max="200">75</stem_density>
					<diameter unit="inches" min="3" max="15">6</diameter>
					<height unit="feet" min="0.5" max="4.5">2.5</height>
					<species>
						<species_description>
							<tsn>183295</tsn>
							<relative_cover>100.00</relative_cover>
						</species_description>
					</species>
				</sound>
				<rotten>
					<stem_density unit="number_per_acre" min="25" max="200">75</stem_density>
					<diameter unit="inches" min="3" max="15">6</diameter>
					<height unit="feet" min="0.5" max="4.5">2.5</height>
					<species>
						<species_description>
							<tsn>183295</tsn>
							<relative_cover>100.00</relative_cover>
						</species_description>
					</species>
				</rotten>
				<lightered_pitchy>
					<stem_density unit="number_per_acre" />
					<diameter unit="inches" />
					<height unit="feet" />
					<species />
				</lightered_pitchy>
			</stumps>
			<piles>
				<clean_loading unit="tons_per_acre">1.716630</clean_loading>
				<dirty_loading unit="tons_per_acre">0.000000</dirty_loading>
				<verydirty_loading unit="tons_per_acre">0.000000</verydirty_loading>
				<pileData>
					<header>pileGroupID,pileGroupName,numPiles,pileType,pileShape,W1,L1,H1,W2,L2,H2,soilPercent,packingRatio,handPileSpecies,species1_TSN,species1_percent,species2_TSN,species2_percent,pileQuality,percentConsumed</header>
					<pileGroups>
						<pileGroup>2,,10,1,5,5.00,15.00,5.00,,,,,,2,,,,,,90</pileGroup>
					</pileGroups>
				</pileData>
			</piles>
		</woody_fuel>
		<moss_lichen_litter>
			<moss>
				<percent_cover unit="number" min="30" max="90" reference_id="1357">60</percent_cover>
				<depth unit="inches" min="0.5" max="5" reference_id="1357">2.5</depth>
				<type>2</type>
			</moss>
			<ground_lichen>
				<percent_cover unit="number" min="0" max="20">5</percent_cover>
				<depth unit="inches" min="0.5" max="4" reference_id="1357">2</depth>
			</ground_lichen>
			<litter>
				<percent_cover unit="number" min="10" max="70" reference_id="1357">60.0</percent_cover>
				<depth unit="inches" min="0.1" max="2" reference_id="1357">2.0</depth>
				<arrangement>1</arrangement>
				<litter_type>
					<short_needle_pine>
						<relative_cover />
					</short_needle_pine>
					<long_needle_pine>
						<relative_cover />
					</long_needle_pine>
					<other_conifer>
						<relative_cover>100.00</relative_cover>
					</other_conifer>
					<broadleaf_deciduous>
						<relative_cover />
					</broadleaf_deciduous>
					<broadleaf_evergreen>
						<relative_cover />
					</broadleaf_evergreen>
					<palm_frond>
						<relative_cover />
					</palm_frond>
					<grass>
						<relative_cover />
					</grass>
				</litter_type>
			</litter>
		</moss_lichen_litter>
		<ground_fuel>
			<duff>
				<upper>
					<percent_cover unit="number" min="50" max="100" reference_id="1357">100</percent_cover>
					<depth unit="inches" min="0.5" max="5" reference_id="1357">6.0</depth>
					<derivation>1</derivation>
				</upper>
				<lower>
					<percent_cover unit="number" min="25" max="100">75</percent_cover>
					<depth unit="inches" min="0.5" max="4" reference_id="1357">2</depth>
					<derivation>3</derivation>
				</lower>
			</duff>
			<basal_accumulation>
				<radius unit="feet" />
				<depth unit="inches" />
				<number_per_unit_area unit="number_per_acre" />
				<type />
			</basal_accumulation>
			<squirrel_middens>
				<depth unit="inches" min="6" max="36" reference_id="1357">18</depth>
				<number_per_unit_area unit="number_per_acre" min="0" max="4" reference_id="1357">1</number_per_unit_area>
				<radius unit="feet" min="2.5" max="15" reference_id="1357">7.5</radius>
			</squirrel_middens>
		</ground_fuel>
	</fuelbed>
</FCCS_file>
