<?xml version="1.0"?>
<FCCS_file xmlns:xsi="http://www.w3.org/2001/XMLSchema-instance" xsi:noNamespaceSchemaLocation="cash.xsd" schemaVersion="1.4">
	<fuelbed_number>306_221</fuelbed_number>
	<fuelbed_name>Knobcone pine forest</fuelbed_name>
	<fuelbed_description>Knobcone pine forests occur in southern Oregon and have a discontinuous distribution throughout California. Knobcone pine generally comprises the majority of the stocking.  It can be codominant with many species including Douglas-fir, digger pine, and live oak.  </fuelbed_description>
	<ecoregion>260</ecoregion>
	<vegetation_form>2</vegetation_form>
	<structural_class>1</structural_class>
	<cover_type>155</cover_type>
	<change_agent>18</change_agent>
	<natural_fire_regime>1</natural_fire_regime>
	<condition_class>2</condition_class>
	<user_name>Roger Ottmar</user_name>
	<address />
	<affiliation>USDA Forest Service</affiliation>
	<phone>206-732-7826</phone>
	<file_owner_email>rottmar@fs.fed.us</file_owner_email>
	<notes>Used FCCS fuelbed 286 as baseline and adjusted trees with expert opinion and adjusted species.  </notes>
	<date_collected>Mar 12, 2010</date_collected>
	<fuelbed_confidence />
	<fuelbed>
		<canopy>
			<trees>
				<total_percent_cover unit="number" min="20" max="70">33.5</total_percent_cover>
				<overstory>
					<percent_cover unit="number" min="5" max="20">5.0</percent_cover>
					<height unit="feet" min="30" max="85" reference_id="5066">50</height>
					<height_to_live_crown unit="feet" min="10" max="40">30.0</height_to_live_crown>
					<stem_density unit="number_per_acre" min="10" max="80" reference_id="5066">15.0</stem_density>
					<diameter_at_breast_height unit="inches" min="13" max="25" reference_id="5066">22.5</diameter_at_breast_height>
					<species>
						<species_description>
							<tsn>183315</tsn>
							<relative_cover>80</relative_cover>
						</species_description>
						<species_description>
							<tsn>183424</tsn>
							<relative_cover>20</relative_cover>
						</species_description>
					</species>
				</overstory>
				<midstory>
					<percent_cover unit="number" min="20" max="70">25.0</percent_cover>
					<height unit="feet" min="15" max="35" reference_id="5066">25</height>
					<height_to_live_crown unit="feet" min="1" max="10">7.5</height_to_live_crown>
					<stem_density unit="number_per_acre" min="100" max="2000" reference_id="5066">200.0</stem_density>
					<diameter_at_breast_height unit="inches" min="3" max="18" reference_id="5066">10.0</diameter_at_breast_height>
					<species>
						<species_description>
							<tsn>183315</tsn>
							<relative_cover>80</relative_cover>
						</species_description>
						<species_description>
							<tsn>183424</tsn>
							<relative_cover>20.00</relative_cover>
						</species_description>
					</species>
				</midstory>
				<understory>
					<percent_cover unit="number" min="-3" max="-3">0.0</percent_cover>
					<height unit="feet" min="-3" max="-3">0.0</height>
					<height_to_live_crown unit="feet" min="-3" max="-3">0.0</height_to_live_crown>
					<stem_density unit="number_per_acre" min="-3" max="-3">0.0</stem_density>
					<diameter_at_breast_height unit="inches" min="-3" max="-3">0.0</diameter_at_breast_height>
					<species>
						<species_description>
							<tsn>183424</tsn>
							<relative_cover>100</relative_cover>
						</species_description>
					</species>
				</understory>
			</trees>
			<snags>
				<class_1_conifers_with_foliage>
					<percent_cover unit="number" />
					<height_to_crown_base unit="feet" />
					<stem_density unit="number_per_acre" />
					<diameter unit="inches" />
					<height unit="feet" />
					<species />
				</class_1_conifers_with_foliage>
				<class_1_all_others>
					<stem_density unit="number_per_acre" />
					<diameter unit="inches" />
					<height unit="feet" />
					<species />
				</class_1_all_others>
				<class_2>
					<stem_density unit="number_per_acre" min="1" max="25">6</stem_density>
					<diameter unit="inches" min="6" max="30">15</diameter>
					<height unit="feet" min="20" max="75">45</height>
					<species>
						<species_description>
							<tsn>183424</tsn>
							<relative_cover>50.00</relative_cover>
						</species_description>
						<species_description>
							<tsn>183315</tsn>
							<relative_cover>50.00</relative_cover>
						</species_description>
					</species>
				</class_2>
				<class_3>
					<stem_density unit="number_per_acre" min="1" max="25">7</stem_density>
					<diameter unit="inches" min="6" max="30">15</diameter>
					<height unit="feet" min="20" max="75">45</height>
					<species>
						<species_description>
							<tsn>183424</tsn>
							<relative_cover>50.00</relative_cover>
						</species_description>
						<species_description>
							<tsn>183315</tsn>
							<relative_cover>50.00</relative_cover>
						</species_description>
					</species>
				</class_3>
			</snags>
			<ladder_fuels>
				<minimum_height unit="feet" min="1" max="10" reference_id="7000">5</minimum_height>
				<maximum_height unit="feet" min="15" max="35" reference_id="7000">25</maximum_height>
				<is_vertically_contiguous>1</is_vertically_contiguous>
				<type>7</type>
			</ladder_fuels>
		</canopy>
		<shrubs>
			<primary_layer>
				<percent_cover unit="number" min="3" max="25">5.0</percent_cover>
				<height unit="feet" min="3" max="10" reference_id="5083">5</height>
				<percent_live unit="number" min="80" max="100" reference_id="4008">22.5</percent_live>
				<species>
					<species_description>
						<tsn>35338</tsn>
						<relative_cover>30.00</relative_cover>
					</species_description>
					<species_description>
						<tsn>536220</tsn>
						<relative_cover>30.00</relative_cover>
					</species_description>
					<species_description>
						<tsn>24457</tsn>
						<relative_cover>20.00</relative_cover>
					</species_description>
					<species_description>
						<tsn>28467</tsn>
						<relative_cover>10.00</relative_cover>
					</species_description>
					<species_description>
						<tsn>25136</tsn>
						<relative_cover>10.00</relative_cover>
					</species_description>
				</species>
			</primary_layer>
			<secondary_layer>
				<percent_cover unit="number" min="1" max="10">2.5</percent_cover>
				<height unit="feet" min="0.5" max="2" reference_id="5083">1</height>
				<percent_live unit="number" min="80" max="100" reference_id="4008">22.5</percent_live>
				<species>
					<species_description>
						<tsn>18832</tsn>
						<relative_cover>60.00</relative_cover>
					</species_description>
					<species_description>
						<tsn>504149</tsn>
						<relative_cover>40.00</relative_cover>
					</species_description>
				</species>
			</secondary_layer>
			<needle_drape>
				<is_sufficient_to_affect_fire_behavior>0</is_sufficient_to_affect_fire_behavior>
			</needle_drape>
		</shrubs>
		<herbaceous>
			<primary_layer>
				<percent_cover unit="number" min="0" max="10">2.5</percent_cover>
				<height unit="feet" min="0.2" max="1" reference_id="5083">0.5</height>
				<loading unit="tons_per_acre" min="0" max="0.1" reference_id="7000">0.005</loading>
				<percent_live unit="number" min="60" max="100">45.0</percent_live>
				<species>
					<species_description>
						<tsn>29104</tsn>
						<relative_cover>30.00</relative_cover>
					</species_description>
					<species_description>
						<tsn>35423</tsn>
						<relative_cover>20.00</relative_cover>
					</species_description>
					<species_description>
						<tsn>24634</tsn>
						<relative_cover>20.00</relative_cover>
					</species_description>
					<species_description>
						<tsn>36223</tsn>
						<relative_cover>10.00</relative_cover>
					</species_description>
					<species_description>
						<tsn>31951</tsn>
						<relative_cover>10.00</relative_cover>
					</species_description>
					<species_description>
						<tsn>34497</tsn>
						<relative_cover>10.00</relative_cover>
					</species_description>
				</species>
			</primary_layer>
			<secondary_layer>
				<percent_cover unit="number" min="0" max="25">5.0</percent_cover>
				<height unit="feet" min="0.5" max="2" reference_id="5083">1</height>
				<loading unit="tons_per_acre" min="0" max="0.5" reference_id="7000">0.05</loading>
				<percent_live unit="number" min="60" max="100">45.0</percent_live>
				<species>
					<species_description>
						<tsn>41927</tsn>
						<relative_cover>35.00</relative_cover>
					</species_description>
					<species_description>
						<tsn>40809</tsn>
						<relative_cover>35.00</relative_cover>
					</species_description>
					<species_description>
						<tsn>40496</tsn>
						<relative_cover>10.00</relative_cover>
					</species_description>
					<species_description>
						<tsn>39369</tsn>
						<relative_cover>10.00</relative_cover>
					</species_description>
					<species_description>
						<tsn>504467</tsn>
						<relative_cover>10.00</relative_cover>
					</species_description>
				</species>
			</secondary_layer>
		</herbaceous>
		<woody_fuel>
			<all_downed_woody_fuel>
				<total_percent_cover unit="number" min="10" max="90" reference_id="7000">75.0</total_percent_cover>
				<depth unit="inches" min="0.1" max="4" reference_id="508">3.0</depth>
			</all_downed_woody_fuel>
			<sound_wood>
				<all_sound_wood>
					<species>
						<species_description>
							<tsn>183424</tsn>
							<relative_cover>50.00</relative_cover>
						</species_description>
						<species_description>
							<tsn>183315</tsn>
							<relative_cover>50.00</relative_cover>
						</species_description>
					</species>
				</all_sound_wood>
				<loadings_zero_to_three_inches>
					<zero_to_quarter_inch unit="tons_per_acre" min="0.01" max="1">1.0</zero_to_quarter_inch>
					<quarter_inch_to_one_inch unit="tons_per_acre" min="0.1" max="3.5">2.0</quarter_inch_to_one_inch>
					<one_to_three_inches unit="tons_per_acre" min="0" max="3.5">1.5</one_to_three_inches>
				</loadings_zero_to_three_inches>
				<loadings_greater_than_three_inches>
					<three_to_nine_inches unit="tons_per_acre" min="0" max="5">1</three_to_nine_inches>
					<nine_to_twenty_inches unit="tons_per_acre" min="0" max="40">6</nine_to_twenty_inches>
					<greater_than_twenty_inches unit="tons_per_acre" min="0" max="20">2</greater_than_twenty_inches>
				</loadings_greater_than_three_inches>
			</sound_wood>
			<rotten_wood>
				<all_rotten_wood>
					<species>
						<species_description>
							<tsn>183424</tsn>
							<relative_cover>50.00</relative_cover>
						</species_description>
						<species_description>
							<tsn>183315</tsn>
							<relative_cover>50.00</relative_cover>
						</species_description>
					</species>
				</all_rotten_wood>
				<loadings_greater_than_three_inches>
					<three_to_nine_inches unit="tons_per_acre" min="0.5" max="5">2</three_to_nine_inches>
					<nine_to_twenty_inches unit="tons_per_acre" min="1" max="30">5</nine_to_twenty_inches>
					<greater_than_twenty_inches unit="tons_per_acre" min="0" max="40">10</greater_than_twenty_inches>
				</loadings_greater_than_three_inches>
			</rotten_wood>
			<stumps>
				<sound>
					<stem_density unit="number_per_acre" min="0" max="5" reference_id="7000">217.0</stem_density>
					<diameter unit="inches" min="5" max="25" reference_id="7000">15</diameter>
					<height unit="feet" min="1" max="3" reference_id="7000">2</height>
					<species>
						<species_description>
							<tsn>183424</tsn>
							<relative_cover>100.00</relative_cover>
						</species_description>
					</species>
				</sound>
				<rotten>
					<stem_density unit="number_per_acre" min="0" max="5" reference_id="7000">2</stem_density>
					<diameter unit="inches" min="5" max="25" reference_id="7000">15</diameter>
					<height unit="feet" min="1" max="3" reference_id="7000">2</height>
					<species>
						<species_description>
							<tsn>183424</tsn>
							<relative_cover>100.00</relative_cover>
						</species_description>
					</species>
				</rotten>
				<lightered_pitchy>
					<stem_density unit="number_per_acre" />
					<diameter unit="inches" />
					<height unit="feet" />
					<species />
				</lightered_pitchy>
			</stumps>
		</woody_fuel>
		<moss_lichen_litter>
			<moss>
				<type>2</type>
				<percent_cover unit="number" min="0" max="5" reference_id="508">1</percent_cover>
				<depth unit="inches" min="0" max="1" reference_id="508">0.5</depth>
			</moss>
			<ground_lichen>
				<percent_cover unit="number" />
				<depth unit="inches" />
			</ground_lichen>
			<litter>
				<percent_cover unit="number" min="40" max="90">100</percent_cover>
				<depth unit="inches" min="0.3" max="1.5" reference_id="4008">1.5</depth>
				<arrangement>1</arrangement>
				<litter_type>
					<short_needle_pine>
						<relative_cover>30.00</relative_cover>
					</short_needle_pine>
					<long_needle_pine>
						<relative_cover>45.00</relative_cover>
					</long_needle_pine>
					<other_conifer>
						<relative_cover>10.00</relative_cover>
					</other_conifer>
					<broadleaf_deciduous>
						<relative_cover>10.00</relative_cover>
					</broadleaf_deciduous>
					<broadleaf_evergreen>
						<relative_cover />
					</broadleaf_evergreen>
					<palm_frond>
						<relative_cover />
					</palm_frond>
					<grass>
						<relative_cover>5.00</relative_cover>
					</grass>
				</litter_type>
			</litter>
		</moss_lichen_litter>
		<ground_fuel>
			<duff>
				<upper>
					<depth unit="inches" min="0.3" max="3" reference_id="4008">1.4</depth>
					<percent_cover unit="number" min="40" max="90">70</percent_cover>
					<derivation>1</derivation>
				</upper>
				<lower>
					<depth unit="inches" min="0.3" max="3" reference_id="4008" />
					<percent_cover unit="number" min="40" max="90" />
					<derivation />
					<loading unit="tons_per_acre" />
				</lower>
			</duff>
			<squirrel_middens>
				<depth unit="inches" />
				<radius unit="feet" />
				<number_per_unit_area unit="number_per_acre" />
			</squirrel_middens>
			<basal_accumulation>
				<depth unit="inches" min="0.5" max="2" reference_id="7000">1</depth>
				<radius unit="feet" min="1" max="4" reference_id="7000">2</radius>
				<number_per_unit_area unit="number_per_acre">3</number_per_unit_area>
				<type>2</type>
			</basal_accumulation>
		</ground_fuel>
	</fuelbed>
</FCCS_file>
