<?xml version="1.0"?>
<FCCS_file xmlns:xsi="http://www.w3.org/2001/XMLSchema-instance" xsi:noNamespaceSchemaLocation="cash.xsd" schemaVersion="1.4">
	<fuelbed_number>59_511</fuelbed_number>
	<fuelbed_name>Subalpine fir-Engelmann spruce-Douglas-fir-lodgepole pine forest</fuelbed_name>
	<fuelbed_description>Subalpine fir, Engelmann spruce and lodgepole pine are common in montane forests of Washington, Oregon, and the U.S. Rocky Mountains. This forest type is cool and moist, in a transition zone between the montane mixed conifer forests below and the subalpine forests above.</fuelbed_description>
	<ecoregion>240,260,330,340</ecoregion>
	<vegetation_form>2</vegetation_form>
	<structural_class>2</structural_class>
	<cover_type>113</cover_type>
	<change_agent>18</change_agent>
	<natural_fire_regime>4</natural_fire_regime>
	<condition_class>1</condition_class>
	<user_name />
	<address />
	<affiliation />
	<phone />
	<file_owner_email />
	<notes />
	<site_photo />
	<date_collected>2003-09-17</date_collected>
	<fuelbed_confidence>3</fuelbed_confidence>
	<fuelbed>
		<canopy>
			<trees>
				<total_percent_cover unit="number" min="25" max="95">67.5</total_percent_cover>
				<overstory>
					<percent_cover unit="number" min="0" max="5" reference_id="459">0.9</percent_cover>
					<height unit="feet" min="75" max="110" reference_id="7018">90</height>
					<height_to_live_crown unit="feet" min="3" max="40" reference_id="459">5.5</height_to_live_crown>
					<stem_density unit="number_per_acre" min="0" max="20" reference_id="459">1.8</stem_density>
					<diameter_at_breast_height unit="inches" min="17" max="25" reference_id="459">21</diameter_at_breast_height>
					<species>
						<species_description>
							<tsn>181830</tsn>
							<relative_cover>34.00</relative_cover>
						</species_description>
						<species_description>
							<tsn>183291</tsn>
							<relative_cover>33.00</relative_cover>
						</species_description>
						<species_description>
							<tsn>183424</tsn>
							<relative_cover>33.00</relative_cover>
						</species_description>
					</species>
				</overstory>
				<midstory>
					<percent_cover unit="number" min="25" max="75" reference_id="459">36.0</percent_cover>
					<height unit="feet" min="30" max="70" reference_id="459">49</height>
					<height_to_live_crown unit="feet" min="5" max="60" reference_id="1358">17.6</height_to_live_crown>
					<stem_density unit="number_per_acre" min="100" max="600" reference_id="459">174.6</stem_density>
					<diameter_at_breast_height unit="inches" min="8" max="18" reference_id="459">15</diameter_at_breast_height>
					<species>
						<species_description>
							<tsn>181830</tsn>
							<relative_cover>30.00</relative_cover>
						</species_description>
						<species_description>
							<tsn>183291</tsn>
							<relative_cover>30.00</relative_cover>
						</species_description>
						<species_description>
							<tsn>183327</tsn>
							<relative_cover>30.00</relative_cover>
						</species_description>
						<species_description>
							<tsn>183424</tsn>
							<relative_cover>10.00</relative_cover>
						</species_description>
					</species>
				</midstory>
				<understory>
					<percent_cover unit="number" min="5" max="65" reference_id="459">40</percent_cover>
					<height unit="feet" min="1" max="30">4</height>
					<height_to_live_crown unit="feet" min="0.5" max="6">2</height_to_live_crown>
					<stem_density unit="number_per_acre" min="580" max="2300" reference_id="459">950</stem_density>
					<diameter_at_breast_height unit="inches" min="0.5" max="6" reference_id="459">2</diameter_at_breast_height>
					<species>
						<species_description>
							<tsn>183291</tsn>
							<relative_cover>50.00</relative_cover>
						</species_description>
						<species_description>
							<tsn>183327</tsn>
							<relative_cover>50.00</relative_cover>
						</species_description>
					</species>
				</understory>
			</trees>
			<snags>
				<class_1_conifers_with_foliage>
					<percent_cover unit="number" min="0" max="72">13.80914</percent_cover>
					<height_to_crown_base unit="feet" min="0" max="72">48.024</height_to_crown_base>
					<stem_density unit="number_per_acre" min="0" max="50" reference_id="459">49.6</stem_density>
					<diameter unit="inches" min="2.5" max="60" reference_id="459">15.061224489795919</diameter>
					<height unit="feet" min="30" max="90" reference_id="459">72</height>
					<species>
						<species_description>
							<tsn>183327</tsn>
							<relative_cover>100.00</relative_cover>
						</species_description>
					</species>
				</class_1_conifers_with_foliage>
				<class_1_all_others>
					<stem_density unit="number_per_acre" />
					<diameter unit="inches" />
					<height unit="feet" />
					<species />
				</class_1_all_others>
				<class_2>
					<stem_density unit="number_per_acre" min="0" max="30">15</stem_density>
					<diameter unit="inches" min="2.5" max="60" reference_id="459">13</diameter>
					<height unit="feet" min="30" max="90" reference_id="459">72</height>
					<species>
						<species_description>
							<tsn>183327</tsn>
							<relative_cover>100.00</relative_cover>
						</species_description>
					</species>
				</class_2>
				<class_3>
					<stem_density unit="number_per_acre" min="0" max="15">9</stem_density>
					<diameter unit="inches" min="2.5" max="60" reference_id="459">18</diameter>
					<height unit="feet" min="5" max="80" reference_id="459">43</height>
					<species>
						<species_description>
							<tsn>183291</tsn>
							<relative_cover>100.00</relative_cover>
						</species_description>
					</species>
				</class_3>
			</snags>
			<ladder_fuels>
				<minimum_height unit="feet" min="0.5" max="15" reference_id="1358">2</minimum_height>
				<maximum_height unit="feet" min="1" max="30" reference_id="1358">10</maximum_height>
				<is_vertically_contiguous>1</is_vertically_contiguous>
				<type>2</type>
			</ladder_fuels>
		</canopy>
		<shrubs>
			<primary_layer>
				<percent_cover unit="number" min="15" max="90">65</percent_cover>
				<height unit="feet" min="1" max="10">4.5</height>
				<percent_live unit="number" min="60" max="100">90</percent_live>
				<species>
					<species_description>
						<tsn>23684</tsn>
						<relative_cover>80.00</relative_cover>
					</species_description>
					<species_description>
						<tsn>23601</tsn>
						<relative_cover>10.00</relative_cover>
					</species_description>
					<species_description>
						<tsn>23613</tsn>
						<relative_cover>10.00</relative_cover>
					</species_description>
				</species>
			</primary_layer>
			<secondary_layer>
				<percent_cover unit="number" />
				<height unit="feet" />
				<percent_live unit="number" />
				<species />
			</secondary_layer>
			<needle_drape>
				<is_sufficient_to_affect_fire_behavior>0</is_sufficient_to_affect_fire_behavior>
			</needle_drape>
		</shrubs>
		<herbaceous>
			<primary_layer>
				<percent_cover unit="number" min="0" max="16" reference_id="1412">9</percent_cover>
				<height unit="feet" min="0.5" max="2">1</height>
				<percent_live unit="number" min="65" max="99">85</percent_live>
				<loading unit="tons_per_acre" min="0" max="4">0.3</loading>
				<species>
					<species_description>
						<tsn>505768</tsn>
						<relative_cover>90.00</relative_cover>
					</species_description>
					<species_description>
						<tsn>36561</tsn>
						<relative_cover>10.00</relative_cover>
					</species_description>
				</species>
			</primary_layer>
			<secondary_layer>
				<percent_cover unit="number" />
				<height unit="feet" />
				<percent_live unit="number" />
				<loading unit="tons_per_acre" />
				<species />
			</secondary_layer>
		</herbaceous>
		<woody_fuel>
			<all_downed_woody_fuel>
				<total_percent_cover unit="number" min="89" max="100">99</total_percent_cover>
				<depth unit="inches" min="1" max="5">2</depth>
			</all_downed_woody_fuel>
			<sound_wood>
				<loadings_zero_to_three_inches>
					<zero_to_quarter_inch unit="tons_per_acre" min="0.3" max="0.7" reference_id="7018">0.5</zero_to_quarter_inch>
					<quarter_inch_to_one_inch unit="tons_per_acre" min="0.3" max="1.4" reference_id="128">1</quarter_inch_to_one_inch>
					<one_to_three_inches unit="tons_per_acre" min="0" max="2.3" reference_id="128">2</one_to_three_inches>
				</loadings_zero_to_three_inches>
				<loadings_greater_than_three_inches>
					<three_to_nine_inches unit="tons_per_acre" min="1.8" max="11.7">6.3</three_to_nine_inches>
					<nine_to_twenty_inches unit="tons_per_acre" min="1.1" max="6.7">3.9</nine_to_twenty_inches>
					<greater_than_twenty_inches unit="tons_per_acre" min="0" max="0.6">0.3</greater_than_twenty_inches>
				</loadings_greater_than_three_inches>
				<all_sound_wood>
					<species>
						<species_description>
							<tsn>181830</tsn>
							<relative_cover>50.00</relative_cover>
						</species_description>
						<species_description>
							<tsn>183291</tsn>
							<relative_cover>50.00</relative_cover>
						</species_description>
					</species>
				</all_sound_wood>
			</sound_wood>
			<rotten_wood>
				<loadings_greater_than_three_inches>
					<three_to_nine_inches unit="tons_per_acre" min="1.8" max="11.7">6.3</three_to_nine_inches>
					<nine_to_twenty_inches unit="tons_per_acre" min="1.1" max="6.7">3.9</nine_to_twenty_inches>
					<greater_than_twenty_inches unit="tons_per_acre" min="0" max="0.6">0.3</greater_than_twenty_inches>
				</loadings_greater_than_three_inches>
				<all_rotten_wood>
					<species>
						<species_description>
							<tsn>181830</tsn>
							<relative_cover>50.00</relative_cover>
						</species_description>
						<species_description>
							<tsn>183291</tsn>
							<relative_cover>50.00</relative_cover>
						</species_description>
					</species>
				</all_rotten_wood>
			</rotten_wood>
			<stumps>
				<sound>
					<stem_density unit="number_per_acre" />
					<diameter unit="inches" />
					<height unit="feet" />
					<species />
				</sound>
				<rotten>
					<stem_density unit="number_per_acre" />
					<diameter unit="inches" />
					<height unit="feet" />
					<species />
				</rotten>
				<lightered_pitchy>
					<stem_density unit="number_per_acre" />
					<diameter unit="inches" />
					<height unit="feet" />
					<species />
				</lightered_pitchy>
			</stumps>
			<piles>
				<clean_loading unit="tons_per_acre">0.126949</clean_loading>
				<dirty_loading unit="tons_per_acre">0.000000</dirty_loading>
				<verydirty_loading unit="tons_per_acre">0.000000</verydirty_loading>
				<pileData>
					<header>pileGroupID,pileGroupName,numPiles,pileType,pileShape,W1,L1,H1,W2,L2,H2,soilPercent,packingRatio,handPileSpecies,species1_TSN,species1_percent,species2_TSN,species2_percent,pileQuality,percentConsumed</header>
					<pileGroups>
						<pileGroup>2,,2,1,5,4.00,10.00,3.50,,,,,,2,,,,,,90</pileGroup>
					</pileGroups>
				</pileData>
			</piles>
		</woody_fuel>
		<moss_lichen_litter>
			<moss>
				<percent_cover unit="number" min="40" max="70" reference_id="1412">55</percent_cover>
				<depth unit="inches" min="0.2" max="2">0.7</depth>
				<type>2</type>
			</moss>
			<ground_lichen>
				<percent_cover unit="number" min="0" max="15" reference_id="1412">5</percent_cover>
				<depth unit="inches" min="0.1" max="1.5">0.2</depth>
			</ground_lichen>
			<litter>
				<percent_cover unit="number" min="20" max="80" reference_id="1412">36</percent_cover>
				<depth unit="inches" min="0.1" max="1">0.3</depth>
				<arrangement>1</arrangement>
				<litter_type>
					<short_needle_pine>
						<relative_cover>30.00</relative_cover>
					</short_needle_pine>
					<long_needle_pine>
						<relative_cover />
					</long_needle_pine>
					<other_conifer>
						<relative_cover>65.00</relative_cover>
					</other_conifer>
					<broadleaf_deciduous>
						<relative_cover />
					</broadleaf_deciduous>
					<broadleaf_evergreen>
						<relative_cover>5.00</relative_cover>
					</broadleaf_evergreen>
					<palm_frond>
						<relative_cover />
					</palm_frond>
					<grass>
						<relative_cover />
					</grass>
				</litter_type>
			</litter>
		</moss_lichen_litter>
		<ground_fuel>
			<duff>
				<upper>
					<percent_cover unit="number" min="75" max="99">85</percent_cover>
					<depth unit="inches" min="0.5" max="2">1.2</depth>
					<derivation>1</derivation>
				</upper>
				<lower>
					<percent_cover unit="number" min="89" max="100">99</percent_cover>
					<depth unit="inches" min="0.4" max="2.5">2</depth>
					<derivation>3</derivation>
				</lower>
			</duff>
			<basal_accumulation>
				<radius unit="feet" />
				<depth unit="inches" />
				<number_per_unit_area unit="number_per_acre" />
				<type />
			</basal_accumulation>
			<squirrel_middens>
				<depth unit="inches" />
				<number_per_unit_area unit="number_per_acre" />
				<radius unit="feet" />
			</squirrel_middens>
		</ground_fuel>
	</fuelbed>
</FCCS_file>
