<?xml version="1.0"?>
<FCCS_file xmlns:xsi="http://www.w3.org/2001/XMLSchema-instance" xsi:noNamespaceSchemaLocation="cash.xsd" schemaVersion="1.4">
	<fuelbed_number>104_233</fuelbed_number>
	<fuelbed_name>White spruce-paper birch forest with beetle damage</fuelbed_name>
	<fuelbed_description>White spruce and paper birch forest with a feathermoss and birch litter forest floor.  This stand is between 50 and 150 years old. The larger white spruce (greater than 5 in. dbh) have recently been attacked by spruce bark beetles. Found on well-drained floodplains and uplands in southcentral Alaska.</fuelbed_description>
	<ecoregion>130</ecoregion>
	<vegetation_form>4</vegetation_form>
	<structural_class>1</structural_class>
	<cover_type>104,106,107</cover_type>
	<change_agent>5</change_agent>
	<natural_fire_regime>4</natural_fire_regime>
	<condition_class>2</condition_class>
	<user_name />
	<address />
	<affiliation />
	<phone />
	<file_owner_email />
	<notes />
	<site_photo />
	<date_collected>2003-09-17</date_collected>
	<fuelbed_confidence>4</fuelbed_confidence>
	<fuelbed>
		<canopy>
			<trees>
				<total_percent_cover unit="number" min="40" max="90" reference_id="453">23.1</total_percent_cover>
				<overstory>
					<percent_cover unit="number" min="40" max="90" reference_id="453">17.5</percent_cover>
					<height unit="feet" min="30" max="100" reference_id="453">50</height>
					<height_to_live_crown unit="feet" min="5" max="30" reference_id="453">30.0</height_to_live_crown>
					<stem_density unit="number_per_acre" min="50" max="1500" reference_id="453">125.0</stem_density>
					<diameter_at_breast_height unit="inches" min="3" max="16" reference_id="453">10.0</diameter_at_breast_height>
					<species>
						<species_description>
							<tsn>19489</tsn>
							<relative_cover>60.00</relative_cover>
						</species_description>
						<species_description>
							<tsn>183295</tsn>
							<relative_cover>40.00</relative_cover>
						</species_description>
					</species>
				</overstory>
				<midstory>
					<percent_cover unit="number">0.0</percent_cover>
					<height unit="feet" />
					<height_to_live_crown unit="feet">0.0</height_to_live_crown>
					<stem_density unit="number_per_acre">0.0</stem_density>
					<diameter_at_breast_height unit="inches">0.0</diameter_at_breast_height>
					<species />
				</midstory>
				<understory>
					<percent_cover unit="number" min="0" max="30">0.0</percent_cover>
					<height unit="feet" min="0.5" max="4.5">0.0</height>
					<height_to_live_crown unit="feet" min="0" max="2">0.0</height_to_live_crown>
					<stem_density unit="number_per_acre" min="500" max="15000">0.0</stem_density>
					<diameter_at_breast_height unit="inches" min="0" max="0">0.0</diameter_at_breast_height>
					<species>
						<species_description>
							<tsn>183295</tsn>
							<relative_cover>90.00</relative_cover>
						</species_description>
						<species_description>
							<tsn>19489</tsn>
							<relative_cover>10.00</relative_cover>
						</species_description>
					</species>
				</understory>
			</trees>
			<snags>
				<class_1_conifers_with_foliage>
					<percent_cover unit="number" min="0" max="40">9.73633</percent_cover>
					<height_to_crown_base unit="feet" min="0" max="40">26.68</height_to_crown_base>
					<stem_density unit="number_per_acre" min="0" max="300" reference_id="453">150</stem_density>
					<diameter unit="inches" min="2" max="16" reference_id="453">6</diameter>
					<height unit="feet" min="10" max="70" reference_id="453">40</height>
					<species>
						<species_description>
							<tsn>183295</tsn>
							<relative_cover>100.00</relative_cover>
						</species_description>
					</species>
				</class_1_conifers_with_foliage>
				<class_1_all_others>
					<stem_density unit="number_per_acre" min="0" max="400" reference_id="453">100</stem_density>
					<diameter unit="inches" min="2" max="16" reference_id="453">6</diameter>
					<height unit="feet" min="10" max="60" reference_id="453">35</height>
					<species>
						<species_description>
							<tsn>183295</tsn>
							<relative_cover>100.00</relative_cover>
						</species_description>
					</species>
				</class_1_all_others>
				<class_2>
					<stem_density unit="number_per_acre" min="0" max="500" reference_id="453">100</stem_density>
					<diameter unit="inches" min="3" max="16" reference_id="453">7</diameter>
					<height unit="feet" min="10" max="60" reference_id="453">30</height>
					<species>
						<species_description>
							<tsn>183295</tsn>
							<relative_cover>40.00</relative_cover>
						</species_description>
						<species_description>
							<tsn>19489</tsn>
							<relative_cover>60.00</relative_cover>
						</species_description>
					</species>
				</class_2>
				<class_3>
					<stem_density unit="number_per_acre" min="0" max="500" reference_id="453">100</stem_density>
					<diameter unit="inches" min="3" max="16" reference_id="453">7</diameter>
					<height unit="feet" min="8" max="50" reference_id="453">20</height>
					<species>
						<species_description>
							<tsn>183295</tsn>
							<relative_cover>40.00</relative_cover>
						</species_description>
						<species_description>
							<tsn>19489</tsn>
							<relative_cover>60.00</relative_cover>
						</species_description>
					</species>
				</class_3>
			</snags>
			<ladder_fuels>
				<minimum_height unit="feet" min="0" max="10">5</minimum_height>
				<maximum_height unit="feet" min="8" max="60" reference_id="453">30</maximum_height>
				<is_vertically_contiguous>1</is_vertically_contiguous>
				<type>6</type>
			</ladder_fuels>
		</canopy>
		<shrubs>
			<primary_layer>
				<percent_cover unit="number" min="0" max="50">11.25</percent_cover>
				<height unit="feet" min="2" max="20" reference_id="453">15</height>
				<percent_live unit="number" min="50" max="100" reference_id="453">90.0</percent_live>
				<species>
					<species_description>
						<tsn>19466</tsn>
						<relative_cover>50.00</relative_cover>
					</species_description>
					<species_description>
						<tsn>22476</tsn>
						<relative_cover>50.00</relative_cover>
					</species_description>
				</species>
			</primary_layer>
			<secondary_layer>
				<percent_cover unit="number" min="0" max="50">14.0625</percent_cover>
				<height unit="feet" min="0.5" max="5">2</height>
				<percent_live unit="number" min="50" max="100">90.0</percent_live>
				<species>
					<species_description>
						<tsn>24812</tsn>
						<relative_cover>30.00</relative_cover>
					</species_description>
					<species_description>
						<tsn>505637</tsn>
						<relative_cover>30.00</relative_cover>
					</species_description>
					<species_description>
						<tsn>520050</tsn>
						<relative_cover>20.00</relative_cover>
					</species_description>
					<species_description>
						<tsn>35261</tsn>
						<relative_cover>10.00</relative_cover>
					</species_description>
					<species_description>
						<tsn>35314</tsn>
						<relative_cover>10.00</relative_cover>
					</species_description>
				</species>
			</secondary_layer>
			<needle_drape>
				<is_sufficient_to_affect_fire_behavior>0</is_sufficient_to_affect_fire_behavior>
			</needle_drape>
		</shrubs>
		<herbaceous>
			<primary_layer>
				<percent_cover unit="number" min="0" max="50">14.0625</percent_cover>
				<height unit="feet" min="0.5" max="5">2</height>
				<percent_live unit="number" min="0" max="100">80.0</percent_live>
				<loading unit="tons_per_acre" min="0" max="2" reference_id="1480">0.5625</loading>
				<species>
					<species_description>
						<tsn>40544</tsn>
						<relative_cover>100.00</relative_cover>
					</species_description>
				</species>
			</primary_layer>
			<secondary_layer>
				<percent_cover unit="number" min="0" max="50">11.25</percent_cover>
				<height unit="feet" min="0.3" max="1">0.5</height>
				<percent_live unit="number" min="0" max="100">80.0</percent_live>
				<loading unit="tons_per_acre" min="0" max="0.5">0.028125000000000004</loading>
				<species>
					<species_description>
						<tsn>27816</tsn>
						<relative_cover>40.00</relative_cover>
					</species_description>
					<species_description>
						<tsn>17148</tsn>
						<relative_cover>30.00</relative_cover>
					</species_description>
					<species_description>
						<tsn>502755</tsn>
						<relative_cover>30.00</relative_cover>
					</species_description>
				</species>
			</secondary_layer>
		</herbaceous>
		<woody_fuel>
			<all_downed_woody_fuel>
				<total_percent_cover unit="number" min="30" max="80">37.5</total_percent_cover>
				<depth unit="inches" min="1" max="48" reference_id="1359">1.5</depth>
			</all_downed_woody_fuel>
			<sound_wood>
				<loadings_zero_to_three_inches>
					<zero_to_quarter_inch unit="tons_per_acre" min="0" max="2.5">1.125</zero_to_quarter_inch>
					<quarter_inch_to_one_inch unit="tons_per_acre" min="0" max="4" reference_id="453">1.5</quarter_inch_to_one_inch>
					<one_to_three_inches unit="tons_per_acre" min="0" max="10" reference_id="453">2.25</one_to_three_inches>
				</loadings_zero_to_three_inches>
				<loadings_greater_than_three_inches>
					<three_to_nine_inches unit="tons_per_acre" min="0" max="40" reference_id="453">11.25</three_to_nine_inches>
					<nine_to_twenty_inches unit="tons_per_acre" min="0" max="20" reference_id="453">3.75</nine_to_twenty_inches>
					<greater_than_twenty_inches unit="tons_per_acre" min="0" max="10" reference_id="453">0.0</greater_than_twenty_inches>
				</loadings_greater_than_three_inches>
				<all_sound_wood>
					<species>
						<species_description>
							<tsn>183295</tsn>
							<relative_cover>90.00</relative_cover>
						</species_description>
						<species_description>
							<tsn>19489</tsn>
							<relative_cover>10.00</relative_cover>
						</species_description>
					</species>
				</all_sound_wood>
			</sound_wood>
			<rotten_wood>
				<loadings_greater_than_three_inches>
					<three_to_nine_inches unit="tons_per_acre" min="0" max="15" reference_id="453">10.375</three_to_nine_inches>
					<nine_to_twenty_inches unit="tons_per_acre" min="0" max="15" reference_id="453">4.125</nine_to_twenty_inches>
					<greater_than_twenty_inches unit="tons_per_acre" min="0" max="5" reference_id="453">0.0</greater_than_twenty_inches>
				</loadings_greater_than_three_inches>
				<all_rotten_wood>
					<species>
						<species_description>
							<tsn>183295</tsn>
							<relative_cover>60.00</relative_cover>
						</species_description>
						<species_description>
							<tsn>19489</tsn>
							<relative_cover>40.00</relative_cover>
						</species_description>
					</species>
				</all_rotten_wood>
			</rotten_wood>
			<stumps>
				<sound>
					<stem_density unit="number_per_acre" min="10" max="100"></stem_density>
					<diameter unit="inches" min="2" max="16"></diameter>
					<height unit="feet" min="0.5" max="4.5"></height>
					<species />
				</sound>
				<rotten>
					<stem_density unit="number_per_acre" min="10" max="100">475.0</stem_density>
					<diameter unit="inches" min="2" max="16">6</diameter>
					<height unit="feet" min="0.5" max="4.5">2</height>
					<species>
						<species_description>
							<tsn>183295</tsn>
							<relative_cover>70.00</relative_cover>
						</species_description>
						<species_description>
							<tsn>19489</tsn>
							<relative_cover>30.00</relative_cover>
						</species_description>
					</species>
				</rotten>
				<lightered_pitchy>
					<stem_density unit="number_per_acre" />
					<diameter unit="inches" />
					<height unit="feet" />
					<species />
				</lightered_pitchy>
			</stumps>
			<piles>
				<clean_loading unit="tons_per_acre">3.107595</clean_loading>
				<dirty_loading unit="tons_per_acre">0.000000</dirty_loading>
				<verydirty_loading unit="tons_per_acre">0.000000</verydirty_loading>
				<pileData>
					<header>pileGroupID,pileGroupName,numPiles,pileType,pileShape,W1,L1,H1,W2,L2,H2,soilPercent,packingRatio,handPileSpecies,species1_TSN,species1_percent,species2_TSN,species2_percent,pileQuality,percentConsumed</header>
					<pileGroups>
						<pileGroup>2,,5,1,5,15.00,15.00,5.00,,,,,,1,,,,,,90</pileGroup>
					</pileGroups>
				</pileData>
			</piles>
		</woody_fuel>
		<moss_lichen_litter>
			<moss>
				<percent_cover unit="number" min="10" max="60" reference_id="453">30</percent_cover>
				<depth unit="inches" min="0.5" max="5" reference_id="453">2</depth>
				<type>2</type>
			</moss>
			<ground_lichen>
				<percent_cover unit="number" min="0" max="10">3</percent_cover>
				<depth unit="inches" min="0.5" max="4">2</depth>
			</ground_lichen>
			<litter>
				<percent_cover unit="number" min="40" max="90">100</percent_cover>
				<depth unit="inches" min="0.5" max="3" reference_id="453">2.625</depth>
				<arrangement>1</arrangement>
				<litter_type>
					<short_needle_pine>
						<relative_cover />
					</short_needle_pine>
					<long_needle_pine>
						<relative_cover />
					</long_needle_pine>
					<other_conifer>
						<relative_cover>60.00</relative_cover>
					</other_conifer>
					<broadleaf_deciduous>
						<relative_cover>40.00</relative_cover>
					</broadleaf_deciduous>
					<broadleaf_evergreen>
						<relative_cover />
					</broadleaf_evergreen>
					<palm_frond>
						<relative_cover />
					</palm_frond>
					<grass>
						<relative_cover />
					</grass>
				</litter_type>
			</litter>
		</moss_lichen_litter>
		<ground_fuel>
			<duff>
				<upper>
					<percent_cover unit="number" min="50" max="100" reference_id="453">100</percent_cover>
					<depth unit="inches" min="0.5" max="5" reference_id="453">2.8</depth>
					<derivation>1</derivation>
				</upper>
				<lower>
					<percent_cover unit="number" min="50" max="90" reference_id="453">90</percent_cover>
					<depth unit="inches" min="0.5" max="4" reference_id="453">1</depth>
					<derivation>4</derivation>
				</lower>
			</duff>
			<basal_accumulation>
				<radius unit="feet" />
				<depth unit="inches" />
				<number_per_unit_area unit="number_per_acre" />
				<type />
			</basal_accumulation>
			<squirrel_middens>
				<depth unit="inches" min="6" max="30">12</depth>
				<number_per_unit_area unit="number_per_acre" min="0" max="4">1</number_per_unit_area>
				<radius unit="feet" min="2.5" max="7.5">5</radius>
			</squirrel_middens>
		</ground_fuel>
	</fuelbed>
</FCCS_file>
