<?xml version="1.0"?>
<FCCS_file xmlns:xsi="http://www.w3.org/2001/XMLSchema-instance" xsi:noNamespaceSchemaLocation="cash.xsd" schemaVersion="1.4">
	<fuelbed_number>26_233</fuelbed_number>
	<fuelbed_name>Interior ponderosa pine-limber pine forest</fuelbed_name>
	<fuelbed_description>Ponderosa pine forests of the interior western U.S. have changed dramatically within the past century of fire exclusion. Dense understories of pine and sclerophyllous shrubs exacerbate hazardous fuel conditions. This fuelbed was developed based on data from Bryce Canyon National Park.</fuelbed_description>
	<ecoregion>340</ecoregion>
	<vegetation_form>2</vegetation_form>
	<structural_class>1</structural_class>
	<cover_type>144</cover_type>
	<change_agent>2</change_agent>
	<natural_fire_regime>1</natural_fire_regime>
	<condition_class>3</condition_class>
	<user_name />
	<address />
	<affiliation />
	<phone />
	<file_owner_email />
	<notes />
	<site_photo />
	<date_collected>2003-09-17</date_collected>
	<fuelbed_confidence>4</fuelbed_confidence>
	<fuelbed>
		<canopy>
			<trees>
				<total_percent_cover unit="number" min="40" max="85">23.1</total_percent_cover>
				<overstory>
					<percent_cover unit="number" min="2" max="20">1.75</percent_cover>
					<height unit="feet" min="50" max="150">90</height>
					<height_to_live_crown unit="feet" min="15" max="65">60.0</height_to_live_crown>
					<stem_density unit="number_per_acre" min="5" max="50">7.5</stem_density>
					<diameter_at_breast_height unit="inches" min="10" max="60" reference_id="4008">23.75</diameter_at_breast_height>
					<species>
						<species_description>
							<tsn>183365</tsn>
							<relative_cover>89.00</relative_cover>
						</species_description>
						<species_description>
							<tsn>183343</tsn>
							<relative_cover>11.00</relative_cover>
						</species_description>
					</species>
				</overstory>
				<midstory>
					<percent_cover unit="number" min="30" max="95">12.5</percent_cover>
					<height unit="feet" min="20" max="120">70</height>
					<height_to_live_crown unit="feet" min="5" max="50">45.0</height_to_live_crown>
					<stem_density unit="number_per_acre" min="20" max="175" reference_id="4008">20.0</stem_density>
					<diameter_at_breast_height unit="inches" min="6" max="20" reference_id="4008">12.5</diameter_at_breast_height>
					<species>
						<species_description>
							<tsn>183365</tsn>
							<relative_cover>87.00</relative_cover>
						</species_description>
						<species_description>
							<tsn>183424</tsn>
							<relative_cover>6.00</relative_cover>
						</species_description>
						<species_description>
							<tsn>194872</tsn>
							<relative_cover>4.00</relative_cover>
						</species_description>
						<species_description>
							<tsn>183343</tsn>
							<relative_cover>3.00</relative_cover>
						</species_description>
					</species>
				</midstory>
				<understory>
					<percent_cover unit="number" min="10" max="70">0.0</percent_cover>
					<height unit="feet" min="2" max="35" reference_id="4008">0.0</height>
					<height_to_live_crown unit="feet" min="0" max="10">0.0</height_to_live_crown>
					<stem_density unit="number_per_acre" min="100" max="1000">0.0</stem_density>
					<diameter_at_breast_height unit="inches" min="0.5" max="6">0.0</diameter_at_breast_height>
					<species>
						<species_description>
							<tsn>183365</tsn>
							<relative_cover>57.00</relative_cover>
						</species_description>
						<species_description>
							<tsn>183424</tsn>
							<relative_cover>27.00</relative_cover>
						</species_description>
						<species_description>
							<tsn>183343</tsn>
							<relative_cover>9.00</relative_cover>
						</species_description>
						<species_description>
							<tsn>194872</tsn>
							<relative_cover>7.00</relative_cover>
						</species_description>
					</species>
				</understory>
			</trees>
			<snags>
				<class_1_conifers_with_foliage>
					<percent_cover unit="number" />
					<height_to_crown_base unit="feet" />
					<stem_density unit="number_per_acre" />
					<diameter unit="inches" />
					<height unit="feet" />
					<species />
				</class_1_conifers_with_foliage>
				<class_1_all_others>
					<stem_density unit="number_per_acre" />
					<diameter unit="inches" />
					<height unit="feet" />
					<species />
				</class_1_all_others>
				<class_2>
					<stem_density unit="number_per_acre" min="0" max="10" reference_id="4008">0.8</stem_density>
					<diameter unit="inches" min="6" max="60" reference_id="4008">10.3</diameter>
					<height unit="feet" min="20" max="150">70</height>
					<species>
						<species_description>
							<tsn>183365</tsn>
							<relative_cover>100.00</relative_cover>
						</species_description>
					</species>
				</class_2>
				<class_3>
					<stem_density unit="number_per_acre" min="0" max="20" reference_id="4008">5.7</stem_density>
					<diameter unit="inches" min="6" max="60">12.6</diameter>
					<height unit="feet" min="5" max="130">75</height>
					<species>
						<species_description>
							<tsn>183365</tsn>
							<relative_cover>100.00</relative_cover>
						</species_description>
					</species>
				</class_3>
			</snags>
			<ladder_fuels>
				<minimum_height unit="feet" min="0" max="10">3</minimum_height>
				<maximum_height unit="feet" min="2" max="50" reference_id="4008">30</maximum_height>
				<is_vertically_contiguous>1</is_vertically_contiguous>
				<type>2</type>
			</ladder_fuels>
		</canopy>
		<shrubs>
			<primary_layer>
				<percent_cover unit="number" min="5" max="45" reference_id="4008">12.150000000000002</percent_cover>
				<height unit="feet" min="0.3" max="6">2.2</height>
				<percent_live unit="number" min="50" max="95">85.0</percent_live>
				<species>
					<species_description>
						<tsn>23512</tsn>
						<relative_cover>83.00</relative_cover>
					</species_description>
					<species_description>
						<tsn>28486</tsn>
						<relative_cover>9.00</relative_cover>
					</species_description>
					<species_description>
						<tsn>35338</tsn>
						<relative_cover>5.00</relative_cover>
					</species_description>
					<species_description>
						<tsn>37051</tsn>
						<relative_cover>2.00</relative_cover>
					</species_description>
					<species_description>
						<tsn>37483</tsn>
						<relative_cover>1.00</relative_cover>
					</species_description>
				</species>
			</primary_layer>
			<secondary_layer>
				<percent_cover unit="number" min="0" max="5" reference_id="4008">0.6749999999999999</percent_cover>
				<height unit="feet" min="0.1" max="1">0.3</height>
				<percent_live unit="number" min="70" max="95">90.0</percent_live>
				<species>
					<species_description>
						<tsn>18832</tsn>
						<relative_cover>67.00</relative_cover>
					</species_description>
					<species_description>
						<tsn>504149</tsn>
						<relative_cover>33.00</relative_cover>
					</species_description>
				</species>
			</secondary_layer>
			<needle_drape>
				<is_sufficient_to_affect_fire_behavior>0</is_sufficient_to_affect_fire_behavior>
			</needle_drape>
		</shrubs>
		<herbaceous>
			<primary_layer>
				<percent_cover unit="number" min="0" max="5" reference_id="4008">0.39374999999999993</percent_cover>
				<height unit="feet" min="0.1" max="1.5" reference_id="4008">0.9</height>
				<percent_live unit="number" min="80" max="100">95.0</percent_live>
				<loading unit="tons_per_acre" min="0" max="0.5">0.03937500000000001</loading>
				<species>
					<species_description>
						<tsn>39786</tsn>
						<relative_cover>100.00</relative_cover>
					</species_description>
				</species>
			</primary_layer>
			<secondary_layer>
				<percent_cover unit="number" min="0" max="4" reference_id="4008">0.11250000000000002</percent_cover>
				<height unit="feet" min="0.1" max="2" reference_id="4008">0.9</height>
				<percent_live unit="number" min="60" max="100">85.0</percent_live>
				<loading unit="tons_per_acre" min="0" max="0.1">0.005625</loading>
				<species>
					<species_description>
						<tsn>512989</tsn>
						<relative_cover>60.00</relative_cover>
					</species_description>
					<species_description>
						<tsn>21230</tsn>
						<relative_cover>40.00</relative_cover>
					</species_description>
				</species>
			</secondary_layer>
		</herbaceous>
		<woody_fuel>
			<all_downed_woody_fuel>
				<total_percent_cover unit="number" min="0" max="90">37.5</total_percent_cover>
				<depth unit="inches" min="0.1" max="2">0.75</depth>
			</all_downed_woody_fuel>
			<sound_wood>
				<loadings_zero_to_three_inches>
					<zero_to_quarter_inch unit="tons_per_acre" min="0" max="1" reference_id="4008">0.5625</zero_to_quarter_inch>
					<quarter_inch_to_one_inch unit="tons_per_acre" min="0" max="2" reference_id="4008">1.125</quarter_inch_to_one_inch>
					<one_to_three_inches unit="tons_per_acre" min="0" max="3" reference_id="4008">0.5625</one_to_three_inches>
				</loadings_zero_to_three_inches>
				<loadings_greater_than_three_inches>
					<three_to_nine_inches unit="tons_per_acre" min="0" max="5" reference_id="4008">0.22499999999999998</three_to_nine_inches>
					<nine_to_twenty_inches unit="tons_per_acre" min="0" max="10" reference_id="4008">2.175</nine_to_twenty_inches>
					<greater_than_twenty_inches unit="tons_per_acre" min="0" max="20" reference_id="4008">7.050000000000001</greater_than_twenty_inches>
				</loadings_greater_than_three_inches>
				<all_sound_wood>
					<species>
						<species_description>
							<tsn>183365</tsn>
							<relative_cover>95.00</relative_cover>
						</species_description>
						<species_description>
							<tsn>183424</tsn>
							<relative_cover>5.00</relative_cover>
						</species_description>
					</species>
				</all_sound_wood>
			</sound_wood>
			<rotten_wood>
				<loadings_greater_than_three_inches>
					<three_to_nine_inches unit="tons_per_acre" min="0" max="5" reference_id="4008">0.5875</three_to_nine_inches>
					<nine_to_twenty_inches unit="tons_per_acre" min="0" max="10" reference_id="4008">1.8125</nine_to_twenty_inches>
					<greater_than_twenty_inches unit="tons_per_acre" min="0" max="20" reference_id="4008">5.875</greater_than_twenty_inches>
				</loadings_greater_than_three_inches>
				<all_rotten_wood>
					<species>
						<species_description>
							<tsn>183365</tsn>
							<relative_cover>95.00</relative_cover>
						</species_description>
						<species_description>
							<tsn>183424</tsn>
							<relative_cover>5.00</relative_cover>
						</species_description>
					</species>
				</all_rotten_wood>
			</rotten_wood>
			<stumps>
				<sound>
					<stem_density unit="number_per_acre"></stem_density>
					<diameter unit="inches"></diameter>
					<height unit="feet"></height>
					<species />
				</sound>
				<rotten>
					<stem_density unit="number_per_acre">82.5</stem_density>
					<diameter unit="inches" />
					<height unit="feet" />
					<species />
				</rotten>
				<lightered_pitchy>
					<stem_density unit="number_per_acre" />
					<diameter unit="inches" />
					<height unit="feet" />
					<species />
				</lightered_pitchy>
			</stumps>
		</woody_fuel>
		<moss_lichen_litter>
			<moss>
				<percent_cover unit="number" />
				<depth unit="inches" />
				<type />
			</moss>
			<ground_lichen>
				<percent_cover unit="number" />
				<depth unit="inches" />
			</ground_lichen>
			<litter>
				<percent_cover unit="number" min="40" max="100">100</percent_cover>
				<depth unit="inches" min="0.1" max="4" reference_id="4008">1.4000000000000001</depth>
				<arrangement>1</arrangement>
				<litter_type>
					<short_needle_pine>
						<relative_cover>3.00</relative_cover>
					</short_needle_pine>
					<long_needle_pine>
						<relative_cover>92.00</relative_cover>
					</long_needle_pine>
					<other_conifer>
						<relative_cover>5.00</relative_cover>
					</other_conifer>
					<broadleaf_deciduous>
						<relative_cover />
					</broadleaf_deciduous>
					<broadleaf_evergreen>
						<relative_cover />
					</broadleaf_evergreen>
					<palm_frond>
						<relative_cover />
					</palm_frond>
					<grass>
						<relative_cover />
					</grass>
				</litter_type>
			</litter>
		</moss_lichen_litter>
		<ground_fuel>
			<duff>
				<upper>
					<percent_cover unit="number" min="40" max="100">100</percent_cover>
					<depth unit="inches" min="0.1" max="3" reference_id="4008">0.7</depth>
					<derivation>1</derivation>
				</upper>
				<lower>
					<percent_cover unit="number" min="40" max="100" />
					<depth unit="inches" min="0.1" max="3" reference_id="4008" />
					<derivation />
					<loading unit="tons_per_acre" />
				</lower>
			</duff>
			<basal_accumulation>
				<radius unit="feet" min="0.16" max="2">0.5</radius>
				<depth unit="inches" min="0.5" max="5">2</depth>
				<number_per_unit_area unit="number_per_acre">12</number_per_unit_area>
				<type>1</type>
			</basal_accumulation>
			<squirrel_middens>
				<depth unit="inches" />
				<number_per_unit_area unit="number_per_acre" />
				<radius unit="feet" />
			</squirrel_middens>
		</ground_fuel>
	</fuelbed>
</FCCS_file>
