<?xml version="1.0" encoding="UTF-8" standalone="yes"?>
<FCCS_file xmlns:xsi="http://www.w3.org/2001/XMLSchema-instance" xsi:noNamespaceSchemaLocation="cash.xsd" schemaVersion="1.4">
  <fuelbed_number>870</fuelbed_number>
  <fuelbed_name>Western hemlock -- Pacific silver fir -- mountain hemlock forest over 200 years</fuelbed_name>
  <fuelbed_description>Western hemlock, Pacific silver fir, and mountain hemlock forest. Occurs at high elevations in montane and subalpine forests along the western slopes of the Cascade Crest. Established over 200 years ago after wildfire or clearcut harvest and has had no subsequent management.  Multi-layered, high density stand with high woody fuel load. Pacific silver fir and mountain hemlock are common associates. These forests are typically moist and cool. </fuelbed_description>
  <ecoregion>240,340,330</ecoregion>
  <vegetation_form>2</vegetation_form>
  <structural_class>1</structural_class>
  <cover_type>112,131</cover_type>
  <change_agent>18</change_agent>
  <natural_fire_regime>5</natural_fire_regime>
  <condition_class>1</condition_class>
  <user_name>Tom Leuschen</user_name>
  <address>PO Box 664 Twisp, WA 98856</address>
  <affiliation>Fire Vision LLC Contract Consultant</affiliation>
  <phone>509-997-5052</phone>
  <file_owner_email>tom@firevisionllc.com</file_owner_email>
  <notes>Created from fuelbed ow070. AA - changed shrub and nonwoody species composition based on ABAM wet (ABAM/CLUN &amp; ABAM/ASCA3) and TSME wet (TSME/ACTR) series in Simpson, 2007. Forested Plant Associations of the Oregon East Cascades. AA - edited name and description May 2009.
</notes>
  <date_collected>May 5, 2009</date_collected>
  <fuelbed_confidence/>
  <fuelbed>
    <canopy>
      <trees>
        <total_percent_cover unit="number" min="25" max="70">100</total_percent_cover>
        <overstory>
          <percent_cover unit="number" min="0" max="70">80</percent_cover>
          <height unit="feet" min="70" max="150">100</height>
          <height_to_live_crown unit="feet" min="30" max="80">30</height_to_live_crown>
          <stem_density unit="number_per_acre" min="0" max="269">76</stem_density>
          <diameter_at_breast_height unit="inches" min="11" max="60">22</diameter_at_breast_height>
          <species>
            <species_description>
              <tsn>183400</tsn>
              <relative_cover>79.00</relative_cover>
            </species_description>
            <species_description>
              <tsn>181824</tsn>
              <relative_cover>17.00</relative_cover>
            </species_description>
            <species_description>
              <tsn>183402</tsn>
              <relative_cover>4.00</relative_cover>
            </species_description>
          </species>
        </overstory>
        <midstory>
          <percent_cover unit="number" min="0" max="45">40</percent_cover>
          <height unit="feet" min="35" max="100">80</height>
          <height_to_live_crown unit="feet" min="15" max="60">10</height_to_live_crown>
          <stem_density unit="number_per_acre" min="0" max="120">150</stem_density>
          <diameter_at_breast_height unit="inches" min="8" max="20">14</diameter_at_breast_height>
          <species>
            <species_description>
              <tsn>183400</tsn>
              <relative_cover>60</relative_cover>
            </species_description>
            <species_description>
              <tsn>181824</tsn>
              <relative_cover>40</relative_cover>
            </species_description>
          </species>
        </midstory>
        <understory>
          <percent_cover unit="number" min="0" max="20">10</percent_cover>
          <height unit="feet" min="0.5" max="20">20</height>
          <height_to_live_crown unit="feet" min="0" max="13">0</height_to_live_crown>
          <stem_density unit="number_per_acre" min="50" max="2000">70</stem_density>
          <diameter_at_breast_height unit="inches" min="0.1" max="3">3</diameter_at_breast_height>
          <species>
            <species_description>
              <tsn>181824</tsn>
              <relative_cover>100</relative_cover>
            </species_description>
          </species>
        </understory>
      </trees>
      <snags>
        <class_1_conifers_with_foliage>
          <percent_cover unit="number"/>
          <height_to_crown_base unit="feet"/>
          <stem_density unit="number_per_acre"/>
          <diameter unit="inches"/>
          <height unit="feet"/>
          <species/>
        </class_1_conifers_with_foliage>
        <class_1_all_others>
          <stem_density unit="number_per_acre" min="-3" max="-3">10</stem_density>
          <diameter unit="inches" min="-3" max="-3">10</diameter>
          <height unit="feet" min="-3" max="-3">40</height>
          <species>
            <species_description>
              <tsn>181824</tsn>
              <relative_cover>60</relative_cover>
            </species_description>
            <species_description>
              <tsn>183400</tsn>
              <relative_cover>40</relative_cover>
            </species_description>
          </species>
        </class_1_all_others>
        <class_2>
          <stem_density unit="number_per_acre" min="0" max="8">6</stem_density>
          <diameter unit="inches" min="8" max="60">16</diameter>
          <height unit="feet" min="10" max="150">70</height>
          <species>
            <species_description>
              <tsn>181824</tsn>
              <relative_cover>100.00</relative_cover>
            </species_description>
          </species>
        </class_2>
        <class_3>
          <stem_density unit="number_per_acre" min="0" max="8">2</stem_density>
          <diameter unit="inches" min="8" max="60">15</diameter>
          <height unit="feet" min="4.5" max="120">10</height>
          <species>
            <species_description>
              <tsn>181824</tsn>
              <relative_cover>100</relative_cover>
            </species_description>
          </species>
        </class_3>
      </snags>
      <ladder_fuels>
        <minimum_height unit="feet" min="0" max="30">0</minimum_height>
        <maximum_height unit="feet" min="10" max="80">100</maximum_height>
        <is_vertically_contiguous>1</is_vertically_contiguous>
        <type>7</type>
      </ladder_fuels>
    </canopy>
    <shrubs>
      <primary_layer>
        <percent_cover unit="number" min="5" max="25">3</percent_cover>
        <height unit="feet" min="1" max="7">1</height>
        <percent_live unit="number" min="60" max="100">90</percent_live>
        <species>
          <species_description>
            <tsn>18825</tsn>
            <relative_cover>20</relative_cover>
          </species_description>
          <species_description>
            <tsn>23601</tsn>
            <relative_cover>40</relative_cover>
          </species_description>
          <species_description>
            <tsn>23769</tsn>
            <relative_cover>20</relative_cover>
          </species_description>
          <species_description>
            <tsn>24828</tsn>
            <relative_cover>20</relative_cover>
          </species_description>
        </species>
      </primary_layer>
      <secondary_layer>
        <percent_cover unit="number"/>
        <height unit="feet"/>
        <percent_live unit="number"/>
        <species/>
      </secondary_layer>
      <needle_drape>
        <is_sufficient_to_affect_fire_behavior>0</is_sufficient_to_affect_fire_behavior>
      </needle_drape>
    </shrubs>
    <herbaceous>
      <primary_layer>
        <percent_cover unit="number" min="5" max="60">15</percent_cover>
        <height unit="feet" min="0.1" max="2">0.5</height>
        <loading unit="tons_per_acre" min="0" max="0.4">0.1</loading>
        <percent_live unit="number" min="40" max="100">80</percent_live>
        <species>
          <species_description>
            <tsn>42905</tsn>
            <relative_cover>80</relative_cover>
          </species_description>
          <species_description>
            <tsn>18813</tsn>
            <relative_cover>20</relative_cover>
          </species_description>
        </species>
      </primary_layer>
      <secondary_layer>
        <percent_cover unit="number"/>
        <height unit="feet"/>
        <loading unit="tons_per_acre"/>
        <percent_live unit="number"/>
        <species/>
      </secondary_layer>
    </herbaceous>
    <woody_fuel>
      <all_downed_woody_fuel>
        <total_percent_cover unit="number" min="20" max="88">90</total_percent_cover>
        <depth unit="inches" min="0.3" max="8">4</depth>
      </all_downed_woody_fuel>
      <sound_wood>
        <all_sound_wood>
          <species>
            <species_description>
              <tsn>181824</tsn>
              <relative_cover>80.00</relative_cover>
            </species_description>
            <species_description>
              <tsn>183402</tsn>
              <relative_cover>20.00</relative_cover>
            </species_description>
          </species>
        </all_sound_wood>
        <loadings_zero_to_three_inches>
          <zero_to_quarter_inch unit="tons_per_acre" min="0" max="1.2">1.2</zero_to_quarter_inch>
          <quarter_inch_to_one_inch unit="tons_per_acre" min="0" max="2.2">2.2</quarter_inch_to_one_inch>
          <one_to_three_inches unit="tons_per_acre" min="0" max="5.5">5.5</one_to_three_inches>
        </loadings_zero_to_three_inches>
        <loadings_greater_than_three_inches>
          <three_to_nine_inches unit="tons_per_acre" min="0" max="10">5.69</three_to_nine_inches>
          <nine_to_twenty_inches unit="tons_per_acre" min="1" max="20">12</nine_to_twenty_inches>
          <greater_than_twenty_inches unit="tons_per_acre" min="0" max="15">7.66</greater_than_twenty_inches>
        </loadings_greater_than_three_inches>
      </sound_wood>
      <rotten_wood>
        <all_rotten_wood>
          <species>
            <species_description>
              <tsn>181824</tsn>
              <relative_cover>80.00</relative_cover>
            </species_description>
            <species_description>
              <tsn>183402</tsn>
              <relative_cover>20.00</relative_cover>
            </species_description>
          </species>
        </all_rotten_wood>
        <loadings_greater_than_three_inches>
          <three_to_nine_inches unit="tons_per_acre" min="0" max="10">2.25</three_to_nine_inches>
          <nine_to_twenty_inches unit="tons_per_acre" min="1" max="20">7</nine_to_twenty_inches>
          <greater_than_twenty_inches unit="tons_per_acre" min="0" max="15">10</greater_than_twenty_inches>
        </loadings_greater_than_three_inches>
      </rotten_wood>
      <stumps>
        <sound>
          <stem_density unit="number_per_acre"/>
          <diameter unit="inches"/>
          <height unit="feet"/>
          <species/>
        </sound>
        <rotten>
          <stem_density unit="number_per_acre"/>
          <diameter unit="inches"/>
          <height unit="feet"/>
          <species/>
        </rotten>
        <lightered_pitchy>
          <stem_density unit="number_per_acre"/>
          <diameter unit="inches"/>
          <height unit="feet"/>
          <species/>
        </lightered_pitchy>
      </stumps>
      <piles>
        <clean_loading unit="tons_per_acre">0.035697</clean_loading>
        <dirty_loading unit="tons_per_acre">0.000000</dirty_loading>
        <verydirty_loading unit="tons_per_acre">0.000000</verydirty_loading>
        <pileData>
          <header>pileGroupID,pileGroupName,numPiles,pileType,pileShape,W1,L1,H1,W2,L2,H2,soilPercent,packingRatio,handPileSpecies,species1_TSN,species1_percent,species2_TSN,species2_percent,pileQuality,percentConsumed</header>
          <pileGroups>
            <pileGroup>2,,2,1,5,1.50,15.00,2.00,,,,,,2,,,,,,90</pileGroup>
          </pileGroups>
        </pileData>
      </piles>
    </woody_fuel>
    <moss_lichen_litter>
      <moss>
        <type>2</type>
        <percent_cover unit="number" min="5" max="50">30</percent_cover>
        <depth unit="inches" min="0.1" max="1.2">0.7</depth>
      </moss>
      <ground_lichen>
        <percent_cover unit="number"/>
        <depth unit="inches"/>
      </ground_lichen>
      <litter>
        <percent_cover unit="number" min="80" max="100">100</percent_cover>
        <depth unit="inches" min="0.1" max="4">3</depth>
        <arrangement>1</arrangement>
        <litter_type>
          <short_needle_pine>
            <relative_cover/>
          </short_needle_pine>
          <long_needle_pine>
            <relative_cover/>
          </long_needle_pine>
          <other_conifer>
            <relative_cover>80.00</relative_cover>
          </other_conifer>
          <broadleaf_deciduous>
            <relative_cover/>
          </broadleaf_deciduous>
          <broadleaf_evergreen>
            <relative_cover/>
          </broadleaf_evergreen>
          <palm_frond>
            <relative_cover/>
          </palm_frond>
          <grass>
            <relative_cover>20.00</relative_cover>
          </grass>
        </litter_type>
      </litter>
    </moss_lichen_litter>
    <ground_fuel>
      <duff>
        <upper>
          <depth unit="inches" min="0.1" max="2.5">2</depth>
          <percent_cover unit="number" min="80" max="100">100</percent_cover>
          <derivation>1</derivation>
        </upper>
        <lower>
          <depth unit="inches" min="0.1" max="2.5">2</depth>
          <percent_cover unit="number" min="80" max="100">100</percent_cover>
          <derivation>3</derivation>
        </lower>
      </duff>
      <squirrel_middens>
        <depth unit="inches"/>
        <radius unit="feet"/>
        <number_per_unit_area unit="number_per_acre"/>
      </squirrel_middens>
      <basal_accumulation>
        <depth unit="inches" min="1" max="4">2.5</depth>
        <radius unit="feet" min="0.5" max="3.33">1</radius>
        <number_per_unit_area unit="number_per_acre">26.6</number_per_unit_area>
        <type>2</type>
      </basal_accumulation>
    </ground_fuel>
  </fuelbed>
</FCCS_file>
