<?xml version="1.0"?>
<FCCS_file xmlns:xsi="http://www.w3.org/2001/XMLSchema-instance" xsi:noNamespaceSchemaLocation="cash.xsd" schemaVersion="1.4">
	<fuelbed_number>9_132</fuelbed_number>
	<fuelbed_name>Douglas-fir-western hemlock-western redcedar/vine maple forest</fuelbed_name>
	<fuelbed_description>Douglas-fir dominates second-growth mesic mixed-conifer forests of the west side of the Cascade Range in Washington and northern Oregon. This fuelbed represents stands that were clearcut 40 to 60 years previously.</fuelbed_description>
	<ecoregion>240</ecoregion>
	<vegetation_form>2</vegetation_form>
	<structural_class>3</structural_class>
	<cover_type>135,137</cover_type>
	<change_agent>31</change_agent>
	<natural_fire_regime>5</natural_fire_regime>
	<condition_class>1</condition_class>
	<user_name />
	<address />
	<affiliation />
	<phone />
	<file_owner_email />
	<notes />
	<site_photo />
	<date_collected>2003-09-17</date_collected>
	<fuelbed_confidence>2</fuelbed_confidence>
	<fuelbed>
		<canopy>
			<trees>
				<total_percent_cover unit="number" min="60" max="95" reference_id="1358">18.0</total_percent_cover>
				<overstory>
					<percent_cover unit="number" min="40" max="80" reference_id="1358">13.5</percent_cover>
					<height unit="feet" min="60" max="90">70</height>
					<height_to_live_crown unit="feet" min="10" max="45" reference_id="1358">30.0</height_to_live_crown>
					<stem_density unit="number_per_acre" min="55" max="343" reference_id="7008">34.425000000000004</stem_density>
					<diameter_at_breast_height unit="inches" min="4" max="17" reference_id="7008">8.3</diameter_at_breast_height>
					<species>
						<species_description>
							<tsn>183424</tsn>
							<relative_cover>70.00</relative_cover>
						</species_description>
						<species_description>
							<tsn>183400</tsn>
							<relative_cover>20.00</relative_cover>
						</species_description>
						<species_description>
							<tsn>18044</tsn>
							<relative_cover>10.00</relative_cover>
						</species_description>
					</species>
				</overstory>
				<midstory>
					<percent_cover unit="number">0.0</percent_cover>
					<height unit="feet" />
					<height_to_live_crown unit="feet">0.0</height_to_live_crown>
					<stem_density unit="number_per_acre">0.0</stem_density>
					<diameter_at_breast_height unit="inches" />
					<species />
				</midstory>
				<understory>
					<percent_cover unit="number" min="5" max="45" reference_id="1358">1.575</percent_cover>
					<height unit="feet" min="5" max="30" reference_id="1358">20</height>
					<height_to_live_crown unit="feet" min="2" max="20" reference_id="1358">12.6</height_to_live_crown>
					<stem_density unit="number_per_acre" min="60" max="600" reference_id="7008">7.29</stem_density>
					<diameter_at_breast_height unit="inches" min="1" max="8">2</diameter_at_breast_height>
					<species>
						<species_description>
							<tsn>183424</tsn>
							<relative_cover>34.00</relative_cover>
						</species_description>
						<species_description>
							<tsn>19474</tsn>
							<relative_cover>33.00</relative_cover>
						</species_description>
						<species_description>
							<tsn>28748</tsn>
							<relative_cover>33.00</relative_cover>
						</species_description>
					</species>
				</understory>
			</trees>
			<snags>
				<class_1_conifers_with_foliage>
					<percent_cover unit="number">62.0</percent_cover>
					<height_to_crown_base unit="feet">20</height_to_crown_base>
					<stem_density unit="number_per_acre">118.575</stem_density>
					<diameter unit="inches">8.3</diameter>
					<height unit="feet">70</height>
					<species>
						<species_description>
							<tsn>183424</tsn>
							<relative_cover>70.00</relative_cover>
						</species_description>
						<species_description>
							<tsn>183400</tsn>
							<relative_cover>20.00</relative_cover>
						</species_description>
						<species_description>
							<tsn>18044</tsn>
							<relative_cover>10.00</relative_cover>
						</species_description>
					</species>
				</class_1_conifers_with_foliage>
				<class_1_all_others>
					<stem_density unit="number_per_acre">118.575</stem_density>
					<diameter unit="inches">8.3</diameter>
					<height unit="feet">70</height>
					<species>
						<species_description>
							<tsn>183424</tsn>
							<relative_cover>70.00</relative_cover>
						</species_description>
						<species_description>
							<tsn>183400</tsn>
							<relative_cover>20.00</relative_cover>
						</species_description>
						<species_description>
							<tsn>18044</tsn>
							<relative_cover>10.00</relative_cover>
						</species_description>
					</species>
				</class_1_all_others>
				<class_2>
					<stem_density unit="number_per_acre" min="0" max="10" reference_id="1358">114.75</stem_density>
					<diameter unit="inches" min="10" max="70" reference_id="1358">8.3</diameter>
					<height unit="feet" min="30" max="100" reference_id="1358">70</height>
					<species>
						<species_description>
							<tsn>183424</tsn>
							<relative_cover>100.00</relative_cover>
						</species_description>
					</species>
				</class_2>
				<class_3>
					<stem_density unit="number_per_acre" min="0" max="8" reference_id="1358">2</stem_density>
					<diameter unit="inches" min="10" max="70" reference_id="1358">30</diameter>
					<height unit="feet" min="4.5" max="40" reference_id="1358">50</height>
					<species>
						<species_description>
							<tsn>183424</tsn>
							<relative_cover>100.00</relative_cover>
						</species_description>
					</species>
				</class_3>
			</snags>
			<ladder_fuels>
				<minimum_height unit="feet" min="1" max="10" reference_id="1358">4</minimum_height>
				<maximum_height unit="feet" min="5" max="25" reference_id="1358">10</maximum_height>
				<is_vertically_contiguous>1</is_vertically_contiguous>
				<type>2</type>
			</ladder_fuels>
		</canopy>
		<shrubs>
			<primary_layer>
				<percent_cover unit="number" min="10" max="40">12.5</percent_cover>
				<height unit="feet" min="3" max="6">2.5</height>
				<percent_live unit="number" min="75" max="99" reference_id="1358">85.0</percent_live>
				<species>
					<species_description>
						<tsn>23612</tsn>
						<relative_cover>25.00</relative_cover>
					</species_description>
					<species_description>
						<tsn>23658</tsn>
						<relative_cover>25.00</relative_cover>
					</species_description>
					<species_description>
						<tsn>25177</tsn>
						<relative_cover>25.00</relative_cover>
					</species_description>
					<species_description>
						<tsn>28740</tsn>
						<relative_cover>25.00</relative_cover>
					</species_description>
				</species>
			</primary_layer>
			<secondary_layer>
				<percent_cover unit="number">0.0</percent_cover>
				<height unit="feet">0.0</height>
				<percent_live unit="number">0.0</percent_live>
				<species />
			</secondary_layer>
			<needle_drape>
				<is_sufficient_to_affect_fire_behavior>1</is_sufficient_to_affect_fire_behavior>
			</needle_drape>
		</shrubs>
		<herbaceous>
			<primary_layer>
				<percent_cover unit="number" min="8" max="25">15.0</percent_cover>
				<height unit="feet" min="1.5" max="2.5">2.0</height>
				<percent_live unit="number" min="75" max="99" reference_id="1358">90.0</percent_live>
				<loading unit="tons_per_acre" min="0" max="3">0.15</loading>
				<species>
					<species_description>
						<tsn>504530</tsn>
						<relative_cover>75.00</relative_cover>
					</species_description>
					<species_description>
						<tsn>18825</tsn>
						<relative_cover>25.00</relative_cover>
					</species_description>
				</species>
			</primary_layer>
			<secondary_layer>
				<percent_cover unit="number">0.0</percent_cover>
				<height unit="feet">0.0</height>
				<percent_live unit="number">0.0</percent_live>
				<loading unit="tons_per_acre">0.0</loading>
				<species />
			</secondary_layer>
		</herbaceous>
		<woody_fuel>
			<all_downed_woody_fuel>
				<total_percent_cover unit="number" min="67" max="99" reference_id="459">6.525</total_percent_cover>
				<depth unit="inches" min="1" max="10" reference_id="459">0.30000000000000004</depth>
			</all_downed_woody_fuel>
			<sound_wood>
				<loadings_zero_to_three_inches>
					<zero_to_quarter_inch unit="tons_per_acre" min="0" max="3" reference_id="459">0.11250000000000002</zero_to_quarter_inch>
					<quarter_inch_to_one_inch unit="tons_per_acre" min="1" max="4" reference_id="459">0.195</quarter_inch_to_one_inch>
					<one_to_three_inches unit="tons_per_acre" min="0.5" max="4" reference_id="459">0.1875</one_to_three_inches>
				</loadings_zero_to_three_inches>
				<loadings_greater_than_three_inches>
					<three_to_nine_inches unit="tons_per_acre" min="0.7" max="5" reference_id="459">0.75</three_to_nine_inches>
					<nine_to_twenty_inches unit="tons_per_acre" min="0.7" max="7" reference_id="459">1.3875000000000002</nine_to_twenty_inches>
					<greater_than_twenty_inches unit="tons_per_acre" min="2" max="11">2.625</greater_than_twenty_inches>
				</loadings_greater_than_three_inches>
				<all_sound_wood>
					<species>
						<species_description>
							<tsn>183424</tsn>
							<relative_cover>100.00</relative_cover>
						</species_description>
					</species>
				</all_sound_wood>
			</sound_wood>
			<rotten_wood>
				<loadings_greater_than_three_inches>
					<three_to_nine_inches unit="tons_per_acre" min="1" max="8" reference_id="459">2.6</three_to_nine_inches>
					<nine_to_twenty_inches unit="tons_per_acre" min="2" max="14" reference_id="459">4.4625</nine_to_twenty_inches>
					<greater_than_twenty_inches unit="tons_per_acre" min="5" max="30">10.875</greater_than_twenty_inches>
				</loadings_greater_than_three_inches>
				<all_rotten_wood>
					<species>
						<species_description>
							<tsn>183424</tsn>
							<relative_cover>100.00</relative_cover>
						</species_description>
					</species>
				</all_rotten_wood>
			</rotten_wood>
			<stumps>
				<sound>
					<stem_density unit="number_per_acre" />
					<diameter unit="inches" />
					<height unit="feet" />
					<species />
				</sound>
				<rotten>
					<stem_density unit="number_per_acre" min="45" max="75">30.0</stem_density>
					<diameter unit="inches" min="19" max="27">11.0</diameter>
					<height unit="feet" min="0.5" max="2" reference_id="1358">0.5</height>
					<species>
						<species_description>
							<tsn>183424</tsn>
							<relative_cover>100.00</relative_cover>
						</species_description>
					</species>
				</rotten>
				<lightered_pitchy>
					<stem_density unit="number_per_acre">0.0</stem_density>
					<diameter unit="inches">0.0</diameter>
					<height unit="feet">0.0</height>
					<species />
				</lightered_pitchy>
			</stumps>
			<piles>
				<clean_loading unit="tons_per_acre">0.00686825</clean_loading>
				<dirty_loading unit="tons_per_acre">0.0</dirty_loading>
				<verydirty_loading unit="tons_per_acre">0.0</verydirty_loading>
				<pileData>
					<header>pileGroupID,pileGroupName,numPiles,pileType,pileShape,W1,L1,H1,W2,L2,H2,soilPercent,packingRatio,handPileSpecies,species1_TSN,species1_percent,species2_TSN,species2_percent,pileQuality,percentConsumed</header>
					<pileGroups>
						<pileGroup>2,,1,1,5,2.50,10.00,2.50,,,,,,2,,,,,,90</pileGroup>
					</pileGroups>
				</pileData>
			</piles>
		</woody_fuel>
		<moss_lichen_litter>
			<moss>
				<percent_cover unit="number" min="5" max="40" reference_id="1358">10.0</percent_cover>
				<depth unit="inches" min="0.1" max="1" reference_id="1358">0.25</depth>
				<type>2</type>
			</moss>
			<ground_lichen>
				<percent_cover unit="number" min="0" max="6" reference_id="1358">1.5000000000000002</percent_cover>
				<depth unit="inches" min="0.1" max="2" reference_id="1358">0.05000000000000001</depth>
			</ground_lichen>
			<litter>
				<percent_cover unit="number" min="90" max="100" reference_id="459">50.0</percent_cover>
				<depth unit="inches" min="0.1" max="2.5" reference_id="459">0.25</depth>
				<arrangement>1</arrangement>
				<litter_type>
					<short_needle_pine>
						<relative_cover />
					</short_needle_pine>
					<long_needle_pine>
						<relative_cover />
					</long_needle_pine>
					<other_conifer>
						<relative_cover>90.00</relative_cover>
					</other_conifer>
					<broadleaf_deciduous>
						<relative_cover>10.00</relative_cover>
					</broadleaf_deciduous>
					<broadleaf_evergreen>
						<relative_cover />
					</broadleaf_evergreen>
					<palm_frond>
						<relative_cover />
					</palm_frond>
					<grass>
						<relative_cover />
					</grass>
				</litter_type>
			</litter>
		</moss_lichen_litter>
		<ground_fuel>
			<duff>
				<upper>
					<percent_cover unit="number" min="90" max="100">4.800000000000001</percent_cover>
					<depth unit="inches" min="0.1" max="2.5" reference_id="459">0.07500000000000001</depth>
					<derivation>1</derivation>
				</upper>
				<lower>
					<percent_cover unit="number" min="95" max="100">0.0</percent_cover>
					<depth unit="inches" min="0.2" max="4" reference_id="459">0.0</depth>
					<derivation />
					<loading unit="tons_per_acre" />
				</lower>
			</duff>
			<basal_accumulation>
				<radius unit="feet">0.0</radius>
				<depth unit="inches">0.0</depth>
				<number_per_unit_area unit="number_per_acre">0.0</number_per_unit_area>
				<type />
			</basal_accumulation>
			<squirrel_middens>
				<depth unit="inches">0.0</depth>
				<number_per_unit_area unit="number_per_acre">0.0</number_per_unit_area>
				<radius unit="feet">0.0</radius>
			</squirrel_middens>
		</ground_fuel>
	</fuelbed>
</FCCS_file>
