<?xml version="1.0"?>
<FCCS_file xmlns:xsi="http://www.w3.org/2001/XMLSchema-instance" schemaVersion="1.4" xsi:schemaLocation="conf\\us.fed.fs.fera.fccs.xsd">
	<fuelbed_number>522_332</fuelbed_number>
	<fuelbed_name>Caribbean seasonal evergreen and semi-deciduous forest on karst</fuelbed_name>
	<fuelbed_description>Caribbean forest vegetation dominated by seasonal evergreen and semi-deciduous trees.</fuelbed_description>
	<ecoregion>410</ecoregion>
	<vegetation_form>1</vegetation_form>
	<structural_class>1</structural_class>
	<cover_type>102</cover_type>
	<change_agent>18</change_agent>
	<natural_fire_regime />
	<condition_class>1</condition_class>
	<user_name />
	<address />
	<affiliation />
	<phone />
	<file_owner_email />
	<notes>Created from FCCS 174 for EVT 2336 and 2337. Altered canopy and shrub composiiton and structure and removed nonwoody stratum based on EVT description, NatureServe association descriptions and FWS tropical hardwood hammock description. Also updated snag species, woody loadings and species, litter, moss, and duff information.</notes>
	<date_collected>Sep 20, 2011</date_collected>
	<fuelbed_confidence />
	<fuelbed>
		<canopy>
			<trees>
				<total_percent_cover unit="number" min="40" max="100" reference_id="5003">26.400000000000002</total_percent_cover>
				<overstory>
					<percent_cover unit="number" min="40" max="100" reference_id="5003">20.0</percent_cover>
					<height unit="feet" min="25" max="70">50</height>
					<height_to_live_crown unit="feet" min="30" max="60" reference_id="5003">60.0</height_to_live_crown>
					<stem_density unit="number_per_acre" min="50" max="150">25.0</stem_density>
					<diameter_at_breast_height unit="inches" min="8" max="15">12.5</diameter_at_breast_height>
					<species>
						<species_description>
							<tsn>19092</tsn>
							<relative_cover>35</relative_cover>
						</species_description>
						<species_description>
							<tsn>28766</tsn>
							<relative_cover>35</relative_cover>
						</species_description>
						<species_description>
							<tsn>42506</tsn>
							<relative_cover>15</relative_cover>
						</species_description>
						<species_description>
							<tsn>21039</tsn>
							<relative_cover>15</relative_cover>
						</species_description>
					</species>
				</overstory>
				<midstory>
					<percent_cover unit="number" min="40" max="80" reference_id="5003">15.0</percent_cover>
					<height unit="feet" min="20" max="50">30</height>
					<height_to_live_crown unit="feet" min="5" max="30">22.5</height_to_live_crown>
					<stem_density unit="number_per_acre" min="75" max="600">37.5</stem_density>
					<diameter_at_breast_height unit="inches" min="2" max="8">6.25</diameter_at_breast_height>
					<species>
						<species_description>
							<tsn>42506</tsn>
							<relative_cover>25</relative_cover>
						</species_description>
						<species_description>
							<tsn>18149</tsn>
							<relative_cover>20</relative_cover>
						</species_description>
						<species_description>
							<tsn>28862</tsn>
							<relative_cover>20</relative_cover>
						</species_description>
						<species_description>
							<tsn>28805</tsn>
							<relative_cover>35</relative_cover>
						</species_description>
					</species>
				</midstory>
				<understory>
					<percent_cover unit="number"></percent_cover>
					<height unit="feet"></height>
					<height_to_live_crown unit="feet"></height_to_live_crown>
					<stem_density unit="number_per_acre"></stem_density>
					<diameter_at_breast_height unit="inches"></diameter_at_breast_height>
					<species />
				</understory>
			</trees>
			<snags>
				<class_1_conifers_with_foliage>
					<percent_cover unit="number" />
					<height_to_crown_base unit="feet" />
					<stem_density unit="number_per_acre" />
					<diameter unit="inches" />
					<height unit="feet" />
					<species />
				</class_1_conifers_with_foliage>
				<class_1_all_others>
					<stem_density unit="number_per_acre" />
					<diameter unit="inches" />
					<height unit="feet" />
					<species />
				</class_1_all_others>
				<class_2>
					<stem_density unit="number_per_acre" min="0" max="10" reference_id="5003">5</stem_density>
					<diameter unit="inches" min="5" max="12">8</diameter>
					<height unit="feet" min="30" max="60">40</height>
					<species>
						<species_description>
							<tsn>28766</tsn>
							<relative_cover>50</relative_cover>
						</species_description>
						<species_description>
							<tsn>28805</tsn>
							<relative_cover>50</relative_cover>
						</species_description>
					</species>
				</class_2>
				<class_3>
					<stem_density unit="number_per_acre" min="0" max="10">5</stem_density>
					<diameter unit="inches" min="5" max="12">8</diameter>
					<height unit="feet" min="30" max="60">40</height>
					<species>
						<species_description>
							<tsn>28766</tsn>
							<relative_cover>50</relative_cover>
						</species_description>
						<species_description>
							<tsn>28805</tsn>
							<relative_cover>50</relative_cover>
						</species_description>
					</species>
				</class_3>
			</snags>
			<ladder_fuels>
				<minimum_height unit="feet" min="0" max="10">1</minimum_height>
				<maximum_height unit="feet" min="20" max="80">40</maximum_height>
				<is_vertically_contiguous>1</is_vertically_contiguous>
				<type>3</type>
			</ladder_fuels>
		</canopy>
		<shrubs>
			<primary_layer>
				<percent_cover unit="number" min="30" max="80" reference_id="5003">15.0</percent_cover>
				<height unit="feet" min="4" max="8" reference_id="5003">6</height>
				<percent_live unit="number" min="70" max="90" reference_id="5003">80.0</percent_live>
				<species>
					<species_description>
						<tsn>42508</tsn>
						<relative_cover>30.00</relative_cover>
					</species_description>
					<species_description>
						<tsn>35092</tsn>
						<relative_cover>30.00</relative_cover>
					</species_description>
					<species_description>
						<tsn>18149</tsn>
						<relative_cover>10</relative_cover>
					</species_description>
					<species_description>
						<tsn>28862</tsn>
						<relative_cover>30</relative_cover>
					</species_description>
				</species>
			</primary_layer>
			<secondary_layer>
				<percent_cover unit="number">0.0</percent_cover>
				<height unit="feet" />
				<percent_live unit="number">0.0</percent_live>
				<species />
			</secondary_layer>
			<needle_drape>
				<is_sufficient_to_affect_fire_behavior>1</is_sufficient_to_affect_fire_behavior>
			</needle_drape>
		</shrubs>
		<herbaceous>
			<primary_layer>
				<percent_cover unit="number">0.0</percent_cover>
				<height unit="feet" />
				<loading unit="tons_per_acre">0.0</loading>
				<percent_live unit="number">0.0</percent_live>
				<species />
			</primary_layer>
			<secondary_layer>
				<percent_cover unit="number">0.0</percent_cover>
				<height unit="feet" />
				<loading unit="tons_per_acre">0.0</loading>
				<percent_live unit="number">0.0</percent_live>
				<species />
			</secondary_layer>
		</herbaceous>
		<woody_fuel>
			<all_downed_woody_fuel>
				<total_percent_cover unit="number" min="5" max="50">6.25</total_percent_cover>
				<depth unit="inches" min="0.5" max="2" reference_id="5003">0.25</depth>
			</all_downed_woody_fuel>
			<sound_wood>
				<all_sound_wood>
					<species>
						<species_description>
							<tsn>28766</tsn>
							<relative_cover>50</relative_cover>
						</species_description>
						<species_description>
							<tsn>28805</tsn>
							<relative_cover>50</relative_cover>
						</species_description>
					</species>
				</all_sound_wood>
				<loadings_zero_to_three_inches>
					<zero_to_quarter_inch unit="tons_per_acre" min="0" max="4" reference_id="1359">0.125</zero_to_quarter_inch>
					<quarter_inch_to_one_inch unit="tons_per_acre" min="0" max="3" reference_id="1359">0.125</quarter_inch_to_one_inch>
					<one_to_three_inches unit="tons_per_acre" min="0" max="3" reference_id="1359">0.125</one_to_three_inches>
				</loadings_zero_to_three_inches>
				<loadings_greater_than_three_inches>
					<three_to_nine_inches unit="tons_per_acre" min="0" max="7" reference_id="1359">0.61875</three_to_nine_inches>
					<nine_to_twenty_inches unit="tons_per_acre" min="0" max="3" reference_id="1359">0.41250000000000003</nine_to_twenty_inches>
					<greater_than_twenty_inches unit="tons_per_acre" min="0" max="0" reference_id="1359">0.0</greater_than_twenty_inches>
				</loadings_greater_than_three_inches>
			</sound_wood>
			<rotten_wood>
				<all_rotten_wood>
					<species>
						<species_description>
							<tsn>28766</tsn>
							<relative_cover>50</relative_cover>
						</species_description>
						<species_description>
							<tsn>28805</tsn>
							<relative_cover>50</relative_cover>
						</species_description>
					</species>
				</all_rotten_wood>
				<loadings_greater_than_three_inches>
					<three_to_nine_inches unit="tons_per_acre" min="0" max="5">1.03125</three_to_nine_inches>
					<nine_to_twenty_inches unit="tons_per_acre" min="0" max="2">0.6875</nine_to_twenty_inches>
					<greater_than_twenty_inches unit="tons_per_acre" min="0" max="0">0.0</greater_than_twenty_inches>
				</loadings_greater_than_three_inches>
			</rotten_wood>
			<stumps>
				<sound>
					<stem_density unit="number_per_acre">187.5</stem_density>
					<diameter unit="inches" />
					<height unit="feet" />
					<species />
				</sound>
				<rotten>
					<stem_density unit="number_per_acre" />
					<diameter unit="inches" />
					<height unit="feet" />
					<species />
				</rotten>
				<lightered_pitchy>
					<stem_density unit="number_per_acre" />
					<diameter unit="inches" />
					<height unit="feet" />
					<species />
				</lightered_pitchy>
			</stumps>
		</woody_fuel>
		<moss_lichen_litter>
			<moss>
				<type>1</type>
				<percent_cover unit="number" min="0" max="80">17.5</percent_cover>
				<depth unit="inches" min="0" max="2">0.25</depth>
			</moss>
			<ground_lichen>
				<percent_cover unit="number">0.0</percent_cover>
				<depth unit="inches">0.0</depth>
			</ground_lichen>
			<litter>
				<percent_cover unit="number" min="75" max="100">85.0</percent_cover>
				<depth unit="inches" min="0.5" max="4">1.0</depth>
				<arrangement>1</arrangement>
				<litter_type>
					<short_needle_pine>
						<relative_cover />
					</short_needle_pine>
					<long_needle_pine>
						<relative_cover />
					</long_needle_pine>
					<other_conifer>
						<relative_cover />
					</other_conifer>
					<broadleaf_deciduous>
						<relative_cover />
					</broadleaf_deciduous>
					<broadleaf_evergreen>
						<relative_cover>75.0</relative_cover>
					</broadleaf_evergreen>
					<palm_frond>
						<relative_cover>25.00</relative_cover>
					</palm_frond>
					<grass>
						<relative_cover>0.0</relative_cover>
					</grass>
				</litter_type>
			</litter>
		</moss_lichen_litter>
		<ground_fuel>
			<duff>
				<upper>
					<depth unit="inches" min="0" max="6">1.0</depth>
					<percent_cover unit="number" min="0" max="85">17.5</percent_cover>
					<derivation>2</derivation>
				</upper>
				<lower>
					<depth unit="inches" min="0" max="6">0.0</depth>
					<percent_cover unit="number" min="0" max="85">0.0</percent_cover>
					<derivation />
					<loading unit="tons_per_acre" />
				</lower>
			</duff>
			<squirrel_middens>
				<depth unit="inches">0.0</depth>
				<radius unit="feet" />
				<number_per_unit_area unit="number_per_acre">0.0</number_per_unit_area>
			</squirrel_middens>
			<basal_accumulation>
				<depth unit="inches">0.0</depth>
				<radius unit="feet" />
				<number_per_unit_area unit="number_per_acre">0.0</number_per_unit_area>
				<type />
			</basal_accumulation>
		</ground_fuel>
	</fuelbed>
</FCCS_file>
