<?xml version="1.0"?>
<FCCS_file xmlns:xsi="http://www.w3.org/2001/XMLSchema-instance" xsi:noNamespaceSchemaLocation="cash.xsd" schemaVersion="1.4">
	<fuelbed_number>94_321</fuelbed_number>
	<fuelbed_name>Balsam poplar-quaking aspen forest</fuelbed_name>
	<fuelbed_description>Balsam poplar and quaking aspen forest, between 25 and 100 years old. Found on floodplains in interior, western, and southcentral Alaska. This fuelbed is comparable to the closed quaking aspen -- balsam poplar forest of Viereck et al. (1992).</fuelbed_description>
	<ecoregion>130</ecoregion>
	<vegetation_form>1</vegetation_form>
	<structural_class>3</structural_class>
	<cover_type>108,124</cover_type>
	<change_agent>18</change_agent>
	<natural_fire_regime>4</natural_fire_regime>
	<condition_class>1</condition_class>
	<user_name />
	<address />
	<affiliation />
	<phone />
	<file_owner_email />
	<notes />
	<site_photo />
	<date_collected>2003-09-17</date_collected>
	<fuelbed_confidence>4</fuelbed_confidence>
	<fuelbed>
		<canopy>
			<trees>
				<total_percent_cover unit="number" min="60" max="100" reference_id="430">46.900000000000006</total_percent_cover>
				<overstory>
					<percent_cover unit="number" min="60" max="100" reference_id="430">35.0</percent_cover>
					<height unit="feet" min="15" max="80" reference_id="430">55</height>
					<height_to_live_crown unit="feet" min="10" max="60" reference_id="430">45.0</height_to_live_crown>
					<stem_density unit="number_per_acre" min="100" max="3000" reference_id="1480">350.0</stem_density>
					<diameter_at_breast_height unit="inches" min="3" max="16" reference_id="1480">8.75</diameter_at_breast_height>
					<species>
						<species_description>
							<tsn>22453</tsn>
							<relative_cover>60.00</relative_cover>
						</species_description>
						<species_description>
							<tsn>195773</tsn>
							<relative_cover>40.00</relative_cover>
						</species_description>
					</species>
				</overstory>
				<midstory>
					<percent_cover unit="number">0.0</percent_cover>
					<height unit="feet" />
					<height_to_live_crown unit="feet">0.0</height_to_live_crown>
					<stem_density unit="number_per_acre">0.0</stem_density>
					<diameter_at_breast_height unit="inches">0.0</diameter_at_breast_height>
					<species />
				</midstory>
				<understory>
					<percent_cover unit="number" min="0" max="10"></percent_cover>
					<height unit="feet" min="0.5" max="4.5"></height>
					<height_to_live_crown unit="feet" min="0" max="2"></height_to_live_crown>
					<stem_density unit="number_per_acre" min="0" max="4000"></stem_density>
					<diameter_at_breast_height unit="inches" min="0" max="0"></diameter_at_breast_height>
					<species />
				</understory>
			</trees>
			<snags>
				<class_1_conifers_with_foliage>
					<percent_cover unit="number" />
					<height_to_crown_base unit="feet" />
					<stem_density unit="number_per_acre" />
					<diameter unit="inches" />
					<height unit="feet" />
					<species />
				</class_1_conifers_with_foliage>
				<class_1_all_others>
					<stem_density unit="number_per_acre" />
					<diameter unit="inches" />
					<height unit="feet" />
					<species />
				</class_1_all_others>
				<class_2>
					<stem_density unit="number_per_acre" min="0" max="500">50</stem_density>
					<diameter unit="inches" min="3" max="16">7</diameter>
					<height unit="feet" min="10" max="50">30</height>
					<species>
						<species_description>
							<tsn>22453</tsn>
							<relative_cover>60.00</relative_cover>
						</species_description>
						<species_description>
							<tsn>195773</tsn>
							<relative_cover>40.00</relative_cover>
						</species_description>
					</species>
				</class_2>
				<class_3>
					<stem_density unit="number_per_acre" min="0" max="500">50</stem_density>
					<diameter unit="inches" min="3" max="16">7</diameter>
					<height unit="feet" min="10" max="50">30</height>
					<species>
						<species_description>
							<tsn>22453</tsn>
							<relative_cover>60.00</relative_cover>
						</species_description>
						<species_description>
							<tsn>195773</tsn>
							<relative_cover>40.00</relative_cover>
						</species_description>
					</species>
				</class_3>
			</snags>
			<ladder_fuels>
				<minimum_height unit="feet" />
				<maximum_height unit="feet" />
				<is_vertically_contiguous />
				<type />
			</ladder_fuels>
		</canopy>
		<shrubs>
			<primary_layer>
				<percent_cover unit="number" min="0" max="50" reference_id="430">5.0</percent_cover>
				<height unit="feet" min="2" max="20" reference_id="430">10</height>
				<percent_live unit="number" min="50" max="100" reference_id="430">22.5</percent_live>
				<species>
					<species_description>
						<tsn>19466</tsn>
						<relative_cover>50.00</relative_cover>
					</species_description>
					<species_description>
						<tsn>22476</tsn>
						<relative_cover>50.00</relative_cover>
					</species_description>
				</species>
			</primary_layer>
			<secondary_layer>
				<percent_cover unit="number" min="0" max="50">5.0</percent_cover>
				<height unit="feet" min="0.5" max="5">2</height>
				<percent_live unit="number" min="50" max="100">22.5</percent_live>
				<species>
					<species_description>
						<tsn>24812</tsn>
						<relative_cover>30.00</relative_cover>
					</species_description>
					<species_description>
						<tsn>27779</tsn>
						<relative_cover>30.00</relative_cover>
					</species_description>
					<species_description>
						<tsn>35314</tsn>
						<relative_cover>20.00</relative_cover>
					</species_description>
					<species_description>
						<tsn>35261</tsn>
						<relative_cover>20.00</relative_cover>
					</species_description>
				</species>
			</secondary_layer>
			<needle_drape>
				<is_sufficient_to_affect_fire_behavior>0</is_sufficient_to_affect_fire_behavior>
			</needle_drape>
		</shrubs>
		<herbaceous>
			<primary_layer>
				<percent_cover unit="number" min="0" max="30" reference_id="430">2.5</percent_cover>
				<height unit="feet" min="0.5" max="3" reference_id="430">1</height>
				<percent_live unit="number" min="0" max="100" reference_id="5056">40.0</percent_live>
				<loading unit="tons_per_acre" min="0" max="0.5" reference_id="1480">0.005</loading>
				<species>
					<species_description>
						<tsn>40544</tsn>
						<relative_cover>100.00</relative_cover>
					</species_description>
				</species>
			</primary_layer>
			<secondary_layer>
				<percent_cover unit="number" min="0" max="30">5.0</percent_cover>
				<height unit="feet" min="0.3" max="1">0.5</height>
				<percent_live unit="number" min="0" max="100">40.0</percent_live>
				<loading unit="tons_per_acre" min="0" max="0.5">0.01</loading>
				<species>
					<species_description>
						<tsn>17148</tsn>
						<relative_cover>75.00</relative_cover>
					</species_description>
					<species_description>
						<tsn>34796</tsn>
						<relative_cover>25.00</relative_cover>
					</species_description>
				</species>
			</secondary_layer>
		</herbaceous>
		<woody_fuel>
			<all_downed_woody_fuel>
				<total_percent_cover unit="number" min="5" max="40" reference_id="430">5.0</total_percent_cover>
				<depth unit="inches" min="0.1" max="5" reference_id="430">0.25</depth>
			</all_downed_woody_fuel>
			<sound_wood>
				<loadings_zero_to_three_inches>
					<zero_to_quarter_inch unit="tons_per_acre" min="0" max="1" reference_id="430">0.1</zero_to_quarter_inch>
					<quarter_inch_to_one_inch unit="tons_per_acre" min="0" max="2" reference_id="430">0.15</quarter_inch_to_one_inch>
					<one_to_three_inches unit="tons_per_acre" min="0" max="5" reference_id="430">0.75</one_to_three_inches>
				</loadings_zero_to_three_inches>
				<loadings_greater_than_three_inches>
					<three_to_nine_inches unit="tons_per_acre" min="0" max="10" reference_id="430">1.6</three_to_nine_inches>
					<nine_to_twenty_inches unit="tons_per_acre" min="0" max="10" reference_id="430">0.8</nine_to_twenty_inches>
					<greater_than_twenty_inches unit="tons_per_acre" min="0" max="0" reference_id="430">0.0</greater_than_twenty_inches>
				</loadings_greater_than_three_inches>
				<all_sound_wood>
					<species>
						<species_description>
							<tsn>22453</tsn>
							<relative_cover>60.00</relative_cover>
						</species_description>
						<species_description>
							<tsn>195773</tsn>
							<relative_cover>40.00</relative_cover>
						</species_description>
					</species>
				</all_sound_wood>
			</sound_wood>
			<rotten_wood>
				<loadings_greater_than_three_inches>
					<three_to_nine_inches unit="tons_per_acre" min="0" max="10">0.8</three_to_nine_inches>
					<nine_to_twenty_inches unit="tons_per_acre" min="0" max="10">0.4</nine_to_twenty_inches>
					<greater_than_twenty_inches unit="tons_per_acre" min="0" max="0">0.0</greater_than_twenty_inches>
				</loadings_greater_than_three_inches>
				<all_rotten_wood>
					<species>
						<species_description>
							<tsn>22453</tsn>
							<relative_cover>60.00</relative_cover>
						</species_description>
						<species_description>
							<tsn>195773</tsn>
							<relative_cover>40.00</relative_cover>
						</species_description>
					</species>
				</all_rotten_wood>
			</rotten_wood>
			<stumps>
				<sound>
					<stem_density unit="number_per_acre" min="5" max="60">360.0</stem_density>
					<diameter unit="inches" min="3" max="16">7</diameter>
					<height unit="feet" min="0.5" max="4.5">2</height>
					<species>
						<species_description>
							<tsn>22453</tsn>
							<relative_cover>60.00</relative_cover>
						</species_description>
						<species_description>
							<tsn>195773</tsn>
							<relative_cover>40.00</relative_cover>
						</species_description>
					</species>
				</sound>
				<rotten>
					<stem_density unit="number_per_acre" min="5" max="60">10</stem_density>
					<diameter unit="inches" min="3" max="16">7</diameter>
					<height unit="feet" min="0.5" max="4.5">2</height>
					<species>
						<species_description>
							<tsn>22453</tsn>
							<relative_cover>60.00</relative_cover>
						</species_description>
						<species_description>
							<tsn>195773</tsn>
							<relative_cover>40.00</relative_cover>
						</species_description>
					</species>
				</rotten>
				<lightered_pitchy>
					<stem_density unit="number_per_acre" />
					<diameter unit="inches" />
					<height unit="feet" />
					<species />
				</lightered_pitchy>
			</stumps>
			<piles>
				<clean_loading unit="tons_per_acre">0.157701</clean_loading>
				<dirty_loading unit="tons_per_acre">0.0</dirty_loading>
				<verydirty_loading unit="tons_per_acre">0.0</verydirty_loading>
				<pileData>
					<header>pileGroupID,pileGroupName,numPiles,pileType,pileShape,W1,L1,H1,W2,L2,H2,soilPercent,packingRatio,handPileSpecies,species1_TSN,species1_percent,species2_TSN,species2_percent,pileQuality,percentConsumed</header>
					<pileGroups>
						<pileGroup>2,,1,1,5,5.00,15.00,5.00,,,,,,1,,,,,,90</pileGroup>
					</pileGroups>
				</pileData>
			</piles>
		</woody_fuel>
		<moss_lichen_litter>
			<moss>
				<percent_cover unit="number" min="0" max="20">2.5</percent_cover>
				<depth unit="inches" min="0.5" max="5">1.0</depth>
				<type>2</type>
			</moss>
			<ground_lichen>
				<percent_cover unit="number">0.0</percent_cover>
				<depth unit="inches">0.0</depth>
			</ground_lichen>
			<litter>
				<percent_cover unit="number" min="50" max="100" reference_id="430">45.0</percent_cover>
				<depth unit="inches" min="0.5" max="3" reference_id="430">1.0</depth>
				<arrangement>1</arrangement>
				<litter_type>
					<short_needle_pine>
						<relative_cover />
					</short_needle_pine>
					<long_needle_pine>
						<relative_cover />
					</long_needle_pine>
					<other_conifer>
						<relative_cover />
					</other_conifer>
					<broadleaf_deciduous>
						<relative_cover>100.00</relative_cover>
					</broadleaf_deciduous>
					<broadleaf_evergreen>
						<relative_cover />
					</broadleaf_evergreen>
					<palm_frond>
						<relative_cover />
					</palm_frond>
					<grass>
						<relative_cover />
					</grass>
				</litter_type>
			</litter>
		</moss_lichen_litter>
		<ground_fuel>
			<duff>
				<upper>
					<percent_cover unit="number" min="50" max="100" reference_id="430">45.0</percent_cover>
					<depth unit="inches" min="0.5" max="5" reference_id="430">1.5</depth>
					<derivation>1</derivation>
				</upper>
				<lower>
					<percent_cover unit="number" min="50" max="90" reference_id="430">0.0</percent_cover>
					<depth unit="inches" min="0.5" max="4" reference_id="430">0.0</depth>
					<derivation />
					<loading unit="tons_per_acre" />
				</lower>
			</duff>
			<basal_accumulation>
				<radius unit="feet" />
				<depth unit="inches">0.0</depth>
				<number_per_unit_area unit="number_per_acre">0.0</number_per_unit_area>
				<type />
			</basal_accumulation>
			<squirrel_middens>
				<depth unit="inches">0.0</depth>
				<number_per_unit_area unit="number_per_acre">0.0</number_per_unit_area>
				<radius unit="feet" />
			</squirrel_middens>
		</ground_fuel>
	</fuelbed>
</FCCS_file>
