<?xml version="1.0"?>
<FCCS_file xmlns:xsi="http://www.w3.org/2001/XMLSchema-instance" xsi:noNamespaceSchemaLocation="cash.xsd" schemaVersion="1.4">
	<fuelbed_number>186_522</fuelbed_number>
	<fuelbed_name>Turkey oak-bluejack oak forest</fuelbed_name>
	<fuelbed_description>Oak scrub forest in dry pine -- oak forest regions throughout the Southeast coastal plain after long-term fire exclusion or removal of overstory pine species or as long-term dominant vegetation on xeric sites. Depending on the geographic location of the type, many oak species may occur, including blackjack oak, sand live oak, sand post oak, myrtle oak, Arkansas oak, post oak, and live oak.</fuelbed_description>
	<ecoregion>230,250</ecoregion>
	<vegetation_form>1</vegetation_form>
	<structural_class>2</structural_class>
	<cover_type>75,96</cover_type>
	<change_agent>2</change_agent>
	<natural_fire_regime>1</natural_fire_regime>
	<condition_class>2</condition_class>
	<user_name />
	<address />
	<affiliation />
	<phone />
	<file_owner_email />
	<notes />
	<site_photo />
	<date_collected>2003-09-17</date_collected>
	<fuelbed_confidence>3</fuelbed_confidence>
	<fuelbed>
		<canopy>
			<trees>
				<total_percent_cover unit="number" min="40" max="100" reference_id="5000">32.4</total_percent_cover>
				<overstory>
					<percent_cover unit="number" min="40" max="95" reference_id="5000">32.4</percent_cover>
					<height unit="feet" min="15" max="45" reference_id="5000">30</height>
					<height_to_live_crown unit="feet" min="2" max="15" reference_id="5000">7.199999999999999</height_to_live_crown>
					<stem_density unit="number_per_acre" min="100" max="350">108.0</stem_density>
					<diameter_at_breast_height unit="inches" min="4" max="8">6</diameter_at_breast_height>
					<species>
						<species_description>
							<tsn>19360</tsn>
							<relative_cover>40.00</relative_cover>
						</species_description>
						<species_description>
							<tsn>19367</tsn>
							<relative_cover>40.00</relative_cover>
						</species_description>
						<species_description>
							<tsn>19374</tsn>
							<relative_cover>10.00</relative_cover>
						</species_description>
						<species_description>
							<tsn>195192</tsn>
							<relative_cover>10.00</relative_cover>
						</species_description>
					</species>
				</overstory>
				<midstory>
					<percent_cover unit="number" min="0" max="30" reference_id="5000">10.8</percent_cover>
					<height unit="feet" min="15" max="35" reference_id="5000">25</height>
					<height_to_live_crown unit="feet" min="2" max="15" reference_id="5000">7.199999999999999</height_to_live_crown>
					<stem_density unit="number_per_acre" min="0" max="60" reference_id="5000">16.2</stem_density>
					<diameter_at_breast_height unit="inches" min="3" max="6" reference_id="5000">4</diameter_at_breast_height>
					<species>
						<species_description>
							<tsn>18158</tsn>
							<relative_cover>50.00</relative_cover>
						</species_description>
						<species_description>
							<tsn>23855</tsn>
							<relative_cover>50.00</relative_cover>
						</species_description>
					</species>
				</midstory>
				<understory>
					<percent_cover unit="number" min="15" max="40" reference_id="5000">30</percent_cover>
					<height unit="feet" min="1" max="15">8</height>
					<height_to_live_crown unit="feet" min="0" max="6">3</height_to_live_crown>
					<stem_density unit="number_per_acre" min="200" max="1000">400</stem_density>
					<diameter_at_breast_height unit="inches" min="0.25" max="3" reference_id="5000">2</diameter_at_breast_height>
					<species>
						<species_description>
							<tsn>19367</tsn>
							<relative_cover>90.00</relative_cover>
						</species_description>
						<species_description>
							<tsn>19276</tsn>
							<relative_cover>10.00</relative_cover>
						</species_description>
					</species>
				</understory>
			</trees>
			<snags>
				<class_1_conifers_with_foliage>
					<percent_cover unit="number">27.6</percent_cover>
					<height_to_crown_base unit="feet">6</height_to_crown_base>
					<stem_density unit="number_per_acre">105.8</stem_density>
					<diameter unit="inches">5.739130434782608</diameter>
					<height unit="feet">30</height>
					<species>
						<species_description>
							<tsn>19360</tsn>
							<relative_cover>40.00</relative_cover>
						</species_description>
						<species_description>
							<tsn>19367</tsn>
							<relative_cover>40.00</relative_cover>
						</species_description>
						<species_description>
							<tsn>19374</tsn>
							<relative_cover>10.00</relative_cover>
						</species_description>
						<species_description>
							<tsn>195192</tsn>
							<relative_cover>10.00</relative_cover>
						</species_description>
					</species>
				</class_1_conifers_with_foliage>
				<class_1_all_others>
					<stem_density unit="number_per_acre" min="0" max="20">92.0</stem_density>
					<diameter unit="inches" min="4" max="8">5.739130434782608</diameter>
					<height unit="feet" min="15" max="45" reference_id="5000">30</height>
					<species>
						<species_description>
							<tsn>19367</tsn>
							<relative_cover>60.00</relative_cover>
						</species_description>
						<species_description>
							<tsn>19276</tsn>
							<relative_cover>40.00</relative_cover>
						</species_description>
					</species>
				</class_1_all_others>
				<class_2>
					<stem_density unit="number_per_acre" min="0" max="65">5</stem_density>
					<diameter unit="inches" min="4" max="8" reference_id="5000">6</diameter>
					<height unit="feet" min="10" max="40" reference_id="5000">30</height>
					<species>
						<species_description>
							<tsn>19367</tsn>
							<relative_cover>60.00</relative_cover>
						</species_description>
						<species_description>
							<tsn>19276</tsn>
							<relative_cover>40.00</relative_cover>
						</species_description>
					</species>
				</class_2>
				<class_3>
					<stem_density unit="number_per_acre" min="0" max="20">10</stem_density>
					<diameter unit="inches" min="3" max="7" reference_id="5000">6</diameter>
					<height unit="feet" min="4.5" max="30" reference_id="5000">25</height>
					<species>
						<species_description>
							<tsn>19367</tsn>
							<relative_cover>60.00</relative_cover>
						</species_description>
						<species_description>
							<tsn>19276</tsn>
							<relative_cover>40.00</relative_cover>
						</species_description>
					</species>
				</class_3>
			</snags>
			<ladder_fuels>
				<minimum_height unit="feet" />
				<maximum_height unit="feet" />
				<is_vertically_contiguous />
				<type />
			</ladder_fuels>
		</canopy>
		<shrubs>
			<primary_layer>
				<percent_cover unit="number" min="2" max="65" reference_id="5000">15</percent_cover>
				<height unit="feet" min="0.5" max="10" reference_id="5000">4</height>
				<percent_live unit="number" min="20" max="100" reference_id="5000">90</percent_live>
				<species>
					<species_description>
						<tsn>27986</tsn>
						<relative_cover>60.00</relative_cover>
					</species_description>
					<species_description>
						<tsn>23580</tsn>
						<relative_cover>35.00</relative_cover>
					</species_description>
					<species_description>
						<tsn>37047</tsn>
						<relative_cover>5.00</relative_cover>
					</species_description>
				</species>
			</primary_layer>
			<secondary_layer>
				<percent_cover unit="number" min="0" max="35" reference_id="5000">10</percent_cover>
				<height unit="feet" min="0.5" max="6" reference_id="5000">2.5</height>
				<percent_live unit="number" min="20" max="100" reference_id="5000">85</percent_live>
				<species>
					<species_description>
						<tsn>195183</tsn>
						<relative_cover>40.00</relative_cover>
					</species_description>
					<species_description>
						<tsn>23564</tsn>
						<relative_cover>30.00</relative_cover>
					</species_description>
					<species_description>
						<tsn>23662</tsn>
						<relative_cover>30.00</relative_cover>
					</species_description>
				</species>
			</secondary_layer>
			<needle_drape>
				<is_sufficient_to_affect_fire_behavior>0</is_sufficient_to_affect_fire_behavior>
			</needle_drape>
		</shrubs>
		<herbaceous>
			<primary_layer>
				<percent_cover unit="number" min="5" max="45" reference_id="5000">18.75</percent_cover>
				<height unit="feet" min="0.5" max="4" reference_id="5000">2</height>
				<percent_live unit="number" min="10" max="80" reference_id="5000">60</percent_live>
				<loading unit="tons_per_acre" min="0" max="2">0.125</loading>
				<species>
					<species_description>
						<tsn>41433</tsn>
						<relative_cover>55.00</relative_cover>
					</species_description>
					<species_description>
						<tsn>17224</tsn>
						<relative_cover>20.00</relative_cover>
					</species_description>
					<species_description>
						<tsn>40456</tsn>
						<relative_cover>20.00</relative_cover>
					</species_description>
					<species_description>
						<tsn>21260</tsn>
						<relative_cover>5.00</relative_cover>
					</species_description>
				</species>
			</primary_layer>
			<secondary_layer>
				<percent_cover unit="number">0.0</percent_cover>
				<height unit="feet" />
				<percent_live unit="number" />
				<loading unit="tons_per_acre">0.0</loading>
				<species />
			</secondary_layer>
		</herbaceous>
		<woody_fuel>
			<all_downed_woody_fuel>
				<total_percent_cover unit="number" min="2" max="35" reference_id="5000">18.75</total_percent_cover>
				<depth unit="inches" min="0.5" max="3" reference_id="5000">1.25</depth>
			</all_downed_woody_fuel>
			<sound_wood>
				<loadings_zero_to_three_inches>
					<zero_to_quarter_inch unit="tons_per_acre" min="0" max="7.1" reference_id="5013">1.0</zero_to_quarter_inch>
					<quarter_inch_to_one_inch unit="tons_per_acre" min="0.1" max="2.1" reference_id="5013">2.0</quarter_inch_to_one_inch>
					<one_to_three_inches unit="tons_per_acre" min="0.1" max="0.7" reference_id="5034">3.0</one_to_three_inches>
				</loadings_zero_to_three_inches>
				<loadings_greater_than_three_inches>
					<three_to_nine_inches unit="tons_per_acre" min="0.1" max="4">0.3</three_to_nine_inches>
					<nine_to_twenty_inches unit="tons_per_acre" min="0.1" max="4.6" reference_id="5000">0.5</nine_to_twenty_inches>
					<greater_than_twenty_inches unit="tons_per_acre" min="0" max="0">0</greater_than_twenty_inches>
				</loadings_greater_than_three_inches>
				<all_sound_wood>
					<species>
						<species_description>
							<tsn>19276</tsn>
							<relative_cover>100.00</relative_cover>
						</species_description>
					</species>
				</all_sound_wood>
			</sound_wood>
			<rotten_wood>
				<loadings_greater_than_three_inches>
					<three_to_nine_inches unit="tons_per_acre" min="0" max="0.5" reference_id="5013">0.1</three_to_nine_inches>
					<nine_to_twenty_inches unit="tons_per_acre" min="0" max="0.2" reference_id="5000">0.1</nine_to_twenty_inches>
					<greater_than_twenty_inches unit="tons_per_acre" min="0" max="0">0</greater_than_twenty_inches>
				</loadings_greater_than_three_inches>
				<all_rotten_wood>
					<species>
						<species_description>
							<tsn>19276</tsn>
							<relative_cover>75.00</relative_cover>
						</species_description>
						<species_description>
							<tsn>18038</tsn>
							<relative_cover>25.00</relative_cover>
						</species_description>
					</species>
				</all_rotten_wood>
			</rotten_wood>
			<stumps>
				<sound>
					<stem_density unit="number_per_acre" />
					<diameter unit="inches" />
					<height unit="feet" />
					<species />
				</sound>
				<rotten>
					<stem_density unit="number_per_acre" min="20" max="80" reference_id="5000">40</stem_density>
					<diameter unit="inches" min="6" max="18" reference_id="5000">12</diameter>
					<height unit="feet" min="1" max="4.5" reference_id="5000">2</height>
					<species>
						<species_description>
							<tsn>18035</tsn>
							<relative_cover>100.00</relative_cover>
						</species_description>
					</species>
				</rotten>
				<lightered_pitchy>
					<stem_density unit="number_per_acre" min="0" max="10" reference_id="5000">2</stem_density>
					<diameter unit="inches" min="6" max="15" reference_id="5000">10</diameter>
					<height unit="feet" min="0.5" max="2" reference_id="5000">1</height>
					<species>
						<species_description>
							<tsn>18035</tsn>
							<relative_cover>100.00</relative_cover>
						</species_description>
					</species>
				</lightered_pitchy>
			</stumps>
		</woody_fuel>
		<moss_lichen_litter>
			<moss>
				<percent_cover unit="number" min="0" max="13" reference_id="5000">5</percent_cover>
				<depth unit="inches" min="0" max="4" reference_id="5000">2</depth>
				<type>2</type>
			</moss>
			<ground_lichen>
				<percent_cover unit="number" min="0" max="15" reference_id="5000">5</percent_cover>
				<depth unit="inches" min="0" max="4" reference_id="5000">1.5</depth>
			</ground_lichen>
			<litter>
				<percent_cover unit="number" min="65" max="100" reference_id="5000">100</percent_cover>
				<depth unit="inches" min="1.1" max="3" reference_id="5013">2.7</depth>
				<arrangement>1</arrangement>
				<litter_type>
					<short_needle_pine>
						<relative_cover>6.00</relative_cover>
					</short_needle_pine>
					<long_needle_pine>
						<relative_cover />
					</long_needle_pine>
					<other_conifer>
						<relative_cover />
					</other_conifer>
					<broadleaf_deciduous>
						<relative_cover>70.00</relative_cover>
					</broadleaf_deciduous>
					<broadleaf_evergreen>
						<relative_cover>7.00</relative_cover>
					</broadleaf_evergreen>
					<palm_frond>
						<relative_cover>5.00</relative_cover>
					</palm_frond>
					<grass>
						<relative_cover>12.00</relative_cover>
					</grass>
				</litter_type>
			</litter>
		</moss_lichen_litter>
		<ground_fuel>
			<duff>
				<upper>
					<percent_cover unit="number" min="50" max="100">90</percent_cover>
					<depth unit="inches" min="0.1" max="1" reference_id="5013">0.75</depth>
					<derivation>1</derivation>
				</upper>
				<lower>
					<percent_cover unit="number" min="45" max="100" />
					<depth unit="inches" min="0.1" max="1" reference_id="5013" />
					<derivation />
					<loading unit="tons_per_acre" />
				</lower>
			</duff>
			<basal_accumulation>
				<radius unit="feet" />
				<depth unit="inches" />
				<number_per_unit_area unit="number_per_acre" />
				<type />
			</basal_accumulation>
			<squirrel_middens>
				<depth unit="inches" />
				<number_per_unit_area unit="number_per_acre" />
				<radius unit="feet" />
			</squirrel_middens>
		</ground_fuel>
	</fuelbed>
</FCCS_file>
