<?xml version="1.0"?>
<FCCS_file xmlns:xsi="http://www.w3.org/2001/XMLSchema-instance" xsi:noNamespaceSchemaLocation="cash.xsd" schemaVersion="1.4">
	<fuelbed_number>22_213</fuelbed_number>
	<fuelbed_name>Mature lodgepole pine forest</fuelbed_name>
	<fuelbed_description>Mature stands of pure lodgepole pine occur in mid-montane forests of Washington, Oregon, and the U.S. Rocky Mountains. At maturity, these stands are usually dense and even aged. This fuelbed represents an 80-year old stand.</fuelbed_description>
	<ecoregion>240,260,330,340</ecoregion>
	<vegetation_form>2</vegetation_form>
	<structural_class>3</structural_class>
	<cover_type>125</cover_type>
	<change_agent>18</change_agent>
	<natural_fire_regime>4</natural_fire_regime>
	<condition_class>1</condition_class>
	<user_name />
	<address />
	<affiliation />
	<phone />
	<file_owner_email />
	<notes />
	<site_photo />
	<date_collected>2003-09-17</date_collected>
	<fuelbed_confidence>2</fuelbed_confidence>
	<fuelbed>
		<canopy>
			<trees>
				<total_percent_cover unit="number" min="50" max="100" reference_id="1359">59.5</total_percent_cover>
				<overstory>
					<percent_cover unit="number" min="50" max="100" reference_id="1359">52.5</percent_cover>
					<height unit="feet" min="18" max="72">50</height>
					<height_to_live_crown unit="feet" min="5" max="60" reference_id="454">37.5</height_to_live_crown>
					<stem_density unit="number_per_acre" min="235" max="1500" reference_id="454">301.5</stem_density>
					<diameter_at_breast_height unit="inches" min="3" max="8" reference_id="454">5.06</diameter_at_breast_height>
					<species>
						<species_description>
							<tsn>183327</tsn>
							<relative_cover>95.00</relative_cover>
						</species_description>
						<species_description>
							<tsn>183311</tsn>
							<relative_cover>5.00</relative_cover>
						</species_description>
					</species>
				</overstory>
				<midstory>
					<percent_cover unit="number">0.0</percent_cover>
					<height unit="feet" />
					<height_to_live_crown unit="feet">0.0</height_to_live_crown>
					<stem_density unit="number_per_acre">0.0</stem_density>
					<diameter_at_breast_height unit="inches">0.0</diameter_at_breast_height>
					<species />
				</midstory>
				<understory>
					<percent_cover unit="number">0.0</percent_cover>
					<height unit="feet" />
					<height_to_live_crown unit="feet" />
					<stem_density unit="number_per_acre">0.0</stem_density>
					<diameter_at_breast_height unit="inches" />
					<species />
				</understory>
			</trees>
			<snags>
				<class_1_conifers_with_foliage>
					<percent_cover unit="number" min="0" max="13.2">0.23326</percent_cover>
					<height_to_crown_base unit="feet" min="0" max="13.2">8.8044</height_to_crown_base>
					<stem_density unit="number_per_acre" min="0" max="150">33</stem_density>
					<diameter unit="inches" min="1.5" max="6">2</diameter>
					<height unit="feet" min="4" max="70">13.2</height>
					<species>
						<species_description>
							<tsn>183327</tsn>
							<relative_cover>100.00</relative_cover>
						</species_description>
					</species>
				</class_1_conifers_with_foliage>
				<class_1_all_others>
					<stem_density unit="number_per_acre" />
					<diameter unit="inches" />
					<height unit="feet" />
					<species />
				</class_1_all_others>
				<class_2>
					<stem_density unit="number_per_acre" min="0" max="150">33</stem_density>
					<diameter unit="inches" min="1.5" max="6">2</diameter>
					<height unit="feet" min="10" max="70">13.2</height>
					<species>
						<species_description>
							<tsn>183327</tsn>
							<relative_cover>100.00</relative_cover>
						</species_description>
					</species>
				</class_2>
				<class_3>
					<stem_density unit="number_per_acre" min="0" max="150">33</stem_density>
					<diameter unit="inches" min="1.5" max="6">2</diameter>
					<height unit="feet" min="4" max="70">13.2</height>
					<species>
						<species_description>
							<tsn>183327</tsn>
							<relative_cover>100.00</relative_cover>
						</species_description>
					</species>
				</class_3>
			</snags>
			<ladder_fuels>
				<minimum_height unit="feet" min="0" max="40" reference_id="1359">2.5</minimum_height>
				<maximum_height unit="feet" min="1" max="60" reference_id="1359">12</maximum_height>
				<is_vertically_contiguous>0</is_vertically_contiguous>
				<type>1</type>
			</ladder_fuels>
		</canopy>
		<shrubs>
			<primary_layer>
				<percent_cover unit="number" min="0" max="20">0.9075000000000002</percent_cover>
				<height unit="feet" min="0.1" max="3.3" reference_id="1358">1</height>
				<percent_live unit="number" min="80" max="100" reference_id="1358">99.0</percent_live>
				<species>
					<species_description>
						<tsn>23530</tsn>
						<relative_cover>50.00</relative_cover>
					</species_description>
					<species_description>
						<tsn>194820</tsn>
						<relative_cover>50.00</relative_cover>
					</species_description>
				</species>
			</primary_layer>
			<secondary_layer>
				<percent_cover unit="number">0.0</percent_cover>
				<height unit="feet" />
				<percent_live unit="number">0.0</percent_live>
				<species />
			</secondary_layer>
			<needle_drape>
				<is_sufficient_to_affect_fire_behavior>0</is_sufficient_to_affect_fire_behavior>
			</needle_drape>
		</shrubs>
		<herbaceous>
			<primary_layer>
				<percent_cover unit="number" min="5" max="60" reference_id="454">25.78125</percent_cover>
				<height unit="feet" min="0.1" max="1.3" reference_id="1359">0.5</height>
				<percent_live unit="number" min="5" max="100" reference_id="1359">69.9825</percent_live>
				<loading unit="tons_per_acre" min="0" max="3">0.23437500000000003</loading>
				<species>
					<species_description>
						<tsn>39613</tsn>
						<relative_cover>97.00</relative_cover>
					</species_description>
					<species_description>
						<tsn>24624</tsn>
						<relative_cover>1.00</relative_cover>
					</species_description>
					<species_description>
						<tsn>36716</tsn>
						<relative_cover>1.00</relative_cover>
					</species_description>
					<species_description>
						<tsn>39786</tsn>
						<relative_cover>1.00</relative_cover>
					</species_description>
				</species>
			</primary_layer>
			<secondary_layer>
				<percent_cover unit="number">0.0</percent_cover>
				<height unit="feet" />
				<percent_live unit="number">0.0</percent_live>
				<loading unit="tons_per_acre">0.0</loading>
				<species />
			</secondary_layer>
		</herbaceous>
		<woody_fuel>
			<all_downed_woody_fuel>
				<total_percent_cover unit="number" min="0" max="40" reference_id="1359">3.28125</total_percent_cover>
				<depth unit="inches" min="0" max="6" reference_id="1359">0.46875</depth>
			</all_downed_woody_fuel>
			<sound_wood>
				<loadings_zero_to_three_inches>
					<zero_to_quarter_inch unit="tons_per_acre" min="0" max="5" reference_id="454">0.1875</zero_to_quarter_inch>
					<quarter_inch_to_one_inch unit="tons_per_acre" min="0" max="5" reference_id="454">1.03125</quarter_inch_to_one_inch>
					<one_to_three_inches unit="tons_per_acre" min="0" max="10" reference_id="454">1.3125</one_to_three_inches>
				</loadings_zero_to_three_inches>
				<loadings_greater_than_three_inches>
					<three_to_nine_inches unit="tons_per_acre" min="0" max="20" reference_id="454">6.2250000000000005</three_to_nine_inches>
					<nine_to_twenty_inches unit="tons_per_acre" min="0" max="20" reference_id="454">0.5249999999999999</nine_to_twenty_inches>
					<greater_than_twenty_inches unit="tons_per_acre" min="0" max="10" reference_id="1359">0.375</greater_than_twenty_inches>
				</loadings_greater_than_three_inches>
				<all_sound_wood>
					<species>
						<species_description>
							<tsn>183327</tsn>
							<relative_cover>100.00</relative_cover>
						</species_description>
					</species>
				</all_sound_wood>
			</sound_wood>
			<rotten_wood>
				<loadings_greater_than_three_inches>
					<three_to_nine_inches unit="tons_per_acre" min="0" max="5" reference_id="454">5.987500000000001</three_to_nine_inches>
					<nine_to_twenty_inches unit="tons_per_acre" min="0" max="20" reference_id="454">0.9375</nine_to_twenty_inches>
					<greater_than_twenty_inches unit="tons_per_acre" min="0" max="10">0.8125</greater_than_twenty_inches>
				</loadings_greater_than_three_inches>
				<all_rotten_wood>
					<species>
						<species_description>
							<tsn>183327</tsn>
							<relative_cover>100.00</relative_cover>
						</species_description>
					</species>
				</all_rotten_wood>
			</rotten_wood>
			<stumps>
				<sound>
					<stem_density unit="number_per_acre" min="0" max="20" reference_id="1359"></stem_density>
					<diameter unit="inches" min="4" max="18" reference_id="1359"></diameter>
					<height unit="feet" min="0" max="4" reference_id="1359"></height>
					<species />
				</sound>
				<rotten>
					<stem_density unit="number_per_acre" min="0" max="50" reference_id="1359">106.5</stem_density>
					<diameter unit="inches" min="4" max="18" reference_id="1359">6</diameter>
					<height unit="feet" min="0" max="4" reference_id="1359">2</height>
					<species>
						<species_description>
							<tsn>183327</tsn>
							<relative_cover>100.00</relative_cover>
						</species_description>
					</species>
				</rotten>
				<lightered_pitchy>
					<stem_density unit="number_per_acre" />
					<diameter unit="inches" />
					<height unit="feet" />
					<species />
				</lightered_pitchy>
			</stumps>
			<piles>
				<clean_loading unit="tons_per_acre">0.032159</clean_loading>
				<dirty_loading unit="tons_per_acre">0.000000</dirty_loading>
				<verydirty_loading unit="tons_per_acre">0.000000</verydirty_loading>
				<pileData>
					<header>pileGroupID,pileGroupName,numPiles,pileType,pileShape,W1,L1,H1,W2,L2,H2,soilPercent,packingRatio,handPileSpecies,species1_TSN,species1_percent,species2_TSN,species2_percent,pileQuality,percentConsumed</header>
					<pileGroups>
						<pileGroup>2,,6,1,5,3.00,3.00,2.00,,,,,,2,,,,,,90</pileGroup>
					</pileGroups>
				</pileData>
			</piles>
		</woody_fuel>
		<moss_lichen_litter>
			<moss>
				<percent_cover unit="number" min="0" max="20" reference_id="1359">2</percent_cover>
				<depth unit="inches" min="0.1" max="3" reference_id="1359">0.2</depth>
				<type>2</type>
			</moss>
			<ground_lichen>
				<percent_cover unit="number" min="0" max="2" reference_id="1359">1</percent_cover>
				<depth unit="inches" min="0.1" max="2" reference_id="1359">0.1</depth>
			</ground_lichen>
			<litter>
				<percent_cover unit="number" min="0" max="100" reference_id="1359">62.5</percent_cover>
				<depth unit="inches" min="0" max="3" reference_id="1359">0.625</depth>
				<arrangement>1</arrangement>
				<litter_type>
					<short_needle_pine>
						<relative_cover>97.00</relative_cover>
					</short_needle_pine>
					<long_needle_pine>
						<relative_cover />
					</long_needle_pine>
					<other_conifer>
						<relative_cover />
					</other_conifer>
					<broadleaf_deciduous>
						<relative_cover />
					</broadleaf_deciduous>
					<broadleaf_evergreen>
						<relative_cover />
					</broadleaf_evergreen>
					<palm_frond>
						<relative_cover />
					</palm_frond>
					<grass>
						<relative_cover>3.00</relative_cover>
					</grass>
				</litter_type>
			</litter>
		</moss_lichen_litter>
		<ground_fuel>
			<duff>
				<upper>
					<percent_cover unit="number" min="0" max="100" reference_id="1359">50</percent_cover>
					<depth unit="inches" min="0" max="3" reference_id="454">2</depth>
					<derivation>1</derivation>
				</upper>
				<lower>
					<percent_cover unit="number" min="0" max="100" reference_id="1359" />
					<depth unit="inches" min="0" max="3" />
					<derivation />
					<loading unit="tons_per_acre" />
				</lower>
			</duff>
			<basal_accumulation>
				<radius unit="feet" />
				<depth unit="inches" />
				<number_per_unit_area unit="number_per_acre" />
				<type />
			</basal_accumulation>
			<squirrel_middens>
				<depth unit="inches" />
				<number_per_unit_area unit="number_per_acre" />
				<radius unit="feet" />
			</squirrel_middens>
		</ground_fuel>
	</fuelbed>
</FCCS_file>
