<?xml version="1.0"?>
<FCCS_file xmlns:xsi="http://www.w3.org/2001/XMLSchema-instance" xsi:noNamespaceSchemaLocation="cash.xsd" schemaVersion="1.4">
	<fuelbed_number>211_132</fuelbed_number>
	<fuelbed_name>Ponderosa pine forest - high density</fuelbed_name>
	<fuelbed_description>Interior West ponderosa pine forest with dense thickets of ponderosa pine. This fuelbed was developed based on data from Grand Canyon National Park.</fuelbed_description>
	<ecoregion>310,320</ecoregion>
	<vegetation_form>2</vegetation_form>
	<structural_class>1</structural_class>
	<cover_type>144</cover_type>
	<change_agent>2</change_agent>
	<natural_fire_regime>1</natural_fire_regime>
	<condition_class>3</condition_class>
	<user_name />
	<address />
	<affiliation />
	<phone />
	<file_owner_email />
	<notes />
	<site_photo />
	<date_collected>2003-09-17</date_collected>
	<fuelbed_confidence>4</fuelbed_confidence>
	<fuelbed>
		<canopy>
			<trees>
				<total_percent_cover unit="number" min="50" max="100">18.0</total_percent_cover>
				<overstory>
					<percent_cover unit="number" min="5" max="40">4.5</percent_cover>
					<height unit="feet" min="30" max="120">80</height>
					<height_to_live_crown unit="feet" min="5" max="50">37.5</height_to_live_crown>
					<stem_density unit="number_per_acre" min="3" max="40" reference_id="4003">3.375</stem_density>
					<diameter_at_breast_height unit="inches" min="10" max="60" reference_id="4003">20</diameter_at_breast_height>
					<species>
						<species_description>
							<tsn>183365</tsn>
							<relative_cover>100.00</relative_cover>
						</species_description>
					</species>
				</overstory>
				<midstory>
					<percent_cover unit="number" min="30" max="70">11.25</percent_cover>
					<height unit="feet" min="20" max="80">50</height>
					<height_to_live_crown unit="feet" min="2" max="40">30.0</height_to_live_crown>
					<stem_density unit="number_per_acre" min="20" max="150" reference_id="4003">13.5</stem_density>
					<diameter_at_breast_height unit="inches" min="6" max="30" reference_id="4003">9</diameter_at_breast_height>
					<species>
						<species_description>
							<tsn>183365</tsn>
							<relative_cover>80.00</relative_cover>
						</species_description>
						<species_description>
							<tsn>183336</tsn>
							<relative_cover>10.00</relative_cover>
						</species_description>
						<species_description>
							<tsn>194859</tsn>
							<relative_cover>10.00</relative_cover>
						</species_description>
					</species>
				</midstory>
				<understory>
					<percent_cover unit="number" min="10" max="60">1.8</percent_cover>
					<height unit="feet" min="1" max="30" reference_id="4003">7</height>
					<height_to_live_crown unit="feet" min="0" max="15" reference_id="4003">1.8</height_to_live_crown>
					<stem_density unit="number_per_acre" min="50" max="2000" reference_id="4003">22.5</stem_density>
					<diameter_at_breast_height unit="inches" min="0.5" max="8" reference_id="4003">1.5</diameter_at_breast_height>
					<species>
						<species_description>
							<tsn>19337</tsn>
							<relative_cover>60.00</relative_cover>
						</species_description>
						<species_description>
							<tsn>183365</tsn>
							<relative_cover>20.00</relative_cover>
						</species_description>
						<species_description>
							<tsn>183336</tsn>
							<relative_cover>15.00</relative_cover>
						</species_description>
						<species_description>
							<tsn>194859</tsn>
							<relative_cover>5.00</relative_cover>
						</species_description>
					</species>
				</understory>
			</trees>
			<snags>
				<class_1_conifers_with_foliage>
					<percent_cover unit="number">62.0</percent_cover>
					<height_to_crown_base unit="feet">25</height_to_crown_base>
					<stem_density unit="number_per_acre">58.125</stem_density>
					<diameter unit="inches">11.2</diameter>
					<height unit="feet">80</height>
					<species>
						<species_description>
							<tsn>183365</tsn>
							<relative_cover>100.00</relative_cover>
						</species_description>
					</species>
				</class_1_conifers_with_foliage>
				<class_1_all_others>
					<stem_density unit="number_per_acre">58.125</stem_density>
					<diameter unit="inches">11.2</diameter>
					<height unit="feet">80</height>
					<species>
						<species_description>
							<tsn>183365</tsn>
							<relative_cover>100.00</relative_cover>
						</species_description>
					</species>
				</class_1_all_others>
				<class_2>
					<stem_density unit="number_per_acre" min="0" max="10">56.25</stem_density>
					<diameter unit="inches" min="6" max="70">11.2</diameter>
					<height unit="feet" min="10" max="120">80</height>
					<species>
						<species_description>
							<tsn>194859</tsn>
							<relative_cover>80.00</relative_cover>
						</species_description>
						<species_description>
							<tsn>183365</tsn>
							<relative_cover>20.00</relative_cover>
						</species_description>
					</species>
				</class_2>
				<class_3>
					<stem_density unit="number_per_acre">4</stem_density>
					<diameter unit="inches">13.5</diameter>
					<height unit="feet">50</height>
					<species>
						<species_description>
							<tsn>194859</tsn>
							<relative_cover>80.00</relative_cover>
						</species_description>
						<species_description>
							<tsn>183365</tsn>
							<relative_cover>20.00</relative_cover>
						</species_description>
					</species>
				</class_3>
			</snags>
			<ladder_fuels>
				<minimum_height unit="feet" min="0" max="15">1</minimum_height>
				<maximum_height unit="feet" min="1" max="30">7</maximum_height>
				<is_vertically_contiguous>1</is_vertically_contiguous>
				<type>7</type>
			</ladder_fuels>
		</canopy>
		<shrubs>
			<primary_layer>
				<percent_cover unit="number" min="0" max="10" reference_id="4003">1.5000000000000002</percent_cover>
				<height unit="feet" min="0.5" max="6" reference_id="4003">0.5</height>
				<percent_live unit="number" min="70" max="100" reference_id="1358">90.0</percent_live>
				<species>
					<species_description>
						<tsn>35498</tsn>
						<relative_cover>70.00</relative_cover>
					</species_description>
					<species_description>
						<tsn>19337</tsn>
						<relative_cover>20.00</relative_cover>
					</species_description>
					<species_description>
						<tsn>37483</tsn>
						<relative_cover>10.00</relative_cover>
					</species_description>
				</species>
			</primary_layer>
			<secondary_layer>
				<percent_cover unit="number">0.0</percent_cover>
				<height unit="feet">0.0</height>
				<percent_live unit="number">0.0</percent_live>
				<species />
			</secondary_layer>
			<needle_drape>
				<is_sufficient_to_affect_fire_behavior>0</is_sufficient_to_affect_fire_behavior>
			</needle_drape>
		</shrubs>
		<herbaceous>
			<primary_layer>
				<percent_cover unit="number" min="2" max="30" reference_id="4003">10.0</percent_cover>
				<height unit="feet" min="0.5" max="2" reference_id="1358">1.5000000000000002</height>
				<percent_live unit="number" min="40" max="99">80.0</percent_live>
				<loading unit="tons_per_acre" min="0" max="0.5">0.10000000000000002</loading>
				<species>
					<species_description>
						<tsn>504467</tsn>
						<relative_cover>70.00</relative_cover>
					</species_description>
					<species_description>
						<tsn>41493</tsn>
						<relative_cover>30.00</relative_cover>
					</species_description>
				</species>
			</primary_layer>
			<secondary_layer>
				<percent_cover unit="number" min="0" max="15" reference_id="4003">1.0</percent_cover>
				<height unit="feet" min="0.2" max="3" reference_id="1358">2.0</height>
				<percent_live unit="number" min="20" max="80" reference_id="1358">60.0</percent_live>
				<loading unit="tons_per_acre" min="0" max="0.2">0.01</loading>
				<species>
					<species_description>
						<tsn>26085</tsn>
						<relative_cover>25.00</relative_cover>
					</species_description>
					<species_description>
						<tsn>21230</tsn>
						<relative_cover>20.00</relative_cover>
					</species_description>
					<species_description>
						<tsn>36223</tsn>
						<relative_cover>20.00</relative_cover>
					</species_description>
					<species_description>
						<tsn>35852</tsn>
						<relative_cover>20.00</relative_cover>
					</species_description>
					<species_description>
						<tsn>820056</tsn>
						<relative_cover>15.00</relative_cover>
					</species_description>
				</species>
			</secondary_layer>
		</herbaceous>
		<woody_fuel>
			<all_downed_woody_fuel>
				<total_percent_cover unit="number" min="50" max="95">5.625</total_percent_cover>
				<depth unit="inches" min="0.5" max="3">0.11250000000000002</depth>
			</all_downed_woody_fuel>
			<sound_wood>
				<loadings_zero_to_three_inches>
					<zero_to_quarter_inch unit="tons_per_acre" min="0" max="1" reference_id="4003">0.0075000000000000015</zero_to_quarter_inch>
					<quarter_inch_to_one_inch unit="tons_per_acre" min="0" max="3" reference_id="4003">0.037500000000000006</quarter_inch_to_one_inch>
					<one_to_three_inches unit="tons_per_acre" min="0" max="3" reference_id="4003">0.0675</one_to_three_inches>
				</loadings_zero_to_three_inches>
				<loadings_greater_than_three_inches>
					<three_to_nine_inches unit="tons_per_acre" min="0" max="5" reference_id="4003">0.15000000000000002</three_to_nine_inches>
					<nine_to_twenty_inches unit="tons_per_acre" min="0" max="5" reference_id="4003">0.44999999999999996</nine_to_twenty_inches>
					<greater_than_twenty_inches unit="tons_per_acre" min="0" max="5" reference_id="4003">0.0</greater_than_twenty_inches>
				</loadings_greater_than_three_inches>
				<all_sound_wood>
					<species>
						<species_description>
							<tsn>183365</tsn>
							<relative_cover>85.00</relative_cover>
						</species_description>
						<species_description>
							<tsn>194859</tsn>
							<relative_cover>15.00</relative_cover>
						</species_description>
					</species>
				</all_sound_wood>
			</sound_wood>
			<rotten_wood>
				<loadings_greater_than_three_inches>
					<three_to_nine_inches unit="tons_per_acre" min="0" max="5" reference_id="4003">0.25</three_to_nine_inches>
					<nine_to_twenty_inches unit="tons_per_acre" min="0" max="5" reference_id="4003">0.3</nine_to_twenty_inches>
					<greater_than_twenty_inches unit="tons_per_acre" min="0" max="5" reference_id="4003">0.0</greater_than_twenty_inches>
				</loadings_greater_than_three_inches>
				<all_rotten_wood>
					<species>
						<species_description>
							<tsn>183365</tsn>
							<relative_cover>85.00</relative_cover>
						</species_description>
						<species_description>
							<tsn>194859</tsn>
							<relative_cover>15.00</relative_cover>
						</species_description>
					</species>
				</all_rotten_wood>
			</rotten_wood>
			<stumps>
				<sound>
					<stem_density unit="number_per_acre" />
					<diameter unit="inches" />
					<height unit="feet" />
					<species />
				</sound>
				<rotten>
					<stem_density unit="number_per_acre">0.0</stem_density>
					<diameter unit="inches">0.0</diameter>
					<height unit="feet">0.0</height>
					<species />
				</rotten>
				<lightered_pitchy>
					<stem_density unit="number_per_acre">0.0</stem_density>
					<diameter unit="inches">0.0</diameter>
					<height unit="feet">0.0</height>
					<species />
				</lightered_pitchy>
			</stumps>
		</woody_fuel>
		<moss_lichen_litter>
			<moss>
				<percent_cover unit="number">0.0</percent_cover>
				<depth unit="inches">0.0</depth>
				<type />
			</moss>
			<ground_lichen>
				<percent_cover unit="number">0.0</percent_cover>
				<depth unit="inches">0.0</depth>
			</ground_lichen>
			<litter>
				<percent_cover unit="number" min="75" max="100">47.5</percent_cover>
				<depth unit="inches" min="0.1" max="4" reference_id="4003">0.45000000000000007</depth>
				<arrangement>1</arrangement>
				<litter_type>
					<short_needle_pine>
						<relative_cover />
					</short_needle_pine>
					<long_needle_pine>
						<relative_cover>80.00</relative_cover>
					</long_needle_pine>
					<other_conifer>
						<relative_cover />
					</other_conifer>
					<broadleaf_deciduous>
						<relative_cover>20.00</relative_cover>
					</broadleaf_deciduous>
					<broadleaf_evergreen>
						<relative_cover />
					</broadleaf_evergreen>
					<palm_frond>
						<relative_cover />
					</palm_frond>
					<grass>
						<relative_cover />
					</grass>
				</litter_type>
			</litter>
		</moss_lichen_litter>
		<ground_fuel>
			<duff>
				<upper>
					<percent_cover unit="number" min="75" max="100">4.75</percent_cover>
					<depth unit="inches" min="0" max="2" reference_id="4003">0.025</depth>
					<derivation>1</derivation>
				</upper>
				<lower>
					<percent_cover unit="number" min="75" max="100">0.0</percent_cover>
					<depth unit="inches" min="0" max="2" reference_id="4003">0.0</depth>
					<derivation />
					<loading unit="tons_per_acre" />
				</lower>
			</duff>
			<basal_accumulation>
				<radius unit="feet" min="0.3" max="2">0.05</radius>
				<depth unit="inches" min="0.3" max="4">0.07500000000000001</depth>
				<number_per_unit_area unit="number_per_acre">0.1875</number_per_unit_area>
				<type>1</type>
			</basal_accumulation>
			<squirrel_middens>
				<depth unit="inches">0.0</depth>
				<number_per_unit_area unit="number_per_acre">0.0</number_per_unit_area>
				<radius unit="feet">0.0</radius>
			</squirrel_middens>
		</ground_fuel>
	</fuelbed>
</FCCS_file>
