<?xml version="1.0"?>
<FCCS_file xmlns:xsi="http://www.w3.org/2001/XMLSchema-instance" xsi:noNamespaceSchemaLocation="cash.xsd" schemaVersion="1.4">
	<fuelbed_number>239_233</fuelbed_number>
	<fuelbed_name>Douglas-fir-sugar pine-tanoak forest - 6 years post wildfire</fuelbed_name>
	<fuelbed_description>Mixed forests dominated by Douglas-fir, sugar pine and tanoak are common mid-elevation forests of the western slopes of the northern Sierra Nevada and coastal Pacific Northwest. This forest was moderately burned in a wildfire 6 years previously. This fuelbed was developed based on data from the Silver Fire Recovery Project in the Galice Ranger District, Siskiyou National Forest.</fuelbed_description>
	<ecoregion>240,260</ecoregion>
	<vegetation_form>4</vegetation_form>
	<structural_class>1</structural_class>
	<cover_type>136,141,150</cover_type>
	<change_agent>16</change_agent>
	<natural_fire_regime>3</natural_fire_regime>
	<condition_class>1</condition_class>
	<user_name />
	<address />
	<affiliation />
	<phone />
	<file_owner_email />
	<notes />
	<site_photo />
	<date_collected>2003-09-17</date_collected>
	<fuelbed_confidence>3</fuelbed_confidence>
	<fuelbed>
		<canopy>
			<trees>
				<total_percent_cover unit="number" min="10" max="70">13.200000000000001</total_percent_cover>
				<overstory>
					<percent_cover unit="number" min="5" max="50" reference_id="4012">5.0</percent_cover>
					<height unit="feet" min="70" max="200" reference_id="4012">102</height>
					<height_to_live_crown unit="feet" min="20" max="80" reference_id="4012">42.0</height_to_live_crown>
					<stem_density unit="number_per_acre" min="2" max="30" reference_id="4012">1.775</stem_density>
					<diameter_at_breast_height unit="inches" min="20" max="120" reference_id="4012">56.25</diameter_at_breast_height>
					<species>
						<species_description>
							<tsn>183347</tsn>
							<relative_cover>60.00</relative_cover>
						</species_description>
						<species_description>
							<tsn>183424</tsn>
							<relative_cover>40.00</relative_cover>
						</species_description>
					</species>
				</overstory>
				<midstory>
					<percent_cover unit="number" min="5" max="60" reference_id="4012">7.5</percent_cover>
					<height unit="feet" min="30" max="120">70</height>
					<height_to_live_crown unit="feet" min="5" max="70">52.5</height_to_live_crown>
					<stem_density unit="number_per_acre" min="10" max="100">15.0</stem_density>
					<diameter_at_breast_height unit="inches" min="8" max="20">16.25</diameter_at_breast_height>
					<species>
						<species_description>
							<tsn>531368</tsn>
							<relative_cover>34.00</relative_cover>
						</species_description>
						<species_description>
							<tsn>19464</tsn>
							<relative_cover>33.00</relative_cover>
						</species_description>
						<species_description>
							<tsn>183424</tsn>
							<relative_cover>33.00</relative_cover>
						</species_description>
					</species>
				</midstory>
				<understory>
					<percent_cover unit="number" min="0" max="30" reference_id="4012">0.0</percent_cover>
					<height unit="feet" min="5" max="35" reference_id="4012">0.0</height>
					<height_to_live_crown unit="feet" min="0.5" max="25" reference_id="4012">0.0</height_to_live_crown>
					<stem_density unit="number_per_acre" min="50" max="1000" reference_id="4012">0.0</stem_density>
					<diameter_at_breast_height unit="inches" min="0.5" max="8" reference_id="4012">0.0</diameter_at_breast_height>
					<species>
						<species_description>
							<tsn>19464</tsn>
							<relative_cover>45.00</relative_cover>
						</species_description>
						<species_description>
							<tsn>531368</tsn>
							<relative_cover>39.00</relative_cover>
						</species_description>
						<species_description>
							<tsn>183347</tsn>
							<relative_cover>8.00</relative_cover>
						</species_description>
						<species_description>
							<tsn>183424</tsn>
							<relative_cover>8.00</relative_cover>
						</species_description>
					</species>
				</understory>
			</trees>
			<snags>
				<class_1_conifers_with_foliage>
					<percent_cover unit="number" />
					<height_to_crown_base unit="feet" />
					<stem_density unit="number_per_acre" />
					<diameter unit="inches" />
					<height unit="feet" />
					<species />
				</class_1_conifers_with_foliage>
				<class_1_all_others>
					<stem_density unit="number_per_acre" min="5" max="100" reference_id="4012">15.6</stem_density>
					<diameter unit="inches" min="8" max="120" reference_id="4012">34.3</diameter>
					<height unit="feet" min="30" max="180">70</height>
					<species>
						<species_description>
							<tsn>531368</tsn>
							<relative_cover>50.00</relative_cover>
						</species_description>
						<species_description>
							<tsn>19464</tsn>
							<relative_cover>50.00</relative_cover>
						</species_description>
					</species>
				</class_1_all_others>
				<class_2>
					<stem_density unit="number_per_acre" />
					<diameter unit="inches" />
					<height unit="feet" />
					<species />
				</class_2>
				<class_3>
					<stem_density unit="number_per_acre" min="0" max="20" reference_id="459">1</stem_density>
					<diameter unit="inches" min="8" max="120" reference_id="459">32</diameter>
					<height unit="feet" min="4.5" max="150" reference_id="459">35</height>
					<species>
						<species_description>
							<tsn>183347</tsn>
							<relative_cover>100.00</relative_cover>
						</species_description>
					</species>
				</class_3>
			</snags>
			<ladder_fuels>
				<minimum_height unit="feet" min="0.5" max="25" reference_id="4012">10.5</minimum_height>
				<maximum_height unit="feet" min="5" max="35" reference_id="4012">22.1</maximum_height>
				<is_vertically_contiguous>1</is_vertically_contiguous>
				<type>7</type>
			</ladder_fuels>
		</canopy>
		<shrubs>
			<primary_layer>
				<percent_cover unit="number" min="5" max="60">22.5</percent_cover>
				<height unit="feet" min="1" max="25">8</height>
				<percent_live unit="number" min="80" max="100">95.0</percent_live>
				<species>
					<species_description>
						<tsn>531368</tsn>
						<relative_cover>100.00</relative_cover>
					</species_description>
				</species>
			</primary_layer>
			<secondary_layer>
				<percent_cover unit="number">0.0</percent_cover>
				<height unit="feet" />
				<percent_live unit="number">0.0</percent_live>
				<species />
			</secondary_layer>
			<needle_drape>
				<is_sufficient_to_affect_fire_behavior>1</is_sufficient_to_affect_fire_behavior>
			</needle_drape>
		</shrubs>
		<herbaceous>
			<primary_layer>
				<percent_cover unit="number" min="0" max="30" reference_id="4012">9.0</percent_cover>
				<height unit="feet" min="0.8" max="5">2.8</height>
				<percent_live unit="number" min="80" max="100">95.0</percent_live>
				<loading unit="tons_per_acre" min="0" max="0.1" reference_id="459">0.01125</loading>
				<species>
					<species_description>
						<tsn>17224</tsn>
						<relative_cover>100.00</relative_cover>
					</species_description>
				</species>
			</primary_layer>
			<secondary_layer>
				<percent_cover unit="number">0.0</percent_cover>
				<height unit="feet" />
				<percent_live unit="number">0.0</percent_live>
				<loading unit="tons_per_acre">0.0</loading>
				<species />
			</secondary_layer>
		</herbaceous>
		<woody_fuel>
			<all_downed_woody_fuel>
				<total_percent_cover unit="number" min="40" max="95" reference_id="4012">37.5</total_percent_cover>
				<depth unit="inches" min="1" max="8" reference_id="4012">3.0</depth>
			</all_downed_woody_fuel>
			<sound_wood>
				<loadings_zero_to_three_inches>
					<zero_to_quarter_inch unit="tons_per_acre" min="0" max="1" reference_id="4012">0.5625</zero_to_quarter_inch>
					<quarter_inch_to_one_inch unit="tons_per_acre" min="0" max="2" reference_id="4012">1.125</quarter_inch_to_one_inch>
					<one_to_three_inches unit="tons_per_acre" min="0" max="5" reference_id="4012">0.8999999999999999</one_to_three_inches>
				</loadings_zero_to_three_inches>
				<loadings_greater_than_three_inches>
					<three_to_nine_inches unit="tons_per_acre" min="0" max="10">0.75</three_to_nine_inches>
					<nine_to_twenty_inches unit="tons_per_acre" min="0" max="10">0.75</nine_to_twenty_inches>
					<greater_than_twenty_inches unit="tons_per_acre" min="0" max="20">0.0</greater_than_twenty_inches>
				</loadings_greater_than_three_inches>
				<all_sound_wood>
					<species>
						<species_description>
							<tsn>183347</tsn>
							<relative_cover>60.00</relative_cover>
						</species_description>
						<species_description>
							<tsn>183424</tsn>
							<relative_cover>40.00</relative_cover>
						</species_description>
					</species>
				</all_sound_wood>
			</sound_wood>
			<rotten_wood>
				<loadings_greater_than_three_inches>
					<three_to_nine_inches unit="tons_per_acre" min="0" max="15">8.625</three_to_nine_inches>
					<nine_to_twenty_inches unit="tons_per_acre" min="0" max="15">6.625</nine_to_twenty_inches>
					<greater_than_twenty_inches unit="tons_per_acre" min="0" max="20">1.0</greater_than_twenty_inches>
				</loadings_greater_than_three_inches>
				<all_rotten_wood>
					<species>
						<species_description>
							<tsn>183347</tsn>
							<relative_cover>60.00</relative_cover>
						</species_description>
						<species_description>
							<tsn>183424</tsn>
							<relative_cover>40.00</relative_cover>
						</species_description>
					</species>
				</all_rotten_wood>
			</rotten_wood>
			<stumps>
				<sound>
					<stem_density unit="number_per_acre" min="0" max="10"></stem_density>
					<diameter unit="inches" min="8" max="80"></diameter>
					<height unit="feet" min="0.1" max="4.5"></height>
					<species />
				</sound>
				<rotten>
					<stem_density unit="number_per_acre">53.325</stem_density>
					<diameter unit="inches">34</diameter>
					<height unit="feet">4</height>
					<species>
						<species_description>
							<tsn>183347</tsn>
							<relative_cover>50.00</relative_cover>
						</species_description>
						<species_description>
							<tsn>19464</tsn>
							<relative_cover>50.00</relative_cover>
						</species_description>
					</species>
				</rotten>
				<lightered_pitchy>
					<stem_density unit="number_per_acre" />
					<diameter unit="inches" />
					<height unit="feet" />
					<species />
				</lightered_pitchy>
			</stumps>
		</woody_fuel>
		<moss_lichen_litter>
			<moss>
				<percent_cover unit="number" min="0" max="15">3</percent_cover>
				<depth unit="inches" min="0.1" max="1">0.3</depth>
				<type>2</type>
			</moss>
			<ground_lichen>
				<percent_cover unit="number" min="0" max="10">1</percent_cover>
				<depth unit="inches" min="0.1" max="0.8">0.1</depth>
			</ground_lichen>
			<litter>
				<percent_cover unit="number" min="40" max="100" reference_id="4012">100</percent_cover>
				<depth unit="inches" min="0.1" max="0.8">0.17500000000000002</depth>
				<arrangement>1</arrangement>
				<litter_type>
					<short_needle_pine>
						<relative_cover />
					</short_needle_pine>
					<long_needle_pine>
						<relative_cover>40.00</relative_cover>
					</long_needle_pine>
					<other_conifer>
						<relative_cover>40.00</relative_cover>
					</other_conifer>
					<broadleaf_deciduous>
						<relative_cover />
					</broadleaf_deciduous>
					<broadleaf_evergreen>
						<relative_cover>20.00</relative_cover>
					</broadleaf_evergreen>
					<palm_frond>
						<relative_cover />
					</palm_frond>
					<grass>
						<relative_cover />
					</grass>
				</litter_type>
			</litter>
		</moss_lichen_litter>
		<ground_fuel>
			<duff>
				<upper>
					<percent_cover unit="number" min="40" max="100">100</percent_cover>
					<depth unit="inches" min="0" max="1">0.5599999999999999</depth>
					<derivation>1</derivation>
				</upper>
				<lower>
					<percent_cover unit="number" min="40" max="100" />
					<depth unit="inches" min="0" max="6" />
					<derivation />
					<loading unit="tons_per_acre" />
				</lower>
			</duff>
			<basal_accumulation>
				<radius unit="feet" />
				<depth unit="inches" />
				<number_per_unit_area unit="number_per_acre" />
				<type />
			</basal_accumulation>
			<squirrel_middens>
				<depth unit="inches" />
				<number_per_unit_area unit="number_per_acre" />
				<radius unit="feet" />
			</squirrel_middens>
		</ground_fuel>
	</fuelbed>
</FCCS_file>
