<?xml version="1.0"?>
<FCCS_file xmlns:xsi="http://www.w3.org/2001/XMLSchema-instance" schemaVersion="1.4" xsi:schemaLocation="conf\\us.fed.fs.fera.fccs.xsd">
	<fuelbed_number>319_212</fuelbed_number>
	<fuelbed_name>Pacific silver fir-Sitka alder forest</fuelbed_name>
	<fuelbed_description>Wet avalanche opening, includes Sitka alder, mountain hemlock, Pacific silver fir, and Engelmann spruce.</fuelbed_description>
	<ecoregion>240,340,330</ecoregion>
	<vegetation_form>1</vegetation_form>
	<structural_class>5</structural_class>
	<cover_type>133</cover_type>
	<change_agent>23</change_agent>
	<natural_fire_regime>5</natural_fire_regime>
	<condition_class>1</condition_class>
	<user_name>Roger Ottmar</user_name>
	<address />
	<affiliation>USDA Forest Service</affiliation>
	<phone>206-732-7826</phone>
	<file_owner_email>rottmar@fs.fed.us</file_owner_email>
	<notes>Used Okanogan/Wenatchee avalanche chute fuelbed and adjusted with expert opinion.  </notes>
	<date_collected>Sep 16, 2011</date_collected>
	<fuelbed_confidence />
	<fuelbed>
		<canopy>
			<trees>
				<total_percent_cover unit="number" min="25" max="97">82.45</total_percent_cover>
				<overstory>
					<percent_cover unit="number" min="0" max="5">15.0</percent_cover>
					<height unit="feet" min="17" max="110">30</height>
					<height_to_live_crown unit="feet" min="3" max="40">12.5</height_to_live_crown>
					<stem_density unit="number_per_acre" min="0" max="72">54.0</stem_density>
					<diameter_at_breast_height unit="inches" min="4.5" max="25">6.6000000000000005</diameter_at_breast_height>
					<species>
						<species_description>
							<tsn>181824</tsn>
							<relative_cover>90</relative_cover>
						</species_description>
						<species_description>
							<tsn>183291</tsn>
							<relative_cover>10</relative_cover>
						</species_description>
					</species>
				</overstory>
				<midstory>
					<percent_cover unit="number">0.0</percent_cover>
					<height unit="feet" />
					<height_to_live_crown unit="feet">0.0</height_to_live_crown>
					<stem_density unit="number_per_acre">0.0</stem_density>
					<diameter_at_breast_height unit="inches">0.0</diameter_at_breast_height>
					<species />
				</midstory>
				<understory>
					<percent_cover unit="number" min="5" max="65">22.5</percent_cover>
					<height unit="feet" min="1" max="30">10.6</height>
					<height_to_live_crown unit="feet" min="0.5" max="6">7.1</height_to_live_crown>
					<stem_density unit="number_per_acre" min="580" max="2300">2904.75</stem_density>
					<diameter_at_breast_height unit="inches" min="0.5" max="6">0.8</diameter_at_breast_height>
					<species>
						<species_description>
							<tsn>181895</tsn>
							<relative_cover>100</relative_cover>
						</species_description>
					</species>
				</understory>
			</trees>
			<snags>
				<class_1_conifers_with_foliage>
					<percent_cover unit="number" />
					<height_to_crown_base unit="feet" />
					<stem_density unit="number_per_acre" />
					<diameter unit="inches" />
					<height unit="feet" />
					<species />
				</class_1_conifers_with_foliage>
				<class_1_all_others>
					<stem_density unit="number_per_acre" />
					<diameter unit="inches" />
					<height unit="feet" />
					<species />
				</class_1_all_others>
				<class_2>
					<stem_density unit="number_per_acre" />
					<diameter unit="inches" />
					<height unit="feet" />
					<species />
				</class_2>
				<class_3>
					<stem_density unit="number_per_acre" />
					<diameter unit="inches" />
					<height unit="feet" />
					<species />
				</class_3>
			</snags>
			<ladder_fuels>
				<minimum_height unit="feet" />
				<maximum_height unit="feet" />
				<is_vertically_contiguous />
				<type />
			</ladder_fuels>
		</canopy>
		<shrubs>
			<primary_layer>
				<percent_cover unit="number">0.0</percent_cover>
				<height unit="feet" />
				<percent_live unit="number">0.0</percent_live>
				<species />
			</primary_layer>
			<secondary_layer>
				<percent_cover unit="number">0.0</percent_cover>
				<height unit="feet" />
				<percent_live unit="number">0.0</percent_live>
				<species />
			</secondary_layer>
			<needle_drape>
				<is_sufficient_to_affect_fire_behavior>0</is_sufficient_to_affect_fire_behavior>
			</needle_drape>
		</shrubs>
		<herbaceous>
			<primary_layer>
				<percent_cover unit="number">0.0</percent_cover>
				<height unit="feet" />
				<loading unit="tons_per_acre">0.0</loading>
				<percent_live unit="number">0.0</percent_live>
				<species />
			</primary_layer>
			<secondary_layer>
				<percent_cover unit="number">0.0</percent_cover>
				<height unit="feet" />
				<loading unit="tons_per_acre">0.0</loading>
				<percent_live unit="number">0.0</percent_live>
				<species />
			</secondary_layer>
		</herbaceous>
		<woody_fuel>
			<all_downed_woody_fuel>
				<total_percent_cover unit="number" min="89" max="100">23.4375</total_percent_cover>
				<depth unit="inches" min="1" max="5">0.1875</depth>
			</all_downed_woody_fuel>
			<sound_wood>
				<all_sound_wood>
					<species>
						<species_description>
							<tsn>181824</tsn>
							<relative_cover>70</relative_cover>
						</species_description>
						<species_description>
							<tsn>183291</tsn>
							<relative_cover>30</relative_cover>
						</species_description>
					</species>
				</all_sound_wood>
				<loadings_zero_to_three_inches>
					<zero_to_quarter_inch unit="tons_per_acre" min="0.3" max="0.7">0.375</zero_to_quarter_inch>
					<quarter_inch_to_one_inch unit="tons_per_acre" min="0.3" max="1.4">0.75</quarter_inch_to_one_inch>
					<one_to_three_inches unit="tons_per_acre" min="0" max="2.5">0.84375</one_to_three_inches>
				</loadings_zero_to_three_inches>
				<loadings_greater_than_three_inches>
					<three_to_nine_inches unit="tons_per_acre" min="1.8" max="11.7">0.8250000000000001</three_to_nine_inches>
					<nine_to_twenty_inches unit="tons_per_acre" min="0" max="6.7">0.0</nine_to_twenty_inches>
					<greater_than_twenty_inches unit="tons_per_acre" min="0" max="0.6">0.0</greater_than_twenty_inches>
				</loadings_greater_than_three_inches>
			</sound_wood>
			<rotten_wood>
				<all_rotten_wood>
					<species>
						<species_description>
							<tsn>181824</tsn>
							<relative_cover>70</relative_cover>
						</species_description>
						<species_description>
							<tsn>183291</tsn>
							<relative_cover>30</relative_cover>
						</species_description>
					</species>
				</all_rotten_wood>
				<loadings_greater_than_three_inches>
					<three_to_nine_inches unit="tons_per_acre" min="1.8" max="11.7">0.375</three_to_nine_inches>
					<nine_to_twenty_inches unit="tons_per_acre" min="1.1" max="6.7">0.0</nine_to_twenty_inches>
					<greater_than_twenty_inches unit="tons_per_acre" min="0" max="0.6">0.0</greater_than_twenty_inches>
				</loadings_greater_than_three_inches>
			</rotten_wood>
			<stumps>
				<sound>
					<stem_density unit="number_per_acre">18.0</stem_density>
					<diameter unit="inches" />
					<height unit="feet" />
					<species />
				</sound>
				<rotten>
					<stem_density unit="number_per_acre" />
					<diameter unit="inches" />
					<height unit="feet" />
					<species />
				</rotten>
				<lightered_pitchy>
					<stem_density unit="number_per_acre" />
					<diameter unit="inches" />
					<height unit="feet" />
					<species />
				</lightered_pitchy>
			</stumps>
		</woody_fuel>
		<moss_lichen_litter>
			<moss>
				<type />
				<percent_cover unit="number" />
				<depth unit="inches" />
			</moss>
			<ground_lichen>
				<percent_cover unit="number" />
				<depth unit="inches" />
			</ground_lichen>
			<litter>
				<percent_cover unit="number" min="20" max="80" reference_id="1412">45.0</percent_cover>
				<depth unit="inches" min="0.1" max="1">1.25</depth>
				<arrangement>1</arrangement>
				<litter_type>
					<short_needle_pine>
						<relative_cover />
					</short_needle_pine>
					<long_needle_pine>
						<relative_cover />
					</long_needle_pine>
					<other_conifer>
						<relative_cover>20.0</relative_cover>
					</other_conifer>
					<broadleaf_deciduous>
						<relative_cover>80.0</relative_cover>
					</broadleaf_deciduous>
					<broadleaf_evergreen>
						<relative_cover />
					</broadleaf_evergreen>
					<palm_frond>
						<relative_cover />
					</palm_frond>
					<grass>
						<relative_cover />
					</grass>
				</litter_type>
			</litter>
		</moss_lichen_litter>
		<ground_fuel>
			<duff>
				<upper>
					<depth unit="inches" min="0.5" max="2">0.3</depth>
					<percent_cover unit="number" min="75" max="99">50</percent_cover>
					<derivation>1</derivation>
				</upper>
				<lower>
					<depth unit="inches" />
					<percent_cover unit="number" />
					<derivation />
				</lower>
			</duff>
			<squirrel_middens>
				<depth unit="inches" />
				<radius unit="feet" />
				<number_per_unit_area unit="number_per_acre" />
			</squirrel_middens>
			<basal_accumulation>
				<depth unit="inches" />
				<radius unit="feet" />
				<number_per_unit_area unit="number_per_acre" />
				<type />
			</basal_accumulation>
		</ground_fuel>
	</fuelbed>
</FCCS_file>
