<?xml version="1.0"?>
<FCCS_file xmlns:xsi="http://www.w3.org/2001/XMLSchema-instance" schemaVersion="1.4" xsi:schemaLocation="conf\\us.fed.fs.fera.fccs.xsd">
	<fuelbed_number>38_332</fuelbed_number>
	<fuelbed_name>Douglas-fir-madrone-tanoak forest</fuelbed_name>
	<fuelbed_description>This fuelbed represents mature mixed evergreen forests dominated by Douglas-fir, tanoak, and madrone occurring along the Pacific coast from southern Oregon to California at low to moderate elevations (sea level to 4,500 feet).</fuelbed_description>
	<ecoregion>240,260</ecoregion>
	<vegetation_form>4</vegetation_form>
	<structural_class>1</structural_class>
	<cover_type>141</cover_type>
	<change_agent>2</change_agent>
	<natural_fire_regime>3</natural_fire_regime>
	<condition_class>2</condition_class>
	<user_name />
	<address />
	<affiliation />
	<phone />
	<file_owner_email />
	<notes />
	<date_collected>Sep 9, 2011</date_collected>
	<fuelbed_confidence />
	<fuelbed>
		<canopy>
			<trees>
				<total_percent_cover unit="number" min="60" max="100">29.700000000000003</total_percent_cover>
				<overstory>
					<percent_cover unit="number" min="2" max="40" reference_id="459">5.0</percent_cover>
					<height unit="feet" min="60" max="170" reference_id="459">139</height>
					<height_to_live_crown unit="feet" min="20" max="100" reference_id="459">82.5</height_to_live_crown>
					<stem_density unit="number_per_acre" min="2" max="40">3.75</stem_density>
					<diameter_at_breast_height unit="inches" min="20" max="75">43.75</diameter_at_breast_height>
					<species>
						<species_description>
							<tsn>183424</tsn>
							<relative_cover>100.00</relative_cover>
						</species_description>
					</species>
				</overstory>
				<midstory>
					<percent_cover unit="number" min="20" max="80">12.5</percent_cover>
					<height unit="feet" min="30" max="120" reference_id="459">67</height>
					<height_to_live_crown unit="feet" min="3" max="70" reference_id="459">52.5</height_to_live_crown>
					<stem_density unit="number_per_acre" min="30" max="200" reference_id="459">21.75</stem_density>
					<diameter_at_breast_height unit="inches" min="8" max="20" reference_id="459">16.25</diameter_at_breast_height>
					<species>
						<species_description>
							<tsn>23627</tsn>
							<relative_cover>90.00</relative_cover>
						</species_description>
						<species_description>
							<tsn>19464</tsn>
							<relative_cover>5.00</relative_cover>
						</species_description>
						<species_description>
							<tsn>183424</tsn>
							<relative_cover>5.00</relative_cover>
						</species_description>
					</species>
				</midstory>
				<understory>
					<percent_cover unit="number" min="20" max="90" reference_id="459"></percent_cover>
					<height unit="feet" min="1" max="40" reference_id="459"></height>
					<height_to_live_crown unit="feet" min="0.5" max="30" reference_id="459"></height_to_live_crown>
					<stem_density unit="number_per_acre" min="200" max="5000" reference_id="459"></stem_density>
					<diameter_at_breast_height unit="inches" min="0.5" max="8"></diameter_at_breast_height>
					<species />
				</understory>
			</trees>
			<snags>
				<class_1_conifers_with_foliage>
					<percent_cover unit="number" />
					<height_to_crown_base unit="feet" />
					<stem_density unit="number_per_acre" />
					<diameter unit="inches" />
					<height unit="feet" />
					<species />
				</class_1_conifers_with_foliage>
				<class_1_all_others>
					<stem_density unit="number_per_acre" />
					<diameter unit="inches" />
					<height unit="feet" />
					<species />
				</class_1_all_others>
				<class_2>
					<stem_density unit="number_per_acre" min="0" max="10" reference_id="459">1</stem_density>
					<diameter unit="inches" min="6" max="75" reference_id="459">51</diameter>
					<height unit="feet" min="30" max="170" reference_id="459">103</height>
					<species>
						<species_description>
							<tsn>183424</tsn>
							<relative_cover>100.00</relative_cover>
						</species_description>
					</species>
				</class_2>
				<class_3>
					<stem_density unit="number_per_acre" />
					<diameter unit="inches" />
					<height unit="feet" />
					<species />
				</class_3>
			</snags>
			<ladder_fuels>
				<minimum_height unit="feet" min="0.5" max="20" reference_id="459">4</minimum_height>
				<maximum_height unit="feet" min="1" max="40" reference_id="459">15</maximum_height>
				<is_vertically_contiguous>1</is_vertically_contiguous>
				<type>7</type>
			</ladder_fuels>
		</canopy>
		<shrubs>
			<primary_layer>
				<percent_cover unit="number" min="0" max="30">3.75</percent_cover>
				<height unit="feet" min="0.5" max="13">3</height>
				<percent_live unit="number" min="50" max="100">95.0</percent_live>
				<species>
					<species_description>
						<tsn>23533</tsn>
						<relative_cover>50.00</relative_cover>
					</species_description>
					<species_description>
						<tsn>28479</tsn>
						<relative_cover>50.00</relative_cover>
					</species_description>
				</species>
			</primary_layer>
			<secondary_layer>
				<percent_cover unit="number" min="0" max="40">3.75</percent_cover>
				<height unit="feet" min="0.1" max="0.8">0.3</height>
				<percent_live unit="number" min="50" max="100">95.0</percent_live>
				<species>
					<species_description>
						<tsn>23503</tsn>
						<relative_cover>100.00</relative_cover>
					</species_description>
				</species>
			</secondary_layer>
			<needle_drape>
				<is_sufficient_to_affect_fire_behavior>0</is_sufficient_to_affect_fire_behavior>
			</needle_drape>
		</shrubs>
		<herbaceous>
			<primary_layer>
				<percent_cover unit="number" min="0" max="20">1.875</percent_cover>
				<height unit="feet" min="0.1" max="2">0.8</height>
				<loading unit="tons_per_acre" min="0" max="3">0.07500000000000001</loading>
				<percent_live unit="number" min="30" max="100">80.0</percent_live>
				<species>
					<species_description>
						<tsn>25916</tsn>
						<relative_cover>25.00</relative_cover>
					</species_description>
					<species_description>
						<tsn>35423</tsn>
						<relative_cover>25.00</relative_cover>
					</species_description>
					<species_description>
						<tsn>36224</tsn>
						<relative_cover>25.00</relative_cover>
					</species_description>
					<species_description>
						<tsn>30156</tsn>
						<relative_cover>25.00</relative_cover>
					</species_description>
				</species>
			</primary_layer>
			<secondary_layer>
				<percent_cover unit="number">0.0</percent_cover>
				<height unit="feet" />
				<loading unit="tons_per_acre">0.0</loading>
				<percent_live unit="number">0.0</percent_live>
				<species />
			</secondary_layer>
		</herbaceous>
		<woody_fuel>
			<all_downed_woody_fuel>
				<total_percent_cover unit="number" min="60" max="100">22.25</total_percent_cover>
				<depth unit="inches" min="0.1" max="12">1.0</depth>
			</all_downed_woody_fuel>
			<sound_wood>
				<all_sound_wood>
					<species>
						<species_description>
							<tsn>183424</tsn>
							<relative_cover>75.00</relative_cover>
						</species_description>
						<species_description>
							<tsn>23627</tsn>
							<relative_cover>25.00</relative_cover>
						</species_description>
					</species>
				</all_sound_wood>
				<loadings_zero_to_three_inches>
					<zero_to_quarter_inch unit="tons_per_acre" min="0" max="3" reference_id="459">0.25</zero_to_quarter_inch>
					<quarter_inch_to_one_inch unit="tons_per_acre" min="0" max="5" reference_id="459">0.5</quarter_inch_to_one_inch>
					<one_to_three_inches unit="tons_per_acre" min="0" max="5" reference_id="459">0.5</one_to_three_inches>
				</loadings_zero_to_three_inches>
				<loadings_greater_than_three_inches>
					<three_to_nine_inches unit="tons_per_acre" min="0" max="10" reference_id="459">1.2375</three_to_nine_inches>
					<nine_to_twenty_inches unit="tons_per_acre" min="0" max="10" reference_id="459">1.2375</nine_to_twenty_inches>
					<greater_than_twenty_inches unit="tons_per_acre" min="0" max="20" reference_id="459">2.8875</greater_than_twenty_inches>
				</loadings_greater_than_three_inches>
			</sound_wood>
			<rotten_wood>
				<all_rotten_wood>
					<species />
				</all_rotten_wood>
				<loadings_greater_than_three_inches>
					<three_to_nine_inches unit="tons_per_acre">0.41250000000000003</three_to_nine_inches>
					<nine_to_twenty_inches unit="tons_per_acre">0.41250000000000003</nine_to_twenty_inches>
					<greater_than_twenty_inches unit="tons_per_acre">0.9625000000000001</greater_than_twenty_inches>
				</loadings_greater_than_three_inches>
			</rotten_wood>
			<stumps>
				<sound>
					<stem_density unit="number_per_acre">76.5</stem_density>
					<diameter unit="inches" />
					<height unit="feet" />
					<species />
				</sound>
				<rotten>
					<stem_density unit="number_per_acre" />
					<diameter unit="inches" />
					<height unit="feet" />
					<species />
				</rotten>
				<lightered_pitchy>
					<stem_density unit="number_per_acre" />
					<diameter unit="inches" />
					<height unit="feet" />
					<species />
				</lightered_pitchy>
			</stumps>
		</woody_fuel>
		<moss_lichen_litter>
			<moss>
				<type />
				<percent_cover unit="number">0.0</percent_cover>
				<depth unit="inches">0.0</depth>
			</moss>
			<ground_lichen>
				<percent_cover unit="number">0.0</percent_cover>
				<depth unit="inches">0.0</depth>
			</ground_lichen>
			<litter>
				<percent_cover unit="number" min="80" max="100" reference_id="459">100.0</percent_cover>
				<depth unit="inches" min="0.1" max="3" reference_id="459">1.0</depth>
				<arrangement>1</arrangement>
				<litter_type>
					<short_needle_pine>
						<relative_cover />
					</short_needle_pine>
					<long_needle_pine>
						<relative_cover />
					</long_needle_pine>
					<other_conifer>
						<relative_cover>90.00</relative_cover>
					</other_conifer>
					<broadleaf_deciduous>
						<relative_cover />
					</broadleaf_deciduous>
					<broadleaf_evergreen>
						<relative_cover>10.00</relative_cover>
					</broadleaf_evergreen>
					<palm_frond>
						<relative_cover />
					</palm_frond>
					<grass>
						<relative_cover />
					</grass>
				</litter_type>
			</litter>
		</moss_lichen_litter>
		<ground_fuel>
			<duff>
				<upper>
					<depth unit="inches" min="0" max="3" reference_id="459">0.2</depth>
					<percent_cover unit="number" min="80" max="100" reference_id="459">25.0</percent_cover>
					<derivation>1</derivation>
				</upper>
				<lower>
					<depth unit="inches" min="0" max="3" reference_id="459">0.0</depth>
					<percent_cover unit="number" min="80" max="100" reference_id="459">0.0</percent_cover>
					<derivation />
					<loading unit="tons_per_acre" />
				</lower>
			</duff>
			<squirrel_middens>
				<depth unit="inches">0.0</depth>
				<radius unit="feet" />
				<number_per_unit_area unit="number_per_acre">0.0</number_per_unit_area>
			</squirrel_middens>
			<basal_accumulation>
				<depth unit="inches">0.0</depth>
				<radius unit="feet" />
				<number_per_unit_area unit="number_per_acre">0.0</number_per_unit_area>
				<type />
			</basal_accumulation>
		</ground_fuel>
	</fuelbed>
</FCCS_file>
