<?xml version="1.0"?>
<FCCS_file xmlns:xsi="http://www.w3.org/2001/XMLSchema-instance" xsi:noNamespaceSchemaLocation="cash.xsd" schemaVersion="1.4">
	<fuelbed_number>43_222</fuelbed_number>
	<fuelbed_name>Arizona white-gray-Emory oak woodland</fuelbed_name>
	<fuelbed_description>Arid Southwestern evergreen oak woodlands can be composed of many species of oaks, depending on elevation. Lower elevations can include Mexican blue oak (Quercus oblongifolia), and higher elevations can include silverleaf oak (Q. hypoleucoides). This mid-elevation mature forest fuelbed consists of Emory oak (Q. emoryi), Arizona white oak (Q. arizonia), and gray oak (Q. grisea). Various pinyon and juniper species are also common subcomponents of this forest type. This forest type has been subject to grazing and fire exclusion for the past 100 years.</fuelbed_description>
	<ecoregion>310,320</ecoregion>
	<vegetation_form>1</vegetation_form>
	<structural_class>1</structural_class>
	<cover_type>148,227</cover_type>
	<change_agent>2,3</change_agent>
	<natural_fire_regime>1</natural_fire_regime>
	<condition_class>2</condition_class>
	<user_name />
	<address />
	<affiliation />
	<phone />
	<file_owner_email />
	<notes />
	<site_photo />
	<date_collected>2003-09-17</date_collected>
	<fuelbed_confidence>4</fuelbed_confidence>
	<fuelbed>
		<canopy>
			<trees>
				<total_percent_cover unit="number" min="20" max="70" reference_id="508">26.8</total_percent_cover>
				<overstory>
					<percent_cover unit="number" min="5" max="60" reference_id="508">10.0</percent_cover>
					<height unit="feet" min="14" max="45" reference_id="5066">22</height>
					<height_to_live_crown unit="feet" min="0" max="7" reference_id="508">3.0</height_to_live_crown>
					<stem_density unit="number_per_acre" min="20" max="130" reference_id="5066">30.0</stem_density>
					<diameter_at_breast_height unit="inches" min="9" max="24" reference_id="5066">17.5</diameter_at_breast_height>
					<species>
						<species_description>
							<tsn>19292</tsn>
							<relative_cover>30.00</relative_cover>
						</species_description>
						<species_description>
							<tsn>19347</tsn>
							<relative_cover>30.00</relative_cover>
						</species_description>
						<species_description>
							<tsn>19328</tsn>
							<relative_cover>25.00</relative_cover>
						</species_description>
						<species_description>
							<tsn>194834</tsn>
							<relative_cover>10.00</relative_cover>
						</species_description>
						<species_description>
							<tsn>183336</tsn>
							<relative_cover>5.00</relative_cover>
						</species_description>
					</species>
				</overstory>
				<midstory>
					<percent_cover unit="number">0.0</percent_cover>
					<height unit="feet" />
					<height_to_live_crown unit="feet">0.0</height_to_live_crown>
					<stem_density unit="number_per_acre">0.0</stem_density>
					<diameter_at_breast_height unit="inches">0.0</diameter_at_breast_height>
					<species />
				</midstory>
				<understory>
					<percent_cover unit="number" min="20" max="80" reference_id="508">0.0</percent_cover>
					<height unit="feet" min="5" max="20">0.0</height>
					<height_to_live_crown unit="feet" min="0" max="5">0.0</height_to_live_crown>
					<stem_density unit="number_per_acre" min="250" max="1250">0.0</stem_density>
					<diameter_at_breast_height unit="inches" min="2" max="7">0.0</diameter_at_breast_height>
					<species>
						<species_description>
							<tsn>19328</tsn>
							<relative_cover>45.00</relative_cover>
						</species_description>
						<species_description>
							<tsn>19292</tsn>
							<relative_cover>20.00</relative_cover>
						</species_description>
						<species_description>
							<tsn>19347</tsn>
							<relative_cover>20.00</relative_cover>
						</species_description>
						<species_description>
							<tsn>194834</tsn>
							<relative_cover>10.00</relative_cover>
						</species_description>
						<species_description>
							<tsn>183336</tsn>
							<relative_cover>5.00</relative_cover>
						</species_description>
					</species>
				</understory>
			</trees>
			<snags>
				<class_1_conifers_with_foliage>
					<percent_cover unit="number" />
					<height_to_crown_base unit="feet" />
					<stem_density unit="number_per_acre" />
					<diameter unit="inches" />
					<height unit="feet" />
					<species />
				</class_1_conifers_with_foliage>
				<class_1_all_others>
					<stem_density unit="number_per_acre" min="2" max="18">6</stem_density>
					<diameter unit="inches" min="5" max="18" reference_id="5066">10</diameter>
					<height unit="feet" min="12" max="40" reference_id="5066">20</height>
					<species>
						<species_description>
							<tsn>19328</tsn>
							<relative_cover>50.00</relative_cover>
						</species_description>
						<species_description>
							<tsn>19292</tsn>
							<relative_cover>50.00</relative_cover>
						</species_description>
					</species>
				</class_1_all_others>
				<class_2>
					<stem_density unit="number_per_acre" min="2" max="18" reference_id="5066">6</stem_density>
					<diameter unit="inches" min="5" max="18" reference_id="5066">10</diameter>
					<height unit="feet" min="10" max="40" reference_id="5066">17</height>
					<species>
						<species_description>
							<tsn>19328</tsn>
							<relative_cover>50.00</relative_cover>
						</species_description>
						<species_description>
							<tsn>19292</tsn>
							<relative_cover>50.00</relative_cover>
						</species_description>
					</species>
				</class_2>
				<class_3>
					<stem_density unit="number_per_acre" min="2" max="18" reference_id="5066">6</stem_density>
					<diameter unit="inches" min="5" max="18" reference_id="5066">10</diameter>
					<height unit="feet" min="7" max="35" reference_id="5066">15</height>
					<species>
						<species_description>
							<tsn>19328</tsn>
							<relative_cover>50.00</relative_cover>
						</species_description>
						<species_description>
							<tsn>19292</tsn>
							<relative_cover>50.00</relative_cover>
						</species_description>
					</species>
				</class_3>
			</snags>
			<ladder_fuels>
				<minimum_height unit="feet" min="0" max="5" reference_id="508">0</minimum_height>
				<maximum_height unit="feet" min="5" max="20">9</maximum_height>
				<is_vertically_contiguous>1</is_vertically_contiguous>
				<type>7</type>
			</ladder_fuels>
		</canopy>
		<shrubs>
			<primary_layer>
				<percent_cover unit="number" min="5" max="50" reference_id="508">9.375</percent_cover>
				<height unit="feet" min="1" max="10" reference_id="508">4</height>
				<percent_live unit="number" min="80" max="100" reference_id="7000">95.0</percent_live>
				<species>
					<species_description>
						<tsn>25136</tsn>
						<relative_cover>45.00</relative_cover>
					</species_description>
					<species_description>
						<tsn>42995</tsn>
						<relative_cover>25.00</relative_cover>
					</species_description>
					<species_description>
						<tsn>19686</tsn>
						<relative_cover>10.00</relative_cover>
					</species_description>
					<species_description>
						<tsn>36866</tsn>
						<relative_cover>5.00</relative_cover>
					</species_description>
					<species_description>
						<tsn>27839</tsn>
						<relative_cover>5.00</relative_cover>
					</species_description>
					<species_description>
						<tsn>28779</tsn>
						<relative_cover>5.00</relative_cover>
					</species_description>
					<species_description>
						<tsn>43116</tsn>
						<relative_cover>5.00</relative_cover>
					</species_description>
				</species>
			</primary_layer>
			<secondary_layer>
				<percent_cover unit="number">0.0</percent_cover>
				<height unit="feet" />
				<percent_live unit="number">0.0</percent_live>
				<species />
			</secondary_layer>
			<needle_drape>
				<is_sufficient_to_affect_fire_behavior>0</is_sufficient_to_affect_fire_behavior>
			</needle_drape>
		</shrubs>
		<herbaceous>
			<primary_layer>
				<percent_cover unit="number" min="1" max="30" reference_id="508">3.75</percent_cover>
				<height unit="feet" min="0.2" max="1" reference_id="508">0.5</height>
				<percent_live unit="number" min="60" max="100" reference_id="7000">85.0</percent_live>
				<loading unit="tons_per_acre" min="0" max="1" reference_id="7038">0.07500000000000001</loading>
				<species>
					<species_description>
						<tsn>35431</tsn>
						<relative_cover>45.00</relative_cover>
					</species_description>
					<species_description>
						<tsn>822801</tsn>
						<relative_cover>15.00</relative_cover>
					</species_description>
					<species_description>
						<tsn>780176</tsn>
						<relative_cover>10.00</relative_cover>
					</species_description>
					<species_description>
						<tsn>26659</tsn>
						<relative_cover>10.00</relative_cover>
					</species_description>
					<species_description>
						<tsn>21279</tsn>
						<relative_cover>10.00</relative_cover>
					</species_description>
					<species_description>
						<tsn>27875</tsn>
						<relative_cover>10.00</relative_cover>
					</species_description>
				</species>
			</primary_layer>
			<secondary_layer>
				<percent_cover unit="number" min="0" max="70" reference_id="508">15.0</percent_cover>
				<height unit="feet" min="0.5" max="2" reference_id="508">1</height>
				<percent_live unit="number" min="60" max="100" reference_id="7000">85.0</percent_live>
				<loading unit="tons_per_acre" min="0.1" max="2" reference_id="7038">0.30000000000000004</loading>
				<species>
					<species_description>
						<tsn>41491</tsn>
						<relative_cover>45.00</relative_cover>
					</species_description>
					<species_description>
						<tsn>41883</tsn>
						<relative_cover>30.00</relative_cover>
					</species_description>
					<species_description>
						<tsn>42025</tsn>
						<relative_cover>20.00</relative_cover>
					</species_description>
					<species_description>
						<tsn>42076</tsn>
						<relative_cover>3.00</relative_cover>
					</species_description>
					<species_description>
						<tsn>796805</tsn>
						<relative_cover>2.00</relative_cover>
					</species_description>
				</species>
			</secondary_layer>
		</herbaceous>
		<woody_fuel>
			<all_downed_woody_fuel>
				<total_percent_cover unit="number" min="0" max="20" reference_id="508">2.25</total_percent_cover>
				<depth unit="inches" min="2" max="12">6.75</depth>
			</all_downed_woody_fuel>
			<sound_wood>
				<loadings_zero_to_three_inches>
					<zero_to_quarter_inch unit="tons_per_acre" min="0.01" max="0.3">0.75</zero_to_quarter_inch>
					<quarter_inch_to_one_inch unit="tons_per_acre" min="0" max="1">1.5</quarter_inch_to_one_inch>
					<one_to_three_inches unit="tons_per_acre" min="0" max="3">0.9000000000000001</one_to_three_inches>
				</loadings_zero_to_three_inches>
				<loadings_greater_than_three_inches>
					<three_to_nine_inches unit="tons_per_acre" min="0" max="3.5">0.75</three_to_nine_inches>
					<nine_to_twenty_inches unit="tons_per_acre" min="0" max="0" reference_id="508">0.0</nine_to_twenty_inches>
					<greater_than_twenty_inches unit="tons_per_acre" min="0" max="0" reference_id="508">0.0</greater_than_twenty_inches>
				</loadings_greater_than_three_inches>
				<all_sound_wood>
					<species>
						<species_description>
							<tsn>19328</tsn>
							<relative_cover>50.00</relative_cover>
						</species_description>
						<species_description>
							<tsn>19292</tsn>
							<relative_cover>50.00</relative_cover>
						</species_description>
					</species>
				</all_sound_wood>
			</sound_wood>
			<rotten_wood>
				<loadings_greater_than_three_inches>
					<three_to_nine_inches unit="tons_per_acre">0.25</three_to_nine_inches>
					<nine_to_twenty_inches unit="tons_per_acre">0.0</nine_to_twenty_inches>
					<greater_than_twenty_inches unit="tons_per_acre">0.0</greater_than_twenty_inches>
				</loadings_greater_than_three_inches>
				<all_rotten_wood>
					<species />
				</all_rotten_wood>
			</rotten_wood>
			<stumps>
				<sound>
					<stem_density unit="number_per_acre" min="0" max="5" reference_id="7000">32.0</stem_density>
					<diameter unit="inches" min="5" max="18">10</diameter>
					<height unit="feet" min="1" max="4" reference_id="7000">2</height>
					<species>
						<species_description>
							<tsn>19328</tsn>
							<relative_cover>50.00</relative_cover>
						</species_description>
						<species_description>
							<tsn>19292</tsn>
							<relative_cover>50.00</relative_cover>
						</species_description>
					</species>
				</sound>
				<rotten>
					<stem_density unit="number_per_acre" />
					<diameter unit="inches" />
					<height unit="feet" />
					<species />
				</rotten>
				<lightered_pitchy>
					<stem_density unit="number_per_acre" />
					<diameter unit="inches" />
					<height unit="feet" />
					<species />
				</lightered_pitchy>
			</stumps>
			<piles>
				<clean_loading unit="tons_per_acre">0.233521</clean_loading>
				<dirty_loading unit="tons_per_acre">0.000000</dirty_loading>
				<verydirty_loading unit="tons_per_acre">0.000000</verydirty_loading>
				<pileData>
					<header>pileGroupID,pileGroupName,numPiles,pileType,pileShape,W1,L1,H1,W2,L2,H2,soilPercent,packingRatio,handPileSpecies,species1_TSN,species1_percent,species2_TSN,species2_percent,pileQuality,percentConsumed</header>
					<pileGroups>
						<pileGroup>2,,2,1,5,10.00,5.00,1.50,,,,,,1,,,,,,90</pileGroup>
					</pileGroups>
				</pileData>
			</piles>
		</woody_fuel>
		<moss_lichen_litter>
			<moss>
				<percent_cover unit="number" min="0" max="5" reference_id="508">1</percent_cover>
				<depth unit="inches" min="0" max="2" reference_id="7000">1</depth>
				<type>2</type>
			</moss>
			<ground_lichen>
				<percent_cover unit="number" />
				<depth unit="inches" />
			</ground_lichen>
			<litter>
				<percent_cover unit="number" min="10" max="70" reference_id="508">60.0</percent_cover>
				<depth unit="inches" min="0.1" max="1" reference_id="508">0.44999999999999996</depth>
				<arrangement>1</arrangement>
				<litter_type>
					<short_needle_pine>
						<relative_cover />
					</short_needle_pine>
					<long_needle_pine>
						<relative_cover />
					</long_needle_pine>
					<other_conifer>
						<relative_cover>5.00</relative_cover>
					</other_conifer>
					<broadleaf_deciduous>
						<relative_cover>80.00</relative_cover>
					</broadleaf_deciduous>
					<broadleaf_evergreen>
						<relative_cover />
					</broadleaf_evergreen>
					<palm_frond>
						<relative_cover />
					</palm_frond>
					<grass>
						<relative_cover>15.00</relative_cover>
					</grass>
				</litter_type>
			</litter>
		</moss_lichen_litter>
		<ground_fuel>
			<duff>
				<upper>
					<percent_cover unit="number" min="10" max="70">40</percent_cover>
					<depth unit="inches" min="0.05" max="0.5" reference_id="508">0.4</depth>
					<derivation>1</derivation>
				</upper>
				<lower>
					<percent_cover unit="number" min="10" max="70">40</percent_cover>
					<depth unit="inches" min="0.05" max="0.5" reference_id="508">0.2</depth>
					<derivation>3</derivation>
				</lower>
			</duff>
			<basal_accumulation>
				<radius unit="feet" />
				<depth unit="inches" />
				<number_per_unit_area unit="number_per_acre" />
				<type />
			</basal_accumulation>
			<squirrel_middens>
				<depth unit="inches" />
				<number_per_unit_area unit="number_per_acre" />
				<radius unit="feet" />
			</squirrel_middens>
		</ground_fuel>
	</fuelbed>
</FCCS_file>
