<?xml version="1.0"?>
<FCCS_file xmlns:xsi="http://www.w3.org/2001/XMLSchema-instance" schemaVersion="1.4" xsi:schemaLocation="conf\\us.fed.fs.fera.fccs.xsd">
	<fuelbed_number>502_111</fuelbed_number>
	<fuelbed_name>Cumberland sandstone glade and barrens</fuelbed_name>
	<fuelbed_description>Cumberland sandstone glade and barrens vegetation occurs in east-central Tennessee and is composed of bluestem grasses with highly variable mixed forbs and lichens. A sparse canopy layer of Virginia pine, red maple or other dry site pines and oaks is possible. Rocky outcrops with lichens and very sparse herbaceous vegetation are common. </fuelbed_description>
	<ecoregion>230</ecoregion>
	<vegetation_form>3</vegetation_form>
	<structural_class />
	<cover_type>252</cover_type>
	<change_agent>18</change_agent>
	<natural_fire_regime>2</natural_fire_regime>
	<condition_class>1</condition_class>
	<user_name />
	<address />
	<affiliation />
	<phone />
	<file_owner_email />
	<notes>Base fuelbed FCCS 66 for EVT 2398. Added low density overstory of P. virginiana and low cover of shrubs. Altered nonwoody species based on EVT description and NatureServe association descriptions. </notes>
	<date_collected>Sep 19, 2011</date_collected>
	<fuelbed_confidence />
	<fuelbed>
		<canopy>
			<trees>
				<total_percent_cover unit="number" min="0" max="20">4.5</total_percent_cover>
				<overstory>
					<percent_cover unit="number" min="0" max="20">4.5</percent_cover>
					<height unit="feet" min="0" max="25">15</height>
					<height_to_live_crown unit="feet" min="5" max="10">5.5</height_to_live_crown>
					<stem_density unit="number_per_acre" min="0" max="35">9.0</stem_density>
					<diameter_at_breast_height unit="inches" min="0" max="5">3</diameter_at_breast_height>
					<species>
						<species_description>
							<tsn>183394</tsn>
							<relative_cover>100</relative_cover>
						</species_description>
					</species>
				</overstory>
				<midstory>
					<percent_cover unit="number">0.0</percent_cover>
					<height unit="feet" />
					<height_to_live_crown unit="feet">0.0</height_to_live_crown>
					<stem_density unit="number_per_acre">0.0</stem_density>
					<diameter_at_breast_height unit="inches" />
					<species />
				</midstory>
				<understory>
					<percent_cover unit="number">0.0</percent_cover>
					<height unit="feet" />
					<height_to_live_crown unit="feet" />
					<stem_density unit="number_per_acre">0.0</stem_density>
					<diameter_at_breast_height unit="inches" />
					<species />
				</understory>
			</trees>
			<snags>
				<class_1_conifers_with_foliage>
					<percent_cover unit="number">0.5</percent_cover>
					<height_to_crown_base unit="feet">5</height_to_crown_base>
					<stem_density unit="number_per_acre">1.0</stem_density>
					<diameter unit="inches">3.0</diameter>
					<height unit="feet">15</height>
					<species>
						<species_description>
							<tsn>183394</tsn>
							<relative_cover>100</relative_cover>
						</species_description>
					</species>
				</class_1_conifers_with_foliage>
				<class_1_all_others>
					<stem_density unit="number_per_acre" />
					<diameter unit="inches" />
					<height unit="feet" />
					<species />
				</class_1_all_others>
				<class_2>
					<stem_density unit="number_per_acre" />
					<diameter unit="inches" />
					<height unit="feet" />
					<species />
				</class_2>
				<class_3>
					<stem_density unit="number_per_acre" />
					<diameter unit="inches" />
					<height unit="feet" />
					<species />
				</class_3>
			</snags>
			<ladder_fuels>
				<minimum_height unit="feet" />
				<maximum_height unit="feet" />
				<is_vertically_contiguous />
				<type />
			</ladder_fuels>
		</canopy>
		<shrubs>
			<primary_layer>
				<percent_cover unit="number" min="0" max="10">1.0</percent_cover>
				<height unit="feet" min="0.5" max="8">1.5</height>
				<percent_live unit="number" min="50" max="100">45.0</percent_live>
				<species>
					<species_description>
						<tsn>23571</tsn>
						<relative_cover>60</relative_cover>
					</species_description>
					<species_description>
						<tsn>18048</tsn>
						<relative_cover>40</relative_cover>
					</species_description>
				</species>
			</primary_layer>
			<secondary_layer>
				<percent_cover unit="number">0.0</percent_cover>
				<height unit="feet">0.0</height>
				<percent_live unit="number">0.0</percent_live>
				<species />
			</secondary_layer>
			<needle_drape>
				<is_sufficient_to_affect_fire_behavior>0</is_sufficient_to_affect_fire_behavior>
			</needle_drape>
		</shrubs>
		<herbaceous>
			<primary_layer>
				<percent_cover unit="number" min="50" max="100">40.0</percent_cover>
				<height unit="feet" min="1" max="5">1.0</height>
				<loading unit="tons_per_acre" min="0" max="2.5">0.45</loading>
				<percent_live unit="number" min="40" max="100">42.5</percent_live>
				<species>
					<species_description>
						<tsn>530264</tsn>
						<relative_cover>40</relative_cover>
					</species_description>
					<species_description>
						<tsn>40450</tsn>
						<relative_cover>30.00</relative_cover>
					</species_description>
					<species_description>
						<tsn>41635</tsn>
						<relative_cover>30</relative_cover>
					</species_description>
				</species>
			</primary_layer>
			<secondary_layer>
				<percent_cover unit="number" min="2" max="25">4.0</percent_cover>
				<height unit="feet" min="0.3" max="2">0.5</height>
				<loading unit="tons_per_acre" min="0" max="1">0.005</loading>
				<percent_live unit="number" min="30" max="100">35.0</percent_live>
				<species>
					<species_description>
						<tsn>35510</tsn>
						<relative_cover>25.00</relative_cover>
					</species_description>
					<species_description>
						<tsn>37906</tsn>
						<relative_cover>25.00</relative_cover>
					</species_description>
					<species_description>
						<tsn>42634</tsn>
						<relative_cover>25</relative_cover>
					</species_description>
					<species_description>
						<tsn>35803</tsn>
						<relative_cover>25</relative_cover>
					</species_description>
				</species>
			</secondary_layer>
		</herbaceous>
		<woody_fuel>
			<all_downed_woody_fuel>
				<total_percent_cover unit="number">0.0</total_percent_cover>
				<depth unit="inches">0.0</depth>
			</all_downed_woody_fuel>
			<sound_wood>
				<all_sound_wood>
					<species />
				</all_sound_wood>
				<loadings_zero_to_three_inches>
					<zero_to_quarter_inch unit="tons_per_acre">0.0</zero_to_quarter_inch>
					<quarter_inch_to_one_inch unit="tons_per_acre">0.0</quarter_inch_to_one_inch>
					<one_to_three_inches unit="tons_per_acre">0.0</one_to_three_inches>
				</loadings_zero_to_three_inches>
				<loadings_greater_than_three_inches>
					<three_to_nine_inches unit="tons_per_acre">0.0</three_to_nine_inches>
					<nine_to_twenty_inches unit="tons_per_acre">0.0</nine_to_twenty_inches>
					<greater_than_twenty_inches unit="tons_per_acre">0.0</greater_than_twenty_inches>
				</loadings_greater_than_three_inches>
			</sound_wood>
			<rotten_wood>
				<all_rotten_wood>
					<species />
				</all_rotten_wood>
				<loadings_greater_than_three_inches>
					<three_to_nine_inches unit="tons_per_acre">0.0</three_to_nine_inches>
					<nine_to_twenty_inches unit="tons_per_acre">0.0</nine_to_twenty_inches>
					<greater_than_twenty_inches unit="tons_per_acre">0.0</greater_than_twenty_inches>
				</loadings_greater_than_three_inches>
			</rotten_wood>
			<stumps>
				<sound>
					<stem_density unit="number_per_acre" />
					<diameter unit="inches" />
					<height unit="feet" />
					<species />
				</sound>
				<rotten>
					<stem_density unit="number_per_acre">0.0</stem_density>
					<diameter unit="inches">0.0</diameter>
					<height unit="feet">0.0</height>
					<species />
				</rotten>
				<lightered_pitchy>
					<stem_density unit="number_per_acre">0.0</stem_density>
					<diameter unit="inches">0.0</diameter>
					<height unit="feet">0.0</height>
					<species />
				</lightered_pitchy>
			</stumps>
		</woody_fuel>
		<moss_lichen_litter>
			<moss>
				<type />
				<percent_cover unit="number">0.0</percent_cover>
				<depth unit="inches">0.0</depth>
			</moss>
			<ground_lichen>
				<percent_cover unit="number" min="0" max="25">3.75</percent_cover>
				<depth unit="inches" min="0" max="2">0.15000000000000002</depth>
			</ground_lichen>
			<litter>
				<percent_cover unit="number" min="0" max="60">30.0</percent_cover>
				<depth unit="inches" min="0.5" max="6">0.1875</depth>
				<arrangement>1</arrangement>
				<litter_type>
					<short_needle_pine>
						<relative_cover />
					</short_needle_pine>
					<long_needle_pine>
						<relative_cover />
					</long_needle_pine>
					<other_conifer>
						<relative_cover />
					</other_conifer>
					<broadleaf_deciduous>
						<relative_cover />
					</broadleaf_deciduous>
					<broadleaf_evergreen>
						<relative_cover />
					</broadleaf_evergreen>
					<palm_frond>
						<relative_cover />
					</palm_frond>
					<grass>
						<relative_cover>100.00</relative_cover>
					</grass>
				</litter_type>
			</litter>
		</moss_lichen_litter>
		<ground_fuel>
			<duff>
				<upper>
					<depth unit="inches" min="0.1" max="3">0.15000000000000002</depth>
					<percent_cover unit="number" min="5" max="100">30.0</percent_cover>
					<derivation>1</derivation>
				</upper>
				<lower>
					<depth unit="inches">0.0</depth>
					<percent_cover unit="number">0.0</percent_cover>
					<derivation />
				</lower>
			</duff>
			<squirrel_middens>
				<depth unit="inches">0.0</depth>
				<radius unit="feet">0.0</radius>
				<number_per_unit_area unit="number_per_acre">0.0</number_per_unit_area>
			</squirrel_middens>
			<basal_accumulation>
				<depth unit="inches">0.0</depth>
				<radius unit="feet">0.0</radius>
				<number_per_unit_area unit="number_per_acre">0.0</number_per_unit_area>
				<type />
			</basal_accumulation>
		</ground_fuel>
	</fuelbed>
</FCCS_file>
