<?xml version="1.0"?>
<FCCS_file xmlns:xsi="http://www.w3.org/2001/XMLSchema-instance" schemaVersion="1.4" xsi:schemaLocation="conf\\us.fed.fs.fera.fccs.xsd">
	<fuelbed_number>67_433</fuelbed_number>
	<fuelbed_name>Interior ponderosa pine-Douglas-fir forest</fuelbed_name>
	<fuelbed_description>Mixed Douglas-fir and ponderosa pine conifer forests of the northern U.S. Rocky Mountains. Fire exclusion has created elevated levels of hazardous fuels.</fuelbed_description>
	<ecoregion>340,330</ecoregion>
	<vegetation_form>2</vegetation_form>
	<structural_class>1</structural_class>
	<cover_type>118,144</cover_type>
	<change_agent>2</change_agent>
	<natural_fire_regime>1</natural_fire_regime>
	<condition_class>2</condition_class>
	<user_name />
	<address />
	<affiliation />
	<phone />
	<file_owner_email />
	<notes />
	<date_collected>Sep 9, 2011</date_collected>
	<fuelbed_confidence />
	<fuelbed>
		<canopy>
			<trees>
				<total_percent_cover unit="number" min="10" max="80" reference_id="7000">12.5</total_percent_cover>
				<overstory>
					<percent_cover unit="number" min="2" max="50" reference_id="459">5.0</percent_cover>
					<height unit="feet" min="57" max="144" reference_id="5066">105</height>
					<height_to_live_crown unit="feet" min="40" max="65" reference_id="459">55</height_to_live_crown>
					<stem_density unit="number_per_acre" min="4" max="96" reference_id="5066">4.25</stem_density>
					<diameter_at_breast_height unit="inches" min="15" max="42" reference_id="5066">27</diameter_at_breast_height>
					<species>
						<species_description>
							<tsn>183424</tsn>
							<relative_cover>49.00</relative_cover>
						</species_description>
						<species_description>
							<tsn>183365</tsn>
							<relative_cover>48.00</relative_cover>
						</species_description>
						<species_description>
							<tsn>183284</tsn>
							<relative_cover>3.00</relative_cover>
						</species_description>
					</species>
				</overstory>
				<midstory>
					<percent_cover unit="number" min="5" max="70">10.0</percent_cover>
					<height unit="feet" min="15" max="94">58</height>
					<height_to_live_crown unit="feet" min="3" max="50">28</height_to_live_crown>
					<stem_density unit="number_per_acre" min="6" max="885">38.25</stem_density>
					<diameter_at_breast_height unit="inches" min="2" max="28">10</diameter_at_breast_height>
					<species>
						<species_description>
							<tsn>183424</tsn>
							<relative_cover>65.00</relative_cover>
						</species_description>
						<species_description>
							<tsn>183365</tsn>
							<relative_cover>25.00</relative_cover>
						</species_description>
						<species_description>
							<tsn>183284</tsn>
							<relative_cover>10.00</relative_cover>
						</species_description>
					</species>
				</midstory>
				<understory>
					<percent_cover unit="number" />
					<height unit="feet" />
					<height_to_live_crown unit="feet" />
					<stem_density unit="number_per_acre" />
					<diameter_at_breast_height unit="inches" />
					<species />
				</understory>
			</trees>
			<snags>
				<class_1_conifers_with_foliage>
					<percent_cover unit="number" min="0" max="71">0.35788</percent_cover>
					<height_to_crown_base unit="feet" min="0" max="71">47.357</height_to_crown_base>
					<stem_density unit="number_per_acre" min="1" max="81" reference_id="5066">1.75</stem_density>
					<diameter unit="inches" min="4" max="35" reference_id="5066">20.6</diameter>
					<height unit="feet" min="20" max="145" reference_id="5066">71</height>
					<species>
						<species_description>
							<tsn>183365</tsn>
							<relative_cover>45.00</relative_cover>
						</species_description>
						<species_description>
							<tsn>183424</tsn>
							<relative_cover>55.00</relative_cover>
						</species_description>
					</species>
				</class_1_conifers_with_foliage>
				<class_1_all_others>
					<stem_density unit="number_per_acre">0.0</stem_density>
					<diameter unit="inches" />
					<height unit="feet" />
					<species />
				</class_1_all_others>
				<class_2>
					<stem_density unit="number_per_acre" min="1" max="81" reference_id="5066">1.75</stem_density>
					<diameter unit="inches" min="4" max="35" reference_id="5066">20.6</diameter>
					<height unit="feet" min="18" max="140">65</height>
					<species>
						<species_description>
							<tsn>183365</tsn>
							<relative_cover>45.00</relative_cover>
						</species_description>
						<species_description>
							<tsn>183424</tsn>
							<relative_cover>55.00</relative_cover>
						</species_description>
					</species>
				</class_2>
				<class_3>
					<stem_density unit="number_per_acre" min="1" max="81" reference_id="5066">1.75</stem_density>
					<diameter unit="inches" min="4" max="35" reference_id="5066">20.6</diameter>
					<height unit="feet" min="10" max="100">50</height>
					<species>
						<species_description>
							<tsn>183365</tsn>
							<relative_cover>45.00</relative_cover>
						</species_description>
						<species_description>
							<tsn>183424</tsn>
							<relative_cover>55.00</relative_cover>
						</species_description>
					</species>
				</class_3>
			</snags>
			<ladder_fuels>
				<minimum_height unit="feet" min="3" max="50">28</minimum_height>
				<maximum_height unit="feet" min="15" max="94">58</maximum_height>
				<is_vertically_contiguous>0</is_vertically_contiguous>
				<type>7</type>
			</ladder_fuels>
		</canopy>
		<shrubs>
			<primary_layer>
				<percent_cover unit="number" min="40" max="90">67.5</percent_cover>
				<height unit="feet" min="3" max="10" reference_id="4013">5</height>
				<percent_live unit="number" min="70" max="100" reference_id="7000">67.5</percent_live>
				<species>
					<species_description>
						<tsn>25177</tsn>
						<relative_cover>35.00</relative_cover>
					</species_description>
					<species_description>
						<tsn>25280</tsn>
						<relative_cover>35.00</relative_cover>
					</species_description>
					<species_description>
						<tsn>35332</tsn>
						<relative_cover>25.00</relative_cover>
					</species_description>
					<species_description>
						<tsn>25331</tsn>
						<relative_cover>5.00</relative_cover>
					</species_description>
				</species>
			</primary_layer>
			<secondary_layer>
				<percent_cover unit="number">0.0</percent_cover>
				<height unit="feet" />
				<percent_live unit="number">0.0</percent_live>
				<species />
			</secondary_layer>
			<needle_drape>
				<is_sufficient_to_affect_fire_behavior>0</is_sufficient_to_affect_fire_behavior>
			</needle_drape>
		</shrubs>
		<herbaceous>
			<primary_layer>
				<percent_cover unit="number" min="10" max="70">60.0</percent_cover>
				<height unit="feet" min="0.7" max="1.5">1</height>
				<loading unit="tons_per_acre" min="0" max="6" reference_id="7000">1.125</loading>
				<percent_live unit="number" min="50" max="90" reference_id="7000">75</percent_live>
				<species>
					<species_description>
						<tsn>40540</tsn>
						<relative_cover>50.00</relative_cover>
					</species_description>
					<species_description>
						<tsn>39613</tsn>
						<relative_cover>50.00</relative_cover>
					</species_description>
				</species>
			</primary_layer>
			<secondary_layer>
				<percent_cover unit="number">0.0</percent_cover>
				<height unit="feet" />
				<loading unit="tons_per_acre">0.0</loading>
				<percent_live unit="number" />
				<species />
			</secondary_layer>
		</herbaceous>
		<woody_fuel>
			<all_downed_woody_fuel>
				<total_percent_cover unit="number" min="0.1" max="30" reference_id="7026">75.0</total_percent_cover>
				<depth unit="inches" min="1" max="12" reference_id="7026">4.0</depth>
			</all_downed_woody_fuel>
			<sound_wood>
				<all_sound_wood>
					<species />
				</all_sound_wood>
				<loadings_zero_to_three_inches>
					<zero_to_quarter_inch unit="tons_per_acre" min="0.1" max="0.9" reference_id="7026">0.28125</zero_to_quarter_inch>
					<quarter_inch_to_one_inch unit="tons_per_acre" min="0.8" max="1.7" reference_id="7026">0.7874999999999999</quarter_inch_to_one_inch>
					<one_to_three_inches unit="tons_per_acre" min="0.3" max="3.6" reference_id="7026">0.6749999999999999</one_to_three_inches>
				</loadings_zero_to_three_inches>
				<loadings_greater_than_three_inches>
					<three_to_nine_inches unit="tons_per_acre" min="0.25" max="6.8" reference_id="7026">6.0</three_to_nine_inches>
					<nine_to_twenty_inches unit="tons_per_acre" min="0" max="5" reference_id="7026">3.0</nine_to_twenty_inches>
					<greater_than_twenty_inches unit="tons_per_acre" min="0" max="2.5" reference_id="7026">2.8125</greater_than_twenty_inches>
				</loadings_greater_than_three_inches>
			</sound_wood>
			<rotten_wood>
				<all_rotten_wood>
					<species>
						<species_description>
							<tsn>183365</tsn>
							<relative_cover>45.00</relative_cover>
						</species_description>
						<species_description>
							<tsn>183424</tsn>
							<relative_cover>55.00</relative_cover>
						</species_description>
					</species>
				</all_rotten_wood>
				<loadings_greater_than_three_inches>
					<three_to_nine_inches unit="tons_per_acre" min="0.2" max="2.7" reference_id="7026">11.6</three_to_nine_inches>
					<nine_to_twenty_inches unit="tons_per_acre" min="0" max="2.6" reference_id="7026">6.0</nine_to_twenty_inches>
					<greater_than_twenty_inches unit="tons_per_acre" min="0" max="1.2" reference_id="7026">4.6875</greater_than_twenty_inches>
				</loadings_greater_than_three_inches>
			</rotten_wood>
			<stumps>
				<sound>
					<stem_density unit="number_per_acre" min="5" max="10" reference_id="7000">5</stem_density>
					<diameter unit="inches" min="4" max="40" reference_id="7000">15</diameter>
					<height unit="feet" min="1" max="4.5" reference_id="7000">3</height>
					<species>
						<species_description>
							<tsn>183424</tsn>
							<relative_cover>55.00</relative_cover>
						</species_description>
						<species_description>
							<tsn>183365</tsn>
							<relative_cover>45.00</relative_cover>
						</species_description>
					</species>
				</sound>
				<rotten>
					<stem_density unit="number_per_acre" min="5" max="10" reference_id="7000">5</stem_density>
					<diameter unit="inches" min="10" max="40" reference_id="7000">15</diameter>
					<height unit="feet" min="1" max="4.5" reference_id="7000">3</height>
					<species>
						<species_description>
							<tsn>183424</tsn>
							<relative_cover>55.00</relative_cover>
						</species_description>
						<species_description>
							<tsn>183365</tsn>
							<relative_cover>45.00</relative_cover>
						</species_description>
					</species>
				</rotten>
				<lightered_pitchy>
					<stem_density unit="number_per_acre" />
					<diameter unit="inches" />
					<height unit="feet" />
					<species />
				</lightered_pitchy>
			</stumps>
			<piles>
				<clean_loading unit="tons_per_acre">0.009910</clean_loading>
				<dirty_loading unit="tons_per_acre">0.000000</dirty_loading>
				<verydirty_loading unit="tons_per_acre">0.000000</verydirty_loading>
				<pileData>
					<header>pileGroupID,pileGroupName,numPiles,pileType,pileShape,W1,L1,H1,W2,L2,H2,soilPercent,packingRatio,handPileSpecies,species1_TSN,species1_percent,species2_TSN,species2_percent,pileQuality,percentConsumed</header>
					<pileGroups>
						<pileGroup>2,,4,1,5,2.00,5.00,1.00,,,,,,2,,,,,,90</pileGroup>
					</pileGroups>
				</pileData>
			</piles>
		</woody_fuel>
		<moss_lichen_litter>
			<moss>
				<type>2</type>
				<percent_cover unit="number" min="0" max="10" reference_id="7000">1.5</percent_cover>
				<depth unit="inches" min="0.1" max="0.7" reference_id="7000">0.2</depth>
			</moss>
			<ground_lichen>
				<percent_cover unit="number" />
				<depth unit="inches" />
			</ground_lichen>
			<litter>
				<percent_cover unit="number" min="60" max="95" reference_id="7000">75.0</percent_cover>
				<depth unit="inches" min="0.5" max="1.5" reference_id="7000">1.0499999999999998</depth>
				<arrangement>1</arrangement>
				<litter_type>
					<short_needle_pine>
						<relative_cover />
					</short_needle_pine>
					<long_needle_pine>
						<relative_cover>25.00</relative_cover>
					</long_needle_pine>
					<other_conifer>
						<relative_cover>25.00</relative_cover>
					</other_conifer>
					<broadleaf_deciduous>
						<relative_cover>30.00</relative_cover>
					</broadleaf_deciduous>
					<broadleaf_evergreen>
						<relative_cover />
					</broadleaf_evergreen>
					<palm_frond>
						<relative_cover />
					</palm_frond>
					<grass>
						<relative_cover>20.00</relative_cover>
					</grass>
				</litter_type>
			</litter>
		</moss_lichen_litter>
		<ground_fuel>
			<duff>
				<upper>
					<depth unit="inches" min="0.5" max="2" reference_id="7026">4.0</depth>
					<percent_cover unit="number" min="60" max="90" reference_id="7000">100</percent_cover>
					<derivation>1</derivation>
				</upper>
				<lower>
					<depth unit="inches" min="0.5" max="2" reference_id="7026" />
					<percent_cover unit="number" min="60" max="90" reference_id="7000" />
					<derivation />
					<loading unit="tons_per_acre" />
				</lower>
			</duff>
			<squirrel_middens>
				<depth unit="inches" />
				<radius unit="feet" />
				<number_per_unit_area unit="number_per_acre" />
			</squirrel_middens>
			<basal_accumulation>
				<depth unit="inches" min="1.5" max="6" reference_id="7000">2</depth>
				<radius unit="feet" min="0.16" max="2" reference_id="7000">0.5</radius>
				<number_per_unit_area unit="number_per_acre">2.55</number_per_unit_area>
				<type>2</type>
			</basal_accumulation>
		</ground_fuel>
	</fuelbed>
</FCCS_file>
