<?xml version="1.0"?>
<FCCS_file xmlns:xsi="http://www.w3.org/2001/XMLSchema-instance" xsi:noNamespaceSchemaLocation="cash.xsd" schemaVersion="1.4">
	<fuelbed_number>174_223</fuelbed_number>
	<fuelbed_name>Live oak-sabal palm forest</fuelbed_name>
	<fuelbed_description>Maritime forests found principally on the lee sides of dunes throughout the southern Atlantic and Gulf Coastal plains in Virginia, North Carolina, South Carolina, Georgia, Florida and Alabama. The area closer to the coast may be wind-pruned, but further inland trees are more protected and reach normal heights.</fuelbed_description>
	<ecoregion>230</ecoregion>
	<vegetation_form>4</vegetation_form>
	<structural_class>1</structural_class>
	<cover_type>98,293,294</cover_type>
	<change_agent>18</change_agent>
	<natural_fire_regime>1</natural_fire_regime>
	<condition_class>2</condition_class>
	<user_name />
	<address />
	<affiliation />
	<phone />
	<file_owner_email />
	<notes />
	<site_photo />
	<date_collected>2003-09-17</date_collected>
	<fuelbed_confidence>2</fuelbed_confidence>
	<fuelbed>
		<canopy>
			<trees>
				<total_percent_cover unit="number" min="40" max="100" reference_id="5003">53.6</total_percent_cover>
				<overstory>
					<percent_cover unit="number" min="40" max="100" reference_id="5003">40.0</percent_cover>
					<height unit="feet" min="40" max="90" reference_id="5003">60</height>
					<height_to_live_crown unit="feet" min="30" max="60" reference_id="5003">60.0</height_to_live_crown>
					<stem_density unit="number_per_acre" min="6" max="25">10.0</stem_density>
					<diameter_at_breast_height unit="inches" min="12" max="28">22.5</diameter_at_breast_height>
					<species>
						<species_description>
							<tsn>19283</tsn>
							<relative_cover>80.00</relative_cover>
						</species_description>
						<species_description>
							<tsn>18035</tsn>
							<relative_cover>15.00</relative_cover>
						</species_description>
						<species_description>
							<tsn>42506</tsn>
							<relative_cover>5.00</relative_cover>
						</species_description>
					</species>
				</overstory>
				<midstory>
					<percent_cover unit="number" min="40" max="80" reference_id="5003">30.0</percent_cover>
					<height unit="feet" min="20" max="50" reference_id="5066">28</height>
					<height_to_live_crown unit="feet" min="5" max="30">22.5</height_to_live_crown>
					<stem_density unit="number_per_acre" min="75" max="600">75.0</stem_density>
					<diameter_at_breast_height unit="inches" min="3" max="11.5" reference_id="5066">10.625</diameter_at_breast_height>
					<species>
						<species_description>
							<tsn>42506</tsn>
							<relative_cover>60.00</relative_cover>
						</species_description>
						<species_description>
							<tsn>18035</tsn>
							<relative_cover>20.00</relative_cover>
						</species_description>
						<species_description>
							<tsn>18149</tsn>
							<relative_cover>10.00</relative_cover>
						</species_description>
						<species_description>
							<tsn>528648</tsn>
							<relative_cover>10.00</relative_cover>
						</species_description>
					</species>
				</midstory>
				<understory>
					<percent_cover unit="number">0.0</percent_cover>
					<height unit="feet">0.0</height>
					<height_to_live_crown unit="feet">0.0</height_to_live_crown>
					<stem_density unit="number_per_acre">0.0</stem_density>
					<diameter_at_breast_height unit="inches">0.0</diameter_at_breast_height>
					<species />
				</understory>
			</trees>
			<snags>
				<class_1_conifers_with_foliage>
					<percent_cover unit="number" />
					<height_to_crown_base unit="feet" />
					<stem_density unit="number_per_acre" />
					<diameter unit="inches" />
					<height unit="feet" />
					<species />
				</class_1_conifers_with_foliage>
				<class_1_all_others>
					<stem_density unit="number_per_acre" />
					<diameter unit="inches" />
					<height unit="feet" />
					<species />
				</class_1_all_others>
				<class_2>
					<stem_density unit="number_per_acre" min="3" max="7" reference_id="5003">5</stem_density>
					<diameter unit="inches" min="10" max="16" reference_id="5003">14</diameter>
					<height unit="feet" min="30" max="80">40</height>
					<species>
						<species_description>
							<tsn>18037</tsn>
							<relative_cover>20.00</relative_cover>
						</species_description>
						<species_description>
							<tsn>19283</tsn>
							<relative_cover>80.00</relative_cover>
						</species_description>
					</species>
				</class_2>
				<class_3>
					<stem_density unit="number_per_acre" min="5" max="10" reference_id="5003">8</stem_density>
					<diameter unit="inches" min="14" max="20" reference_id="5003">16</diameter>
					<height unit="feet" min="30" max="65">35</height>
					<species>
						<species_description>
							<tsn>18037</tsn>
							<relative_cover>20.00</relative_cover>
						</species_description>
						<species_description>
							<tsn>19283</tsn>
							<relative_cover>80.00</relative_cover>
						</species_description>
					</species>
				</class_3>
			</snags>
			<ladder_fuels>
				<minimum_height unit="feet" min="3" max="10" reference_id="5003">8</minimum_height>
				<maximum_height unit="feet" min="20" max="80" reference_id="5003">40</maximum_height>
				<is_vertically_contiguous>1</is_vertically_contiguous>
				<type>3</type>
			</ladder_fuels>
		</canopy>
		<shrubs>
			<primary_layer>
				<percent_cover unit="number" min="30" max="80" reference_id="5003">31.25</percent_cover>
				<height unit="feet" min="4" max="8" reference_id="5003">6</height>
				<percent_live unit="number" min="70" max="90" reference_id="5003">80.0</percent_live>
				<species>
					<species_description>
						<tsn>42505</tsn>
						<relative_cover>30.00</relative_cover>
					</species_description>
					<species_description>
						<tsn>27986</tsn>
						<relative_cover>30.00</relative_cover>
					</species_description>
					<species_description>
						<tsn>507899</tsn>
						<relative_cover>30.00</relative_cover>
					</species_description>
					<species_description>
						<tsn>32144</tsn>
						<relative_cover>10.00</relative_cover>
					</species_description>
				</species>
			</primary_layer>
			<secondary_layer>
				<percent_cover unit="number" min="0" max="25">7.8125</percent_cover>
				<height unit="feet" min="1" max="25" reference_id="5083">3</height>
				<percent_live unit="number" min="20" max="95">80.0</percent_live>
				<species>
					<species_description>
						<tsn>28821</tsn>
						<relative_cover>25.00</relative_cover>
					</species_description>
					<species_description>
						<tsn>28602</tsn>
						<relative_cover>25.00</relative_cover>
					</species_description>
					<species_description>
						<tsn>28606</tsn>
						<relative_cover>25.00</relative_cover>
					</species_description>
					<species_description>
						<tsn>43340</tsn>
						<relative_cover>25.00</relative_cover>
					</species_description>
				</species>
			</secondary_layer>
			<needle_drape>
				<is_sufficient_to_affect_fire_behavior>1</is_sufficient_to_affect_fire_behavior>
			</needle_drape>
		</shrubs>
		<herbaceous>
			<primary_layer>
				<percent_cover unit="number" min="10" max="50" reference_id="5003">22.5</percent_cover>
				<height unit="feet" min="2" max="4" reference_id="5003">3</height>
				<percent_live unit="number" min="60" max="80" reference_id="5003">70.0</percent_live>
				<loading unit="tons_per_acre" min="0" max="2" reference_id="1359">0.11250000000000002</loading>
				<species>
					<species_description>
						<tsn>40901</tsn>
						<relative_cover>30.00</relative_cover>
					</species_description>
					<species_description>
						<tsn>41647</tsn>
						<relative_cover>30.00</relative_cover>
					</species_description>
					<species_description>
						<tsn>41548</tsn>
						<relative_cover>20.00</relative_cover>
					</species_description>
					<species_description>
						<tsn>504408</tsn>
						<relative_cover>20.00</relative_cover>
					</species_description>
				</species>
			</primary_layer>
			<secondary_layer>
				<percent_cover unit="number" min="10" max="60" reference_id="5003">22.5</percent_cover>
				<height unit="feet" min="0.5" max="2" reference_id="5003">1</height>
				<percent_live unit="number" min="60" max="80" reference_id="5003">70.0</percent_live>
				<loading unit="tons_per_acre" min="0" max="2" reference_id="1359">0.11250000000000002</loading>
				<species>
					<species_description>
						<tsn>22226</tsn>
						<relative_cover>25.00</relative_cover>
					</species_description>
					<species_description>
						<tsn>35063</tsn>
						<relative_cover>25.00</relative_cover>
					</species_description>
					<species_description>
						<tsn>34796</tsn>
						<relative_cover>25.00</relative_cover>
					</species_description>
					<species_description>
						<tsn>37299</tsn>
						<relative_cover>25.00</relative_cover>
					</species_description>
				</species>
			</secondary_layer>
		</herbaceous>
		<woody_fuel>
			<all_downed_woody_fuel>
				<total_percent_cover unit="number" min="5" max="50">14.0625</total_percent_cover>
				<depth unit="inches" min="0.5" max="2" reference_id="5003">0.5625</depth>
			</all_downed_woody_fuel>
			<sound_wood>
				<loadings_zero_to_three_inches>
					<zero_to_quarter_inch unit="tons_per_acre" min="0" max="4" reference_id="1359">0.375</zero_to_quarter_inch>
					<quarter_inch_to_one_inch unit="tons_per_acre" min="0" max="3" reference_id="1359">0.75</quarter_inch_to_one_inch>
					<one_to_three_inches unit="tons_per_acre" min="0" max="3" reference_id="1359">0.375</one_to_three_inches>
				</loadings_zero_to_three_inches>
				<loadings_greater_than_three_inches>
					<three_to_nine_inches unit="tons_per_acre" min="0" max="7" reference_id="1359">1.125</three_to_nine_inches>
					<nine_to_twenty_inches unit="tons_per_acre" min="0" max="3" reference_id="1359">0.75</nine_to_twenty_inches>
					<greater_than_twenty_inches unit="tons_per_acre" min="0" max="2" reference_id="1359">0.0</greater_than_twenty_inches>
				</loadings_greater_than_three_inches>
				<all_sound_wood>
					<species>
						<species_description>
							<tsn>19283</tsn>
							<relative_cover>35.00</relative_cover>
						</species_description>
						<species_description>
							<tsn>18037</tsn>
							<relative_cover>65.00</relative_cover>
						</species_description>
					</species>
				</all_sound_wood>
			</sound_wood>
			<rotten_wood>
				<loadings_greater_than_three_inches>
					<three_to_nine_inches unit="tons_per_acre">0.9375</three_to_nine_inches>
					<nine_to_twenty_inches unit="tons_per_acre">0.625</nine_to_twenty_inches>
					<greater_than_twenty_inches unit="tons_per_acre">0.0</greater_than_twenty_inches>
				</loadings_greater_than_three_inches>
				<all_rotten_wood>
					<species />
				</all_rotten_wood>
			</rotten_wood>
			<stumps>
				<sound>
					<stem_density unit="number_per_acre" min="0" max="7" reference_id="5003"></stem_density>
					<diameter unit="inches" min="13" max="17" reference_id="5003"></diameter>
					<height unit="feet" min="0.5" max="4.5"></height>
					<species />
				</sound>
				<rotten>
					<stem_density unit="number_per_acre" min="0" max="6" reference_id="5003">94.0</stem_density>
					<diameter unit="inches" min="12" max="18" reference_id="5003">14</diameter>
					<height unit="feet" min="0.5" max="4.5">1</height>
					<species>
						<species_description>
							<tsn>18037</tsn>
							<relative_cover>100.00</relative_cover>
						</species_description>
					</species>
				</rotten>
				<lightered_pitchy>
					<stem_density unit="number_per_acre" />
					<diameter unit="inches" />
					<height unit="feet" />
					<species />
				</lightered_pitchy>
			</stumps>
		</woody_fuel>
		<moss_lichen_litter>
			<moss>
				<percent_cover unit="number" />
				<depth unit="inches" />
				<type />
			</moss>
			<ground_lichen>
				<percent_cover unit="number" min="5" max="20" reference_id="5003">10</percent_cover>
				<depth unit="inches" min="0.5" max="2" reference_id="5003">1</depth>
			</ground_lichen>
			<litter>
				<percent_cover unit="number" min="75" max="100" reference_id="5003">100</percent_cover>
				<depth unit="inches" min="1" max="4" reference_id="5003">3.0</depth>
				<arrangement>1</arrangement>
				<litter_type>
					<short_needle_pine>
						<relative_cover />
					</short_needle_pine>
					<long_needle_pine>
						<relative_cover>15.00</relative_cover>
					</long_needle_pine>
					<other_conifer>
						<relative_cover />
					</other_conifer>
					<broadleaf_deciduous>
						<relative_cover />
					</broadleaf_deciduous>
					<broadleaf_evergreen>
						<relative_cover>55.00</relative_cover>
					</broadleaf_evergreen>
					<palm_frond>
						<relative_cover>25.00</relative_cover>
					</palm_frond>
					<grass>
						<relative_cover>5.00</relative_cover>
					</grass>
				</litter_type>
			</litter>
		</moss_lichen_litter>
		<ground_fuel>
			<duff>
				<upper>
					<percent_cover unit="number" min="0" max="85">90.0</percent_cover>
					<depth unit="inches" min="0" max="2" reference_id="5003">0.3</depth>
					<derivation>1</derivation>
				</upper>
				<lower>
					<percent_cover unit="number" min="0" max="85" />
					<depth unit="inches" min="0" max="0.5" reference_id="5003" />
					<derivation />
					<loading unit="tons_per_acre" />
				</lower>
			</duff>
			<basal_accumulation>
				<radius unit="feet" min="0.2" max="1" reference_id="5003">0.5</radius>
				<depth unit="inches" min="2" max="5" reference_id="5003">3</depth>
				<number_per_unit_area unit="number_per_acre">2</number_per_unit_area>
				<type>4</type>
			</basal_accumulation>
			<squirrel_middens>
				<depth unit="inches" />
				<number_per_unit_area unit="number_per_acre" />
				<radius unit="feet" />
			</squirrel_middens>
		</ground_fuel>
	</fuelbed>
</FCCS_file>
