<?xml version="1.0"?>
<FCCS_file xmlns:xsi="http://www.w3.org/2001/XMLSchema-instance" xsi:noNamespaceSchemaLocation="cash.xsd" schemaVersion="1.4">
	<fuelbed_number>217_323</fuelbed_number>
	<fuelbed_name>Gambel oak-bigtooth maple forest - post prescribed burn</fuelbed_name>
	<fuelbed_description>Mixed forests of gambel oak with ponderosa pine, bigtooth maple and other species occur in the intermountain West. This fuelbed represents a gambel oak -- bigtooth maple forest that was prescribed burned 5 years previously to reduce hazardous fuel loads. This fuelbed was developed based on data from Zion National Park.</fuelbed_description>
	<ecoregion>340</ecoregion>
	<vegetation_form>4</vegetation_form>
	<structural_class>1</structural_class>
	<cover_type>209</cover_type>
	<change_agent>8</change_agent>
	<natural_fire_regime>4</natural_fire_regime>
	<condition_class>2</condition_class>
	<user_name />
	<address />
	<affiliation />
	<phone />
	<file_owner_email />
	<notes />
	<site_photo />
	<date_collected>2003-09-17</date_collected>
	<fuelbed_confidence>4</fuelbed_confidence>
	<fuelbed>
		<canopy>
			<trees>
				<total_percent_cover unit="number" min="25" max="85">40.2</total_percent_cover>
				<overstory>
					<percent_cover unit="number" min="5" max="75">17.5</percent_cover>
					<height unit="feet" min="20" max="80">60</height>
					<height_to_live_crown unit="feet" min="5" max="35">15.0</height_to_live_crown>
					<stem_density unit="number_per_acre" min="10" max="85" reference_id="4006">21.25</stem_density>
					<diameter_at_breast_height unit="inches" min="6" max="50" reference_id="4006">13.0</diameter_at_breast_height>
					<species>
						<species_description>
							<tsn>19337</tsn>
							<relative_cover>72.00</relative_cover>
						</species_description>
						<species_description>
							<tsn>28760</tsn>
							<relative_cover>21.00</relative_cover>
						</species_description>
						<species_description>
							<tsn>183365</tsn>
							<relative_cover>5.00</relative_cover>
						</species_description>
						<species_description>
							<tsn>194872</tsn>
							<relative_cover>2.00</relative_cover>
						</species_description>
					</species>
				</overstory>
				<midstory>
					<percent_cover unit="number">0.0</percent_cover>
					<height unit="feet" />
					<height_to_live_crown unit="feet">0.0</height_to_live_crown>
					<stem_density unit="number_per_acre">0.0</stem_density>
					<diameter_at_breast_height unit="inches">0.0</diameter_at_breast_height>
					<species />
				</midstory>
				<understory>
					<percent_cover unit="number" min="5" max="60"></percent_cover>
					<height unit="feet" min="4" max="50" reference_id="4006"></height>
					<height_to_live_crown unit="feet" min="0" max="35"></height_to_live_crown>
					<stem_density unit="number_per_acre" min="100" max="500" reference_id="4006"></stem_density>
					<diameter_at_breast_height unit="inches" min="0.5" max="10" reference_id="4006"></diameter_at_breast_height>
					<species />
				</understory>
			</trees>
			<snags>
				<class_1_conifers_with_foliage>
					<percent_cover unit="number" min="0" max="35">0.09939</percent_cover>
					<height_to_crown_base unit="feet" min="0" max="35">23.345000000000002</height_to_crown_base>
					<stem_density unit="number_per_acre" min="0" max="10" reference_id="4006">2</stem_density>
					<diameter unit="inches" min="6" max="40" reference_id="4006">17.6</diameter>
					<height unit="feet" min="4" max="50">35</height>
					<species>
						<species_description>
							<tsn>194872</tsn>
							<relative_cover>100.00</relative_cover>
						</species_description>
					</species>
				</class_1_conifers_with_foliage>
				<class_1_all_others>
					<stem_density unit="number_per_acre" min="0" max="30" reference_id="4006">7.1</stem_density>
					<diameter unit="inches" min="6" max="50" reference_id="4006">6.3</diameter>
					<height unit="feet" min="4" max="60">25</height>
					<species>
						<species_description>
							<tsn>19337</tsn>
							<relative_cover>100.00</relative_cover>
						</species_description>
					</species>
				</class_1_all_others>
				<class_2>
					<stem_density unit="number_per_acre" min="0" max="10" reference_id="4006">2</stem_density>
					<diameter unit="inches" min="5" max="40" reference_id="4006">5.9</diameter>
					<height unit="feet" min="4" max="60">28</height>
					<species>
						<species_description>
							<tsn>19337</tsn>
							<relative_cover>100.00</relative_cover>
						</species_description>
					</species>
				</class_2>
				<class_3>
					<stem_density unit="number_per_acre" min="0" max="10" reference_id="4006">1</stem_density>
					<diameter unit="inches" min="6" max="50" reference_id="4006">12.4</diameter>
					<height unit="feet" min="4" max="100">40</height>
					<species>
						<species_description>
							<tsn>183365</tsn>
							<relative_cover>100.00</relative_cover>
						</species_description>
					</species>
				</class_3>
			</snags>
			<ladder_fuels>
				<minimum_height unit="feet" />
				<maximum_height unit="feet" />
				<is_vertically_contiguous />
				<type />
			</ladder_fuels>
		</canopy>
		<shrubs>
			<primary_layer>
				<percent_cover unit="number" min="5" max="45" reference_id="4006">22.394399999999994</percent_cover>
				<height unit="feet" min="0.5" max="8" reference_id="4006">2.4</height>
				<percent_live unit="number" min="60" max="100">90.0</percent_live>
				<species>
					<species_description>
						<tsn>25121</tsn>
						<relative_cover>53.00</relative_cover>
					</species_description>
					<species_description>
						<tsn>35338</tsn>
						<relative_cover>43.00</relative_cover>
					</species_description>
					<species_description>
						<tsn>24847</tsn>
						<relative_cover>3.00</relative_cover>
					</species_description>
					<species_description>
						<tsn>25290</tsn>
						<relative_cover>1.00</relative_cover>
					</species_description>
				</species>
			</primary_layer>
			<secondary_layer>
				<percent_cover unit="number" min="0" max="10" reference_id="4006">1.499625</percent_cover>
				<height unit="feet" min="0.1" max="1.5">0.5</height>
				<percent_live unit="number" min="65" max="100">95.0</percent_live>
				<species>
					<species_description>
						<tsn>504149</tsn>
						<relative_cover>60.00</relative_cover>
					</species_description>
					<species_description>
						<tsn>18832</tsn>
						<relative_cover>40.00</relative_cover>
					</species_description>
				</species>
			</secondary_layer>
			<needle_drape>
				<is_sufficient_to_affect_fire_behavior>0</is_sufficient_to_affect_fire_behavior>
			</needle_drape>
		</shrubs>
		<herbaceous>
			<primary_layer>
				<percent_cover unit="number" min="5" max="35" reference_id="4006">21.394649999999995</percent_cover>
				<height unit="feet" min="0.1" max="4" reference_id="4006">0.7</height>
				<percent_live unit="number" min="50" max="100">80.0</percent_live>
				<loading unit="tons_per_acre" min="0" max="2">0.09997500000000001</loading>
				<species>
					<species_description>
						<tsn>26331</tsn>
						<relative_cover>30.00</relative_cover>
					</species_description>
					<species_description>
						<tsn>30913</tsn>
						<relative_cover>20.00</relative_cover>
					</species_description>
					<species_description>
						<tsn>33937</tsn>
						<relative_cover>15.00</relative_cover>
					</species_description>
					<species_description>
						<tsn>36279</tsn>
						<relative_cover>15.00</relative_cover>
					</species_description>
					<species_description>
						<tsn>505290</tsn>
						<relative_cover>10.00</relative_cover>
					</species_description>
					<species_description>
						<tsn>18670</tsn>
						<relative_cover>5.00</relative_cover>
					</species_description>
					<species_description>
						<tsn>20358</tsn>
						<relative_cover>5.00</relative_cover>
					</species_description>
				</species>
			</primary_layer>
			<secondary_layer>
				<percent_cover unit="number" min="5" max="35">17.5956</percent_cover>
				<height unit="feet" min="0.1" max="4">0.7</height>
				<percent_live unit="number" min="45" max="100">75.0</percent_live>
				<loading unit="tons_per_acre" min="0" max="1">0.0099975</loading>
				<species>
					<species_description>
						<tsn>504467</tsn>
						<relative_cover>36.00</relative_cover>
					</species_description>
					<species_description>
						<tsn>41088</tsn>
						<relative_cover>28.00</relative_cover>
					</species_description>
					<species_description>
						<tsn>507946</tsn>
						<relative_cover>25.00</relative_cover>
					</species_description>
					<species_description>
						<tsn>39786</tsn>
						<relative_cover>6.00</relative_cover>
					</species_description>
					<species_description>
						<tsn>525116</tsn>
						<relative_cover>4.00</relative_cover>
					</species_description>
					<species_description>
						<tsn>29792</tsn>
						<relative_cover>1.00</relative_cover>
					</species_description>
				</species>
			</secondary_layer>
		</herbaceous>
		<woody_fuel>
			<all_downed_woody_fuel>
				<total_percent_cover unit="number" min="35" max="100">21.45</total_percent_cover>
				<depth unit="inches" min="0.1" max="2">0.33</depth>
			</all_downed_woody_fuel>
			<sound_wood>
				<loadings_zero_to_three_inches>
					<zero_to_quarter_inch unit="tons_per_acre" min="0" max="2" reference_id="4006">0.033</zero_to_quarter_inch>
					<quarter_inch_to_one_inch unit="tons_per_acre" min="0" max="2" reference_id="4006">0.066</quarter_inch_to_one_inch>
					<one_to_three_inches unit="tons_per_acre" min="0" max="3" reference_id="4006">0.46199999999999997</one_to_three_inches>
				</loadings_zero_to_three_inches>
				<loadings_greater_than_three_inches>
					<three_to_nine_inches unit="tons_per_acre" min="0" max="5" reference_id="4006">0.4800000000000001</three_to_nine_inches>
					<nine_to_twenty_inches unit="tons_per_acre" min="0" max="5" reference_id="4006">0.0</nine_to_twenty_inches>
					<greater_than_twenty_inches unit="tons_per_acre" min="0" max="5" reference_id="4006">0.0</greater_than_twenty_inches>
				</loadings_greater_than_three_inches>
				<all_sound_wood>
					<species>
						<species_description>
							<tsn>19337</tsn>
							<relative_cover>90.00</relative_cover>
						</species_description>
						<species_description>
							<tsn>183365</tsn>
							<relative_cover>10.00</relative_cover>
						</species_description>
					</species>
				</all_sound_wood>
			</sound_wood>
			<rotten_wood>
				<loadings_greater_than_three_inches>
					<three_to_nine_inches unit="tons_per_acre" min="0" max="5">0.8000000000000002</three_to_nine_inches>
					<nine_to_twenty_inches unit="tons_per_acre" min="0" max="5">0.0</nine_to_twenty_inches>
					<greater_than_twenty_inches unit="tons_per_acre" min="0" max="5">0.0</greater_than_twenty_inches>
				</loadings_greater_than_three_inches>
				<all_rotten_wood>
					<species>
						<species_description>
							<tsn>19337</tsn>
							<relative_cover>90.00</relative_cover>
						</species_description>
						<species_description>
							<tsn>183365</tsn>
							<relative_cover>10.00</relative_cover>
						</species_description>
					</species>
				</all_rotten_wood>
			</rotten_wood>
			<stumps>
				<sound>
					<stem_density unit="number_per_acre"></stem_density>
					<diameter unit="inches"></diameter>
					<height unit="feet"></height>
					<species />
				</sound>
				<rotten>
					<stem_density unit="number_per_acre">21.25</stem_density>
					<diameter unit="inches" />
					<height unit="feet" />
					<species />
				</rotten>
				<lightered_pitchy>
					<stem_density unit="number_per_acre" />
					<diameter unit="inches" />
					<height unit="feet" />
					<species />
				</lightered_pitchy>
			</stumps>
		</woody_fuel>
		<moss_lichen_litter>
			<moss>
				<percent_cover unit="number">0.0</percent_cover>
				<depth unit="inches">0.0</depth>
				<type />
			</moss>
			<ground_lichen>
				<percent_cover unit="number">0.0</percent_cover>
				<depth unit="inches">0.0</depth>
			</ground_lichen>
			<litter>
				<percent_cover unit="number" min="50" max="100">80.0</percent_cover>
				<depth unit="inches" min="0.1" max="3" reference_id="4006">1.2</depth>
				<arrangement>1</arrangement>
				<litter_type>
					<short_needle_pine>
						<relative_cover />
					</short_needle_pine>
					<long_needle_pine>
						<relative_cover>25.00</relative_cover>
					</long_needle_pine>
					<other_conifer>
						<relative_cover>25.00</relative_cover>
					</other_conifer>
					<broadleaf_deciduous>
						<relative_cover>50.00</relative_cover>
					</broadleaf_deciduous>
					<broadleaf_evergreen>
						<relative_cover />
					</broadleaf_evergreen>
					<palm_frond>
						<relative_cover />
					</palm_frond>
					<grass>
						<relative_cover />
					</grass>
				</litter_type>
			</litter>
		</moss_lichen_litter>
		<ground_fuel>
			<duff>
				<upper>
					<percent_cover unit="number" min="50" max="100">40.0</percent_cover>
					<depth unit="inches" min="0" max="2" reference_id="4006">0.35</depth>
					<derivation>1</derivation>
				</upper>
				<lower>
					<percent_cover unit="number" min="50" max="100">0.0</percent_cover>
					<depth unit="inches" min="0" max="2" reference_id="4006">0.0</depth>
					<derivation />
					<loading unit="tons_per_acre" />
				</lower>
			</duff>
			<basal_accumulation>
				<radius unit="feet" />
				<depth unit="inches">0.0</depth>
				<number_per_unit_area unit="number_per_acre">0.0</number_per_unit_area>
				<type />
			</basal_accumulation>
			<squirrel_middens>
				<depth unit="inches">0.0</depth>
				<number_per_unit_area unit="number_per_acre">0.0</number_per_unit_area>
				<radius unit="feet" />
			</squirrel_middens>
		</ground_fuel>
	</fuelbed>
</FCCS_file>
