<?xml version="1.0"?>
<FCCS_file xmlns:xsi="http://www.w3.org/2001/XMLSchema-instance" schemaVersion="1.4" xsi:schemaLocation="conf\\us.fed.fs.fera.fccs.xsd">
	<fuelbed_number>488_321</fuelbed_number>
	<fuelbed_name>Atlantic coastal plain northern bog</fuelbed_name>
	<fuelbed_description>Sphagnum bog vegetation in acidic, tannic water with floating or grounded sphagnum mat and evergreen shrubs and scattered trees in the shrub layer and overstory.</fuelbed_description>
	<ecoregion>210</ecoregion>
	<vegetation_form>6</vegetation_form>
	<structural_class />
	<cover_type>164</cover_type>
	<change_agent>18</change_agent>
	<natural_fire_regime>4</natural_fire_regime>
	<condition_class>1</condition_class>
	<user_name />
	<address />
	<affiliation />
	<phone />
	<file_owner_email />
	<notes>Base fuelbed is FCCS 115 for EVTs 2386 and 2389. Altered canopy, shrub and nonwoody structure and composition based on EVT and NatureServe association descriptions. Also updated woody, LLM and ground fuels strata. Cover type similar to SRM 209 Montane shrubland.</notes>
	<date_collected>Sep 19, 2011</date_collected>
	<fuelbed_confidence />
	<fuelbed>
		<canopy>
			<trees>
				<total_percent_cover unit="number" min="0" max="25">6.7</total_percent_cover>
				<overstory>
					<percent_cover unit="number" min="0" max="25">5.0</percent_cover>
					<height unit="feet" min="8" max="30">15</height>
					<height_to_live_crown unit="feet" min="0" max="10">0.0</height_to_live_crown>
					<stem_density unit="number_per_acre" min="0" max="20">5.0</stem_density>
					<diameter_at_breast_height unit="inches" min="2" max="8">5.0</diameter_at_breast_height>
					<species>
						<species_description>
							<tsn>183376</tsn>
							<relative_cover>50</relative_cover>
						</species_description>
						<species_description>
							<tsn>183385</tsn>
							<relative_cover>50</relative_cover>
						</species_description>
					</species>
				</overstory>
				<midstory>
					<percent_cover unit="number">0.0</percent_cover>
					<height unit="feet" />
					<height_to_live_crown unit="feet">0.0</height_to_live_crown>
					<stem_density unit="number_per_acre">0.0</stem_density>
					<diameter_at_breast_height unit="inches">0.0</diameter_at_breast_height>
					<species />
				</midstory>
				<understory>
					<percent_cover unit="number"></percent_cover>
					<height unit="feet"></height>
					<height_to_live_crown unit="feet"></height_to_live_crown>
					<stem_density unit="number_per_acre"></stem_density>
					<diameter_at_breast_height unit="inches"></diameter_at_breast_height>
					<species />
				</understory>
			</trees>
			<snags>
				<class_1_conifers_with_foliage>
					<percent_cover unit="number" />
					<height_to_crown_base unit="feet" />
					<stem_density unit="number_per_acre" />
					<diameter unit="inches" />
					<height unit="feet" />
					<species />
				</class_1_conifers_with_foliage>
				<class_1_all_others>
					<stem_density unit="number_per_acre" />
					<diameter unit="inches" />
					<height unit="feet" />
					<species />
				</class_1_all_others>
				<class_2>
					<stem_density unit="number_per_acre" />
					<diameter unit="inches" />
					<height unit="feet" />
					<species />
				</class_2>
				<class_3>
					<stem_density unit="number_per_acre" />
					<diameter unit="inches" />
					<height unit="feet" />
					<species />
				</class_3>
			</snags>
			<ladder_fuels>
				<minimum_height unit="feet" />
				<maximum_height unit="feet" />
				<is_vertically_contiguous />
				<type />
			</ladder_fuels>
		</canopy>
		<shrubs>
			<primary_layer>
				<percent_cover unit="number" min="20" max="100">20.0</percent_cover>
				<height unit="feet" min="2" max="10">2</height>
				<percent_live unit="number" min="80" max="100">22.5</percent_live>
				<species>
					<species_description>
						<tsn>23637</tsn>
						<relative_cover>50</relative_cover>
					</species_description>
					<species_description>
						<tsn>23662</tsn>
						<relative_cover>50</relative_cover>
					</species_description>
				</species>
			</primary_layer>
			<secondary_layer>
				<percent_cover unit="number">12.5</percent_cover>
				<height unit="feet">5</height>
				<percent_live unit="number">22.5</percent_live>
				<species>
					<species_description>
						<tsn>23573</tsn>
						<relative_cover>25</relative_cover>
					</species_description>
					<species_description>
						<tsn>503278</tsn>
						<relative_cover>25</relative_cover>
					</species_description>
					<species_description>
						<tsn>23604</tsn>
						<relative_cover>25</relative_cover>
					</species_description>
					<species_description>
						<tsn>23660</tsn>
						<relative_cover>25</relative_cover>
					</species_description>
				</species>
			</secondary_layer>
			<needle_drape>
				<is_sufficient_to_affect_fire_behavior>0</is_sufficient_to_affect_fire_behavior>
			</needle_drape>
		</shrubs>
		<herbaceous>
			<primary_layer>
				<percent_cover unit="number" min="0" max="20" reference_id="5000">2.5</percent_cover>
				<height unit="feet" min="0.5" max="2">1</height>
				<loading unit="tons_per_acre" min="0" max="0.3">0.015</loading>
				<percent_live unit="number" min="60" max="100">45.0</percent_live>
				<species>
					<species_description>
						<tsn>40079</tsn>
						<relative_cover>30</relative_cover>
					</species_description>
					<species_description>
						<tsn>40225</tsn>
						<relative_cover>25</relative_cover>
					</species_description>
					<species_description>
						<tsn>40151</tsn>
						<relative_cover>15</relative_cover>
					</species_description>
					<species_description>
						<tsn>22017</tsn>
						<relative_cover>15</relative_cover>
					</species_description>
					<species_description>
						<tsn>39853</tsn>
						<relative_cover>15</relative_cover>
					</species_description>
				</species>
			</primary_layer>
			<secondary_layer>
				<percent_cover unit="number">0.0</percent_cover>
				<height unit="feet" />
				<loading unit="tons_per_acre">0.0</loading>
				<percent_live unit="number">0.0</percent_live>
				<species />
			</secondary_layer>
		</herbaceous>
		<woody_fuel>
			<all_downed_woody_fuel>
				<total_percent_cover unit="number" min="0" max="10" reference_id="5000">2.5</total_percent_cover>
				<depth unit="inches" min="0.25" max="2">0.25</depth>
			</all_downed_woody_fuel>
			<sound_wood>
				<all_sound_wood>
					<species>
						<species_description>
							<tsn>183302</tsn>
							<relative_cover>50</relative_cover>
						</species_description>
						<species_description>
							<tsn>18032</tsn>
							<relative_cover>50</relative_cover>
						</species_description>
					</species>
				</all_sound_wood>
				<loadings_zero_to_three_inches>
					<zero_to_quarter_inch unit="tons_per_acre" min="0.1" max="0.3">0.05</zero_to_quarter_inch>
					<quarter_inch_to_one_inch unit="tons_per_acre" min="0.5" max="1">0.125</quarter_inch_to_one_inch>
					<one_to_three_inches unit="tons_per_acre" min="1" max="3">0.125</one_to_three_inches>
				</loadings_zero_to_three_inches>
				<loadings_greater_than_three_inches>
					<three_to_nine_inches unit="tons_per_acre" min="0" max="0.2">0.0</three_to_nine_inches>
					<nine_to_twenty_inches unit="tons_per_acre" min="0" max="0">0.0</nine_to_twenty_inches>
					<greater_than_twenty_inches unit="tons_per_acre" min="0" max="0">0.0</greater_than_twenty_inches>
				</loadings_greater_than_three_inches>
			</sound_wood>
			<rotten_wood>
				<all_rotten_wood>
					<species>
						<species_description>
							<tsn>183302</tsn>
							<relative_cover>50</relative_cover>
						</species_description>
						<species_description>
							<tsn>18032</tsn>
							<relative_cover>50</relative_cover>
						</species_description>
					</species>
				</all_rotten_wood>
				<loadings_greater_than_three_inches>
					<three_to_nine_inches unit="tons_per_acre" min="0" max="0.3">0.0</three_to_nine_inches>
					<nine_to_twenty_inches unit="tons_per_acre" min="0" max="0">0.0</nine_to_twenty_inches>
					<greater_than_twenty_inches unit="tons_per_acre" min="0" max="0">0.0</greater_than_twenty_inches>
				</loadings_greater_than_three_inches>
			</rotten_wood>
			<stumps>
				<sound>
					<stem_density unit="number_per_acre">5.0</stem_density>
					<diameter unit="inches" />
					<height unit="feet" />
					<species />
				</sound>
				<rotten>
					<stem_density unit="number_per_acre" />
					<diameter unit="inches" />
					<height unit="feet" />
					<species />
				</rotten>
				<lightered_pitchy>
					<stem_density unit="number_per_acre" />
					<diameter unit="inches" />
					<height unit="feet" />
					<species />
				</lightered_pitchy>
			</stumps>
		</woody_fuel>
		<moss_lichen_litter>
			<moss>
				<type>1</type>
				<percent_cover unit="number" min="0" max="30">30.0</percent_cover>
				<depth unit="inches" min="0" max="1.5">1.0</depth>
			</moss>
			<ground_lichen>
				<percent_cover unit="number" min="0" max="15">0.0</percent_cover>
				<depth unit="inches" min="0" max="2">0.0</depth>
				<loading unit="tons_per_acre" />
			</ground_lichen>
			<litter>
				<percent_cover unit="number" min="0" max="75">10.0</percent_cover>
				<depth unit="inches" min="0" max="1">0.25</depth>
				<arrangement>1</arrangement>
				<litter_type>
					<short_needle_pine>
						<relative_cover>0</relative_cover>
					</short_needle_pine>
					<long_needle_pine>
						<relative_cover>0</relative_cover>
					</long_needle_pine>
					<other_conifer>
						<relative_cover>100</relative_cover>
					</other_conifer>
					<broadleaf_deciduous>
						<relative_cover>0</relative_cover>
					</broadleaf_deciduous>
					<broadleaf_evergreen>
						<relative_cover>0</relative_cover>
					</broadleaf_evergreen>
					<palm_frond>
						<relative_cover>0</relative_cover>
					</palm_frond>
					<grass>
						<relative_cover>0</relative_cover>
					</grass>
				</litter_type>
			</litter>
		</moss_lichen_litter>
		<ground_fuel>
			<duff>
				<upper>
					<depth unit="inches" min="0" max="1" reference_id="5058">2.5</depth>
					<percent_cover unit="number" min="0" max="75">25.0</percent_cover>
					<derivation>2</derivation>
				</upper>
				<lower>
					<depth unit="inches" min="0.5" max="20">5.0</depth>
					<percent_cover unit="number" min="0" max="75">25.0</percent_cover>
					<derivation>4</derivation>
					<loading unit="tons_per_acre" />
				</lower>
			</duff>
			<squirrel_middens>
				<depth unit="inches">0.0</depth>
				<radius unit="feet" />
				<number_per_unit_area unit="number_per_acre">0.0</number_per_unit_area>
			</squirrel_middens>
			<basal_accumulation>
				<depth unit="inches">0.0</depth>
				<radius unit="feet" />
				<number_per_unit_area unit="number_per_acre">0.0</number_per_unit_area>
				<type />
			</basal_accumulation>
		</ground_fuel>
	</fuelbed>
</FCCS_file>
