<?xml version="1.0"?>
<FCCS_file xmlns:xsi="http://www.w3.org/2001/XMLSchema-instance" schemaVersion="1.4" xsi:schemaLocation="conf\\us.fed.fs.fera.fccs.xsd">
	<fuelbed_number>7_411</fuelbed_number>
	<fuelbed_name>Douglas-fir-sugar pine-tanoak forest</fuelbed_name>
	<fuelbed_description>Mixed forests dominated by Douglas-fir, sugar pine, and tanoak are common mid-elevation forests of the west slopes of the northern Sierra Nevada and coastal Pacific Northwest.</fuelbed_description>
	<ecoregion>240,260</ecoregion>
	<vegetation_form>4</vegetation_form>
	<structural_class>1</structural_class>
	<cover_type>136,141,150</cover_type>
	<change_agent>2</change_agent>
	<natural_fire_regime>3</natural_fire_regime>
	<condition_class>2</condition_class>
	<user_name />
	<address />
	<affiliation />
	<phone />
	<file_owner_email />
	<notes />
	<date_collected>Sep 9, 2011</date_collected>
	<fuelbed_confidence>3</fuelbed_confidence>
	<fuelbed>
		<canopy>
			<trees>
				<total_percent_cover unit="number" min="50" max="100" reference_id="1358">72.25</total_percent_cover>
				<overstory>
					<percent_cover unit="number" min="10" max="85" reference_id="1358">42.5</percent_cover>
					<height unit="feet" min="70" max="200">130</height>
					<height_to_live_crown unit="feet" min="20" max="120">50</height_to_live_crown>
					<stem_density unit="number_per_acre" min="5" max="70">29.75</stem_density>
					<diameter_at_breast_height unit="inches" min="20" max="120">30</diameter_at_breast_height>
					<species>
						<species_description>
							<tsn>183347</tsn>
							<relative_cover>60.00</relative_cover>
						</species_description>
						<species_description>
							<tsn>183424</tsn>
							<relative_cover>40.00</relative_cover>
						</species_description>
					</species>
				</overstory>
				<midstory>
					<percent_cover unit="number" min="20" max="60">34.0</percent_cover>
					<height unit="feet" min="30" max="120">70</height>
					<height_to_live_crown unit="feet" min="5" max="70">35</height_to_live_crown>
					<stem_density unit="number_per_acre" min="40" max="200">85.0</stem_density>
					<diameter_at_breast_height unit="inches" min="8" max="20">12</diameter_at_breast_height>
					<species>
						<species_description>
							<tsn>183424</tsn>
							<relative_cover>34.00</relative_cover>
						</species_description>
						<species_description>
							<tsn>19464</tsn>
							<relative_cover>33.00</relative_cover>
						</species_description>
						<species_description>
							<tsn>531368</tsn>
							<relative_cover>33.00</relative_cover>
						</species_description>
					</species>
				</midstory>
				<understory>
					<percent_cover unit="number" min="5" max="30">20</percent_cover>
					<height unit="feet" min="1" max="70" reference_id="459">5</height>
					<height_to_live_crown unit="feet" min="0" max="40" reference_id="459">2</height_to_live_crown>
					<stem_density unit="number_per_acre" min="50" max="2000" reference_id="459">950</stem_density>
					<diameter_at_breast_height unit="inches" min="0.5" max="8" reference_id="459">1</diameter_at_breast_height>
					<species>
						<species_description>
							<tsn>19464</tsn>
							<relative_cover>50.00</relative_cover>
						</species_description>
						<species_description>
							<tsn>531368</tsn>
							<relative_cover>50.00</relative_cover>
						</species_description>
					</species>
				</understory>
			</trees>
			<snags>
				<class_1_conifers_with_foliage>
					<percent_cover unit="number">0.0</percent_cover>
					<height_to_crown_base unit="feet" />
					<stem_density unit="number_per_acre">0.0</stem_density>
					<diameter unit="inches" />
					<height unit="feet" />
					<species />
				</class_1_conifers_with_foliage>
				<class_1_all_others>
					<stem_density unit="number_per_acre">0.0</stem_density>
					<diameter unit="inches" />
					<height unit="feet" />
					<species />
				</class_1_all_others>
				<class_2>
					<stem_density unit="number_per_acre">0.0</stem_density>
					<diameter unit="inches" />
					<height unit="feet" />
					<species />
				</class_2>
				<class_3>
					<stem_density unit="number_per_acre" min="0" max="3" reference_id="459">0.85</stem_density>
					<diameter unit="inches" min="8" max="120" reference_id="459">32</diameter>
					<height unit="feet" min="4.5" max="180" reference_id="459">35</height>
					<species>
						<species_description>
							<tsn>183347</tsn>
							<relative_cover>100.00</relative_cover>
						</species_description>
					</species>
				</class_3>
			</snags>
			<ladder_fuels>
				<minimum_height unit="feet" min="0.5" max="40" reference_id="1358">2</minimum_height>
				<maximum_height unit="feet" min="1" max="70" reference_id="1358">5</maximum_height>
				<is_vertically_contiguous>0</is_vertically_contiguous>
				<type>7</type>
			</ladder_fuels>
		</canopy>
		<shrubs>
			<primary_layer>
				<percent_cover unit="number" min="0" max="40" reference_id="1358">9.0</percent_cover>
				<height unit="feet" min="0.2" max="8" reference_id="1358">0.9</height>
				<percent_live unit="number" min="80" max="100" reference_id="1358">85.5</percent_live>
				<species>
					<species_description>
						<tsn>18825</tsn>
						<relative_cover>65.00</relative_cover>
					</species_description>
					<species_description>
						<tsn>23658</tsn>
						<relative_cover>30.00</relative_cover>
					</species_description>
					<species_description>
						<tsn>23720</tsn>
						<relative_cover>5.00</relative_cover>
					</species_description>
				</species>
			</primary_layer>
			<secondary_layer>
				<percent_cover unit="number">0.0</percent_cover>
				<height unit="feet" />
				<percent_live unit="number">0.0</percent_live>
				<species />
			</secondary_layer>
			<needle_drape>
				<is_sufficient_to_affect_fire_behavior>0</is_sufficient_to_affect_fire_behavior>
			</needle_drape>
		</shrubs>
		<herbaceous>
			<primary_layer>
				<percent_cover unit="number" min="3" max="35">16</percent_cover>
				<height unit="feet" min="0.7" max="5" reference_id="459">1.6</height>
				<loading unit="tons_per_acre" min="0" max="0.1" reference_id="459">0.02</loading>
				<percent_live unit="number" min="80" max="100" reference_id="1358">95</percent_live>
				<species>
					<species_description>
						<tsn>17224</tsn>
						<relative_cover>70.00</relative_cover>
					</species_description>
					<species_description>
						<tsn>504530</tsn>
						<relative_cover>30.00</relative_cover>
					</species_description>
				</species>
			</primary_layer>
			<secondary_layer>
				<percent_cover unit="number" />
				<height unit="feet" />
				<loading unit="tons_per_acre" />
				<percent_live unit="number" />
				<species />
			</secondary_layer>
		</herbaceous>
		<woody_fuel>
			<all_downed_woody_fuel>
				<total_percent_cover unit="number" min="80" max="100" reference_id="459">100</total_percent_cover>
				<depth unit="inches" min="0.5" max="8" reference_id="459">6.25</depth>
			</all_downed_woody_fuel>
			<sound_wood>
				<all_sound_wood>
					<species />
				</all_sound_wood>
				<loadings_zero_to_three_inches>
					<zero_to_quarter_inch unit="tons_per_acre" min="0.3" max="2" reference_id="459">1.5</zero_to_quarter_inch>
					<quarter_inch_to_one_inch unit="tons_per_acre" min="0.5" max="6" reference_id="459">4.800000000000001</quarter_inch_to_one_inch>
					<one_to_three_inches unit="tons_per_acre" min="0.5" max="6" reference_id="459">2.8499999999999996</one_to_three_inches>
				</loadings_zero_to_three_inches>
				<loadings_greater_than_three_inches>
					<three_to_nine_inches unit="tons_per_acre" min="0" max="8" reference_id="459">1.2</three_to_nine_inches>
					<nine_to_twenty_inches unit="tons_per_acre" min="0" max="10" reference_id="459">1.4</nine_to_twenty_inches>
					<greater_than_twenty_inches unit="tons_per_acre" min="0" max="20" reference_id="459">3.4</greater_than_twenty_inches>
				</loadings_greater_than_three_inches>
			</sound_wood>
			<rotten_wood>
				<all_rotten_wood>
					<species>
						<species_description>
							<tsn>183347</tsn>
							<relative_cover>60.00</relative_cover>
						</species_description>
						<species_description>
							<tsn>183424</tsn>
							<relative_cover>40.00</relative_cover>
						</species_description>
					</species>
				</all_rotten_wood>
				<loadings_greater_than_three_inches>
					<three_to_nine_inches unit="tons_per_acre" min="0" max="10" reference_id="459">4.9</three_to_nine_inches>
					<nine_to_twenty_inches unit="tons_per_acre" min="0" max="12" reference_id="459">5.4</nine_to_twenty_inches>
					<greater_than_twenty_inches unit="tons_per_acre" min="0" max="25" reference_id="459">14.2</greater_than_twenty_inches>
				</loadings_greater_than_three_inches>
			</rotten_wood>
			<stumps>
				<sound>
					<stem_density unit="number_per_acre" />
					<diameter unit="inches" />
					<height unit="feet" />
					<species />
				</sound>
				<rotten>
					<stem_density unit="number_per_acre" />
					<diameter unit="inches" />
					<height unit="feet" />
					<species />
				</rotten>
				<lightered_pitchy>
					<stem_density unit="number_per_acre" />
					<diameter unit="inches" />
					<height unit="feet" />
					<species />
				</lightered_pitchy>
			</stumps>
			<piles>
				<clean_loading unit="tons_per_acre">0.066061</clean_loading>
				<dirty_loading unit="tons_per_acre">0.000000</dirty_loading>
				<verydirty_loading unit="tons_per_acre">0.000000</verydirty_loading>
				<pileData>
					<header>pileGroupID,pileGroupName,numPiles,pileType,pileShape,W1,L1,H1,W2,L2,H2,soilPercent,packingRatio,handPileSpecies,species1_TSN,species1_percent,species2_TSN,species2_percent,pileQuality,percentConsumed</header>
					<pileGroups>
						<pileGroup>2,,1,1,5,2.00,10.00,1.80,,,,,,1,,,,,,90</pileGroup>
					</pileGroups>
				</pileData>
			</piles>
		</woody_fuel>
		<moss_lichen_litter>
			<moss>
				<type>2</type>
				<percent_cover unit="number" min="0" max="25" reference_id="1328">10</percent_cover>
				<depth unit="inches" min="0.1" max="1" reference_id="1358">0.5</depth>
			</moss>
			<ground_lichen>
				<percent_cover unit="number" min="0" max="10" reference_id="1358">2</percent_cover>
				<depth unit="inches" min="0.1" max="0.8" reference_id="1358">0.2</depth>
			</ground_lichen>
			<litter>
				<percent_cover unit="number" min="80" max="100" reference_id="459">100</percent_cover>
				<depth unit="inches" min="0.1" max="2" reference_id="1358">0.5</depth>
				<arrangement>1</arrangement>
				<litter_type>
					<short_needle_pine>
						<relative_cover />
					</short_needle_pine>
					<long_needle_pine>
						<relative_cover>50.00</relative_cover>
					</long_needle_pine>
					<other_conifer>
						<relative_cover>40.00</relative_cover>
					</other_conifer>
					<broadleaf_deciduous>
						<relative_cover />
					</broadleaf_deciduous>
					<broadleaf_evergreen>
						<relative_cover>10.00</relative_cover>
					</broadleaf_evergreen>
					<palm_frond>
						<relative_cover />
					</palm_frond>
					<grass>
						<relative_cover />
					</grass>
				</litter_type>
			</litter>
		</moss_lichen_litter>
		<ground_fuel>
			<duff>
				<upper>
					<depth unit="inches" min="0.1" max="2" reference_id="1358">1.3</depth>
					<percent_cover unit="number" min="80" max="100" reference_id="459">99</percent_cover>
					<derivation>1</derivation>
				</upper>
				<lower>
					<depth unit="inches" min="0.1" max="6" reference_id="1358" />
					<percent_cover unit="number" min="80" max="100" reference_id="459" />
					<derivation />
					<loading unit="tons_per_acre" />
				</lower>
			</duff>
			<squirrel_middens>
				<depth unit="inches" />
				<radius unit="feet" />
				<number_per_unit_area unit="number_per_acre" />
			</squirrel_middens>
			<basal_accumulation>
				<depth unit="inches" />
				<radius unit="feet" />
				<number_per_unit_area unit="number_per_acre" />
				<type />
			</basal_accumulation>
		</ground_fuel>
	</fuelbed>
</FCCS_file>
