<?xml version="1.0"?>
<FCCS_file xmlns:xsi="http://www.w3.org/2001/XMLSchema-instance" xsi:noNamespaceSchemaLocation="cash.xsd" schemaVersion="1.4">
	<fuelbed_number>143_232</fuelbed_number>
	<fuelbed_name>Quaking aspen-paper birch-white spruce-balsam fir forest</fuelbed_name>
	<fuelbed_description>Southern boreal mixed forest dominated by quaking aspen and paper birch with white spruce and balsam fir in the overstory and midstory. Black spruce, pines and other conifers are also possible canopy components. This forest type develops after clearcutting and stand replacing fires. Early seral forest is dominated by hardwoods, but over time spruce and fir become more important canopy components. This fuelbed represents stands from 20 to 70 years old.</fuelbed_description>
	<ecoregion>210</ecoregion>
	<vegetation_form>4</vegetation_form>
	<structural_class>1</structural_class>
	<cover_type>16,20,22</cover_type>
	<change_agent>18</change_agent>
	<natural_fire_regime>4</natural_fire_regime>
	<condition_class>1</condition_class>
	<user_name />
	<address />
	<affiliation />
	<phone />
	<file_owner_email />
	<notes />
	<site_photo />
	<date_collected>2003-09-17</date_collected>
	<fuelbed_confidence>3</fuelbed_confidence>
	<fuelbed>
		<canopy>
			<trees>
				<total_percent_cover unit="number" min="60" max="100">28.05</total_percent_cover>
				<overstory>
					<percent_cover unit="number" min="40" max="100">18.75</percent_cover>
					<height unit="feet" min="55" max="75" reference_id="5066">66</height>
					<height_to_live_crown unit="feet" min="20" max="55" reference_id="5059">45.0</height_to_live_crown>
					<stem_density unit="number_per_acre" min="10" max="170" reference_id="5066">10.0</stem_density>
					<diameter_at_breast_height unit="inches" min="7" max="17" reference_id="5066">15.625</diameter_at_breast_height>
					<species>
						<species_description>
							<tsn>195773</tsn>
							<relative_cover>55.00</relative_cover>
						</species_description>
						<species_description>
							<tsn>19489</tsn>
							<relative_cover>35.00</relative_cover>
						</species_description>
						<species_description>
							<tsn>18032</tsn>
							<relative_cover>5.00</relative_cover>
						</species_description>
						<species_description>
							<tsn>183295</tsn>
							<relative_cover>5.00</relative_cover>
						</species_description>
					</species>
				</overstory>
				<midstory>
					<percent_cover unit="number" min="10" max="70">7.5</percent_cover>
					<height unit="feet" min="40" max="60" reference_id="5066">50</height>
					<height_to_live_crown unit="feet" min="10" max="30">30.0</height_to_live_crown>
					<stem_density unit="number_per_acre" min="80" max="1500" reference_id="5066">87.5</stem_density>
					<diameter_at_breast_height unit="inches" min="3" max="10" reference_id="5066">8.75</diameter_at_breast_height>
					<species>
						<species_description>
							<tsn>18032</tsn>
							<relative_cover>40.00</relative_cover>
						</species_description>
						<species_description>
							<tsn>183295</tsn>
							<relative_cover>20.00</relative_cover>
						</species_description>
						<species_description>
							<tsn>195773</tsn>
							<relative_cover>15.00</relative_cover>
						</species_description>
						<species_description>
							<tsn>19489</tsn>
							<relative_cover>15.00</relative_cover>
						</species_description>
						<species_description>
							<tsn>28728</tsn>
							<relative_cover>10.00</relative_cover>
						</species_description>
					</species>
				</midstory>
				<understory>
					<percent_cover unit="number" min="20" max="60">0.0</percent_cover>
					<height unit="feet" min="20" max="48" reference_id="5066">0.0</height>
					<height_to_live_crown unit="feet" min="1.5" max="25">0.0</height_to_live_crown>
					<stem_density unit="number_per_acre" min="20" max="1500" reference_id="5066">0.0</stem_density>
					<diameter_at_breast_height unit="inches" min="1" max="6.5" reference_id="5066">0.0</diameter_at_breast_height>
					<species>
						<species_description>
							<tsn>18032</tsn>
							<relative_cover>55.00</relative_cover>
						</species_description>
						<species_description>
							<tsn>183295</tsn>
							<relative_cover>25.00</relative_cover>
						</species_description>
						<species_description>
							<tsn>19489</tsn>
							<relative_cover>10.00</relative_cover>
						</species_description>
						<species_description>
							<tsn>195773</tsn>
							<relative_cover>10.00</relative_cover>
						</species_description>
					</species>
				</understory>
			</trees>
			<snags>
				<class_1_conifers_with_foliage>
					<percent_cover unit="number" min="0" max="50">0.20284</percent_cover>
					<height_to_crown_base unit="feet" min="0" max="50">33.35</height_to_crown_base>
					<stem_density unit="number_per_acre" min="0" max="6">2</stem_density>
					<diameter unit="inches" min="3" max="10">7</diameter>
					<height unit="feet" min="40" max="60">50</height>
					<species>
						<species_description>
							<tsn>183295</tsn>
							<relative_cover>50.00</relative_cover>
						</species_description>
						<species_description>
							<tsn>18032</tsn>
							<relative_cover>50.00</relative_cover>
						</species_description>
					</species>
				</class_1_conifers_with_foliage>
				<class_1_all_others>
					<stem_density unit="number_per_acre" min="0" max="6">2</stem_density>
					<diameter unit="inches" min="7" max="17" reference_id="5066">12</diameter>
					<height unit="feet" min="55" max="75">65</height>
					<species>
						<species_description>
							<tsn>195773</tsn>
							<relative_cover>70.00</relative_cover>
						</species_description>
						<species_description>
							<tsn>19489</tsn>
							<relative_cover>30.00</relative_cover>
						</species_description>
					</species>
				</class_1_all_others>
				<class_2>
					<stem_density unit="number_per_acre" min="0" max="72" reference_id="5066">40</stem_density>
					<diameter unit="inches" min="6" max="13" reference_id="5066">10</diameter>
					<height unit="feet" min="50" max="70">60</height>
					<species>
						<species_description>
							<tsn>195773</tsn>
							<relative_cover>70.00</relative_cover>
						</species_description>
						<species_description>
							<tsn>19489</tsn>
							<relative_cover>30.00</relative_cover>
						</species_description>
					</species>
				</class_2>
				<class_3>
					<stem_density unit="number_per_acre" min="0" max="40" reference_id="5066">26</stem_density>
					<diameter unit="inches" min="6" max="11.5" reference_id="5066">10</diameter>
					<height unit="feet" min="45" max="65">55</height>
					<species>
						<species_description>
							<tsn>195773</tsn>
							<relative_cover>70.00</relative_cover>
						</species_description>
						<species_description>
							<tsn>19489</tsn>
							<relative_cover>30.00</relative_cover>
						</species_description>
					</species>
				</class_3>
			</snags>
			<ladder_fuels>
				<minimum_height unit="feet" min="1.5" max="25">10</minimum_height>
				<maximum_height unit="feet" min="20" max="48" reference_id="5066">40</maximum_height>
				<is_vertically_contiguous>0</is_vertically_contiguous>
				<type>7</type>
			</ladder_fuels>
		</canopy>
		<shrubs>
			<primary_layer>
				<percent_cover unit="number" min="10" max="60">11.25</percent_cover>
				<height unit="feet" min="6" max="20" reference_id="5083">12</height>
				<percent_live unit="number" min="65" max="95">85.0</percent_live>
				<species>
					<species_description>
						<tsn>19507</tsn>
						<relative_cover>70.00</relative_cover>
					</species_description>
					<species_description>
						<tsn>28758</tsn>
						<relative_cover>30.00</relative_cover>
					</species_description>
				</species>
			</primary_layer>
			<secondary_layer>
				<percent_cover unit="number" min="5" max="50">9.375</percent_cover>
				<height unit="feet" min="1" max="4" reference_id="5083">2.5</height>
				<percent_live unit="number" min="65" max="95">85.0</percent_live>
				<species>
					<species_description>
						<tsn>35310</tsn>
						<relative_cover>25.00</relative_cover>
					</species_description>
					<species_description>
						<tsn>24812</tsn>
						<relative_cover>25.00</relative_cover>
					</species_description>
					<species_description>
						<tsn>35314</tsn>
						<relative_cover>25.00</relative_cover>
					</species_description>
					<species_description>
						<tsn>23604</tsn>
						<relative_cover>25.00</relative_cover>
					</species_description>
				</species>
			</secondary_layer>
			<needle_drape>
				<is_sufficient_to_affect_fire_behavior>0</is_sufficient_to_affect_fire_behavior>
			</needle_drape>
		</shrubs>
		<herbaceous>
			<primary_layer>
				<percent_cover unit="number" min="20" max="90">22.5</percent_cover>
				<height unit="feet" min="1" max="4" reference_id="5083">2.5</height>
				<percent_live unit="number" min="70" max="95">85.0</percent_live>
				<loading unit="tons_per_acre" min="0.1" max="1">0.1875</loading>
				<species>
					<species_description>
						<tsn>513449</tsn>
						<relative_cover>40.00</relative_cover>
					</species_description>
					<species_description>
						<tsn>29376</tsn>
						<relative_cover>20.00</relative_cover>
					</species_description>
					<species_description>
						<tsn>42903</tsn>
						<relative_cover>10.00</relative_cover>
					</species_description>
					<species_description>
						<tsn>24055</tsn>
						<relative_cover>10.00</relative_cover>
					</species_description>
					<species_description>
						<tsn>503653</tsn>
						<relative_cover>10.00</relative_cover>
					</species_description>
					<species_description>
						<tsn>17224</tsn>
						<relative_cover>10.00</relative_cover>
					</species_description>
				</species>
			</primary_layer>
			<secondary_layer>
				<percent_cover unit="number">0.0</percent_cover>
				<height unit="feet" />
				<percent_live unit="number">0.0</percent_live>
				<loading unit="tons_per_acre">0.0</loading>
				<species />
			</secondary_layer>
		</herbaceous>
		<woody_fuel>
			<all_downed_woody_fuel>
				<total_percent_cover unit="number" min="0" max="25">15.0</total_percent_cover>
				<depth unit="inches" min="0.5" max="3">1.5</depth>
			</all_downed_woody_fuel>
			<sound_wood>
				<loadings_zero_to_three_inches>
					<zero_to_quarter_inch unit="tons_per_acre" min="0" max="1.5" reference_id="5059">1.125</zero_to_quarter_inch>
					<quarter_inch_to_one_inch unit="tons_per_acre" min="0" max="2" reference_id="5059">2.25</quarter_inch_to_one_inch>
					<one_to_three_inches unit="tons_per_acre" min="0" max="3.7" reference_id="5059">1.9500000000000002</one_to_three_inches>
				</loadings_zero_to_three_inches>
				<loadings_greater_than_three_inches>
					<three_to_nine_inches unit="tons_per_acre" min="0" max="12" reference_id="5059">1.5</three_to_nine_inches>
					<nine_to_twenty_inches unit="tons_per_acre" min="0" max="5" reference_id="5059">1.5</nine_to_twenty_inches>
					<greater_than_twenty_inches unit="tons_per_acre" min="0" max="0" reference_id="5059">0.0</greater_than_twenty_inches>
				</loadings_greater_than_three_inches>
				<all_sound_wood>
					<species>
						<species_description>
							<tsn>19489</tsn>
							<relative_cover>40.00</relative_cover>
						</species_description>
						<species_description>
							<tsn>195773</tsn>
							<relative_cover>60.00</relative_cover>
						</species_description>
					</species>
				</all_sound_wood>
			</sound_wood>
			<rotten_wood>
				<loadings_greater_than_three_inches>
					<three_to_nine_inches unit="tons_per_acre" min="0" max="6" reference_id="5059">0.8</three_to_nine_inches>
					<nine_to_twenty_inches unit="tons_per_acre" min="0" max="4" reference_id="5059">0.5</nine_to_twenty_inches>
					<greater_than_twenty_inches unit="tons_per_acre" min="0" max="0" reference_id="5059">0.0</greater_than_twenty_inches>
				</loadings_greater_than_three_inches>
				<all_rotten_wood>
					<species>
						<species_description>
							<tsn>19489</tsn>
							<relative_cover>40.00</relative_cover>
						</species_description>
						<species_description>
							<tsn>195773</tsn>
							<relative_cover>60.00</relative_cover>
						</species_description>
					</species>
				</all_rotten_wood>
			</rotten_wood>
			<stumps>
				<sound>
					<stem_density unit="number_per_acre">292.5</stem_density>
					<diameter unit="inches" />
					<height unit="feet" />
					<species />
				</sound>
				<rotten>
					<stem_density unit="number_per_acre" min="0" max="75">10</stem_density>
					<diameter unit="inches" min="5" max="20">10</diameter>
					<height unit="feet" min="0.5" max="4.5">1</height>
					<species>
						<species_description>
							<tsn>183295</tsn>
							<relative_cover>40.00</relative_cover>
						</species_description>
						<species_description>
							<tsn>18032</tsn>
							<relative_cover>60.00</relative_cover>
						</species_description>
					</species>
				</rotten>
				<lightered_pitchy>
					<stem_density unit="number_per_acre" />
					<diameter unit="inches" />
					<height unit="feet" />
					<species />
				</lightered_pitchy>
			</stumps>
			<piles>
				<clean_loading unit="tons_per_acre">0.233521</clean_loading>
				<dirty_loading unit="tons_per_acre">0.000000</dirty_loading>
				<verydirty_loading unit="tons_per_acre">0.000000</verydirty_loading>
				<pileData>
					<header>pileGroupID,pileGroupName,numPiles,pileType,pileShape,W1,L1,H1,W2,L2,H2,soilPercent,packingRatio,handPileSpecies,species1_TSN,species1_percent,species2_TSN,species2_percent,pileQuality,percentConsumed</header>
					<pileGroups>
						<pileGroup>2,,2,1,5,5.00,5.00,3.00,,,,,,1,,,,,,90</pileGroup>
					</pileGroups>
				</pileData>
			</piles>
		</woody_fuel>
		<moss_lichen_litter>
			<moss>
				<percent_cover unit="number" min="0" max="30" reference_id="5006">5</percent_cover>
				<depth unit="inches" min="0.5" max="4">1</depth>
				<type>2</type>
			</moss>
			<ground_lichen>
				<percent_cover unit="number" min="0" max="30">5</percent_cover>
				<depth unit="inches" min="0.5" max="2">1</depth>
			</ground_lichen>
			<litter>
				<percent_cover unit="number" min="60" max="99">100</percent_cover>
				<depth unit="inches" min="1" max="3">3.5</depth>
				<arrangement>1</arrangement>
				<litter_type>
					<short_needle_pine>
						<relative_cover />
					</short_needle_pine>
					<long_needle_pine>
						<relative_cover />
					</long_needle_pine>
					<other_conifer>
						<relative_cover>5.00</relative_cover>
					</other_conifer>
					<broadleaf_deciduous>
						<relative_cover>95.00</relative_cover>
					</broadleaf_deciduous>
					<broadleaf_evergreen>
						<relative_cover />
					</broadleaf_evergreen>
					<palm_frond>
						<relative_cover />
					</palm_frond>
					<grass>
						<relative_cover />
					</grass>
				</litter_type>
			</litter>
		</moss_lichen_litter>
		<ground_fuel>
			<duff>
				<upper>
					<percent_cover unit="number" min="85" max="100" reference_id="5059">95</percent_cover>
					<depth unit="inches" min="0" max="4" reference_id="5059">2</depth>
					<derivation>1</derivation>
				</upper>
				<lower>
					<percent_cover unit="number" min="85" max="100" reference_id="5059" />
					<depth unit="inches" min="0" max="4" reference_id="5059" />
					<derivation />
					<loading unit="tons_per_acre" />
				</lower>
			</duff>
			<basal_accumulation>
				<radius unit="feet" />
				<depth unit="inches" />
				<number_per_unit_area unit="number_per_acre" />
				<type />
			</basal_accumulation>
			<squirrel_middens>
				<depth unit="inches" />
				<number_per_unit_area unit="number_per_acre" />
				<radius unit="feet" />
			</squirrel_middens>
		</ground_fuel>
	</fuelbed>
</FCCS_file>
