<?xml version="1.0"?>
<FCCS_file xmlns:xsi="http://www.w3.org/2001/XMLSchema-instance" xsi:noNamespaceSchemaLocation="cash.xsd" schemaVersion="1.4">
	<fuelbed_number>210_121</fuelbed_number>
	<fuelbed_name>Pinyon-Utah juniper woodland</fuelbed_name>
	<fuelbed_description>Pinyon pine and juniper are common associates in the woodlands of the Great Basin. These woodlands have an extensive distribution throughout the Southwest and are especially well developed on mesas, plateaus, piedmonts, slopes and ridges from Colorado, Utah, Nevada, and southeastern California through Arizona, New Mexico, and Texas. Utah juniper can be replaced by alligator juniper, Rocky Mountain juniper, one-seed juniper, or other juniper species in some sites.</fuelbed_description>
	<ecoregion>310,320,330,340</ecoregion>
	<vegetation_form>2</vegetation_form>
	<structural_class>1</structural_class>
	<cover_type>146,208</cover_type>
	<change_agent>2,3</change_agent>
	<natural_fire_regime>3</natural_fire_regime>
	<condition_class>2</condition_class>
	<user_name />
	<address />
	<affiliation />
	<phone />
	<file_owner_email />
	<notes />
	<site_photo />
	<date_collected>2003-09-17</date_collected>
	<fuelbed_confidence>4</fuelbed_confidence>
	<fuelbed>
		<canopy>
			<trees>
				<total_percent_cover unit="number" min="20" max="60">24.0</total_percent_cover>
				<overstory>
					<percent_cover unit="number" min="2" max="25">7.199999999999999</percent_cover>
					<height unit="feet" min="9" max="30" reference_id="5066">16</height>
					<height_to_live_crown unit="feet" min="1" max="5" reference_id="7000">3.5999999999999996</height_to_live_crown>
					<stem_density unit="number_per_acre" min="10" max="250" reference_id="7000">48.0</stem_density>
					<diameter_at_breast_height unit="inches" min="7" max="20" reference_id="5066">13</diameter_at_breast_height>
					<species>
						<species_description>
							<tsn>183336</tsn>
							<relative_cover>50.00</relative_cover>
						</species_description>
						<species_description>
							<tsn>194859</tsn>
							<relative_cover>50.00</relative_cover>
						</species_description>
					</species>
				</overstory>
				<midstory>
					<percent_cover unit="number" min="2" max="50">15.0</percent_cover>
					<height unit="feet" min="5" max="19" reference_id="5066">9</height>
					<height_to_live_crown unit="feet" min="0" max="3" reference_id="7000">1.2</height_to_live_crown>
					<stem_density unit="number_per_acre" min="5" max="950" reference_id="5066">93.0</stem_density>
					<diameter_at_breast_height unit="inches" min="1" max="15" reference_id="5066">6</diameter_at_breast_height>
					<species>
						<species_description>
							<tsn>183336</tsn>
							<relative_cover>50.00</relative_cover>
						</species_description>
						<species_description>
							<tsn>194859</tsn>
							<relative_cover>50.00</relative_cover>
						</species_description>
					</species>
				</midstory>
				<understory>
					<percent_cover unit="number">0.0</percent_cover>
					<height unit="feet" />
					<height_to_live_crown unit="feet">0.0</height_to_live_crown>
					<stem_density unit="number_per_acre">0.0</stem_density>
					<diameter_at_breast_height unit="inches" />
					<species />
				</understory>
			</trees>
			<snags>
				<class_1_conifers_with_foliage>
					<percent_cover unit="number">16.0</percent_cover>
					<height_to_crown_base unit="feet">3</height_to_crown_base>
					<stem_density unit="number_per_acre">94.0</stem_density>
					<diameter unit="inches">8.382978723404255</diameter>
					<height unit="feet">16</height>
					<species>
						<species_description>
							<tsn>183336</tsn>
							<relative_cover>50.00</relative_cover>
						</species_description>
						<species_description>
							<tsn>194859</tsn>
							<relative_cover>50.00</relative_cover>
						</species_description>
					</species>
				</class_1_conifers_with_foliage>
				<class_1_all_others>
					<stem_density unit="number_per_acre" />
					<diameter unit="inches" />
					<height unit="feet" />
					<species />
				</class_1_all_others>
				<class_2>
					<stem_density unit="number_per_acre" min="2" max="80" reference_id="5066">9</stem_density>
					<diameter unit="inches" min="4" max="25" reference_id="5066">12</diameter>
					<height unit="feet" min="5" max="28" reference_id="5066">13</height>
					<species>
						<species_description>
							<tsn>194859</tsn>
							<relative_cover>60.00</relative_cover>
						</species_description>
						<species_description>
							<tsn>183336</tsn>
							<relative_cover>40.00</relative_cover>
						</species_description>
					</species>
				</class_2>
				<class_3>
					<stem_density unit="number_per_acre" min="4" max="160" reference_id="5066">18</stem_density>
					<diameter unit="inches" min="4" max="25" reference_id="5066">12</diameter>
					<height unit="feet" min="5" max="28" reference_id="5066">13</height>
					<species>
						<species_description>
							<tsn>183336</tsn>
							<relative_cover>60.00</relative_cover>
						</species_description>
						<species_description>
							<tsn>194859</tsn>
							<relative_cover>40.00</relative_cover>
						</species_description>
					</species>
				</class_3>
			</snags>
			<ladder_fuels>
				<minimum_height unit="feet" min="0" max="3">1</minimum_height>
				<maximum_height unit="feet" min="5" max="19">9</maximum_height>
				<is_vertically_contiguous>1</is_vertically_contiguous>
				<type>7</type>
			</ladder_fuels>
		</canopy>
		<shrubs>
			<primary_layer>
				<percent_cover unit="number" min="5" max="35">5.0</percent_cover>
				<height unit="feet" min="2" max="6" reference_id="5083">0.75</height>
				<percent_live unit="number" min="70" max="100">21.25</percent_live>
				<species>
					<species_description>
						<tsn>35498</tsn>
						<relative_cover>25.00</relative_cover>
					</species_description>
					<species_description>
						<tsn>500971</tsn>
						<relative_cover>25.00</relative_cover>
					</species_description>
					<species_description>
						<tsn>25136</tsn>
						<relative_cover>20.00</relative_cover>
					</species_description>
					<species_description>
						<tsn>28779</tsn>
						<relative_cover>15.00</relative_cover>
					</species_description>
					<species_description>
						<tsn>25290</tsn>
						<relative_cover>15.00</relative_cover>
					</species_description>
				</species>
			</primary_layer>
			<secondary_layer>
				<percent_cover unit="number">0.0</percent_cover>
				<height unit="feet">0.0</height>
				<percent_live unit="number">0.0</percent_live>
				<species />
			</secondary_layer>
			<needle_drape>
				<is_sufficient_to_affect_fire_behavior>0</is_sufficient_to_affect_fire_behavior>
			</needle_drape>
		</shrubs>
		<herbaceous>
			<primary_layer>
				<percent_cover unit="number" min="2" max="25">2.5</percent_cover>
				<height unit="feet" min="0.5" max="2" reference_id="5083">0.25</height>
				<percent_live unit="number" min="80" max="100">22.5</percent_live>
				<loading unit="tons_per_acre" min="0.02" max="0.2" reference_id="450">0.025</loading>
				<species>
					<species_description>
						<tsn>41493</tsn>
						<relative_cover>40.00</relative_cover>
					</species_description>
					<species_description>
						<tsn>504467</tsn>
						<relative_cover>30.00</relative_cover>
					</species_description>
					<species_description>
						<tsn>502264</tsn>
						<relative_cover>10.00</relative_cover>
					</species_description>
					<species_description>
						<tsn>503284</tsn>
						<relative_cover>10.00</relative_cover>
					</species_description>
					<species_description>
						<tsn>507974</tsn>
						<relative_cover>10.00</relative_cover>
					</species_description>
				</species>
			</primary_layer>
			<secondary_layer>
				<percent_cover unit="number">0.0</percent_cover>
				<height unit="feet">0.0</height>
				<percent_live unit="number">0.0</percent_live>
				<loading unit="tons_per_acre">0.0</loading>
				<species />
			</secondary_layer>
		</herbaceous>
		<woody_fuel>
			<all_downed_woody_fuel>
				<total_percent_cover unit="number" min="30" max="75">12.5</total_percent_cover>
				<depth unit="inches" min="0.5" max="3">0.25</depth>
			</all_downed_woody_fuel>
			<sound_wood>
				<loadings_zero_to_three_inches>
					<zero_to_quarter_inch unit="tons_per_acre" min="0.05" max="0.4" reference_id="450">0.05</zero_to_quarter_inch>
					<quarter_inch_to_one_inch unit="tons_per_acre" min="0.05" max="0.6" reference_id="450">0.1</quarter_inch_to_one_inch>
					<one_to_three_inches unit="tons_per_acre" min="0" max="2.5" reference_id="450">0.25</one_to_three_inches>
				</loadings_zero_to_three_inches>
				<loadings_greater_than_three_inches>
					<three_to_nine_inches unit="tons_per_acre" min="0" max="4" reference_id="450">0.22499999999999998</three_to_nine_inches>
					<nine_to_twenty_inches unit="tons_per_acre" min="0" max="2" reference_id="450">0.0</nine_to_twenty_inches>
					<greater_than_twenty_inches unit="tons_per_acre" min="0" max="2" reference_id="450">0.0</greater_than_twenty_inches>
				</loadings_greater_than_three_inches>
				<all_sound_wood>
					<species>
						<species_description>
							<tsn>194859</tsn>
							<relative_cover>60.00</relative_cover>
						</species_description>
						<species_description>
							<tsn>183336</tsn>
							<relative_cover>40.00</relative_cover>
						</species_description>
					</species>
				</all_sound_wood>
			</sound_wood>
			<rotten_wood>
				<loadings_greater_than_three_inches>
					<three_to_nine_inches unit="tons_per_acre" min="0" max="1" reference_id="450">0.15000000000000002</three_to_nine_inches>
					<nine_to_twenty_inches unit="tons_per_acre" min="0" max="1.5" reference_id="450">0.15000000000000002</nine_to_twenty_inches>
					<greater_than_twenty_inches unit="tons_per_acre" min="0" max="1" reference_id="450">0.0</greater_than_twenty_inches>
				</loadings_greater_than_three_inches>
				<all_rotten_wood>
					<species>
						<species_description>
							<tsn>194859</tsn>
							<relative_cover>60.00</relative_cover>
						</species_description>
						<species_description>
							<tsn>183336</tsn>
							<relative_cover>40.00</relative_cover>
						</species_description>
					</species>
				</all_rotten_wood>
			</rotten_wood>
			<stumps>
				<sound>
					<stem_density unit="number_per_acre" />
					<diameter unit="inches" />
					<height unit="feet" />
					<species />
				</sound>
				<rotten>
					<stem_density unit="number_per_acre">0.0</stem_density>
					<diameter unit="inches">0.0</diameter>
					<height unit="feet">0.0</height>
					<species />
				</rotten>
				<lightered_pitchy>
					<stem_density unit="number_per_acre">0.0</stem_density>
					<diameter unit="inches">0.0</diameter>
					<height unit="feet">0.0</height>
					<species />
				</lightered_pitchy>
			</stumps>
			<piles>
				<clean_loading unit="tons_per_acre">0.0209625</clean_loading>
				<dirty_loading unit="tons_per_acre">0.0</dirty_loading>
				<verydirty_loading unit="tons_per_acre">0.0</verydirty_loading>
				<pileData>
					<header>pileGroupID,pileGroupName,numPiles,pileType,pileShape,W1,L1,H1,W2,L2,H2,soilPercent,packingRatio,handPileSpecies,species1_TSN,species1_percent,species2_TSN,species2_percent,pileQuality,percentConsumed</header>
					<pileGroups>
						<pileGroup>2,,4,1,5,3.00,5.00,2.00,,,,,,2,,,,,,90</pileGroup>
					</pileGroups>
				</pileData>
			</piles>
		</woody_fuel>
		<moss_lichen_litter>
			<moss>
				<percent_cover unit="number">0.0</percent_cover>
				<depth unit="inches">0.0</depth>
				<type />
			</moss>
			<ground_lichen>
				<percent_cover unit="number">0.0</percent_cover>
				<depth unit="inches">0.0</depth>
			</ground_lichen>
			<litter>
				<percent_cover unit="number" min="10" max="60" reference_id="450">7.5</percent_cover>
				<depth unit="inches" min="0.3" max="1.5" reference_id="450">0.125</depth>
				<arrangement>1</arrangement>
				<litter_type>
					<short_needle_pine>
						<relative_cover>85.00</relative_cover>
					</short_needle_pine>
					<long_needle_pine>
						<relative_cover />
					</long_needle_pine>
					<other_conifer>
						<relative_cover />
					</other_conifer>
					<broadleaf_deciduous>
						<relative_cover>10.00</relative_cover>
					</broadleaf_deciduous>
					<broadleaf_evergreen>
						<relative_cover />
					</broadleaf_evergreen>
					<palm_frond>
						<relative_cover />
					</palm_frond>
					<grass>
						<relative_cover>5.00</relative_cover>
					</grass>
				</litter_type>
			</litter>
		</moss_lichen_litter>
		<ground_fuel>
			<duff>
				<upper>
					<percent_cover unit="number" min="10" max="80" reference_id="1359">5.0</percent_cover>
					<depth unit="inches" min="0" max="1" reference_id="1359">0.05</depth>
					<derivation>1</derivation>
				</upper>
				<lower>
					<percent_cover unit="number" min="10" max="80" reference_id="1359">0.0</percent_cover>
					<depth unit="inches" min="0" max="1" reference_id="1359">0.0</depth>
					<derivation />
					<loading unit="tons_per_acre" />
				</lower>
			</duff>
			<basal_accumulation>
				<radius unit="feet">0.0</radius>
				<depth unit="inches">0.0</depth>
				<number_per_unit_area unit="number_per_acre">0.0</number_per_unit_area>
				<type />
			</basal_accumulation>
			<squirrel_middens>
				<depth unit="inches">0.0</depth>
				<number_per_unit_area unit="number_per_acre">0.0</number_per_unit_area>
				<radius unit="feet">0.0</radius>
			</squirrel_middens>
		</ground_fuel>
	</fuelbed>
</FCCS_file>
