<?xml version="1.0"?>
<FCCS_file xmlns:xsi="http://www.w3.org/2001/XMLSchema-instance" xsi:noNamespaceSchemaLocation="cash.xsd" schemaVersion="1.4">
	<fuelbed_number>212_112</fuelbed_number>
	<fuelbed_name>Ponderosa pine forest - post thin</fuelbed_name>
	<fuelbed_description>Fire-excluded ponderosa pine forest has been selectively thinned to recreate an open stand of pine. Mistletoe-infested trees have been removed and the stand is prepared for prescribed burn treatment. This fuelbed was developed based on data from Lake Roosevelt National Recreation Area.</fuelbed_description>
	<ecoregion>330</ecoregion>
	<vegetation_form>2</vegetation_form>
	<structural_class>1</structural_class>
	<cover_type>144</cover_type>
	<change_agent>12,14</change_agent>
	<natural_fire_regime>1</natural_fire_regime>
	<condition_class>2</condition_class>
	<user_name />
	<address />
	<affiliation />
	<phone />
	<file_owner_email />
	<notes />
	<site_photo />
	<date_collected>2003-09-17</date_collected>
	<fuelbed_confidence>3</fuelbed_confidence>
	<fuelbed>
		<canopy>
			<trees>
				<total_percent_cover unit="number" min="20" max="60">36.0</total_percent_cover>
				<overstory>
					<percent_cover unit="number" min="20" max="60">36.0</percent_cover>
					<height unit="feet" min="30" max="150">100</height>
					<height_to_live_crown unit="feet" min="20" max="70">47.300000000000004</height_to_live_crown>
					<stem_density unit="number_per_acre" min="20" max="120">70.2</stem_density>
					<diameter_at_breast_height unit="inches" min="6" max="25">12</diameter_at_breast_height>
					<species>
						<species_description>
							<tsn>183365</tsn>
							<relative_cover>100.00</relative_cover>
						</species_description>
					</species>
				</overstory>
				<midstory>
					<percent_cover unit="number">0.0</percent_cover>
					<height unit="feet" />
					<height_to_live_crown unit="feet">0.0</height_to_live_crown>
					<stem_density unit="number_per_acre">0.0</stem_density>
					<diameter_at_breast_height unit="inches" />
					<species />
				</midstory>
				<understory>
					<percent_cover unit="number" min="0" max="50">16.0</percent_cover>
					<height unit="feet" min="1" max="40" reference_id="1335">7.3</height>
					<height_to_live_crown unit="feet" min="0" max="25">0.8</height_to_live_crown>
					<stem_density unit="number_per_acre" min="0" max="4500" reference_id="1335">920.0</stem_density>
					<diameter_at_breast_height unit="inches" min="0.5" max="6" reference_id="1335">1.5</diameter_at_breast_height>
					<species>
						<species_description>
							<tsn>183365</tsn>
							<relative_cover>100.00</relative_cover>
						</species_description>
					</species>
				</understory>
			</trees>
			<snags>
				<class_1_conifers_with_foliage>
					<percent_cover unit="number"></percent_cover>
					<height_to_crown_base unit="feet"></height_to_crown_base>
					<stem_density unit="number_per_acre"></stem_density>
					<diameter unit="inches"></diameter>
					<height unit="feet"></height>
					<species />
				</class_1_conifers_with_foliage>
				<class_1_all_others>
					<stem_density unit="number_per_acre"></stem_density>
					<diameter unit="inches"></diameter>
					<height unit="feet"></height>
					<species />
				</class_1_all_others>
				<class_2>
					<stem_density unit="number_per_acre" min="0" max="10" reference_id="1335">7.800000000000001</stem_density>
					<diameter unit="inches" min="6" max="25" reference_id="1335">12.0</diameter>
					<height unit="feet" min="30" max="150">100</height>
					<species>
						<species_description>
							<tsn>183365</tsn>
							<relative_cover>100.00</relative_cover>
						</species_description>
					</species>
				</class_2>
				<class_3>
					<stem_density unit="number_per_acre" min="0" max="20">4</stem_density>
					<diameter unit="inches" min="6" max="25">13</diameter>
					<height unit="feet" min="6" max="120">100</height>
					<species>
						<species_description>
							<tsn>183365</tsn>
							<relative_cover>100.00</relative_cover>
						</species_description>
					</species>
				</class_3>
			</snags>
			<ladder_fuels>
				<minimum_height unit="feet" min="0" max="25">0.8</minimum_height>
				<maximum_height unit="feet" min="1" max="40">7.3</maximum_height>
				<is_vertically_contiguous>0</is_vertically_contiguous>
				<type>7</type>
			</ladder_fuels>
		</canopy>
		<shrubs>
			<primary_layer>
				<percent_cover unit="number">0.0</percent_cover>
				<height unit="feet">0.0</height>
				<percent_live unit="number">0.0</percent_live>
				<species />
			</primary_layer>
			<secondary_layer>
				<percent_cover unit="number">0.0</percent_cover>
				<height unit="feet">0.0</height>
				<percent_live unit="number">0.0</percent_live>
				<species />
			</secondary_layer>
			<needle_drape>
				<is_sufficient_to_affect_fire_behavior />
			</needle_drape>
		</shrubs>
		<herbaceous>
			<primary_layer>
				<percent_cover unit="number" min="2" max="20">7.0</percent_cover>
				<height unit="feet" min="0.1" max="2">0.7</height>
				<percent_live unit="number" min="50" max="100">80.0</percent_live>
				<loading unit="tons_per_acre" min="0" max="0.5">0.05</loading>
				<species>
					<species_description>
						<tsn>26331</tsn>
						<relative_cover>28.00</relative_cover>
					</species_description>
					<species_description>
						<tsn>36818</tsn>
						<relative_cover>13.00</relative_cover>
					</species_description>
					<species_description>
						<tsn>37728</tsn>
						<relative_cover>13.00</relative_cover>
					</species_description>
					<species_description>
						<tsn>508111</tsn>
						<relative_cover>12.00</relative_cover>
					</species_description>
					<species_description>
						<tsn>26112</tsn>
						<relative_cover>8.00</relative_cover>
					</species_description>
					<species_description>
						<tsn>24634</tsn>
						<relative_cover>6.00</relative_cover>
					</species_description>
					<species_description>
						<tsn>35423</tsn>
						<relative_cover>6.00</relative_cover>
					</species_description>
					<species_description>
						<tsn>36745</tsn>
						<relative_cover>6.00</relative_cover>
					</species_description>
					<species_description>
						<tsn>185162</tsn>
						<relative_cover>5.00</relative_cover>
					</species_description>
					<species_description>
						<tsn>37398</tsn>
						<relative_cover>3.00</relative_cover>
					</species_description>
				</species>
			</primary_layer>
			<secondary_layer>
				<percent_cover unit="number" min="1" max="40">9.0</percent_cover>
				<height unit="feet" min="0.1" max="2">0.7</height>
				<percent_live unit="number" min="55" max="100">85.0</percent_live>
				<loading unit="tons_per_acre" min="0.01" max="1">0.01</loading>
				<species>
					<species_description>
						<tsn>40524</tsn>
						<relative_cover>21.00</relative_cover>
					</species_description>
					<species_description>
						<tsn>504637</tsn>
						<relative_cover>18.00</relative_cover>
					</species_description>
					<species_description>
						<tsn>42262</tsn>
						<relative_cover>15.00</relative_cover>
					</species_description>
					<species_description>
						<tsn>503284</tsn>
						<relative_cover>13.00</relative_cover>
					</species_description>
					<species_description>
						<tsn>525107</tsn>
						<relative_cover>11.00</relative_cover>
					</species_description>
					<species_description>
						<tsn>39786</tsn>
						<relative_cover>9.00</relative_cover>
					</species_description>
					<species_description>
						<tsn>40684</tsn>
						<relative_cover>6.00</relative_cover>
					</species_description>
					<species_description>
						<tsn>41116</tsn>
						<relative_cover>5.00</relative_cover>
					</species_description>
					<species_description>
						<tsn>40816</tsn>
						<relative_cover>2.00</relative_cover>
					</species_description>
				</species>
			</secondary_layer>
		</herbaceous>
		<woody_fuel>
			<all_downed_woody_fuel>
				<total_percent_cover unit="number" min="45" max="100">53.125</total_percent_cover>
				<depth unit="inches" min="0.1" max="7">3.125</depth>
			</all_downed_woody_fuel>
			<sound_wood>
				<loadings_zero_to_three_inches>
					<zero_to_quarter_inch unit="tons_per_acre" min="0" max="2.5" reference_id="1335">0.625</zero_to_quarter_inch>
					<quarter_inch_to_one_inch unit="tons_per_acre" min="0.2" max="6" reference_id="1335">2.0</quarter_inch_to_one_inch>
					<one_to_three_inches unit="tons_per_acre" min="0.5" max="6" reference_id="1335">1.875</one_to_three_inches>
				</loadings_zero_to_three_inches>
				<loadings_greater_than_three_inches>
					<three_to_nine_inches unit="tons_per_acre" min="7" max="100" reference_id="1335">27.0</three_to_nine_inches>
					<nine_to_twenty_inches unit="tons_per_acre" min="1" max="10" reference_id="1335">2.0250000000000004</nine_to_twenty_inches>
					<greater_than_twenty_inches unit="tons_per_acre" min="0" max="10" reference_id="1335">0.0</greater_than_twenty_inches>
				</loadings_greater_than_three_inches>
				<all_sound_wood>
					<species>
						<species_description>
							<tsn>183365</tsn>
							<relative_cover>100.00</relative_cover>
						</species_description>
					</species>
				</all_sound_wood>
			</sound_wood>
			<rotten_wood>
				<loadings_greater_than_three_inches>
					<three_to_nine_inches unit="tons_per_acre" min="0.7" max="5" reference_id="1335">10.53</three_to_nine_inches>
					<nine_to_twenty_inches unit="tons_per_acre" min="0.5" max="2" reference_id="1335">1.5750000000000002</nine_to_twenty_inches>
					<greater_than_twenty_inches unit="tons_per_acre" min="0" max="2" reference_id="1335">0.0</greater_than_twenty_inches>
				</loadings_greater_than_three_inches>
				<all_rotten_wood>
					<species>
						<species_description>
							<tsn>183365</tsn>
							<relative_cover>100.00</relative_cover>
						</species_description>
					</species>
				</all_rotten_wood>
			</rotten_wood>
			<stumps>
				<sound>
					<stem_density unit="number_per_acre" min="20" max="150" reference_id="1335">95</stem_density>
					<diameter unit="inches" min="6" max="50" reference_id="1335">11.6</diameter>
					<height unit="feet" min="0.1" max="4">0.8</height>
					<species>
						<species_description>
							<tsn>183365</tsn>
							<relative_cover>100.00</relative_cover>
						</species_description>
					</species>
				</sound>
				<rotten>
					<stem_density unit="number_per_acre" min="0" max="30">5.4</stem_density>
					<diameter unit="inches" min="3" max="25">11.700000000000001</diameter>
					<height unit="feet" min="0.25" max="3">0.45</height>
					<species>
						<species_description>
							<tsn>183365</tsn>
							<relative_cover>100.00</relative_cover>
						</species_description>
					</species>
				</rotten>
				<lightered_pitchy>
					<stem_density unit="number_per_acre">0.0</stem_density>
					<diameter unit="inches">0.0</diameter>
					<height unit="feet">0.0</height>
					<species />
				</lightered_pitchy>
			</stumps>
			<piles>
				<clean_loading unit="tons_per_acre">0.52391775</clean_loading>
				<dirty_loading unit="tons_per_acre">0.0</dirty_loading>
				<verydirty_loading unit="tons_per_acre">0.0</verydirty_loading>
				<pileData>
					<header>pileGroupID,pileGroupName,numPiles,pileType,pileShape,W1,L1,H1,W2,L2,H2,soilPercent,packingRatio,handPileSpecies,species1_TSN,species1_percent,species2_TSN,species2_percent,pileQuality,percentConsumed</header>
					<pileGroups>
						<pileGroup>1,,8,1,5,8.00,8.00,3.00,,,,,,2,,,,,,90</pileGroup>
					</pileGroups>
				</pileData>
			</piles>
		</woody_fuel>
		<moss_lichen_litter>
			<moss>
				<percent_cover unit="number" min="0" max="30" reference_id="1335">5.25</percent_cover>
				<depth unit="inches" min="0.1" max="0.5">0.07500000000000001</depth>
				<type>2</type>
			</moss>
			<ground_lichen>
				<percent_cover unit="number" min="0" max="10" reference_id="1335">0.375</percent_cover>
				<depth unit="inches" min="0.1" max="0.5">0.07500000000000001</depth>
			</ground_lichen>
			<litter>
				<percent_cover unit="number" min="50" max="100">89.97749999999999</percent_cover>
				<depth unit="inches" min="0.1" max="2" reference_id="1335">0.29992499999999994</depth>
				<arrangement>1</arrangement>
				<litter_type>
					<short_needle_pine>
						<relative_cover />
					</short_needle_pine>
					<long_needle_pine>
						<relative_cover>99.00</relative_cover>
					</long_needle_pine>
					<other_conifer>
						<relative_cover />
					</other_conifer>
					<broadleaf_deciduous>
						<relative_cover />
					</broadleaf_deciduous>
					<broadleaf_evergreen>
						<relative_cover />
					</broadleaf_evergreen>
					<palm_frond>
						<relative_cover />
					</palm_frond>
					<grass>
						<relative_cover>1.00</relative_cover>
					</grass>
				</litter_type>
			</litter>
		</moss_lichen_litter>
		<ground_fuel>
			<duff>
				<upper>
					<percent_cover unit="number" min="50" max="100">67.5</percent_cover>
					<depth unit="inches" min="0.1" max="2" reference_id="1335">1.125</depth>
					<derivation>1</derivation>
				</upper>
				<lower>
					<percent_cover unit="number" min="50" max="100">0.0</percent_cover>
					<depth unit="inches" min="0.5" max="2.5" reference_id="1335">0.0</depth>
					<derivation />
					<loading unit="tons_per_acre" />
				</lower>
			</duff>
			<basal_accumulation>
				<radius unit="feet" min="0.33" max="4">0.75</radius>
				<depth unit="inches" min="0.3" max="4">0.75</depth>
				<number_per_unit_area unit="number_per_acre">23.4</number_per_unit_area>
				<type>1</type>
			</basal_accumulation>
			<squirrel_middens>
				<depth unit="inches">0.0</depth>
				<number_per_unit_area unit="number_per_acre">0.0</number_per_unit_area>
				<radius unit="feet">0.0</radius>
			</squirrel_middens>
		</ground_fuel>
	</fuelbed>
</FCCS_file>
