<?xml version="1.0"?>
<FCCS_file xmlns:xsi="http://www.w3.org/2001/XMLSchema-instance" schemaVersion="1.4" xsi:schemaLocation="conf\\us.fed.fs.fera.fccs.xsd">
	<fuelbed_number>419_212</fuelbed_number>
	<fuelbed_name>Blackjack oak-post oak/bluestem savanna</fuelbed_name>
	<fuelbed_description>Acidic forest, woodland and glade vegetation of the Llano Uplift region in Texas. These systems are characterized by forest and woodland patches dominated by evergreen oaks interspersed with grasslands and sparsely vegetated rock outcrops. This fuelbed represents the woodland structure of the system.</fuelbed_description>
	<ecoregion>320,310</ecoregion>
	<vegetation_form>5</vegetation_form>
	<structural_class>4</structural_class>
	<cover_type>47</cover_type>
	<change_agent>18</change_agent>
	<natural_fire_regime />
	<condition_class />
	<user_name />
	<address />
	<affiliation />
	<phone />
	<file_owner_email />
	<notes>Created from LF_411 for EVT 2410. Altered canopy, shrub and nonwoody structure and species composition based on EVT descriptions and NatureServe association descriptions. Reduced NW load based on reivews.</notes>
	<date_collected>Sep 19, 2011</date_collected>
	<fuelbed_confidence />
	<fuelbed>
		<canopy>
			<trees>
				<total_percent_cover unit="number" min="0" max="60">17.0</total_percent_cover>
				<overstory>
					<percent_cover unit="number" min="0" max="20">11.25</percent_cover>
					<height unit="feet" min="35" max="55">30</height>
					<height_to_live_crown unit="feet" min="5" max="25">12.5</height_to_live_crown>
					<stem_density unit="number_per_acre" min="0" max="40">15.0</stem_density>
					<diameter_at_breast_height unit="inches" min="6" max="12">9.9</diameter_at_breast_height>
					<species>
						<species_description>
							<tsn>19374</tsn>
							<relative_cover>40</relative_cover>
						</species_description>
						<species_description>
							<tsn>19422</tsn>
							<relative_cover>20</relative_cover>
						</species_description>
						<species_description>
							<tsn>19276</tsn>
							<relative_cover>40</relative_cover>
						</species_description>
					</species>
				</overstory>
				<midstory>
					<percent_cover unit="number" min="0" max="40">7.5</percent_cover>
					<height unit="feet" min="25" max="40">15</height>
					<height_to_live_crown unit="feet" min="2" max="15">12.5</height_to_live_crown>
					<stem_density unit="number_per_acre" min="0" max="200">75.0</stem_density>
					<diameter_at_breast_height unit="inches" min="2" max="6" reference_id="5066">4.4</diameter_at_breast_height>
					<species>
						<species_description>
							<tsn>19276</tsn>
							<relative_cover>40</relative_cover>
						</species_description>
						<species_description>
							<tsn>19048</tsn>
							<relative_cover>30</relative_cover>
						</species_description>
						<species_description>
							<tsn>32928</tsn>
							<relative_cover>30</relative_cover>
						</species_description>
					</species>
				</midstory>
				<understory>
					<percent_cover unit="number">0.0</percent_cover>
					<height unit="feet" />
					<height_to_live_crown unit="feet" />
					<stem_density unit="number_per_acre">0.0</stem_density>
					<diameter_at_breast_height unit="inches" />
					<species />
				</understory>
			</trees>
			<snags>
				<class_1_conifers_with_foliage>
					<percent_cover unit="number" />
					<height_to_crown_base unit="feet" />
					<stem_density unit="number_per_acre" />
					<diameter unit="inches" />
					<height unit="feet" />
					<species />
				</class_1_conifers_with_foliage>
				<class_1_all_others>
					<stem_density unit="number_per_acre" />
					<diameter unit="inches" />
					<height unit="feet" />
					<species />
				</class_1_all_others>
				<class_2>
					<stem_density unit="number_per_acre" min="0" max="5">2</stem_density>
					<diameter unit="inches" min="4" max="10" reference_id="5066">6.5</diameter>
					<height unit="feet" min="10" max="30">20</height>
					<species>
						<species_description>
							<tsn>19276</tsn>
							<relative_cover>100</relative_cover>
						</species_description>
					</species>
				</class_2>
				<class_3>
					<stem_density unit="number_per_acre" min="0" max="5">2</stem_density>
					<diameter unit="inches" min="4" max="10" reference_id="5066">6.5</diameter>
					<height unit="feet" min="10" max="25">15</height>
					<species>
						<species_description>
							<tsn>19276</tsn>
							<relative_cover>100</relative_cover>
						</species_description>
					</species>
				</class_3>
			</snags>
			<ladder_fuels>
				<minimum_height unit="feet" />
				<maximum_height unit="feet" />
				<is_vertically_contiguous />
				<type />
			</ladder_fuels>
		</canopy>
		<shrubs>
			<primary_layer>
				<percent_cover unit="number" min="0" max="60">24.750000000000004</percent_cover>
				<height unit="feet" min="4" max="10" reference_id="5083">6</height>
				<percent_live unit="number" min="80" max="95">90.0</percent_live>
				<species>
					<species_description>
						<tsn>23855</tsn>
						<relative_cover>20</relative_cover>
					</species_description>
					<species_description>
						<tsn>28714</tsn>
						<relative_cover>20</relative_cover>
					</species_description>
					<species_description>
						<tsn>26879</tsn>
						<relative_cover>20</relative_cover>
					</species_description>
					<species_description>
						<tsn>19686</tsn>
						<relative_cover>20</relative_cover>
					</species_description>
					<species_description>
						<tsn>43139</tsn>
						<relative_cover>20</relative_cover>
					</species_description>
				</species>
			</primary_layer>
			<secondary_layer>
				<percent_cover unit="number">0.0</percent_cover>
				<height unit="feet" />
				<percent_live unit="number">0.0</percent_live>
				<species />
			</secondary_layer>
			<needle_drape>
				<is_sufficient_to_affect_fire_behavior>0</is_sufficient_to_affect_fire_behavior>
			</needle_drape>
		</shrubs>
		<herbaceous>
			<primary_layer>
				<percent_cover unit="number" min="5" max="60">14.0625</percent_cover>
				<height unit="feet" min="2" max="6">3</height>
				<loading unit="tons_per_acre" min="0.05" max="2.5">0.215625</loading>
				<percent_live unit="number" min="70" max="95">79.98</percent_live>
				<species>
					<species_description>
						<tsn>530264</tsn>
						<relative_cover>30</relative_cover>
					</species_description>
					<species_description>
						<tsn>41491</tsn>
						<relative_cover>30.00</relative_cover>
					</species_description>
					<species_description>
						<tsn>42102</tsn>
						<relative_cover>25</relative_cover>
					</species_description>
					<species_description>
						<tsn>507082</tsn>
						<relative_cover>15</relative_cover>
					</species_description>
				</species>
			</primary_layer>
			<secondary_layer>
				<percent_cover unit="number">0.0</percent_cover>
				<height unit="feet" />
				<loading unit="tons_per_acre">0.0</loading>
				<percent_live unit="number">0.0</percent_live>
				<species />
			</secondary_layer>
		</herbaceous>
		<woody_fuel>
			<all_downed_woody_fuel>
				<total_percent_cover unit="number" min="0" max="30">9.375</total_percent_cover>
				<depth unit="inches" min="0" max="2">0.28125</depth>
			</all_downed_woody_fuel>
			<sound_wood>
				<all_sound_wood>
					<species>
						<species_description>
							<tsn>19276</tsn>
							<relative_cover>100</relative_cover>
						</species_description>
					</species>
				</all_sound_wood>
				<loadings_zero_to_three_inches>
					<zero_to_quarter_inch unit="tons_per_acre" min="0" max="0.5" reference_id="459">0.375</zero_to_quarter_inch>
					<quarter_inch_to_one_inch unit="tons_per_acre" min="0" max="1" reference_id="459">0.75</quarter_inch_to_one_inch>
					<one_to_three_inches unit="tons_per_acre" min="0" max="3" reference_id="459">0.75</one_to_three_inches>
				</loadings_zero_to_three_inches>
				<loadings_greater_than_three_inches>
					<three_to_nine_inches unit="tons_per_acre" min="0" max="3">0.15000000000000002</three_to_nine_inches>
					<nine_to_twenty_inches unit="tons_per_acre" min="0" max="0" reference_id="459">0.0</nine_to_twenty_inches>
					<greater_than_twenty_inches unit="tons_per_acre" min="0" max="0" reference_id="459">0.0</greater_than_twenty_inches>
				</loadings_greater_than_three_inches>
			</sound_wood>
			<rotten_wood>
				<all_rotten_wood>
					<species />
				</all_rotten_wood>
				<loadings_greater_than_three_inches>
					<three_to_nine_inches unit="tons_per_acre">0.05</three_to_nine_inches>
					<nine_to_twenty_inches unit="tons_per_acre">0.0</nine_to_twenty_inches>
					<greater_than_twenty_inches unit="tons_per_acre">0.0</greater_than_twenty_inches>
				</loadings_greater_than_three_inches>
			</rotten_wood>
			<stumps>
				<sound>
					<stem_density unit="number_per_acre">30.0</stem_density>
					<diameter unit="inches" />
					<height unit="feet" />
					<species />
				</sound>
				<rotten>
					<stem_density unit="number_per_acre" />
					<diameter unit="inches" />
					<height unit="feet" />
					<species />
				</rotten>
				<lightered_pitchy>
					<stem_density unit="number_per_acre" />
					<diameter unit="inches" />
					<height unit="feet" />
					<species />
				</lightered_pitchy>
			</stumps>
		</woody_fuel>
		<moss_lichen_litter>
			<moss>
				<type />
				<percent_cover unit="number" />
				<depth unit="inches" />
			</moss>
			<ground_lichen>
				<percent_cover unit="number" min="0" max="25">10</percent_cover>
				<depth unit="inches" min="0" max="0.5">0.25</depth>
			</ground_lichen>
			<litter>
				<percent_cover unit="number" min="0" max="60">18.75</percent_cover>
				<depth unit="inches" min="0" max="1">0.625</depth>
				<arrangement>1</arrangement>
				<litter_type>
					<short_needle_pine>
						<relative_cover />
					</short_needle_pine>
					<long_needle_pine>
						<relative_cover />
					</long_needle_pine>
					<other_conifer>
						<relative_cover />
					</other_conifer>
					<broadleaf_deciduous>
						<relative_cover />
					</broadleaf_deciduous>
					<broadleaf_evergreen>
						<relative_cover>100.0</relative_cover>
					</broadleaf_evergreen>
					<palm_frond>
						<relative_cover />
					</palm_frond>
					<grass>
						<relative_cover />
					</grass>
				</litter_type>
			</litter>
		</moss_lichen_litter>
		<ground_fuel>
			<duff>
				<upper>
					<depth unit="inches" min="0" max="0.8" />
					<percent_cover unit="number" min="0" max="60" />
					<derivation />
					<loading unit="tons_per_acre" />
				</upper>
				<lower>
					<depth unit="inches" min="0" max="0.8" />
					<percent_cover unit="number" min="0" max="60" />
					<derivation />
					<loading unit="tons_per_acre" />
				</lower>
			</duff>
			<squirrel_middens>
				<depth unit="inches" />
				<radius unit="feet" />
				<number_per_unit_area unit="number_per_acre" />
			</squirrel_middens>
			<basal_accumulation>
				<depth unit="inches" />
				<radius unit="feet" />
				<number_per_unit_area unit="number_per_acre" />
				<type />
			</basal_accumulation>
		</ground_fuel>
	</fuelbed>
</FCCS_file>
