<?xml version="1.0"?>
<FCCS_file xmlns:xsi="http://www.w3.org/2001/XMLSchema-instance" schemaVersion="1.4" xsi:schemaLocation="conf\\us.fed.fs.fera.fccs.xsd">
	<fuelbed_number>242_121</fuelbed_number>
	<fuelbed_name>Longleaf-loblolly pine forest with hurricane damage - post prescribed burn</fuelbed_name>
	<fuelbed_description>Sixty-five year-old longleaf pine or loblolly pine forests damaged by windthrow associated with hurricanes along the southeastern Atlantic and Gulf coasts. This fuelbed was treated with prescribed headfires 6 months earlier in the spring to reduce fuel loads</fuelbed_description>
	<ecoregion>230</ecoregion>
	<vegetation_form>2</vegetation_form>
	<structural_class>7</structural_class>
	<cover_type>66,70,67</cover_type>
	<change_agent>8</change_agent>
	<natural_fire_regime>1</natural_fire_regime>
	<condition_class>2</condition_class>
	<user_name />
	<address />
	<affiliation />
	<phone />
	<file_owner_email />
	<notes />
	<date_collected>Sep 8, 2011</date_collected>
	<fuelbed_confidence />
	<fuelbed>
		<canopy>
			<trees>
				<total_percent_cover unit="number" min="15" max="85" reference_id="5000">39.0</total_percent_cover>
				<overstory>
					<percent_cover unit="number" min="25" max="70" reference_id="5000">27.0</percent_cover>
					<height unit="feet" min="65" max="100">80</height>
					<height_to_live_crown unit="feet" min="25" max="75" reference_id="5000">60.0</height_to_live_crown>
					<stem_density unit="number_per_acre" min="30" max="150">51.0</stem_density>
					<diameter_at_breast_height unit="inches" min="8" max="15">11</diameter_at_breast_height>
					<species>
						<species_description>
							<tsn>18037</tsn>
							<relative_cover>50.00</relative_cover>
						</species_description>
						<species_description>
							<tsn>18038</tsn>
							<relative_cover>50.00</relative_cover>
						</species_description>
					</species>
				</overstory>
				<midstory>
					<percent_cover unit="number" min="15" max="85" reference_id="5000">39.0</percent_cover>
					<height unit="feet" min="40" max="65" reference_id="5004">55</height>
					<height_to_live_crown unit="feet" min="25" max="45" reference_id="5000">42.0</height_to_live_crown>
					<stem_density unit="number_per_acre" min="50" max="150">60.0</stem_density>
					<diameter_at_breast_height unit="inches" min="3" max="8" reference_id="5000">6</diameter_at_breast_height>
					<species>
						<species_description>
							<tsn>18037</tsn>
							<relative_cover>50.00</relative_cover>
						</species_description>
						<species_description>
							<tsn>18038</tsn>
							<relative_cover>50.00</relative_cover>
						</species_description>
					</species>
				</midstory>
				<understory>
					<percent_cover unit="number">0.0</percent_cover>
					<height unit="feet" />
					<height_to_live_crown unit="feet">0.0</height_to_live_crown>
					<stem_density unit="number_per_acre">0.0</stem_density>
					<diameter_at_breast_height unit="inches" />
					<species />
				</understory>
			</trees>
			<snags>
				<class_1_conifers_with_foliage>
					<percent_cover unit="number" min="0" max="40">27.94727</percent_cover>
					<height_to_crown_base unit="feet" min="0" max="40">26.68</height_to_crown_base>
					<stem_density unit="number_per_acre" min="10" max="70" reference_id="5000">104.0</stem_density>
					<diameter unit="inches" min="6" max="15">8.297297297297296</diameter>
					<height unit="feet" min="15" max="95">40</height>
					<species>
						<species_description>
							<tsn>18038</tsn>
							<relative_cover>50.00</relative_cover>
						</species_description>
						<species_description>
							<tsn>18037</tsn>
							<relative_cover>50</relative_cover>
						</species_description>
					</species>
				</class_1_conifers_with_foliage>
				<class_1_all_others>
					<stem_density unit="number_per_acre" />
					<diameter unit="inches" />
					<height unit="feet" />
					<species />
				</class_1_all_others>
				<class_2>
					<stem_density unit="number_per_acre" />
					<diameter unit="inches" />
					<height unit="feet" />
					<species />
				</class_2>
				<class_3>
					<stem_density unit="number_per_acre" />
					<diameter unit="inches" />
					<height unit="feet" />
					<species />
				</class_3>
			</snags>
			<ladder_fuels>
				<minimum_height unit="feet" />
				<maximum_height unit="feet" />
				<is_vertically_contiguous />
				<type />
			</ladder_fuels>
		</canopy>
		<shrubs>
			<primary_layer>
				<percent_cover unit="number" min="0" max="50">6.25</percent_cover>
				<height unit="feet" min="1" max="8">1.25</height>
				<percent_live unit="number" min="0" max="25" reference_id="5000">1.25</percent_live>
				<species>
					<species_description>
						<tsn>23558</tsn>
						<relative_cover>25.00</relative_cover>
					</species_description>
					<species_description>
						<tsn>23571</tsn>
						<relative_cover>25.00</relative_cover>
					</species_description>
					<species_description>
						<tsn>23659</tsn>
						<relative_cover>25.00</relative_cover>
					</species_description>
					<species_description>
						<tsn>27981</tsn>
						<relative_cover>25.00</relative_cover>
					</species_description>
				</species>
			</primary_layer>
			<secondary_layer>
				<percent_cover unit="number">0.0</percent_cover>
				<height unit="feet">0.0</height>
				<percent_live unit="number">0.0</percent_live>
				<species />
			</secondary_layer>
			<needle_drape>
				<is_sufficient_to_affect_fire_behavior>0</is_sufficient_to_affect_fire_behavior>
			</needle_drape>
		</shrubs>
		<herbaceous>
			<primary_layer>
				<percent_cover unit="number" min="25" max="100" reference_id="5000">12.5</percent_cover>
				<height unit="feet" min="0.5" max="3" reference_id="5000">0.5</height>
				<loading unit="tons_per_acre" min="0" max="5">0.075</loading>
				<percent_live unit="number" min="0" max="25" reference_id="5000">3.75</percent_live>
				<species>
					<species_description>
						<tsn>40450</tsn>
						<relative_cover>100.00</relative_cover>
					</species_description>
				</species>
			</primary_layer>
			<secondary_layer>
				<percent_cover unit="number">0.0</percent_cover>
				<height unit="feet">0.0</height>
				<loading unit="tons_per_acre">0.0</loading>
				<percent_live unit="number">0.0</percent_live>
				<species />
			</secondary_layer>
		</herbaceous>
		<woody_fuel>
			<all_downed_woody_fuel>
				<total_percent_cover unit="number" min="50" max="90" reference_id="5000">18.75</total_percent_cover>
				<depth unit="inches" min="1" max="20" reference_id="5000">0.75</depth>
			</all_downed_woody_fuel>
			<sound_wood>
				<all_sound_wood>
					<species>
						<species_description>
							<tsn>18038</tsn>
							<relative_cover>50.00</relative_cover>
						</species_description>
						<species_description>
							<tsn>18037</tsn>
							<relative_cover>50.00</relative_cover>
						</species_description>
					</species>
				</all_sound_wood>
				<loadings_zero_to_three_inches>
					<zero_to_quarter_inch unit="tons_per_acre" min="0" max="0.07" reference_id="5004">0.005</zero_to_quarter_inch>
					<quarter_inch_to_one_inch unit="tons_per_acre" min="0.5" max="2" reference_id="5004">0.375</quarter_inch_to_one_inch>
					<one_to_three_inches unit="tons_per_acre" min="1.5" max="6" reference_id="5004">0.75</one_to_three_inches>
				</loadings_zero_to_three_inches>
				<loadings_greater_than_three_inches>
					<three_to_nine_inches unit="tons_per_acre" min="3" max="20">9.0</three_to_nine_inches>
					<nine_to_twenty_inches unit="tons_per_acre" min="3" max="29">13.5</nine_to_twenty_inches>
					<greater_than_twenty_inches unit="tons_per_acre" min="0" max="0">0.0</greater_than_twenty_inches>
				</loadings_greater_than_three_inches>
			</sound_wood>
			<rotten_wood>
				<all_rotten_wood>
					<species>
						<species_description>
							<tsn>18038</tsn>
							<relative_cover>50.00</relative_cover>
						</species_description>
						<species_description>
							<tsn>18037</tsn>
							<relative_cover>50.00</relative_cover>
						</species_description>
					</species>
				</all_rotten_wood>
				<loadings_greater_than_three_inches>
					<three_to_nine_inches unit="tons_per_acre" min="0" max="1.2">0.30000000000000004</three_to_nine_inches>
					<nine_to_twenty_inches unit="tons_per_acre" min="0" max="1.8">0.44999999999999996</nine_to_twenty_inches>
					<greater_than_twenty_inches unit="tons_per_acre" min="0" max="0">0.0</greater_than_twenty_inches>
				</loadings_greater_than_three_inches>
			</rotten_wood>
			<stumps>
				<sound>
					<stem_density unit="number_per_acre" min="40" max="100">60</stem_density>
					<diameter unit="inches" min="6" max="15">11</diameter>
					<height unit="feet" min="0.5" max="4.5" reference_id="5000">2.5</height>
					<species>
						<species_description>
							<tsn>18038</tsn>
							<relative_cover>50.00</relative_cover>
						</species_description>
						<species_description>
							<tsn>18037</tsn>
							<relative_cover>50.00</relative_cover>
						</species_description>
					</species>
				</sound>
				<rotten>
					<stem_density unit="number_per_acre" min="0" max="5" reference_id="5000">1.5</stem_density>
					<diameter unit="inches" min="3" max="8" reference_id="5000">4.5</diameter>
					<height unit="feet" min="0.25" max="1" reference_id="5000">0.375</height>
					<species>
						<species_description>
							<tsn>18038</tsn>
							<relative_cover>50.00</relative_cover>
						</species_description>
						<species_description>
							<tsn>18037</tsn>
							<relative_cover>50.00</relative_cover>
						</species_description>
					</species>
				</rotten>
				<lightered_pitchy>
					<stem_density unit="number_per_acre">0.0</stem_density>
					<diameter unit="inches">0.0</diameter>
					<height unit="feet">0.0</height>
					<species />
				</lightered_pitchy>
			</stumps>
			<piles>
				<clean_loading unit="tons_per_acre">0.067786</clean_loading>
				<dirty_loading unit="tons_per_acre">0.0</dirty_loading>
				<verydirty_loading unit="tons_per_acre">0.0</verydirty_loading>
				<pileData>
					<header>pileGroupID,pileGroupName,numPiles,pileType,pileShape,W1,L1,H1,W2,L2,H2,soilPercent,packingRatio,handPileSpecies,species1_TSN,species1_percent,species2_TSN,species2_percent,pileQuality,percentConsumed</header>
					<pileGroups>
						<pileGroup>2,,3,1,5,5.00,10.00,2.00,,,,,,2,,,,,,90</pileGroup>
					</pileGroups>
				</pileData>
			</piles>
		</woody_fuel>
		<moss_lichen_litter>
			<moss>
				<type />
				<percent_cover unit="number">0.0</percent_cover>
				<depth unit="inches">0.0</depth>
			</moss>
			<ground_lichen>
				<percent_cover unit="number">0.0</percent_cover>
				<depth unit="inches">0.0</depth>
			</ground_lichen>
			<litter>
				<percent_cover unit="number" min="15" max="60" reference_id="5001">7.5</percent_cover>
				<depth unit="inches" min="0" max="0.1" reference_id="5000">0.025</depth>
				<arrangement>2</arrangement>
				<litter_type>
					<short_needle_pine>
						<relative_cover />
					</short_needle_pine>
					<long_needle_pine>
						<relative_cover>100.00</relative_cover>
					</long_needle_pine>
					<other_conifer>
						<relative_cover />
					</other_conifer>
					<broadleaf_deciduous>
						<relative_cover />
					</broadleaf_deciduous>
					<broadleaf_evergreen>
						<relative_cover />
					</broadleaf_evergreen>
					<palm_frond>
						<relative_cover />
					</palm_frond>
					<grass>
						<relative_cover />
					</grass>
				</litter_type>
			</litter>
		</moss_lichen_litter>
		<ground_fuel>
			<duff>
				<upper>
					<depth unit="inches" min="0" max="0.2">0.05</depth>
					<percent_cover unit="number" min="80" max="100" reference_id="5000">23.75</percent_cover>
					<derivation>1</derivation>
				</upper>
				<lower>
					<depth unit="inches" min="0" max="0.2">0.0</depth>
					<percent_cover unit="number" min="80" max="100" reference_id="5000">0.0</percent_cover>
					<derivation />
					<loading unit="tons_per_acre" />
				</lower>
			</duff>
			<squirrel_middens>
				<depth unit="inches">0.0</depth>
				<radius unit="feet">0.0</radius>
				<number_per_unit_area unit="number_per_acre">0.0</number_per_unit_area>
			</squirrel_middens>
			<basal_accumulation>
				<depth unit="inches">0.0</depth>
				<radius unit="feet">0.0</radius>
				<number_per_unit_area unit="number_per_acre">0.0</number_per_unit_area>
				<type />
			</basal_accumulation>
		</ground_fuel>
	</fuelbed>
</FCCS_file>
