<?xml version="1.0" encoding="UTF-8" standalone="yes"?>
<FCCS_file xmlns:xsi="http://www.w3.org/2001/XMLSchema-instance" schemaVersion="1.4" xsi:schemaLocation="conf\\us.fed.fs.fera.fccs.xsd">
  <fuelbed_number>822</fuelbed_number>
  <fuelbed_name>Douglas-fir -- ponderosa pine -- grand fir forest 40-80 years</fuelbed_name>
  <fuelbed_description>Dry Douglas-fir, ponderosa pine, grand fir forest. Occurs at middle elevations of the Cascade Range. Established 40 to 80 years ago after wildfire with no subsequent management.  Douglas-fir and ponderosa pine are co-dominate.  Ponderosa pine is usually the older species in the stand.  Grand fir and Douglas-fir co-dominate the regeneration layer.  Insects present but not enough to be a change agent. </fuelbed_description>
  <ecoregion>340,330</ecoregion>
  <vegetation_form>2</vegetation_form>
  <structural_class>6</structural_class>
  <cover_type>151,152</cover_type>
  <change_agent>18</change_agent>
  <natural_fire_regime>1</natural_fire_regime>
  <condition_class>3</condition_class>
  <user_name>Tom Leuschen</user_name>
  <address>PO Box 664
Twisp, WA 98856</address>
  <affiliation>Fire Vision LLC contract consultant</affiliation>
  <phone>509-997-5052</phone>
  <file_owner_email>tom@firevisionllc.com</file_owner_email>
  <notes>Created from ow022. AA - changed shrub and nonwoody species composition based on ABCO-ABGR (hybrid) moist series in Simpson, 2007. Forested Plant Associations of the Oregon East Cascades. AA - edited name and description May 2009.</notes>
  <date_collected>Sep 9, 2011</date_collected>
  <fuelbed_confidence/>
  <fuelbed>
    <canopy>
      <trees>
        <total_percent_cover unit="number" min="40" max="75">75</total_percent_cover>
        <overstory>
          <percent_cover unit="number" min="10" max="80">50</percent_cover>
          <height unit="feet" min="20" max="40">60</height>
          <height_to_live_crown unit="feet" min="4" max="8">40</height_to_live_crown>
          <stem_density unit="number_per_acre" min="40" max="300">200</stem_density>
          <diameter_at_breast_height unit="inches" min="3.3" max="9">10</diameter_at_breast_height>
          <species>
            <species_description>
              <tsn>183424</tsn>
              <relative_cover>79</relative_cover>
            </species_description>
            <species_description>
              <tsn>183365</tsn>
              <relative_cover>21</relative_cover>
            </species_description>
          </species>
        </overstory>
        <midstory>
          <percent_cover unit="number" min="-2" max="-2">50</percent_cover>
          <height unit="feet" min="-2" max="-2">65</height>
          <height_to_live_crown unit="feet" min="-2" max="-2">10</height_to_live_crown>
          <stem_density unit="number_per_acre" min="-2" max="-2">500</stem_density>
          <diameter_at_breast_height unit="inches" min="-2" max="-2">6</diameter_at_breast_height>
          <species>
            <species_description>
              <tsn>183284</tsn>
              <relative_cover>50</relative_cover>
            </species_description>
            <species_description>
              <tsn>183424</tsn>
              <relative_cover>50</relative_cover>
            </species_description>
          </species>
        </midstory>
        <understory>
          <percent_cover unit="number" min="5" max="70">30</percent_cover>
          <height unit="feet" min="1" max="10">4</height>
          <height_to_live_crown unit="feet" min="0" max="2">1</height_to_live_crown>
          <stem_density unit="number_per_acre" min="20" max="500">200</stem_density>
          <diameter_at_breast_height unit="inches" min="0.1" max="1">0.5</diameter_at_breast_height>
          <species>
            <species_description>
              <tsn>183424</tsn>
              <relative_cover>40</relative_cover>
            </species_description>
            <species_description>
              <tsn>183284</tsn>
              <relative_cover>60</relative_cover>
            </species_description>
          </species>
        </understory>
      </trees>
      <snags>
        <class_1_conifers_with_foliage>
          <percent_cover unit="number"/>
          <height_to_crown_base unit="feet"/>
          <stem_density unit="number_per_acre"/>
          <diameter unit="inches"/>
          <height unit="feet"/>
          <species/>
        </class_1_conifers_with_foliage>
        <class_1_all_others>
          <stem_density unit="number_per_acre" min="-3" max="-3">8</stem_density>
          <diameter unit="inches" min="-3" max="-3">7</diameter>
          <height unit="feet" min="-3" max="-3">30</height>
          <species>
            <species_description>
              <tsn>183424</tsn>
              <relative_cover>80</relative_cover>
            </species_description>
            <species_description>
              <tsn>183284</tsn>
              <relative_cover>20</relative_cover>
            </species_description>
          </species>
        </class_1_all_others>
        <class_2>
          <stem_density unit="number_per_acre" min="-3" max="-3">4</stem_density>
          <diameter unit="inches" min="-3" max="-3">19</diameter>
          <height unit="feet" min="-3" max="-3">40</height>
          <species>
            <species_description>
              <tsn>183284</tsn>
              <relative_cover>50</relative_cover>
            </species_description>
            <species_description>
              <tsn>183424</tsn>
              <relative_cover>50</relative_cover>
            </species_description>
          </species>
        </class_2>
        <class_3>
          <stem_density unit="number_per_acre" min="-3" max="-3">4</stem_density>
          <diameter unit="inches" min="-3" max="-3">19</diameter>
          <height unit="feet" min="-3" max="-3">25</height>
          <species>
            <species_description>
              <tsn>183284</tsn>
              <relative_cover>50</relative_cover>
            </species_description>
            <species_description>
              <tsn>183424</tsn>
              <relative_cover>50</relative_cover>
            </species_description>
          </species>
        </class_3>
      </snags>
      <ladder_fuels>
        <minimum_height unit="feet" min="-3" max="-3">3</minimum_height>
        <maximum_height unit="feet" min="-3" max="-3">28</maximum_height>
        <is_vertically_contiguous>1</is_vertically_contiguous>
        <type>7</type>
      </ladder_fuels>
    </canopy>
    <shrubs>
      <primary_layer>
        <percent_cover unit="number" min="30" max="70">40</percent_cover>
        <height unit="feet" min="2" max="6">2</height>
        <percent_live unit="number" min="40" max="80" reference_id="1364">70</percent_live>
        <species>
          <species_description>
            <tsn>23467</tsn>
            <relative_cover>30</relative_cover>
          </species_description>
          <species_description>
            <tsn>23769</tsn>
            <relative_cover>30</relative_cover>
          </species_description>
          <species_description>
            <tsn>28517</tsn>
            <relative_cover>40</relative_cover>
          </species_description>
        </species>
      </primary_layer>
      <secondary_layer>
        <percent_cover unit="number"/>
        <height unit="feet"/>
        <percent_live unit="number"/>
        <species/>
      </secondary_layer>
      <needle_drape>
        <is_sufficient_to_affect_fire_behavior>0</is_sufficient_to_affect_fire_behavior>
      </needle_drape>
    </shrubs>
    <herbaceous>
      <primary_layer>
        <percent_cover unit="number" min="10" max="40" reference_id="1364">20</percent_cover>
        <height unit="feet" min="1.5" max="4">1</height>
        <loading unit="tons_per_acre" min="0.2" max="1">0.1</loading>
        <percent_live unit="number" min="75" max="99" reference_id="1358">90</percent_live>
        <species>
          <species_description>
            <tsn>37693</tsn>
            <relative_cover>30</relative_cover>
          </species_description>
          <species_description>
            <tsn>39369</tsn>
            <relative_cover>35</relative_cover>
          </species_description>
          <species_description>
            <tsn>24624</tsn>
            <relative_cover>35</relative_cover>
          </species_description>
        </species>
      </primary_layer>
      <secondary_layer>
        <percent_cover unit="number"/>
        <height unit="feet"/>
        <loading unit="tons_per_acre"/>
        <percent_live unit="number"/>
        <species/>
      </secondary_layer>
    </herbaceous>
    <woody_fuel>
      <all_downed_woody_fuel>
        <total_percent_cover unit="number" min="30" max="70">73</total_percent_cover>
        <depth unit="inches" min="0.5" max="5">2.4</depth>
      </all_downed_woody_fuel>
      <sound_wood>
        <all_sound_wood>
          <species>
            <species_description>
              <tsn>183424</tsn>
              <relative_cover>60</relative_cover>
            </species_description>
            <species_description>
              <tsn>183365</tsn>
              <relative_cover>30</relative_cover>
            </species_description>
            <species_description>
              <tsn>183284</tsn>
              <relative_cover>10</relative_cover>
            </species_description>
          </species>
        </all_sound_wood>
        <loadings_zero_to_three_inches>
          <zero_to_quarter_inch unit="tons_per_acre" min="0" max="1">0.5</zero_to_quarter_inch>
          <quarter_inch_to_one_inch unit="tons_per_acre" min="0.1" max="1">1.7</quarter_inch_to_one_inch>
          <one_to_three_inches unit="tons_per_acre" min="0.7" max="4">3.3</one_to_three_inches>
        </loadings_zero_to_three_inches>
        <loadings_greater_than_three_inches>
          <three_to_nine_inches unit="tons_per_acre" min="0" max="0">11.4</three_to_nine_inches>
          <nine_to_twenty_inches unit="tons_per_acre" min="0" max="0">2.1</nine_to_twenty_inches>
          <greater_than_twenty_inches unit="tons_per_acre" min="0" max="0" reference_id="1364">0</greater_than_twenty_inches>
        </loadings_greater_than_three_inches>
      </sound_wood>
      <rotten_wood>
        <all_rotten_wood>
          <species>
            <species_description>
              <tsn>183424</tsn>
              <relative_cover>60</relative_cover>
            </species_description>
            <species_description>
              <tsn>183365</tsn>
              <relative_cover>30</relative_cover>
            </species_description>
            <species_description>
              <tsn>183284</tsn>
              <relative_cover>10</relative_cover>
            </species_description>
          </species>
        </all_rotten_wood>
        <loadings_greater_than_three_inches>
          <three_to_nine_inches unit="tons_per_acre" min="5" max="16">0.9</three_to_nine_inches>
          <nine_to_twenty_inches unit="tons_per_acre" min="4" max="24">0.2</nine_to_twenty_inches>
          <greater_than_twenty_inches unit="tons_per_acre" min="0" max="10">0</greater_than_twenty_inches>
        </loadings_greater_than_three_inches>
      </rotten_wood>
      <stumps>
        <sound>
          <stem_density unit="number_per_acre"/>
          <diameter unit="inches"/>
          <height unit="feet"/>
          <species/>
        </sound>
        <rotten>
          <stem_density unit="number_per_acre" min="80" max="150">40</stem_density>
          <diameter unit="inches" min="28" max="44">18</diameter>
          <height unit="feet" min="1" max="4" reference_id="1358">2</height>
          <species>
            <species_description>
              <tsn>183424</tsn>
              <relative_cover>75</relative_cover>
            </species_description>
            <species_description>
              <tsn>183365</tsn>
              <relative_cover>25</relative_cover>
            </species_description>
          </species>
        </rotten>
        <lightered_pitchy>
          <stem_density unit="number_per_acre"/>
          <diameter unit="inches"/>
          <height unit="feet"/>
          <species/>
        </lightered_pitchy>
      </stumps>
    </woody_fuel>
    <moss_lichen_litter>
      <moss>
        <type/>
        <percent_cover unit="number"/>
        <depth unit="inches"/>
      </moss>
      <ground_lichen>
        <percent_cover unit="number"/>
        <depth unit="inches"/>
      </ground_lichen>
      <litter>
        <percent_cover unit="number" min="90" max="100" reference_id="1364">100</percent_cover>
        <depth unit="inches" min="0.5" max="1.5">1</depth>
        <arrangement>1</arrangement>
        <litter_type>
          <short_needle_pine>
            <relative_cover/>
          </short_needle_pine>
          <long_needle_pine>
            <relative_cover>25.0</relative_cover>
          </long_needle_pine>
          <other_conifer>
            <relative_cover>75.00</relative_cover>
          </other_conifer>
          <broadleaf_deciduous>
            <relative_cover/>
          </broadleaf_deciduous>
          <broadleaf_evergreen>
            <relative_cover/>
          </broadleaf_evergreen>
          <palm_frond>
            <relative_cover/>
          </palm_frond>
          <grass>
            <relative_cover/>
          </grass>
        </litter_type>
      </litter>
    </moss_lichen_litter>
    <ground_fuel>
      <duff>
        <upper>
          <depth unit="inches" min="0.25" max="1.5">0.3</depth>
          <percent_cover unit="number" min="30" max="70">85</percent_cover>
          <derivation>1</derivation>
        </upper>
        <lower>
          <depth unit="inches" min="0.75" max="1.5">0.3</depth>
          <percent_cover unit="number" min="30" max="70">85</percent_cover>
          <derivation>3</derivation>
        </lower>
      </duff>
      <squirrel_middens>
        <depth unit="inches"/>
        <radius unit="feet"/>
        <number_per_unit_area unit="number_per_acre"/>
      </squirrel_middens>
      <basal_accumulation>
        <depth unit="inches"/>
        <radius unit="feet"/>
        <number_per_unit_area unit="number_per_acre"/>
        <type/>
      </basal_accumulation>
    </ground_fuel>
  </fuelbed>
</FCCS_file>
