<?xml version="1.0"?>
<FCCS_file xmlns:xsi="http://www.w3.org/2001/XMLSchema-instance" xsi:noNamespaceSchemaLocation="cash.xsd" schemaVersion="1.4">
	<fuelbed_number>121_431</fuelbed_number>
	<fuelbed_name>Oak-pine/mountain laurel forest with beetle damage</fuelbed_name>
	<fuelbed_description>Predominantly old-growth oak -- pine / mountain laurel forest throughout the Appalachian Mountains on ridges and slopes from 1,000 to 3,500 feet in elevation and characterized by a mixed oak and pine overstory with a very dense mountain laurel shrub layer. The canopy pine component of this fuelbed has been reduced by southern pine beetle damage that occurred about 10 years previously.</fuelbed_description>
	<ecoregion>210,220,230</ecoregion>
	<vegetation_form>4</vegetation_form>
	<structural_class>1</structural_class>
	<cover_type>63,76,77</cover_type>
	<change_agent>5</change_agent>
	<natural_fire_regime>1</natural_fire_regime>
	<condition_class>3</condition_class>
	<user_name />
	<address />
	<affiliation />
	<phone />
	<file_owner_email />
	<notes />
	<site_photo />
	<date_collected>2003-09-17</date_collected>
	<fuelbed_confidence>2</fuelbed_confidence>
	<fuelbed>
		<canopy>
			<trees>
				<total_percent_cover unit="number" min="70" max="95" reference_id="5000">21.25</total_percent_cover>
				<overstory>
					<percent_cover unit="number" min="20" max="80" reference_id="5000">15.0</percent_cover>
					<height unit="feet" min="40" max="90" reference_id="5003">60</height>
					<height_to_live_crown unit="feet" min="30" max="80" reference_id="5003">50</height_to_live_crown>
					<stem_density unit="number_per_acre" min="25" max="125">18.75</stem_density>
					<diameter_at_breast_height unit="inches" min="8" max="20" reference_id="5026">12</diameter_at_breast_height>
					<species>
						<species_description>
							<tsn>19276</tsn>
							<relative_cover>75.00</relative_cover>
						</species_description>
						<species_description>
							<tsn>18035</tsn>
							<relative_cover>25.00</relative_cover>
						</species_description>
					</species>
				</overstory>
				<midstory>
					<percent_cover unit="number" min="25" max="70" reference_id="5003">10.0</percent_cover>
					<height unit="feet" min="10" max="40" reference_id="5003">30</height>
					<height_to_live_crown unit="feet" min="5" max="30" reference_id="5003">20</height_to_live_crown>
					<stem_density unit="number_per_acre" min="20" max="60" reference_id="5000">10.0</stem_density>
					<diameter_at_breast_height unit="inches" min="6" max="12" reference_id="5000">10</diameter_at_breast_height>
					<species>
						<species_description>
							<tsn>28728</tsn>
							<relative_cover>50.00</relative_cover>
						</species_description>
						<species_description>
							<tsn>27821</tsn>
							<relative_cover>30.00</relative_cover>
						</species_description>
						<species_description>
							<tsn>23690</tsn>
							<relative_cover>10.00</relative_cover>
						</species_description>
						<species_description>
							<tsn>183385</tsn>
							<relative_cover>10.00</relative_cover>
						</species_description>
					</species>
				</midstory>
				<understory>
					<percent_cover unit="number" min="30" max="100" reference_id="5000">60</percent_cover>
					<height unit="feet" min="5" max="20" reference_id="5000">10</height>
					<height_to_live_crown unit="feet" min="1" max="8" reference_id="5000">4</height_to_live_crown>
					<stem_density unit="number_per_acre" min="300" max="900">500</stem_density>
					<diameter_at_breast_height unit="inches" min="0.5" max="1.5" reference_id="5026">1</diameter_at_breast_height>
					<species>
						<species_description>
							<tsn>19276</tsn>
							<relative_cover>35.00</relative_cover>
						</species_description>
						<species_description>
							<tsn>28728</tsn>
							<relative_cover>30.00</relative_cover>
						</species_description>
						<species_description>
							<tsn>19454</tsn>
							<relative_cover>25.00</relative_cover>
						</species_description>
						<species_description>
							<tsn>23690</tsn>
							<relative_cover>10.00</relative_cover>
						</species_description>
					</species>
				</understory>
			</trees>
			<snags>
				<class_1_conifers_with_foliage>
					<percent_cover unit="number" min="0" max="60">0.0730225</percent_cover>
					<height_to_crown_base unit="feet" min="0" max="60">40.02</height_to_crown_base>
					<stem_density unit="number_per_acre" min="0" max="5" reference_id="5000">0.5</stem_density>
					<diameter unit="inches" min="10" max="22" reference_id="5000">15</diameter>
					<height unit="feet" min="40" max="90" reference_id="5000">60</height>
					<species>
						<species_description>
							<tsn>18035</tsn>
							<relative_cover>100.00</relative_cover>
						</species_description>
					</species>
				</class_1_conifers_with_foliage>
				<class_1_all_others>
					<stem_density unit="number_per_acre">0.0</stem_density>
					<diameter unit="inches" />
					<height unit="feet" />
					<species />
				</class_1_all_others>
				<class_2>
					<stem_density unit="number_per_acre" min="10" max="150" reference_id="5000">12.5</stem_density>
					<diameter unit="inches" min="10" max="22" reference_id="5000">15</diameter>
					<height unit="feet" min="40" max="70" reference_id="5000">50</height>
					<species>
						<species_description>
							<tsn>18035</tsn>
							<relative_cover>100.00</relative_cover>
						</species_description>
					</species>
				</class_2>
				<class_3>
					<stem_density unit="number_per_acre" min="0" max="10" reference_id="5000">0.5</stem_density>
					<diameter unit="inches" min="8" max="15" reference_id="5000">10</diameter>
					<height unit="feet" min="15" max="65" reference_id="5000">40</height>
					<species>
						<species_description>
							<tsn>18035</tsn>
							<relative_cover>50.00</relative_cover>
						</species_description>
						<species_description>
							<tsn>19223</tsn>
							<relative_cover>50.00</relative_cover>
						</species_description>
					</species>
				</class_3>
			</snags>
			<ladder_fuels>
				<minimum_height unit="feet" />
				<maximum_height unit="feet" />
				<is_vertically_contiguous />
				<type />
			</ladder_fuels>
		</canopy>
		<shrubs>
			<primary_layer>
				<percent_cover unit="number" min="80" max="100" reference_id="5003">45.0</percent_cover>
				<height unit="feet" min="2" max="12" reference_id="5003">8</height>
				<percent_live unit="number" min="80" max="100" reference_id="5003">45.0</percent_live>
				<species>
					<species_description>
						<tsn>23677</tsn>
						<relative_cover>100.00</relative_cover>
					</species_description>
				</species>
			</primary_layer>
			<secondary_layer>
				<percent_cover unit="number">0.0</percent_cover>
				<height unit="feet" />
				<percent_live unit="number">0.0</percent_live>
				<species />
			</secondary_layer>
			<needle_drape>
				<is_sufficient_to_affect_fire_behavior>0</is_sufficient_to_affect_fire_behavior>
			</needle_drape>
		</shrubs>
		<herbaceous>
			<primary_layer>
				<percent_cover unit="number" min="0" max="20" reference_id="5000">10</percent_cover>
				<height unit="feet" min="1" max="4">2</height>
				<percent_live unit="number" min="45" max="100" reference_id="5000">60</percent_live>
				<loading unit="tons_per_acre" min="0" max="2">0.1</loading>
				<species>
					<species_description>
						<tsn>39369</tsn>
						<relative_cover>25.00</relative_cover>
					</species_description>
					<species_description>
						<tsn>40450</tsn>
						<relative_cover>25.00</relative_cover>
					</species_description>
					<species_description>
						<tsn>42076</tsn>
						<relative_cover>25.00</relative_cover>
					</species_description>
					<species_description>
						<tsn>502705</tsn>
						<relative_cover>25.00</relative_cover>
					</species_description>
				</species>
			</primary_layer>
			<secondary_layer>
				<percent_cover unit="number" />
				<height unit="feet" />
				<percent_live unit="number" />
				<loading unit="tons_per_acre" />
				<species />
			</secondary_layer>
		</herbaceous>
		<woody_fuel>
			<all_downed_woody_fuel>
				<total_percent_cover unit="number" min="45" max="80" reference_id="5000">100</total_percent_cover>
				<depth unit="inches" min="4" max="25" reference_id="5000">16.0</depth>
			</all_downed_woody_fuel>
			<sound_wood>
				<loadings_zero_to_three_inches>
					<zero_to_quarter_inch unit="tons_per_acre" min="1" max="8" reference_id="5023">6.0</zero_to_quarter_inch>
					<quarter_inch_to_one_inch unit="tons_per_acre" min="2" max="9" reference_id="5023">9.0</quarter_inch_to_one_inch>
					<one_to_three_inches unit="tons_per_acre" min="2" max="15" reference_id="5023">12.0</one_to_three_inches>
				</loadings_zero_to_three_inches>
				<loadings_greater_than_three_inches>
					<three_to_nine_inches unit="tons_per_acre" min="5.4" max="12.5">35.2</three_to_nine_inches>
					<nine_to_twenty_inches unit="tons_per_acre" min="9.1" max="20.7">58.4</nine_to_twenty_inches>
					<greater_than_twenty_inches unit="tons_per_acre" min="3.6" max="8.3">5.8</greater_than_twenty_inches>
				</loadings_greater_than_three_inches>
				<all_sound_wood>
					<species />
				</all_sound_wood>
			</sound_wood>
			<rotten_wood>
				<loadings_greater_than_three_inches>
					<three_to_nine_inches unit="tons_per_acre" min="0.1" max="1.5">0.8</three_to_nine_inches>
					<nine_to_twenty_inches unit="tons_per_acre" min="0" max="1">0</nine_to_twenty_inches>
					<greater_than_twenty_inches unit="tons_per_acre" min="0" max="0.5">0</greater_than_twenty_inches>
				</loadings_greater_than_three_inches>
				<all_rotten_wood>
					<species>
						<species_description>
							<tsn>18035</tsn>
							<relative_cover>35.00</relative_cover>
						</species_description>
						<species_description>
							<tsn>19276</tsn>
							<relative_cover>65.00</relative_cover>
						</species_description>
					</species>
				</all_rotten_wood>
			</rotten_wood>
			<stumps>
				<sound>
					<stem_density unit="number_per_acre" />
					<diameter unit="inches" />
					<height unit="feet" />
					<species />
				</sound>
				<rotten>
					<stem_density unit="number_per_acre" min="0" max="20" reference_id="5000">5</stem_density>
					<diameter unit="inches" min="6" max="18" reference_id="5000">10</diameter>
					<height unit="feet" min="1.5" max="4.5" reference_id="5000">3</height>
					<species>
						<species_description>
							<tsn>18035</tsn>
							<relative_cover>100.00</relative_cover>
						</species_description>
					</species>
				</rotten>
				<lightered_pitchy>
					<stem_density unit="number_per_acre" />
					<diameter unit="inches" />
					<height unit="feet" />
					<species />
				</lightered_pitchy>
			</stumps>
			<piles>
				<clean_loading unit="tons_per_acre">0.065122</clean_loading>
				<dirty_loading unit="tons_per_acre">0.000000</dirty_loading>
				<verydirty_loading unit="tons_per_acre">0.000000</verydirty_loading>
				<pileData>
					<header>pileGroupID,pileGroupName,numPiles,pileType,pileShape,W1,L1,H1,W2,L2,H2,soilPercent,packingRatio,handPileSpecies,species1_TSN,species1_percent,species2_TSN,species2_percent,pileQuality,percentConsumed</header>
					<pileGroups>
						<pileGroup>2,,3,1,5,3.00,3.00,1.00,,,,,,1,,,,,,90</pileGroup>
					</pileGroups>
				</pileData>
			</piles>
		</woody_fuel>
		<moss_lichen_litter>
			<moss>
				<percent_cover unit="number" min="0" max="10" reference_id="5000">5</percent_cover>
				<depth unit="inches" min="0" max="1" reference_id="5000">0.5</depth>
				<type>2</type>
			</moss>
			<ground_lichen>
				<percent_cover unit="number" min="0" max="10" reference_id="5000">5</percent_cover>
				<depth unit="inches" min="0" max="0.5" reference_id="5000">0.25</depth>
			</ground_lichen>
			<litter>
				<percent_cover unit="number" min="75" max="95" reference_id="5000">100</percent_cover>
				<depth unit="inches" min="0" max="5" reference_id="5000">6.0</depth>
				<arrangement>1</arrangement>
				<litter_type>
					<short_needle_pine>
						<relative_cover>34.00</relative_cover>
					</short_needle_pine>
					<long_needle_pine>
						<relative_cover />
					</long_needle_pine>
					<other_conifer>
						<relative_cover />
					</other_conifer>
					<broadleaf_deciduous>
						<relative_cover>40.00</relative_cover>
					</broadleaf_deciduous>
					<broadleaf_evergreen>
						<relative_cover>25.00</relative_cover>
					</broadleaf_evergreen>
					<palm_frond>
						<relative_cover />
					</palm_frond>
					<grass>
						<relative_cover>1.00</relative_cover>
					</grass>
				</litter_type>
			</litter>
		</moss_lichen_litter>
		<ground_fuel>
			<duff>
				<upper>
					<percent_cover unit="number" min="65" max="100" reference_id="5000">90</percent_cover>
					<depth unit="inches" min="0.2" max="1">1.5</depth>
					<derivation>1</derivation>
				</upper>
				<lower>
					<percent_cover unit="number" min="65" max="100" reference_id="5000" />
					<depth unit="inches" min="0.5" max="6" reference_id="5000" />
					<derivation />
					<loading unit="tons_per_acre" />
				</lower>
			</duff>
			<basal_accumulation>
				<radius unit="feet" />
				<depth unit="inches" />
				<number_per_unit_area unit="number_per_acre" />
				<type />
			</basal_accumulation>
			<squirrel_middens>
				<depth unit="inches" />
				<number_per_unit_area unit="number_per_acre" />
				<radius unit="feet" />
			</squirrel_middens>
		</ground_fuel>
	</fuelbed>
</FCCS_file>
