<?xml version="1.0"?>
<FCCS_file xmlns:xsi="http://www.w3.org/2001/XMLSchema-instance" schemaVersion="1.4" xsi:schemaLocation="conf\\us.fed.fs.fera.fccs.xsd">
	<fuelbed_number>466_121</fuelbed_number>
	<fuelbed_name>Loblolly pine-post oak-southern red oak forest</fuelbed_name>
	<fuelbed_description>West Gulf Coastal Plain pine and hardwood flatwoods occur in Arkansas, Louisiana and eastern Texas. These woodlands typically have an open canopy of pines and dry site oaks over a grass or mixed herbaceous layer. A sparse shrub layer of small trees and shrubs may be present.  </fuelbed_description>
	<ecoregion>230</ecoregion>
	<vegetation_form>1</vegetation_form>
	<structural_class>7</structural_class>
	<cover_type>47</cover_type>
	<change_agent>18</change_agent>
	<natural_fire_regime>1</natural_fire_regime>
	<condition_class>2</condition_class>
	<user_name />
	<address />
	<affiliation />
	<phone />
	<file_owner_email />
	<notes>Used FB 434 as base. Altered fuelbed based on NatureServe description and BpS 14580 Class A (55% of land area).</notes>
	<date_collected>Sep 20, 2011</date_collected>
	<fuelbed_confidence />
	<fuelbed>
		<canopy>
			<trees>
				<total_percent_cover unit="number" min="5" max="80">36.0</total_percent_cover>
				<overstory>
					<percent_cover unit="number" min="5" max="80">27.0</percent_cover>
					<height unit="feet" min="25" max="70">100</height>
					<height_to_live_crown unit="feet" min="10" max="40">72.0</height_to_live_crown>
					<stem_density unit="number_per_acre" min="5" max="100">21.0</stem_density>
					<diameter_at_breast_height unit="inches" min="5" max="15">33</diameter_at_breast_height>
					<species>
						<species_description>
							<tsn>18037</tsn>
							<relative_cover>100</relative_cover>
						</species_description>
					</species>
				</overstory>
				<midstory>
					<percent_cover unit="number">27.0</percent_cover>
					<height unit="feet">80</height>
					<height_to_live_crown unit="feet">48.0</height_to_live_crown>
					<stem_density unit="number_per_acre">15.0</stem_density>
					<diameter_at_breast_height unit="inches">20</diameter_at_breast_height>
					<species>
						<species_description>
							<tsn>19422</tsn>
							<relative_cover>45</relative_cover>
						</species_description>
						<species_description>
							<tsn>19277</tsn>
							<relative_cover>40</relative_cover>
						</species_description>
						<species_description>
							<tsn>183335</tsn>
							<relative_cover>15</relative_cover>
						</species_description>
					</species>
				</midstory>
				<understory>
					<percent_cover unit="number">0.0</percent_cover>
					<height unit="feet" />
					<height_to_live_crown unit="feet">0.0</height_to_live_crown>
					<stem_density unit="number_per_acre">0.0</stem_density>
					<diameter_at_breast_height unit="inches" />
					<species />
				</understory>
			</trees>
			<snags>
				<class_1_conifers_with_foliage>
					<percent_cover unit="number">24.0</percent_cover>
					<height_to_crown_base unit="feet">60</height_to_crown_base>
					<stem_density unit="number_per_acre">24.0</stem_density>
					<diameter unit="inches">27.583333333333332</diameter>
					<height unit="feet">100</height>
					<species>
						<species_description>
							<tsn>18037</tsn>
							<relative_cover>100</relative_cover>
						</species_description>
					</species>
				</class_1_conifers_with_foliage>
				<class_1_all_others>
					<stem_density unit="number_per_acre" min="0" max="18" />
					<diameter unit="inches" min="25" max="70" />
					<height unit="feet" min="5" max="15" />
					<species />
				</class_1_all_others>
				<class_2>
					<stem_density unit="number_per_acre" min="0" max="18" />
					<diameter unit="inches" min="25" max="70" />
					<height unit="feet" min="5" max="15" />
					<species />
				</class_2>
				<class_3>
					<stem_density unit="number_per_acre" min="0" max="10" />
					<diameter unit="inches" min="25" max="70" />
					<height unit="feet" min="5" max="15" />
					<species />
				</class_3>
			</snags>
			<ladder_fuels>
				<minimum_height unit="feet" />
				<maximum_height unit="feet" />
				<is_vertically_contiguous />
				<type />
			</ladder_fuels>
		</canopy>
		<shrubs>
			<primary_layer>
				<percent_cover unit="number" min="0" max="50">6.25</percent_cover>
				<height unit="feet" min="1" max="7">1.0</height>
				<percent_live unit="number" min="20" max="95">20.0</percent_live>
				<species>
					<species_description>
						<tsn>19276</tsn>
						<relative_cover>50</relative_cover>
					</species_description>
					<species_description>
						<tsn>27821</tsn>
						<relative_cover>25</relative_cover>
					</species_description>
					<species_description>
						<tsn>28728</tsn>
						<relative_cover>25</relative_cover>
					</species_description>
				</species>
			</primary_layer>
			<secondary_layer>
				<percent_cover unit="number">0.0</percent_cover>
				<height unit="feet">0.0</height>
				<percent_live unit="number">0.0</percent_live>
				<species />
			</secondary_layer>
			<needle_drape>
				<is_sufficient_to_affect_fire_behavior>0</is_sufficient_to_affect_fire_behavior>
			</needle_drape>
		</shrubs>
		<herbaceous>
			<primary_layer>
				<percent_cover unit="number" min="15" max="70">22.5</percent_cover>
				<height unit="feet" min="1" max="5">0.5</height>
				<loading unit="tons_per_acre" min="0" max="1.9">0.15</loading>
				<percent_live unit="number" min="40" max="90">15.0</percent_live>
				<species>
					<species_description>
						<tsn>530264</tsn>
						<relative_cover>35</relative_cover>
					</species_description>
					<species_description>
						<tsn>41400</tsn>
						<relative_cover>35</relative_cover>
					</species_description>
					<species_description>
						<tsn>40450</tsn>
						<relative_cover>30</relative_cover>
					</species_description>
				</species>
			</primary_layer>
			<secondary_layer>
				<percent_cover unit="number">0.0</percent_cover>
				<height unit="feet">0.0</height>
				<loading unit="tons_per_acre">0.0</loading>
				<percent_live unit="number">0.0</percent_live>
				<species />
			</secondary_layer>
		</herbaceous>
		<woody_fuel>
			<all_downed_woody_fuel>
				<total_percent_cover unit="number" min="0" max="15" reference_id="5000">5.0</total_percent_cover>
				<depth unit="inches" min="0" max="10" reference_id="5085">0.125</depth>
			</all_downed_woody_fuel>
			<sound_wood>
				<all_sound_wood>
					<species>
						<species_description>
							<tsn>19276</tsn>
							<relative_cover>40</relative_cover>
						</species_description>
						<species_description>
							<tsn>18035</tsn>
							<relative_cover>60</relative_cover>
						</species_description>
					</species>
				</all_sound_wood>
				<loadings_zero_to_three_inches>
					<zero_to_quarter_inch unit="tons_per_acre" min="0" max="0.5">0.05</zero_to_quarter_inch>
					<quarter_inch_to_one_inch unit="tons_per_acre" min="0.1" max="1">0.125</quarter_inch_to_one_inch>
					<one_to_three_inches unit="tons_per_acre" min="0.1" max="1.5">0.125</one_to_three_inches>
				</loadings_zero_to_three_inches>
				<loadings_greater_than_three_inches>
					<three_to_nine_inches unit="tons_per_acre" min="0.1" max="3">0.375</three_to_nine_inches>
					<nine_to_twenty_inches unit="tons_per_acre" min="0" max="1">0.15000000000000002</nine_to_twenty_inches>
					<greater_than_twenty_inches unit="tons_per_acre" min="0" max="0">0.0</greater_than_twenty_inches>
				</loadings_greater_than_three_inches>
			</sound_wood>
			<rotten_wood>
				<all_rotten_wood>
					<species>
						<species_description>
							<tsn>19276</tsn>
							<relative_cover>40</relative_cover>
						</species_description>
						<species_description>
							<tsn>18035</tsn>
							<relative_cover>60</relative_cover>
						</species_description>
					</species>
				</all_rotten_wood>
				<loadings_greater_than_three_inches>
					<three_to_nine_inches unit="tons_per_acre" min="0" max="3">0.15000000000000002</three_to_nine_inches>
					<nine_to_twenty_inches unit="tons_per_acre" min="0" max="1">0.0</nine_to_twenty_inches>
					<greater_than_twenty_inches unit="tons_per_acre" min="0" max="0.25" reference_id="5000">0.0</greater_than_twenty_inches>
				</loadings_greater_than_three_inches>
			</rotten_wood>
			<stumps>
				<sound>
					<stem_density unit="number_per_acre" />
					<diameter unit="inches" />
					<height unit="feet" />
					<species />
				</sound>
				<rotten>
					<stem_density unit="number_per_acre">0.0</stem_density>
					<diameter unit="inches">0.0</diameter>
					<height unit="feet">0.0</height>
					<species />
				</rotten>
				<lightered_pitchy>
					<stem_density unit="number_per_acre">0.0</stem_density>
					<diameter unit="inches">0.0</diameter>
					<height unit="feet">0.0</height>
					<species />
				</lightered_pitchy>
			</stumps>
		</woody_fuel>
		<moss_lichen_litter>
			<moss>
				<type />
				<percent_cover unit="number" min="0" max="50">0.0</percent_cover>
				<depth unit="inches" min="0" max="2">0.0</depth>
				<loading unit="tons_per_acre" />
			</moss>
			<ground_lichen>
				<percent_cover unit="number">0.0</percent_cover>
				<depth unit="inches">0.0</depth>
				<loading unit="tons_per_acre" />
			</ground_lichen>
			<litter>
				<percent_cover unit="number" min="30" max="80">12.5</percent_cover>
				<depth unit="inches" min="1" max="3">0.125</depth>
				<arrangement>1</arrangement>
				<litter_type>
					<short_needle_pine>
						<relative_cover>50</relative_cover>
					</short_needle_pine>
					<long_needle_pine>
						<relative_cover>0</relative_cover>
					</long_needle_pine>
					<other_conifer>
						<relative_cover>0</relative_cover>
					</other_conifer>
					<broadleaf_deciduous>
						<relative_cover>30</relative_cover>
					</broadleaf_deciduous>
					<broadleaf_evergreen>
						<relative_cover>0</relative_cover>
					</broadleaf_evergreen>
					<palm_frond>
						<relative_cover>0</relative_cover>
					</palm_frond>
					<grass>
						<relative_cover>20</relative_cover>
					</grass>
				</litter_type>
			</litter>
		</moss_lichen_litter>
		<ground_fuel>
			<duff>
				<upper>
					<depth unit="inches" min="0.1" max="0.5">0.05</depth>
					<percent_cover unit="number" min="50" max="100">20.0</percent_cover>
					<derivation>1</derivation>
				</upper>
				<lower>
					<depth unit="inches" min="0.1" max="0.5">0.0</depth>
					<percent_cover unit="number" min="30" max="100">0.0</percent_cover>
					<derivation />
					<loading unit="tons_per_acre" />
				</lower>
			</duff>
			<squirrel_middens>
				<depth unit="inches">0.0</depth>
				<radius unit="feet">0.0</radius>
				<number_per_unit_area unit="number_per_acre">0.0</number_per_unit_area>
			</squirrel_middens>
			<basal_accumulation>
				<depth unit="inches">0.0</depth>
				<radius unit="feet">0.0</radius>
				<number_per_unit_area unit="number_per_acre">0.0</number_per_unit_area>
				<type />
			</basal_accumulation>
		</ground_fuel>
	</fuelbed>
</FCCS_file>
