<?xml version="1.0"?>
<FCCS_file xmlns:xsi="http://www.w3.org/2001/XMLSchema-instance" xsi:noNamespaceSchemaLocation="cash.xsd" schemaVersion="1.4">
	<fuelbed_number>215_112</fuelbed_number>
	<fuelbed_name>Douglas-fir-madrone/tanoak forest</fuelbed_name>
	<fuelbed_description>Dry Douglas-fir forests with Pacific madrone and tanoak are common in the coastal Pacific Northwest from southern California to southern Oregon. A moderately severe wildfire burned through this forest 6 years previously. This fuelbed was developed based on data from the Silver Fire Recovery Project on the Galice Ranger District, Siskiyou National Forest.</fuelbed_description>
	<ecoregion>240,260</ecoregion>
	<vegetation_form>4</vegetation_form>
	<structural_class>1</structural_class>
	<cover_type>141</cover_type>
	<change_agent>16</change_agent>
	<natural_fire_regime>3</natural_fire_regime>
	<condition_class>2</condition_class>
	<user_name />
	<address />
	<affiliation />
	<phone />
	<file_owner_email />
	<notes />
	<site_photo />
	<date_collected>2003-09-17</date_collected>
	<fuelbed_confidence>3</fuelbed_confidence>
	<fuelbed>
		<canopy>
			<trees>
				<total_percent_cover unit="number" min="30" max="85">49.5</total_percent_cover>
				<overstory>
					<percent_cover unit="number" min="3" max="50" reference_id="4012">31.5</percent_cover>
					<height unit="feet" min="40" max="170" reference_id="4012">98.7</height>
					<height_to_live_crown unit="feet" min="15" max="100" reference_id="4012">54.78</height_to_live_crown>
					<stem_density unit="number_per_acre" min="3" max="40" reference_id="4012">15.209999999999999</stem_density>
					<diameter_at_breast_height unit="inches" min="20" max="75">35</diameter_at_breast_height>
					<species>
						<species_description>
							<tsn>183424</tsn>
							<relative_cover>100.00</relative_cover>
						</species_description>
					</species>
				</overstory>
				<midstory>
					<percent_cover unit="number" min="5" max="50" reference_id="4012">18.0</percent_cover>
					<height unit="feet" min="15" max="100" reference_id="4012">50.9</height>
					<height_to_live_crown unit="feet" min="5" max="70" reference_id="4012">31.900000000000002</height_to_live_crown>
					<stem_density unit="number_per_acre" min="20" max="100" reference_id="4012">48.78</stem_density>
					<diameter_at_breast_height unit="inches" min="8" max="20" reference_id="4012">11.5</diameter_at_breast_height>
					<species>
						<species_description>
							<tsn>23627</tsn>
							<relative_cover>80.00</relative_cover>
						</species_description>
						<species_description>
							<tsn>19464</tsn>
							<relative_cover>10.00</relative_cover>
						</species_description>
						<species_description>
							<tsn>183424</tsn>
							<relative_cover>10.00</relative_cover>
						</species_description>
					</species>
				</midstory>
				<understory>
					<percent_cover unit="number" min="0" max="50" reference_id="4012">16.0</percent_cover>
					<height unit="feet" min="1" max="30" reference_id="4012">19.3</height>
					<height_to_live_crown unit="feet" min="0" max="20" reference_id="4012">5.1</height_to_live_crown>
					<stem_density unit="number_per_acre" min="50" max="1000" reference_id="4012">320.0</stem_density>
					<diameter_at_breast_height unit="inches" min="0.5" max="8" reference_id="4012">5</diameter_at_breast_height>
					<species>
						<species_description>
							<tsn>19464</tsn>
							<relative_cover>80.00</relative_cover>
						</species_description>
						<species_description>
							<tsn>23627</tsn>
							<relative_cover>15.00</relative_cover>
						</species_description>
						<species_description>
							<tsn>183424</tsn>
							<relative_cover>5.00</relative_cover>
						</species_description>
					</species>
				</understory>
			</trees>
			<snags>
				<class_1_conifers_with_foliage>
					<percent_cover unit="number"></percent_cover>
					<height_to_crown_base unit="feet"></height_to_crown_base>
					<stem_density unit="number_per_acre"></stem_density>
					<diameter unit="inches"></diameter>
					<height unit="feet"></height>
					<species />
				</class_1_conifers_with_foliage>
				<class_1_all_others>
					<stem_density unit="number_per_acre"></stem_density>
					<diameter unit="inches"></diameter>
					<height unit="feet"></height>
					<species />
				</class_1_all_others>
				<class_2>
					<stem_density unit="number_per_acre">7.110000000000001</stem_density>
					<diameter unit="inches">17.08579465541491</diameter>
					<height unit="feet">98.7</height>
					<species />
				</class_2>
				<class_3>
					<stem_density unit="number_per_acre" min="0" max="40" reference_id="4012"></stem_density>
					<diameter unit="inches" min="6" max="75" reference_id="4012"></diameter>
					<height unit="feet" min="5" max="150" reference_id="4012"></height>
					<species>
						<species_description>
							<tsn>183424</tsn>
							<relative_cover>100.00</relative_cover>
						</species_description>
					</species>
				</class_3>
			</snags>
			<ladder_fuels>
				<minimum_height unit="feet" />
				<maximum_height unit="feet" />
				<is_vertically_contiguous />
				<type />
			</ladder_fuels>
		</canopy>
		<shrubs>
			<primary_layer>
				<percent_cover unit="number" min="0" max="30">3.125</percent_cover>
				<height unit="feet" min="1" max="13">1.875</height>
				<percent_live unit="number" min="30" max="100">53.125</percent_live>
				<species>
					<species_description>
						<tsn>23533</tsn>
						<relative_cover>50.00</relative_cover>
					</species_description>
					<species_description>
						<tsn>28479</tsn>
						<relative_cover>50.00</relative_cover>
					</species_description>
				</species>
			</primary_layer>
			<secondary_layer>
				<percent_cover unit="number" min="0" max="30">3.125</percent_cover>
				<height unit="feet" min="0.1" max="0.8">0.1875</height>
				<percent_live unit="number" min="30" max="100">53.125</percent_live>
				<species>
					<species_description>
						<tsn>23503</tsn>
						<relative_cover>100.00</relative_cover>
					</species_description>
				</species>
			</secondary_layer>
			<needle_drape>
				<is_sufficient_to_affect_fire_behavior>0</is_sufficient_to_affect_fire_behavior>
			</needle_drape>
		</shrubs>
		<herbaceous>
			<primary_layer>
				<percent_cover unit="number" min="0" max="30">7.0</percent_cover>
				<height unit="feet" min="0.1" max="2">0.8</height>
				<percent_live unit="number" min="40" max="100">80.0</percent_live>
				<loading unit="tons_per_acre" min="0" max="2">0.05</loading>
				<species>
					<species_description>
						<tsn>25916</tsn>
						<relative_cover>25.00</relative_cover>
					</species_description>
					<species_description>
						<tsn>35423</tsn>
						<relative_cover>25.00</relative_cover>
					</species_description>
					<species_description>
						<tsn>36224</tsn>
						<relative_cover>25.00</relative_cover>
					</species_description>
					<species_description>
						<tsn>30156</tsn>
						<relative_cover>25.00</relative_cover>
					</species_description>
				</species>
			</primary_layer>
			<secondary_layer>
				<percent_cover unit="number">0.0</percent_cover>
				<height unit="feet">0.0</height>
				<percent_live unit="number">0.0</percent_live>
				<loading unit="tons_per_acre">0.0</loading>
				<species />
			</secondary_layer>
		</herbaceous>
		<woody_fuel>
			<all_downed_woody_fuel>
				<total_percent_cover unit="number" min="25" max="100" reference_id="4012">46.875</total_percent_cover>
				<depth unit="inches" min="1" max="10" reference_id="4012">2.5</depth>
			</all_downed_woody_fuel>
			<sound_wood>
				<loadings_zero_to_three_inches>
					<zero_to_quarter_inch unit="tons_per_acre" min="0" max="2" reference_id="4012">0.5</zero_to_quarter_inch>
					<quarter_inch_to_one_inch unit="tons_per_acre" min="0" max="3" reference_id="4012">0.6875</quarter_inch_to_one_inch>
					<one_to_three_inches unit="tons_per_acre" min="0" max="5" reference_id="4012">0.5625</one_to_three_inches>
				</loadings_zero_to_three_inches>
				<loadings_greater_than_three_inches>
					<three_to_nine_inches unit="tons_per_acre" min="0" max="15" reference_id="4012">1.6875</three_to_nine_inches>
					<nine_to_twenty_inches unit="tons_per_acre" min="0" max="15" reference_id="4012">2.0925000000000002</nine_to_twenty_inches>
					<greater_than_twenty_inches unit="tons_per_acre" min="0" max="20" reference_id="4012">9.99</greater_than_twenty_inches>
				</loadings_greater_than_three_inches>
				<all_sound_wood>
					<species>
						<species_description>
							<tsn>183424</tsn>
							<relative_cover>75.00</relative_cover>
						</species_description>
						<species_description>
							<tsn>23627</tsn>
							<relative_cover>25.00</relative_cover>
						</species_description>
					</species>
				</all_sound_wood>
			</sound_wood>
			<rotten_wood>
				<loadings_greater_than_three_inches>
					<three_to_nine_inches unit="tons_per_acre" min="0" max="15">1.4625</three_to_nine_inches>
					<nine_to_twenty_inches unit="tons_per_acre" min="0" max="15">1.5975000000000001</nine_to_twenty_inches>
					<greater_than_twenty_inches unit="tons_per_acre" min="0" max="20">5.13</greater_than_twenty_inches>
				</loadings_greater_than_three_inches>
				<all_rotten_wood>
					<species>
						<species_description>
							<tsn>23627</tsn>
							<relative_cover>25.00</relative_cover>
						</species_description>
						<species_description>
							<tsn>183424</tsn>
							<relative_cover>75.00</relative_cover>
						</species_description>
					</species>
				</all_rotten_wood>
			</rotten_wood>
			<stumps>
				<sound>
					<stem_density unit="number_per_acre" />
					<diameter unit="inches" />
					<height unit="feet" />
					<species />
				</sound>
				<rotten>
					<stem_density unit="number_per_acre">0.0</stem_density>
					<diameter unit="inches">0.0</diameter>
					<height unit="feet">0.0</height>
					<species />
				</rotten>
				<lightered_pitchy>
					<stem_density unit="number_per_acre">0.0</stem_density>
					<diameter unit="inches">0.0</diameter>
					<height unit="feet">0.0</height>
					<species />
				</lightered_pitchy>
			</stumps>
		</woody_fuel>
		<moss_lichen_litter>
			<moss>
				<percent_cover unit="number">0.0</percent_cover>
				<depth unit="inches">0.0</depth>
				<type />
			</moss>
			<ground_lichen>
				<percent_cover unit="number">0.0</percent_cover>
				<depth unit="inches">0.0</depth>
			</ground_lichen>
			<litter>
				<percent_cover unit="number" min="40" max="100" reference_id="4012">76.98075</percent_cover>
				<depth unit="inches" min="0" max="2" reference_id="4012">0.09997500000000001</depth>
				<arrangement>1</arrangement>
				<litter_type>
					<short_needle_pine>
						<relative_cover />
					</short_needle_pine>
					<long_needle_pine>
						<relative_cover />
					</long_needle_pine>
					<other_conifer>
						<relative_cover>100.00</relative_cover>
					</other_conifer>
					<broadleaf_deciduous>
						<relative_cover />
					</broadleaf_deciduous>
					<broadleaf_evergreen>
						<relative_cover />
					</broadleaf_evergreen>
					<palm_frond>
						<relative_cover />
					</palm_frond>
					<grass>
						<relative_cover />
					</grass>
				</litter_type>
			</litter>
		</moss_lichen_litter>
		<ground_fuel>
			<duff>
				<upper>
					<percent_cover unit="number" min="40" max="100" reference_id="4012">57.75</percent_cover>
					<depth unit="inches" min="0" max="2" reference_id="4012">0.15000000000000002</depth>
					<derivation>1</derivation>
				</upper>
				<lower>
					<percent_cover unit="number" min="40" max="100" reference_id="4012">0.0</percent_cover>
					<depth unit="inches" min="0" max="5" reference_id="4012">0.0</depth>
					<derivation />
					<loading unit="tons_per_acre" />
				</lower>
			</duff>
			<basal_accumulation>
				<radius unit="feet">0.0</radius>
				<depth unit="inches">0.0</depth>
				<number_per_unit_area unit="number_per_acre">0.0</number_per_unit_area>
				<type />
			</basal_accumulation>
			<squirrel_middens>
				<depth unit="inches">0.0</depth>
				<number_per_unit_area unit="number_per_acre">0.0</number_per_unit_area>
				<radius unit="feet">0.0</radius>
			</squirrel_middens>
		</ground_fuel>
	</fuelbed>
</FCCS_file>
