<?xml version="1.0"?>
<FCCS_file xmlns:xsi="http://www.w3.org/2001/XMLSchema-instance" xsi:noNamespaceSchemaLocation="cash.xsd" schemaVersion="1.4">
	<fuelbed_number>25_213</fuelbed_number>
	<fuelbed_name>Pinyon-Utah juniper forest</fuelbed_name>
	<fuelbed_description>Pinyon pine and juniper are common associates in the woodlands of the Southwest and are extensively distributed throughout the region. This fuelbed was developed based on data from Zion National Park.</fuelbed_description>
	<ecoregion>340</ecoregion>
	<vegetation_form>2</vegetation_form>
	<structural_class>1</structural_class>
	<cover_type>146,208</cover_type>
	<change_agent>2,3</change_agent>
	<natural_fire_regime>3</natural_fire_regime>
	<condition_class>2</condition_class>
	<user_name />
	<address />
	<affiliation />
	<phone />
	<file_owner_email />
	<notes />
	<site_photo />
	<date_collected>2003-09-17</date_collected>
	<fuelbed_confidence>4</fuelbed_confidence>
	<fuelbed>
		<canopy>
			<trees>
				<total_percent_cover unit="number" min="30" max="95">55.25</total_percent_cover>
				<overstory>
					<percent_cover unit="number" min="15" max="70">33.75</percent_cover>
					<height unit="feet" min="20" max="70">40</height>
					<height_to_live_crown unit="feet" min="0" max="10">2.5</height_to_live_crown>
					<stem_density unit="number_per_acre" min="20" max="120" reference_id="4006">51.599999999999994</stem_density>
					<diameter_at_breast_height unit="inches" min="10" max="60" reference_id="4006">16.28</diameter_at_breast_height>
					<species>
						<species_description>
							<tsn>194859</tsn>
							<relative_cover>76.00</relative_cover>
						</species_description>
						<species_description>
							<tsn>183336</tsn>
							<relative_cover>24.00</relative_cover>
						</species_description>
					</species>
				</overstory>
				<midstory>
					<percent_cover unit="number" min="0" max="50">11.25</percent_cover>
					<height unit="feet" min="10" max="50">30</height>
					<height_to_live_crown unit="feet" min="0" max="6">1.875</height_to_live_crown>
					<stem_density unit="number_per_acre" min="0" max="75" reference_id="4006">18.15</stem_density>
					<diameter_at_breast_height unit="inches" min="6" max="20" reference_id="4006">10.89</diameter_at_breast_height>
					<species>
						<species_description>
							<tsn>183336</tsn>
							<relative_cover>50.00</relative_cover>
						</species_description>
						<species_description>
							<tsn>194859</tsn>
							<relative_cover>50.00</relative_cover>
						</species_description>
					</species>
				</midstory>
				<understory>
					<percent_cover unit="number" min="2" max="30">5.0</percent_cover>
					<height unit="feet" min="4" max="30" reference_id="4006">23</height>
					<height_to_live_crown unit="feet" min="0" max="4">1</height_to_live_crown>
					<stem_density unit="number_per_acre" min="30" max="300" reference_id="4006">30.35</stem_density>
					<diameter_at_breast_height unit="inches" min="0.5" max="7" reference_id="4006">4.3</diameter_at_breast_height>
					<species>
						<species_description>
							<tsn>183336</tsn>
							<relative_cover>50.00</relative_cover>
						</species_description>
						<species_description>
							<tsn>183353</tsn>
							<relative_cover>33.00</relative_cover>
						</species_description>
						<species_description>
							<tsn>194859</tsn>
							<relative_cover>17.00</relative_cover>
						</species_description>
					</species>
				</understory>
			</trees>
			<snags>
				<class_1_conifers_with_foliage>
					<percent_cover unit="number" min="0" max="40">0.25964</percent_cover>
					<height_to_crown_base unit="feet" min="0" max="40">26.68</height_to_crown_base>
					<stem_density unit="number_per_acre" min="0" max="12">4</stem_density>
					<diameter unit="inches" min="6" max="60">15.5</diameter>
					<height unit="feet" min="10" max="70">40</height>
					<species>
						<species_description>
							<tsn>194859</tsn>
							<relative_cover>100.00</relative_cover>
						</species_description>
					</species>
				</class_1_conifers_with_foliage>
				<class_1_all_others>
					<stem_density unit="number_per_acre" />
					<diameter unit="inches" />
					<height unit="feet" />
					<species />
				</class_1_all_others>
				<class_2>
					<stem_density unit="number_per_acre" min="3" max="30">8.1</stem_density>
					<diameter unit="inches" min="6" max="70">29.7</diameter>
					<height unit="feet" min="10" max="70">45</height>
					<species>
						<species_description>
							<tsn>194859</tsn>
							<relative_cover>100.00</relative_cover>
						</species_description>
					</species>
				</class_2>
				<class_3>
					<stem_density unit="number_per_acre" />
					<diameter unit="inches" />
					<height unit="feet" />
					<species />
				</class_3>
			</snags>
			<ladder_fuels>
				<minimum_height unit="feet" min="0" max="6" reference_id="1360">1</minimum_height>
				<maximum_height unit="feet" min="6" max="16" reference_id="1360">13</maximum_height>
				<is_vertically_contiguous>0</is_vertically_contiguous>
				<type>7</type>
			</ladder_fuels>
		</canopy>
		<shrubs>
			<primary_layer>
				<percent_cover unit="number" min="0" max="30" reference_id="4006">6.534000000000002</percent_cover>
				<height unit="feet" min="1" max="4" reference_id="4006">2.2</height>
				<percent_live unit="number" min="60" max="95" reference_id="1360">80.0</percent_live>
				<species>
					<species_description>
						<tsn>35431</tsn>
						<relative_cover>58.00</relative_cover>
					</species_description>
					<species_description>
						<tsn>525040</tsn>
						<relative_cover>23.00</relative_cover>
					</species_description>
					<species_description>
						<tsn>25121</tsn>
						<relative_cover>19.00</relative_cover>
					</species_description>
				</species>
			</primary_layer>
			<secondary_layer>
				<percent_cover unit="number">0.0</percent_cover>
				<height unit="feet" />
				<percent_live unit="number">0.0</percent_live>
				<species />
			</secondary_layer>
			<needle_drape>
				<is_sufficient_to_affect_fire_behavior>0</is_sufficient_to_affect_fire_behavior>
			</needle_drape>
		</shrubs>
		<herbaceous>
			<primary_layer>
				<percent_cover unit="number" min="0.5" max="20">4.21875</percent_cover>
				<height unit="feet" min="0.1" max="1" reference_id="4006">0.3</height>
				<percent_live unit="number" min="40" max="100">59.985</percent_live>
				<loading unit="tons_per_acre" min="0" max="2">0.046875</loading>
				<species>
					<species_description>
						<tsn>35942</tsn>
						<relative_cover>50.00</relative_cover>
					</species_description>
					<species_description>
						<tsn>27288</tsn>
						<relative_cover>33.00</relative_cover>
					</species_description>
					<species_description>
						<tsn>823868</tsn>
						<relative_cover>17.00</relative_cover>
					</species_description>
				</species>
			</primary_layer>
			<secondary_layer>
				<percent_cover unit="number" min="5" max="50" reference_id="4006">29.53125</percent_cover>
				<height unit="feet" min="0.1" max="4" reference_id="4006">0.7</height>
				<percent_live unit="number" min="30" max="100">59.985</percent_live>
				<loading unit="tons_per_acre" min="0" max="1">0.01171875</loading>
				<species>
					<species_description>
						<tsn>504467</tsn>
						<relative_cover>45.00</relative_cover>
					</species_description>
					<species_description>
						<tsn>525113</tsn>
						<relative_cover>31.00</relative_cover>
					</species_description>
					<species_description>
						<tsn>41493</tsn>
						<relative_cover>19.00</relative_cover>
					</species_description>
					<species_description>
						<tsn>40524</tsn>
						<relative_cover>3.00</relative_cover>
					</species_description>
					<species_description>
						<tsn>530863</tsn>
						<relative_cover>2.00</relative_cover>
					</species_description>
				</species>
			</secondary_layer>
		</herbaceous>
		<woody_fuel>
			<all_downed_woody_fuel>
				<total_percent_cover unit="number" min="5" max="60">11.71875</total_percent_cover>
				<depth unit="inches" min="0.1" max="2">0.328125</depth>
			</all_downed_woody_fuel>
			<sound_wood>
				<loadings_zero_to_three_inches>
					<zero_to_quarter_inch unit="tons_per_acre" min="0" max="2">0.1875</zero_to_quarter_inch>
					<quarter_inch_to_one_inch unit="tons_per_acre" min="0" max="2">0.375</quarter_inch_to_one_inch>
					<one_to_three_inches unit="tons_per_acre" min="0" max="3">0.5625</one_to_three_inches>
				</loadings_zero_to_three_inches>
				<loadings_greater_than_three_inches>
					<three_to_nine_inches unit="tons_per_acre" min="0" max="4">0.75</three_to_nine_inches>
					<nine_to_twenty_inches unit="tons_per_acre" min="0" max="5">0.75</nine_to_twenty_inches>
					<greater_than_twenty_inches unit="tons_per_acre" min="0" max="5" reference_id="4006">0.0</greater_than_twenty_inches>
				</loadings_greater_than_three_inches>
				<all_sound_wood>
					<species>
						<species_description>
							<tsn>183336</tsn>
							<relative_cover>40.00</relative_cover>
						</species_description>
						<species_description>
							<tsn>194859</tsn>
							<relative_cover>60.00</relative_cover>
						</species_description>
					</species>
				</all_sound_wood>
			</sound_wood>
			<rotten_wood>
				<loadings_greater_than_three_inches>
					<three_to_nine_inches unit="tons_per_acre">0.625</three_to_nine_inches>
					<nine_to_twenty_inches unit="tons_per_acre">0.625</nine_to_twenty_inches>
					<greater_than_twenty_inches unit="tons_per_acre">0.0</greater_than_twenty_inches>
				</loadings_greater_than_three_inches>
				<all_rotten_wood>
					<species />
				</all_rotten_wood>
			</rotten_wood>
			<stumps>
				<sound>
					<stem_density unit="number_per_acre"></stem_density>
					<diameter unit="inches"></diameter>
					<height unit="feet"></height>
					<species />
				</sound>
				<rotten>
					<stem_density unit="number_per_acre">23.25</stem_density>
					<diameter unit="inches" />
					<height unit="feet" />
					<species />
				</rotten>
				<lightered_pitchy>
					<stem_density unit="number_per_acre" />
					<diameter unit="inches" />
					<height unit="feet" />
					<species />
				</lightered_pitchy>
			</stumps>
		</woody_fuel>
		<moss_lichen_litter>
			<moss>
				<percent_cover unit="number" />
				<depth unit="inches" />
				<type />
			</moss>
			<ground_lichen>
				<percent_cover unit="number" />
				<depth unit="inches" />
			</ground_lichen>
			<litter>
				<percent_cover unit="number" min="10" max="70">50.0</percent_cover>
				<depth unit="inches" min="0.1" max="1.5" reference_id="4006">0.5</depth>
				<arrangement>1</arrangement>
				<litter_type>
					<short_needle_pine>
						<relative_cover>75.00</relative_cover>
					</short_needle_pine>
					<long_needle_pine>
						<relative_cover />
					</long_needle_pine>
					<other_conifer>
						<relative_cover>20.00</relative_cover>
					</other_conifer>
					<broadleaf_deciduous>
						<relative_cover />
					</broadleaf_deciduous>
					<broadleaf_evergreen>
						<relative_cover />
					</broadleaf_evergreen>
					<palm_frond>
						<relative_cover />
					</palm_frond>
					<grass>
						<relative_cover>5.00</relative_cover>
					</grass>
				</litter_type>
			</litter>
		</moss_lichen_litter>
		<ground_fuel>
			<duff>
				<upper>
					<percent_cover unit="number" min="5" max="80" reference_id="1360">40</percent_cover>
					<depth unit="inches" min="0" max="3">1.1</depth>
					<derivation>1</derivation>
				</upper>
				<lower>
					<percent_cover unit="number" min="5" max="80" reference_id="1358" />
					<depth unit="inches" min="0" max="4" />
					<derivation />
					<loading unit="tons_per_acre" />
				</lower>
			</duff>
			<basal_accumulation>
				<radius unit="feet" min="0.41" max="5" reference_id="1358">2.5</radius>
				<depth unit="inches" min="0.2" max="3" reference_id="1358">1</depth>
				<number_per_unit_area unit="number_per_acre">27.52</number_per_unit_area>
				<type>2</type>
			</basal_accumulation>
			<squirrel_middens>
				<depth unit="inches" />
				<number_per_unit_area unit="number_per_acre" />
				<radius unit="feet" />
			</squirrel_middens>
		</ground_fuel>
	</fuelbed>
</FCCS_file>
