<?xml version="1.0"?>
<FCCS_file xmlns:xsi="http://www.w3.org/2001/XMLSchema-instance" schemaVersion="1.4" xsi:schemaLocation="conf\\us.fed.fs.fera.fccs.xsd">
	<fuelbed_number>87_131</fuelbed_number>
	<fuelbed_name>Black spruce/feathermoss forest</fuelbed_name>
	<fuelbed_description>Black spruce forest fuelbed with a feathermoss forest floor, between 50 and 150 years old. Found on floodplains and uplands in interior and southcentral Alaska. This fuelbed is comparable to the closed black spruce forest of Viereck et al. (1992).</fuelbed_description>
	<ecoregion>130</ecoregion>
	<vegetation_form>2</vegetation_form>
	<structural_class>3</structural_class>
	<cover_type>109</cover_type>
	<change_agent>18</change_agent>
	<natural_fire_regime>4</natural_fire_regime>
	<condition_class>1</condition_class>
	<user_name />
	<address />
	<affiliation />
	<phone />
	<file_owner_email />
	<notes />
	<date_collected>Sep 9, 2011</date_collected>
	<fuelbed_confidence />
	<fuelbed>
		<canopy>
			<trees>
				<total_percent_cover unit="number" min="60" max="100" reference_id="453">20.0</total_percent_cover>
				<overstory>
					<percent_cover unit="number" min="60" max="100" reference_id="453">20.0</percent_cover>
					<height unit="feet" min="8" max="40" reference_id="453">25</height>
					<height_to_live_crown unit="feet" min="0" max="10" reference_id="453">6.0</height_to_live_crown>
					<stem_density unit="number_per_acre" min="1000" max="7000">875.0</stem_density>
					<diameter_at_breast_height unit="inches" min="1" max="6">2.9</diameter_at_breast_height>
					<species>
						<species_description>
							<tsn>183302</tsn>
							<relative_cover>100.00</relative_cover>
						</species_description>
					</species>
				</overstory>
				<midstory>
					<percent_cover unit="number">0.0</percent_cover>
					<height unit="feet" />
					<height_to_live_crown unit="feet">0.0</height_to_live_crown>
					<stem_density unit="number_per_acre">0.0</stem_density>
					<diameter_at_breast_height unit="inches" />
					<species />
				</midstory>
				<understory>
					<percent_cover unit="number" min="1" max="20">0.15000000000000002</percent_cover>
					<height unit="feet" min="0.5" max="4.5">1.5</height>
					<height_to_live_crown unit="feet" min="0" max="2">0.0</height_to_live_crown>
					<stem_density unit="number_per_acre" min="500" max="12000">50.0</stem_density>
					<diameter_at_breast_height unit="inches" min="0" max="1">0.5</diameter_at_breast_height>
					<species>
						<species_description>
							<tsn>183302</tsn>
							<relative_cover>100.00</relative_cover>
						</species_description>
					</species>
				</understory>
			</trees>
			<snags>
				<class_1_conifers_with_foliage>
					<percent_cover unit="number">60.0</percent_cover>
					<height_to_crown_base unit="feet">4</height_to_crown_base>
					<stem_density unit="number_per_acre">2625.0</stem_density>
					<diameter unit="inches">2.9</diameter>
					<height unit="feet">25</height>
					<species>
						<species_description>
							<tsn>183302</tsn>
							<relative_cover>100.00</relative_cover>
						</species_description>
					</species>
				</class_1_conifers_with_foliage>
				<class_1_all_others>
					<stem_density unit="number_per_acre" min="0" max="400" reference_id="453">100</stem_density>
					<diameter unit="inches" min="1" max="6" reference_id="453">3.5</diameter>
					<height unit="feet" min="8" max="40" reference_id="453">25</height>
					<species>
						<species_description>
							<tsn>183302</tsn>
							<relative_cover>100.00</relative_cover>
						</species_description>
					</species>
				</class_1_all_others>
				<class_2>
					<stem_density unit="number_per_acre" min="0" max="800">150</stem_density>
					<diameter unit="inches" min="1" max="6" reference_id="453">3.5</diameter>
					<height unit="feet" min="8" max="40">20</height>
					<species>
						<species_description>
							<tsn>183302</tsn>
							<relative_cover>100.00</relative_cover>
						</species_description>
					</species>
				</class_2>
				<class_3>
					<stem_density unit="number_per_acre" min="0" max="800" reference_id="453">150</stem_density>
					<diameter unit="inches" min="1" max="6" reference_id="453">3.5</diameter>
					<height unit="feet" min="5" max="30" reference_id="453">15</height>
					<species>
						<species_description>
							<tsn>183302</tsn>
							<relative_cover>100.00</relative_cover>
						</species_description>
					</species>
				</class_3>
			</snags>
			<ladder_fuels>
				<minimum_height unit="feet" min="0" max="3" reference_id="453">0</minimum_height>
				<maximum_height unit="feet" min="0" max="10" reference_id="453">4</maximum_height>
				<is_vertically_contiguous>1</is_vertically_contiguous>
				<type>2</type>
			</ladder_fuels>
		</canopy>
		<shrubs>
			<primary_layer>
				<percent_cover unit="number" min="0" max="20" reference_id="5056">0.5</percent_cover>
				<height unit="feet" min="2" max="10" reference_id="5056">0.25</height>
				<percent_live unit="number" min="60" max="90" reference_id="5056">4.5</percent_live>
				<species>
					<species_description>
						<tsn>181894</tsn>
						<relative_cover>50.00</relative_cover>
					</species_description>
					<species_description>
						<tsn>22476</tsn>
						<relative_cover>50.00</relative_cover>
					</species_description>
				</species>
			</primary_layer>
			<secondary_layer>
				<percent_cover unit="number" min="0" max="40">1.0</percent_cover>
				<height unit="feet" min="0.5" max="2" reference_id="5056">0.05</height>
				<percent_live unit="number" min="60" max="90" reference_id="5056">4.5</percent_live>
				<species>
					<species_description>
						<tsn>505637</tsn>
						<relative_cover>30.00</relative_cover>
					</species_description>
					<species_description>
						<tsn>520050</tsn>
						<relative_cover>30.00</relative_cover>
					</species_description>
					<species_description>
						<tsn>23574</tsn>
						<relative_cover>20.00</relative_cover>
					</species_description>
					<species_description>
						<tsn>35314</tsn>
						<relative_cover>10.00</relative_cover>
					</species_description>
					<species_description>
						<tsn>24812</tsn>
						<relative_cover>10.00</relative_cover>
					</species_description>
				</species>
			</secondary_layer>
			<needle_drape>
				<is_sufficient_to_affect_fire_behavior>0</is_sufficient_to_affect_fire_behavior>
			</needle_drape>
		</shrubs>
		<herbaceous>
			<primary_layer>
				<percent_cover unit="number" min="0" max="10">0.1</percent_cover>
				<height unit="feet" min="0.5" max="3">0.05</height>
				<loading unit="tons_per_acre" min="0" max="0.2">0.0005</loading>
				<percent_live unit="number" min="60" max="100">4.5</percent_live>
				<species>
					<species_description>
						<tsn>39369</tsn>
						<relative_cover>50.00</relative_cover>
					</species_description>
					<species_description>
						<tsn>40544</tsn>
						<relative_cover>50.00</relative_cover>
					</species_description>
				</species>
			</primary_layer>
			<secondary_layer>
				<percent_cover unit="number" min="0" max="40">0.25</percent_cover>
				<height unit="feet" min="0.3" max="1">0.025</height>
				<loading unit="tons_per_acre" min="0" max="0.5">0.001</loading>
				<percent_live unit="number" min="60" max="100">4.5</percent_live>
				<species>
					<species_description>
						<tsn>17161</tsn>
						<relative_cover>40.00</relative_cover>
					</species_description>
					<species_description>
						<tsn>24850</tsn>
						<relative_cover>30.00</relative_cover>
					</species_description>
					<species_description>
						<tsn>502755</tsn>
						<relative_cover>30.00</relative_cover>
					</species_description>
				</species>
			</secondary_layer>
		</herbaceous>
		<woody_fuel>
			<all_downed_woody_fuel>
				<total_percent_cover unit="number" min="10" max="70" reference_id="453">1.5</total_percent_cover>
				<depth unit="inches" min="0.1" max="5" reference_id="453">0.025</depth>
			</all_downed_woody_fuel>
			<sound_wood>
				<all_sound_wood>
					<species>
						<species_description>
							<tsn>183302</tsn>
							<relative_cover>100.00</relative_cover>
						</species_description>
					</species>
				</all_sound_wood>
				<loadings_zero_to_three_inches>
					<zero_to_quarter_inch unit="tons_per_acre" min="0" max="1" reference_id="453">0.005000000000000001</zero_to_quarter_inch>
					<quarter_inch_to_one_inch unit="tons_per_acre" min="0" max="1" reference_id="453">0.010000000000000002</quarter_inch_to_one_inch>
					<one_to_three_inches unit="tons_per_acre" min="0" max="3" reference_id="453">0.025</one_to_three_inches>
				</loadings_zero_to_three_inches>
				<loadings_greater_than_three_inches>
					<three_to_nine_inches unit="tons_per_acre" min="0" max="8" reference_id="453">0.5</three_to_nine_inches>
					<nine_to_twenty_inches unit="tons_per_acre" min="0" max="2" reference_id="453">0.0</nine_to_twenty_inches>
					<greater_than_twenty_inches unit="tons_per_acre" min="0" max="0" reference_id="453">0.0</greater_than_twenty_inches>
				</loadings_greater_than_three_inches>
			</sound_wood>
			<rotten_wood>
				<all_rotten_wood>
					<species>
						<species_description>
							<tsn>183302</tsn>
							<relative_cover>100.00</relative_cover>
						</species_description>
					</species>
				</all_rotten_wood>
				<loadings_greater_than_three_inches>
					<three_to_nine_inches unit="tons_per_acre" min="0" max="5" reference_id="453">0.25</three_to_nine_inches>
					<nine_to_twenty_inches unit="tons_per_acre" min="0" max="2" reference_id="453">0.0</nine_to_twenty_inches>
					<greater_than_twenty_inches unit="tons_per_acre" min="0" max="0" reference_id="453">0.0</greater_than_twenty_inches>
				</loadings_greater_than_three_inches>
			</rotten_wood>
			<stumps>
				<sound>
					<stem_density unit="number_per_acre" min="25" max="150" reference_id="5000">50</stem_density>
					<diameter unit="inches" min="1" max="6">3.5</diameter>
					<height unit="feet" min="0.5" max="4.5" reference_id="5000">2</height>
					<species>
						<species_description>
							<tsn>183302</tsn>
							<relative_cover>100.00</relative_cover>
						</species_description>
					</species>
				</sound>
				<rotten>
					<stem_density unit="number_per_acre" min="25" max="150" reference_id="5000">25.0</stem_density>
					<diameter unit="inches" min="1" max="6">1.75</diameter>
					<height unit="feet" min="0.5" max="4.5" reference_id="5000">1.0</height>
					<species>
						<species_description>
							<tsn>183302</tsn>
							<relative_cover>100.00</relative_cover>
						</species_description>
					</species>
				</rotten>
				<lightered_pitchy>
					<stem_density unit="number_per_acre">0.0</stem_density>
					<diameter unit="inches">0.0</diameter>
					<height unit="feet">0.0</height>
					<species />
				</lightered_pitchy>
			</stumps>
			<piles>
				<clean_loading unit="tons_per_acre">0.02045275</clean_loading>
				<dirty_loading unit="tons_per_acre">0.0</dirty_loading>
				<verydirty_loading unit="tons_per_acre">0.0</verydirty_loading>
				<pileData>
					<header>pileGroupID,pileGroupName,numPiles,pileType,pileShape,W1,L1,H1,W2,L2,H2,soilPercent,packingRatio,handPileSpecies,species1_TSN,species1_percent,species2_TSN,species2_percent,pileQuality,percentConsumed</header>
					<pileGroups>
						<pileGroup>2,,1,1,5,5.00,12.00,3.00,,,,,,2,,,,,,90</pileGroup>
					</pileGroups>
				</pileData>
			</piles>
		</woody_fuel>
		<moss_lichen_litter>
			<moss>
				<type>2</type>
				<percent_cover unit="number" min="60" max="100" reference_id="453">4.0</percent_cover>
				<depth unit="inches" min="0.5" max="5" reference_id="453">0.125</depth>
			</moss>
			<ground_lichen>
				<percent_cover unit="number" min="0" max="20" reference_id="1357">0.25</percent_cover>
				<depth unit="inches" min="0.5" max="4" reference_id="1357">0.1</depth>
			</ground_lichen>
			<litter>
				<percent_cover unit="number" min="10" max="40" reference_id="453">0.75</percent_cover>
				<depth unit="inches" min="0.1" max="2" reference_id="453">0.05</depth>
				<arrangement>1</arrangement>
				<litter_type>
					<short_needle_pine>
						<relative_cover />
					</short_needle_pine>
					<long_needle_pine>
						<relative_cover />
					</long_needle_pine>
					<other_conifer>
						<relative_cover>100.00</relative_cover>
					</other_conifer>
					<broadleaf_deciduous>
						<relative_cover />
					</broadleaf_deciduous>
					<broadleaf_evergreen>
						<relative_cover />
					</broadleaf_evergreen>
					<palm_frond>
						<relative_cover />
					</palm_frond>
					<grass>
						<relative_cover />
					</grass>
				</litter_type>
			</litter>
		</moss_lichen_litter>
		<ground_fuel>
			<duff>
				<upper>
					<depth unit="inches" min="1" max="6" reference_id="453">0.2</depth>
					<percent_cover unit="number" min="50" max="100" reference_id="453">5.0</percent_cover>
					<derivation>1</derivation>
				</upper>
				<lower>
					<depth unit="inches" min="0.1" max="6" reference_id="453">0.1</depth>
					<percent_cover unit="number" min="40" max="90" reference_id="453">4.5</percent_cover>
					<derivation>3</derivation>
				</lower>
			</duff>
			<squirrel_middens>
				<depth unit="inches" min="6" max="30" reference_id="5058">0.9</depth>
				<radius unit="feet" min="2.5" max="7.5" reference_id="5058">0.25</radius>
				<number_per_unit_area unit="number_per_acre" min="0" max="4" reference_id="5058">0.05</number_per_unit_area>
			</squirrel_middens>
			<basal_accumulation>
				<depth unit="inches">0.0</depth>
				<radius unit="feet">0.0</radius>
				<number_per_unit_area unit="number_per_acre">0.0</number_per_unit_area>
				<type />
			</basal_accumulation>
		</ground_fuel>
	</fuelbed>
</FCCS_file>
