<?xml version="1.0"?>
<FCCS_file xmlns:xsi="http://www.w3.org/2001/XMLSchema-instance" xsi:noNamespaceSchemaLocation="cash.xsd" schemaVersion="1.4">
	<fuelbed_number>34_232</fuelbed_number>
	<fuelbed_name>Interior Douglas-fir-interior ponderosa pine/gambel oak forest</fuelbed_name>
	<fuelbed_description>This fuelbed represents mixed Douglas-fir and ponderosa pine conifer forests of the Southwest. Fire exclusion has created hazardous fuel conditions.</fuelbed_description>
	<ecoregion>310,320,330,340</ecoregion>
	<vegetation_form>2</vegetation_form>
	<structural_class>1</structural_class>
	<cover_type>118,144</cover_type>
	<change_agent>2</change_agent>
	<natural_fire_regime>3</natural_fire_regime>
	<condition_class>2</condition_class>
	<user_name />
	<address />
	<affiliation />
	<phone />
	<file_owner_email />
	<notes />
	<site_photo />
	<date_collected>2003-09-17</date_collected>
	<fuelbed_confidence>4</fuelbed_confidence>
	<fuelbed>
		<canopy>
			<trees>
				<total_percent_cover unit="number" min="5" max="80" reference_id="7000">16.5</total_percent_cover>
				<overstory>
					<percent_cover unit="number" min="2" max="30" reference_id="7000">2.5</percent_cover>
					<height unit="feet" min="34" max="79" reference_id="5066">56</height>
					<height_to_live_crown unit="feet" min="5" max="40" reference_id="7000">30.0</height_to_live_crown>
					<stem_density unit="number_per_acre" min="8" max="92" reference_id="5066">10.0</stem_density>
					<diameter_at_breast_height unit="inches" min="11.5" max="25" reference_id="5066">21.25</diameter_at_breast_height>
					<species>
						<species_description>
							<tsn>183365</tsn>
							<relative_cover>50.00</relative_cover>
						</species_description>
						<species_description>
							<tsn>183424</tsn>
							<relative_cover>50.00</relative_cover>
						</species_description>
					</species>
				</overstory>
				<midstory>
					<percent_cover unit="number">0.0</percent_cover>
					<height unit="feet" />
					<height_to_live_crown unit="feet">0.0</height_to_live_crown>
					<stem_density unit="number_per_acre">0.0</stem_density>
					<diameter_at_breast_height unit="inches">0.0</diameter_at_breast_height>
					<species />
				</midstory>
				<understory>
					<percent_cover unit="number" min="5" max="95" reference_id="7000">0.0</percent_cover>
					<height unit="feet" min="8" max="48" reference_id="5066">0.0</height>
					<height_to_live_crown unit="feet" min="1" max="15" reference_id="7000">0.0</height_to_live_crown>
					<stem_density unit="number_per_acre" min="37" max="1253" reference_id="5066">0.0</stem_density>
					<diameter_at_breast_height unit="inches" min="1.7" max="14" reference_id="5066">0.0</diameter_at_breast_height>
					<species>
						<species_description>
							<tsn>183424</tsn>
							<relative_cover>50.00</relative_cover>
						</species_description>
						<species_description>
							<tsn>183365</tsn>
							<relative_cover>25.00</relative_cover>
						</species_description>
						<species_description>
							<tsn>19337</tsn>
							<relative_cover>25.00</relative_cover>
						</species_description>
					</species>
				</understory>
			</trees>
			<snags>
				<class_1_conifers_with_foliage>
					<percent_cover unit="number" min="0" max="50">1.21704</percent_cover>
					<height_to_crown_base unit="feet" min="0" max="50">33.35</height_to_crown_base>
					<stem_density unit="number_per_acre" min="1" max="49" reference_id="5066">12</stem_density>
					<diameter unit="inches" min="6" max="20" reference_id="5066">13</diameter>
					<height unit="feet" min="30" max="86" reference_id="5066">50</height>
					<species>
						<species_description>
							<tsn>183365</tsn>
							<relative_cover>50.00</relative_cover>
						</species_description>
						<species_description>
							<tsn>183424</tsn>
							<relative_cover>50.00</relative_cover>
						</species_description>
					</species>
				</class_1_conifers_with_foliage>
				<class_1_all_others>
					<stem_density unit="number_per_acre" min="1" max="6" reference_id="5066">2</stem_density>
					<diameter unit="inches" min="3" max="10" reference_id="5066">6</diameter>
					<height unit="feet" min="10" max="40" reference_id="5066">25</height>
					<species>
						<species_description>
							<tsn>19337</tsn>
							<relative_cover>100.00</relative_cover>
						</species_description>
					</species>
				</class_1_all_others>
				<class_2>
					<stem_density unit="number_per_acre" min="1" max="54" reference_id="5066">14</stem_density>
					<diameter unit="inches" min="6" max="20" reference_id="5066">13</diameter>
					<height unit="feet" min="26" max="86" reference_id="5066">42</height>
					<species>
						<species_description>
							<tsn>183365</tsn>
							<relative_cover>50.00</relative_cover>
						</species_description>
						<species_description>
							<tsn>183424</tsn>
							<relative_cover>50.00</relative_cover>
						</species_description>
					</species>
				</class_2>
				<class_3>
					<stem_density unit="number_per_acre" min="1" max="54" reference_id="5066">14</stem_density>
					<diameter unit="inches" min="6" max="20" reference_id="5066">13</diameter>
					<height unit="feet" min="15" max="70" reference_id="5066">35</height>
					<species>
						<species_description>
							<tsn>183365</tsn>
							<relative_cover>50.00</relative_cover>
						</species_description>
						<species_description>
							<tsn>183424</tsn>
							<relative_cover>50.00</relative_cover>
						</species_description>
					</species>
				</class_3>
			</snags>
			<ladder_fuels>
				<minimum_height unit="feet" min="1" max="15">5</minimum_height>
				<maximum_height unit="feet" min="8" max="48">24</maximum_height>
				<is_vertically_contiguous>1</is_vertically_contiguous>
				<type>7</type>
			</ladder_fuels>
		</canopy>
		<shrubs>
			<primary_layer>
				<percent_cover unit="number" min="6" max="45">10.125</percent_cover>
				<height unit="feet" min="5" max="20" reference_id="4013">10</height>
				<percent_live unit="number" min="70" max="90" reference_id="7000">80.0</percent_live>
				<species>
					<species_description>
						<tsn>19337</tsn>
						<relative_cover>50.00</relative_cover>
					</species_description>
					<species_description>
						<tsn>26196</tsn>
						<relative_cover>25.00</relative_cover>
					</species_description>
					<species_description>
						<tsn>35338</tsn>
						<relative_cover>25.00</relative_cover>
					</species_description>
				</species>
			</primary_layer>
			<secondary_layer>
				<percent_cover unit="number">0.0</percent_cover>
				<height unit="feet" />
				<percent_live unit="number">0.0</percent_live>
				<species />
			</secondary_layer>
			<needle_drape>
				<is_sufficient_to_affect_fire_behavior>0</is_sufficient_to_affect_fire_behavior>
			</needle_drape>
		</shrubs>
		<herbaceous>
			<primary_layer>
				<percent_cover unit="number" min="0" max="78" reference_id="7030">7.5</percent_cover>
				<height unit="feet" min="0.5" max="2" reference_id="5083">1.5</height>
				<percent_live unit="number" min="50" max="90" reference_id="7000">70.0</percent_live>
				<loading unit="tons_per_acre" min="0" max="2" reference_id="7031">0.07500000000000001</loading>
				<species>
					<species_description>
						<tsn>40809</tsn>
						<relative_cover>35.00</relative_cover>
					</species_description>
					<species_description>
						<tsn>504467</tsn>
						<relative_cover>30.00</relative_cover>
					</species_description>
					<species_description>
						<tsn>503284</tsn>
						<relative_cover>20.00</relative_cover>
					</species_description>
					<species_description>
						<tsn>39786</tsn>
						<relative_cover>15.00</relative_cover>
					</species_description>
				</species>
			</primary_layer>
			<secondary_layer>
				<percent_cover unit="number">0.0</percent_cover>
				<height unit="feet" />
				<percent_live unit="number">0.0</percent_live>
				<loading unit="tons_per_acre">0.0</loading>
				<species />
			</secondary_layer>
		</herbaceous>
		<woody_fuel>
			<all_downed_woody_fuel>
				<total_percent_cover unit="number" min="1" max="50">7.5</total_percent_cover>
				<depth unit="inches" min="2" max="12">6.0</depth>
			</all_downed_woody_fuel>
			<sound_wood>
				<loadings_zero_to_three_inches>
					<zero_to_quarter_inch unit="tons_per_acre" min="0.03" max="1">1.125</zero_to_quarter_inch>
					<quarter_inch_to_one_inch unit="tons_per_acre" min="0.2" max="3">2.25</quarter_inch_to_one_inch>
					<one_to_three_inches unit="tons_per_acre" min="0.4" max="7.5">6.0</one_to_three_inches>
				</loadings_zero_to_three_inches>
				<loadings_greater_than_three_inches>
					<three_to_nine_inches unit="tons_per_acre" min="0" max="19">1.5</three_to_nine_inches>
					<nine_to_twenty_inches unit="tons_per_acre" min="0" max="19">2.25</nine_to_twenty_inches>
					<greater_than_twenty_inches unit="tons_per_acre" min="0" max="13.5">3.75</greater_than_twenty_inches>
				</loadings_greater_than_three_inches>
				<all_sound_wood>
					<species>
						<species_description>
							<tsn>183365</tsn>
							<relative_cover>50.00</relative_cover>
						</species_description>
						<species_description>
							<tsn>183424</tsn>
							<relative_cover>50.00</relative_cover>
						</species_description>
					</species>
				</all_sound_wood>
			</sound_wood>
			<rotten_wood>
				<loadings_greater_than_three_inches>
					<three_to_nine_inches unit="tons_per_acre" min="0.1" max="22">2.3</three_to_nine_inches>
					<nine_to_twenty_inches unit="tons_per_acre" min="0" max="18">2.45</nine_to_twenty_inches>
					<greater_than_twenty_inches unit="tons_per_acre" min="0" max="4.5">1.25</greater_than_twenty_inches>
				</loadings_greater_than_three_inches>
				<all_rotten_wood>
					<species>
						<species_description>
							<tsn>183365</tsn>
							<relative_cover>50.00</relative_cover>
						</species_description>
						<species_description>
							<tsn>183424</tsn>
							<relative_cover>50.00</relative_cover>
						</species_description>
					</species>
				</all_rotten_wood>
			</rotten_wood>
			<stumps>
				<sound>
					<stem_density unit="number_per_acre" min="1" max="10">34.0</stem_density>
					<diameter unit="inches" min="6" max="25">12</diameter>
					<height unit="feet" min="0.5" max="2">1</height>
					<species>
						<species_description>
							<tsn>183365</tsn>
							<relative_cover>50.00</relative_cover>
						</species_description>
						<species_description>
							<tsn>183424</tsn>
							<relative_cover>50.00</relative_cover>
						</species_description>
					</species>
				</sound>
				<rotten>
					<stem_density unit="number_per_acre" min="1" max="10">4</stem_density>
					<diameter unit="inches" min="6" max="25">12</diameter>
					<height unit="feet" min="0.5" max="2">1</height>
					<species>
						<species_description>
							<tsn>183365</tsn>
							<relative_cover>50.00</relative_cover>
						</species_description>
						<species_description>
							<tsn>183424</tsn>
							<relative_cover>50.00</relative_cover>
						</species_description>
					</species>
				</rotten>
				<lightered_pitchy>
					<stem_density unit="number_per_acre" />
					<diameter unit="inches" />
					<height unit="feet" />
					<species />
				</lightered_pitchy>
			</stumps>
			<piles>
				<clean_loading unit="tons_per_acre">0.002477</clean_loading>
				<dirty_loading unit="tons_per_acre">0.000000</dirty_loading>
				<verydirty_loading unit="tons_per_acre">0.000000</verydirty_loading>
				<pileData>
					<header>pileGroupID,pileGroupName,numPiles,pileType,pileShape,W1,L1,H1,W2,L2,H2,soilPercent,packingRatio,handPileSpecies,species1_TSN,species1_percent,species2_TSN,species2_percent,pileQuality,percentConsumed</header>
					<pileGroups>
						<pileGroup>2,,1,1,5,2.00,5.00,1.00,,,,,,2,,,,,,90</pileGroup>
					</pileGroups>
				</pileData>
			</piles>
		</woody_fuel>
		<moss_lichen_litter>
			<moss>
				<percent_cover unit="number" />
				<depth unit="inches" />
				<type />
			</moss>
			<ground_lichen>
				<percent_cover unit="number" />
				<depth unit="inches" />
			</ground_lichen>
			<litter>
				<percent_cover unit="number" min="50" max="100" reference_id="7032">100</percent_cover>
				<depth unit="inches" min="0.1" max="1.25" reference_id="7030">1.05</depth>
				<arrangement>1</arrangement>
				<litter_type>
					<short_needle_pine>
						<relative_cover />
					</short_needle_pine>
					<long_needle_pine>
						<relative_cover>30.00</relative_cover>
					</long_needle_pine>
					<other_conifer>
						<relative_cover>30.00</relative_cover>
					</other_conifer>
					<broadleaf_deciduous>
						<relative_cover>30.00</relative_cover>
					</broadleaf_deciduous>
					<broadleaf_evergreen>
						<relative_cover />
					</broadleaf_evergreen>
					<palm_frond>
						<relative_cover />
					</palm_frond>
					<grass>
						<relative_cover>10.00</relative_cover>
					</grass>
				</litter_type>
			</litter>
		</moss_lichen_litter>
		<ground_fuel>
			<duff>
				<upper>
					<percent_cover unit="number" min="50" max="100" reference_id="7032">75</percent_cover>
					<depth unit="inches" min="0.03" max="1.7" reference_id="7030">1</depth>
					<derivation>1</derivation>
				</upper>
				<lower>
					<percent_cover unit="number" min="50" max="100" />
					<depth unit="inches" min="0.03" max="1.7" reference_id="7030" />
					<derivation />
					<loading unit="tons_per_acre" />
				</lower>
			</duff>
			<basal_accumulation>
				<radius unit="feet" min="0.16" max="2" reference_id="7000">0.5</radius>
				<depth unit="inches" min="1.5" max="4" reference_id="7000">2</depth>
				<number_per_unit_area unit="number_per_acre">6</number_per_unit_area>
				<type>2</type>
			</basal_accumulation>
			<squirrel_middens>
				<depth unit="inches" />
				<number_per_unit_area unit="number_per_acre" />
				<radius unit="feet" />
			</squirrel_middens>
		</ground_fuel>
	</fuelbed>
</FCCS_file>
