<?xml version="1.0"?>
<FCCS_file xmlns:xsi="http://www.w3.org/2001/XMLSchema-instance" xsi:noNamespaceSchemaLocation="cash.xsd" schemaVersion="1.4">
	<fuelbed_number>260_521</fuelbed_number>
	<fuelbed_name>Ohia/uluhe forest - 5 years post wildfire</fuelbed_name>
	<fuelbed_description>Ohia rainforests with uluhe (Dicranopteris emarginata) climbing fern understories are typically open stands with thick, tall mats of uluhe. These rainforests occur at elevations of 1,500 to 4,400 feet. Although wildfires are uncommon in the rainforests of Hawaii, one did occur at this site 5 years previously after several weeks of drought.</fuelbed_description>
	<ecoregion>420</ecoregion>
	<vegetation_form>1</vegetation_form>
	<structural_class>2</structural_class>
	<cover_type>400</cover_type>
	<change_agent>16</change_agent>
	<natural_fire_regime />
	<condition_class>1</condition_class>
	<user_name />
	<address />
	<affiliation />
	<phone />
	<file_owner_email />
	<notes />
	<site_photo />
	<date_collected>2003-09-17</date_collected>
	<fuelbed_confidence>3</fuelbed_confidence>
	<fuelbed>
		<canopy>
			<trees>
				<total_percent_cover unit="number" min="15" max="70">21.0</total_percent_cover>
				<overstory>
					<percent_cover unit="number" min="5" max="70">15.0</percent_cover>
					<height unit="feet" min="10" max="50">25.1</height>
					<height_to_live_crown unit="feet" min="5" max="30">18.0</height_to_live_crown>
					<stem_density unit="number_per_acre" min="10" max="700">73.8</stem_density>
					<diameter_at_breast_height unit="inches" min="4" max="16">6</diameter_at_breast_height>
					<species>
						<species_description>
							<tsn>27259</tsn>
							<relative_cover>100.00</relative_cover>
						</species_description>
					</species>
				</overstory>
				<midstory>
					<percent_cover unit="number">0.0</percent_cover>
					<height unit="feet" />
					<height_to_live_crown unit="feet">0.0</height_to_live_crown>
					<stem_density unit="number_per_acre">0.0</stem_density>
					<diameter_at_breast_height unit="inches" />
					<species />
				</midstory>
				<understory>
					<percent_cover unit="number" />
					<height unit="feet" />
					<height_to_live_crown unit="feet" />
					<stem_density unit="number_per_acre" />
					<diameter_at_breast_height unit="inches" />
					<species />
				</understory>
			</trees>
			<snags>
				<class_1_conifers_with_foliage>
					<percent_cover unit="number">14.0</percent_cover>
					<height_to_crown_base unit="feet">15</height_to_crown_base>
					<stem_density unit="number_per_acre">49.2</stem_density>
					<diameter unit="inches">6.0</diameter>
					<height unit="feet">25.1</height>
					<species>
						<species_description>
							<tsn>27259</tsn>
							<relative_cover>100.00</relative_cover>
						</species_description>
					</species>
				</class_1_conifers_with_foliage>
				<class_1_all_others>
					<stem_density unit="number_per_acre" min="0" max="100">60</stem_density>
					<diameter unit="inches" min="4" max="16">4.9</diameter>
					<height unit="feet" min="10" max="35">20</height>
					<species>
						<species_description>
							<tsn>27259</tsn>
							<relative_cover>100.00</relative_cover>
						</species_description>
					</species>
				</class_1_all_others>
				<class_2>
					<stem_density unit="number_per_acre" min="0" max="50">3</stem_density>
					<diameter unit="inches" min="4" max="16">4.9</diameter>
					<height unit="feet" min="10" max="35">20</height>
					<species>
						<species_description>
							<tsn>27259</tsn>
							<relative_cover>100.00</relative_cover>
						</species_description>
					</species>
				</class_2>
				<class_3>
					<stem_density unit="number_per_acre" min="0" max="60">10</stem_density>
					<diameter unit="inches" min="4" max="16">4.9</diameter>
					<height unit="feet" min="4.5" max="20">10</height>
					<species>
						<species_description>
							<tsn>27259</tsn>
							<relative_cover>100.00</relative_cover>
						</species_description>
					</species>
				</class_3>
			</snags>
			<ladder_fuels>
				<minimum_height unit="feet" />
				<maximum_height unit="feet" />
				<is_vertically_contiguous />
				<type />
			</ladder_fuels>
		</canopy>
		<shrubs>
			<primary_layer>
				<percent_cover unit="number" min="0" max="30">5.5</percent_cover>
				<height unit="feet" min="2" max="10">5.2</height>
				<percent_live unit="number" min="65" max="100">95</percent_live>
				<species>
					<species_description>
						<tsn>34772</tsn>
						<relative_cover>96.00</relative_cover>
					</species_description>
					<species_description>
						<tsn>23618</tsn>
						<relative_cover>4.00</relative_cover>
					</species_description>
				</species>
			</primary_layer>
			<secondary_layer>
				<percent_cover unit="number" />
				<height unit="feet" />
				<percent_live unit="number" />
				<species />
			</secondary_layer>
			<needle_drape>
				<is_sufficient_to_affect_fire_behavior>0</is_sufficient_to_affect_fire_behavior>
			</needle_drape>
		</shrubs>
		<herbaceous>
			<primary_layer>
				<percent_cover unit="number" min="0" max="50">11</percent_cover>
				<height unit="feet" min="2" max="10">4</height>
				<percent_live unit="number" min="60" max="100">90</percent_live>
				<loading unit="tons_per_acre" min="2.5" max="3.8" reference_id="478">3</loading>
				<species>
					<species_description>
						<tsn>17964</tsn>
						<relative_cover>100.00</relative_cover>
					</species_description>
				</species>
			</primary_layer>
			<secondary_layer>
				<percent_cover unit="number" min="2" max="30">10</percent_cover>
				<height unit="feet" min="0.5" max="5">3.5</height>
				<percent_live unit="number" min="80" max="100">95</percent_live>
				<loading unit="tons_per_acre" min="2.5" max="3.8" reference_id="478">3</loading>
				<species>
					<species_description>
						<tsn>507520</tsn>
						<relative_cover>100.00</relative_cover>
					</species_description>
				</species>
			</secondary_layer>
		</herbaceous>
		<woody_fuel>
			<all_downed_woody_fuel>
				<total_percent_cover unit="number" min="20" max="80">25</total_percent_cover>
				<depth unit="inches" min="0" max="2">0.2</depth>
			</all_downed_woody_fuel>
			<sound_wood>
				<loadings_zero_to_three_inches>
					<zero_to_quarter_inch unit="tons_per_acre" min="0" max="2">0.1</zero_to_quarter_inch>
					<quarter_inch_to_one_inch unit="tons_per_acre" min="0" max="2">0.2</quarter_inch_to_one_inch>
					<one_to_three_inches unit="tons_per_acre" min="0" max="2">0</one_to_three_inches>
				</loadings_zero_to_three_inches>
				<loadings_greater_than_three_inches>
					<three_to_nine_inches unit="tons_per_acre" min="0" max="2">0</three_to_nine_inches>
					<nine_to_twenty_inches unit="tons_per_acre" min="0" max="2">0</nine_to_twenty_inches>
					<greater_than_twenty_inches unit="tons_per_acre">0</greater_than_twenty_inches>
				</loadings_greater_than_three_inches>
				<all_sound_wood>
					<species>
						<species_description>
							<tsn>27259</tsn>
							<relative_cover>100.00</relative_cover>
						</species_description>
					</species>
				</all_sound_wood>
			</sound_wood>
			<rotten_wood>
				<loadings_greater_than_three_inches>
					<three_to_nine_inches unit="tons_per_acre" />
					<nine_to_twenty_inches unit="tons_per_acre" />
					<greater_than_twenty_inches unit="tons_per_acre" />
				</loadings_greater_than_three_inches>
				<all_rotten_wood>
					<species />
				</all_rotten_wood>
			</rotten_wood>
			<stumps>
				<sound>
					<stem_density unit="number_per_acre" />
					<diameter unit="inches" />
					<height unit="feet" />
					<species />
				</sound>
				<rotten>
					<stem_density unit="number_per_acre" />
					<diameter unit="inches" />
					<height unit="feet" />
					<species />
				</rotten>
				<lightered_pitchy>
					<stem_density unit="number_per_acre" />
					<diameter unit="inches" />
					<height unit="feet" />
					<species />
				</lightered_pitchy>
			</stumps>
		</woody_fuel>
		<moss_lichen_litter>
			<moss>
				<percent_cover unit="number" />
				<depth unit="inches" />
				<type />
			</moss>
			<ground_lichen>
				<percent_cover unit="number" />
				<depth unit="inches" />
			</ground_lichen>
			<litter>
				<percent_cover unit="number" min="60" max="100">95</percent_cover>
				<depth unit="inches" min="1" max="5">1.8</depth>
				<arrangement>1</arrangement>
				<litter_type>
					<short_needle_pine>
						<relative_cover />
					</short_needle_pine>
					<long_needle_pine>
						<relative_cover />
					</long_needle_pine>
					<other_conifer>
						<relative_cover />
					</other_conifer>
					<broadleaf_deciduous>
						<relative_cover />
					</broadleaf_deciduous>
					<broadleaf_evergreen>
						<relative_cover>100.00</relative_cover>
					</broadleaf_evergreen>
					<palm_frond>
						<relative_cover />
					</palm_frond>
					<grass>
						<relative_cover />
					</grass>
				</litter_type>
			</litter>
		</moss_lichen_litter>
		<ground_fuel>
			<duff>
				<upper>
					<percent_cover unit="number" />
					<depth unit="inches" />
					<derivation />
				</upper>
				<lower>
					<percent_cover unit="number" />
					<depth unit="inches" />
					<derivation />
				</lower>
			</duff>
			<basal_accumulation>
				<radius unit="feet" />
				<depth unit="inches" />
				<number_per_unit_area unit="number_per_acre" />
				<type />
			</basal_accumulation>
			<squirrel_middens>
				<depth unit="inches" />
				<number_per_unit_area unit="number_per_acre" />
				<radius unit="feet" />
			</squirrel_middens>
		</ground_fuel>
	</fuelbed>
</FCCS_file>
