<?xml version="1.0"?>
<FCCS_file xmlns:xsi="http://www.w3.org/2001/XMLSchema-instance" xsi:noNamespaceSchemaLocation="cash.xsd" schemaVersion="1.4">
	<fuelbed_number>268_213</fuelbed_number>
	<fuelbed_name>American beech-yellow birch-sugar maple-eastern hemlock forest</fuelbed_name>
	<fuelbed_description>Northern hardwoods forest with a significant hemlock and/or balsam fir component. Occurs in the northern portions of the Lake States. This fuelbed represents forests from 50 to 100 years old.</fuelbed_description>
	<ecoregion>210,220</ecoregion>
	<vegetation_form>4</vegetation_form>
	<structural_class>1</structural_class>
	<cover_type>15,36,38</cover_type>
	<change_agent>18</change_agent>
	<natural_fire_regime>5</natural_fire_regime>
	<condition_class>1</condition_class>
	<user_name />
	<address />
	<affiliation />
	<phone />
	<file_owner_email />
	<notes />
	<site_photo />
	<date_collected>2003-09-17</date_collected>
	<fuelbed_confidence>3</fuelbed_confidence>
	<fuelbed>
		<canopy>
			<trees>
				<total_percent_cover unit="number" min="50" max="85">59.5</total_percent_cover>
				<overstory>
					<percent_cover unit="number" min="50" max="85" reference_id="5068">52.5</percent_cover>
					<height unit="feet" min="50" max="85" reference_id="5066">70</height>
					<height_to_live_crown unit="feet" min="30" max="50" reference_id="5000">56.25</height_to_live_crown>
					<stem_density unit="number_per_acre" min="30" max="75" reference_id="5066">33.75</stem_density>
					<diameter_at_breast_height unit="inches" min="10" max="23" reference_id="5066">17.6</diameter_at_breast_height>
					<species>
						<species_description>
							<tsn>28731</tsn>
							<relative_cover>40.00</relative_cover>
						</species_description>
						<species_description>
							<tsn>19489</tsn>
							<relative_cover>20.00</relative_cover>
						</species_description>
						<species_description>
							<tsn>19481</tsn>
							<relative_cover>15.00</relative_cover>
						</species_description>
						<species_description>
							<tsn>183397</tsn>
							<relative_cover>10.00</relative_cover>
						</species_description>
						<species_description>
							<tsn>19462</tsn>
							<relative_cover>10.00</relative_cover>
						</species_description>
						<species_description>
							<tsn>18032</tsn>
							<relative_cover>5.00</relative_cover>
						</species_description>
					</species>
				</overstory>
				<midstory>
					<percent_cover unit="number" min="15" max="60" reference_id="5068">22.5</percent_cover>
					<height unit="feet" min="30" max="65" reference_id="5066">50</height>
					<height_to_live_crown unit="feet" min="10" max="30" reference_id="5000">25.0</height_to_live_crown>
					<stem_density unit="number_per_acre" min="50" max="200" reference_id="5066">75.0</stem_density>
					<diameter_at_breast_height unit="inches" min="6" max="12" reference_id="5066">8.8</diameter_at_breast_height>
					<species>
						<species_description>
							<tsn>28731</tsn>
							<relative_cover>40.00</relative_cover>
						</species_description>
						<species_description>
							<tsn>19462</tsn>
							<relative_cover>25.00</relative_cover>
						</species_description>
						<species_description>
							<tsn>19481</tsn>
							<relative_cover>15.00</relative_cover>
						</species_description>
						<species_description>
							<tsn>21536</tsn>
							<relative_cover>15.00</relative_cover>
						</species_description>
						<species_description>
							<tsn>183397</tsn>
							<relative_cover>5.00</relative_cover>
						</species_description>
					</species>
				</midstory>
				<understory>
					<percent_cover unit="number" min="10" max="30" reference_id="5068">5.0</percent_cover>
					<height unit="feet" min="5" max="30" reference_id="5066">15</height>
					<height_to_live_crown unit="feet" min="0.5" max="8" reference_id="5000">4</height_to_live_crown>
					<stem_density unit="number_per_acre" min="50" max="1500" reference_id="5066">125.0</stem_density>
					<diameter_at_breast_height unit="inches" min="0.5" max="5" reference_id="5066">3</diameter_at_breast_height>
					<species>
						<species_description>
							<tsn>28731</tsn>
							<relative_cover>70.00</relative_cover>
						</species_description>
						<species_description>
							<tsn>18032</tsn>
							<relative_cover>10.00</relative_cover>
						</species_description>
						<species_description>
							<tsn>183397</tsn>
							<relative_cover>10.00</relative_cover>
						</species_description>
						<species_description>
							<tsn>28758</tsn>
							<relative_cover>5.00</relative_cover>
						</species_description>
						<species_description>
							<tsn>28754</tsn>
							<relative_cover>5.00</relative_cover>
						</species_description>
					</species>
				</understory>
			</trees>
			<snags>
				<class_1_conifers_with_foliage>
					<percent_cover unit="number" min="0" max="65">1.0284</percent_cover>
					<height_to_crown_base unit="feet" min="0" max="65">43.355000000000004</height_to_crown_base>
					<stem_density unit="number_per_acre" min="0" max="10" reference_id="5066">6</stem_density>
					<diameter unit="inches" min="4" max="15" reference_id="5066">9</diameter>
					<height unit="feet" min="50" max="85" reference_id="5066">65</height>
					<species>
						<species_description>
							<tsn>18032</tsn>
							<relative_cover>75.00</relative_cover>
						</species_description>
						<species_description>
							<tsn>183397</tsn>
							<relative_cover>25.00</relative_cover>
						</species_description>
					</species>
				</class_1_conifers_with_foliage>
				<class_1_all_others>
					<stem_density unit="number_per_acre" min="0" max="10" reference_id="5066">6</stem_density>
					<diameter unit="inches" min="4" max="25" reference_id="5066">9</diameter>
					<height unit="feet" min="50" max="80" reference_id="5066">65</height>
					<species>
						<species_description>
							<tsn>19478</tsn>
							<relative_cover>60.00</relative_cover>
						</species_description>
						<species_description>
							<tsn>21536</tsn>
							<relative_cover>40.00</relative_cover>
						</species_description>
					</species>
				</class_1_all_others>
				<class_2>
					<stem_density unit="number_per_acre" min="0" max="10" reference_id="5066">6</stem_density>
					<diameter unit="inches" min="7" max="11" reference_id="5066">8.5</diameter>
					<height unit="feet" min="40" max="70" reference_id="5066">55</height>
					<species>
						<species_description>
							<tsn>18032</tsn>
							<relative_cover>60.00</relative_cover>
						</species_description>
						<species_description>
							<tsn>28727</tsn>
							<relative_cover>40.00</relative_cover>
						</species_description>
					</species>
				</class_2>
				<class_3>
					<stem_density unit="number_per_acre" min="0" max="10" reference_id="5066">6</stem_density>
					<diameter unit="inches" min="5" max="20" reference_id="5066">10</diameter>
					<height unit="feet" min="35" max="60" reference_id="5066">50</height>
					<species>
						<species_description>
							<tsn>19478</tsn>
							<relative_cover>40.00</relative_cover>
						</species_description>
						<species_description>
							<tsn>28727</tsn>
							<relative_cover>60.00</relative_cover>
						</species_description>
					</species>
				</class_3>
			</snags>
			<ladder_fuels>
				<minimum_height unit="feet" />
				<maximum_height unit="feet" />
				<is_vertically_contiguous />
				<type />
			</ladder_fuels>
		</canopy>
		<shrubs>
			<primary_layer>
				<percent_cover unit="number" min="0" max="20">9.075000000000001</percent_cover>
				<height unit="feet" min="2" max="6" reference_id="4013">4</height>
				<percent_live unit="number" min="50" max="90" reference_id="5000">75.0</percent_live>
				<species>
					<species_description>
						<tsn>35255</tsn>
						<relative_cover>34.00</relative_cover>
					</species_description>
					<species_description>
						<tsn>24462</tsn>
						<relative_cover>33.00</relative_cover>
					</species_description>
					<species_description>
						<tsn>27129</tsn>
						<relative_cover>33.00</relative_cover>
					</species_description>
				</species>
			</primary_layer>
			<secondary_layer>
				<percent_cover unit="number">0.0</percent_cover>
				<height unit="feet" />
				<percent_live unit="number">0.0</percent_live>
				<species />
			</secondary_layer>
			<needle_drape>
				<is_sufficient_to_affect_fire_behavior>0</is_sufficient_to_affect_fire_behavior>
			</needle_drape>
		</shrubs>
		<herbaceous>
			<primary_layer>
				<percent_cover unit="number" min="5" max="25" reference_id="5081">11.71875</percent_cover>
				<height unit="feet" min="0.5" max="2" reference_id="5000">1</height>
				<percent_live unit="number" min="0" max="90" reference_id="5000">74.98125</percent_live>
				<loading unit="tons_per_acre" min="0" max="0.5">0.11718750000000001</loading>
				<species>
					<species_description>
						<tsn>17413</tsn>
						<relative_cover>20.00</relative_cover>
					</species_description>
					<species_description>
						<tsn>17538</tsn>
						<relative_cover>20.00</relative_cover>
					</species_description>
					<species_description>
						<tsn>29376</tsn>
						<relative_cover>20.00</relative_cover>
					</species_description>
					<species_description>
						<tsn>42903</tsn>
						<relative_cover>20.00</relative_cover>
					</species_description>
					<species_description>
						<tsn>24055</tsn>
						<relative_cover>20.00</relative_cover>
					</species_description>
				</species>
			</primary_layer>
			<secondary_layer>
				<percent_cover unit="number">0.0</percent_cover>
				<height unit="feet" />
				<percent_live unit="number">0.0</percent_live>
				<loading unit="tons_per_acre">0.0</loading>
				<species />
			</secondary_layer>
		</herbaceous>
		<woody_fuel>
			<all_downed_woody_fuel>
				<total_percent_cover unit="number" min="0" max="10" reference_id="5002">2.34375</total_percent_cover>
				<depth unit="inches" min="0" max="15" reference_id="5002">0.46875</depth>
			</all_downed_woody_fuel>
			<sound_wood>
				<loadings_zero_to_three_inches>
					<zero_to_quarter_inch unit="tons_per_acre" min="0" max="1.5">0.234375</zero_to_quarter_inch>
					<quarter_inch_to_one_inch unit="tons_per_acre" min="0" max="3">0.46875</quarter_inch_to_one_inch>
					<one_to_three_inches unit="tons_per_acre" min="0" max="5">0.46875</one_to_three_inches>
				</loadings_zero_to_three_inches>
				<loadings_greater_than_three_inches>
					<three_to_nine_inches unit="tons_per_acre" min="0" max="8" reference_id="5106">1.125</three_to_nine_inches>
					<nine_to_twenty_inches unit="tons_per_acre" min="0" max="10" reference_id="5106">3.75</nine_to_twenty_inches>
					<greater_than_twenty_inches unit="tons_per_acre" min="0" max="5" reference_id="5002">0.15000000000000002</greater_than_twenty_inches>
				</loadings_greater_than_three_inches>
				<all_sound_wood>
					<species>
						<species_description>
							<tsn>28731</tsn>
							<relative_cover>65.00</relative_cover>
						</species_description>
						<species_description>
							<tsn>19478</tsn>
							<relative_cover>35.00</relative_cover>
						</species_description>
					</species>
				</all_sound_wood>
			</sound_wood>
			<rotten_wood>
				<loadings_greater_than_three_inches>
					<three_to_nine_inches unit="tons_per_acre" min="0" max="4" reference_id="5002">1.4375</three_to_nine_inches>
					<nine_to_twenty_inches unit="tons_per_acre" min="0" max="3" reference_id="5002">4.125</nine_to_twenty_inches>
					<greater_than_twenty_inches unit="tons_per_acre" min="0" max="3" reference_id="5002">0.325</greater_than_twenty_inches>
				</loadings_greater_than_three_inches>
				<all_rotten_wood>
					<species>
						<species_description>
							<tsn>28731</tsn>
							<relative_cover>65.00</relative_cover>
						</species_description>
						<species_description>
							<tsn>19478</tsn>
							<relative_cover>35.00</relative_cover>
						</species_description>
					</species>
				</all_rotten_wood>
			</rotten_wood>
			<stumps>
				<sound>
					<stem_density unit="number_per_acre" min="0" max="10" reference_id="5002"></stem_density>
					<diameter unit="inches" min="4" max="30" reference_id="5002"></diameter>
					<height unit="feet" min="1" max="4.5" reference_id="5002"></height>
					<species />
				</sound>
				<rotten>
					<stem_density unit="number_per_acre" min="0" max="3" reference_id="5002">42.25</stem_density>
					<diameter unit="inches" min="4" max="30" reference_id="5002">12</diameter>
					<height unit="feet" min="1" max="4.5" reference_id="5002">3</height>
					<species>
						<species_description>
							<tsn>28731</tsn>
							<relative_cover>50.00</relative_cover>
						</species_description>
						<species_description>
							<tsn>19462</tsn>
							<relative_cover>50.00</relative_cover>
						</species_description>
					</species>
				</rotten>
				<lightered_pitchy>
					<stem_density unit="number_per_acre" />
					<diameter unit="inches" />
					<height unit="feet" />
					<species />
				</lightered_pitchy>
			</stumps>
			<piles>
				<clean_loading unit="tons_per_acre">0.468218</clean_loading>
				<dirty_loading unit="tons_per_acre">0.000000</dirty_loading>
				<verydirty_loading unit="tons_per_acre">0.000000</verydirty_loading>
				<pileData>
					<header>pileGroupID,pileGroupName,numPiles,pileType,pileShape,W1,L1,H1,W2,L2,H2,soilPercent,packingRatio,handPileSpecies,species1_TSN,species1_percent,species2_TSN,species2_percent,pileQuality,percentConsumed</header>
					<pileGroups>
						<pileGroup>2,,3,1,5,5.00,8.00,3.00,,,,,,1,,,,,,90</pileGroup>
					</pileGroups>
				</pileData>
			</piles>
		</woody_fuel>
		<moss_lichen_litter>
			<moss>
				<percent_cover unit="number" min="0" max="20">5</percent_cover>
				<depth unit="inches" min="1" max="4.5">2</depth>
				<type>2</type>
			</moss>
			<ground_lichen>
				<percent_cover unit="number" />
				<depth unit="inches" />
			</ground_lichen>
			<litter>
				<percent_cover unit="number" min="50" max="97">100</percent_cover>
				<depth unit="inches" min="0.25" max="2">1.875</depth>
				<arrangement>1</arrangement>
				<litter_type>
					<short_needle_pine>
						<relative_cover />
					</short_needle_pine>
					<long_needle_pine>
						<relative_cover />
					</long_needle_pine>
					<other_conifer>
						<relative_cover>10.00</relative_cover>
					</other_conifer>
					<broadleaf_deciduous>
						<relative_cover>90.00</relative_cover>
					</broadleaf_deciduous>
					<broadleaf_evergreen>
						<relative_cover />
					</broadleaf_evergreen>
					<palm_frond>
						<relative_cover />
					</palm_frond>
					<grass>
						<relative_cover />
					</grass>
				</litter_type>
			</litter>
		</moss_lichen_litter>
		<ground_fuel>
			<duff>
				<upper>
					<percent_cover unit="number" min="50" max="100">85</percent_cover>
					<depth unit="inches" min="0.1" max="3">1.5</depth>
					<derivation>1</derivation>
				</upper>
				<lower>
					<percent_cover unit="number" min="50" max="100" />
					<depth unit="inches" min="0.1" max="4" />
					<derivation />
					<loading unit="tons_per_acre" />
				</lower>
			</duff>
			<basal_accumulation>
				<radius unit="feet" />
				<depth unit="inches" />
				<number_per_unit_area unit="number_per_acre" />
				<type />
			</basal_accumulation>
			<squirrel_middens>
				<depth unit="inches" />
				<number_per_unit_area unit="number_per_acre" />
				<radius unit="feet" />
			</squirrel_middens>
		</ground_fuel>
	</fuelbed>
</FCCS_file>
