<?xml version="1.0"?>
<FCCS_file xmlns:xsi="http://www.w3.org/2001/XMLSchema-instance" schemaVersion="1.4" xsi:schemaLocation="conf\\us.fed.fs.fera.fccs.xsd">
	<fuelbed_number>433_323</fuelbed_number>
	<fuelbed_name>Pine-oak/American beachgrass savanna</fuelbed_name>
	<fuelbed_description>Martitime vegetation of the Atlantic Coastal Plain ranging from open herbaceous vegetation to woodlands on stable dunes or slightly inland. This fuelbed represents a moderate condition of patchy grassland vegetation interspersed with shrubs and an open canopy of stunted trees. </fuelbed_description>
	<ecoregion>220,230</ecoregion>
	<vegetation_form>5</vegetation_form>
	<structural_class>4</structural_class>
	<cover_type>63</cover_type>
	<change_agent>18</change_agent>
	<natural_fire_regime />
	<condition_class />
	<user_name />
	<address />
	<affiliation />
	<phone />
	<file_owner_email />
	<notes>Base fuelbed LF_414 for EVT 2436 and 2379. Altered canopy, shrub and nonwoody composition based on EVT description and NatureServe association descriptions. Also updated snag, woody, litter and duff information.</notes>
	<date_collected>Sep 20, 2011</date_collected>
	<fuelbed_confidence />
	<fuelbed>
		<canopy>
			<trees>
				<total_percent_cover unit="number" min="0" max="50">13.4</total_percent_cover>
				<overstory>
					<percent_cover unit="number" min="0" max="50">10.0</percent_cover>
					<height unit="feet" min="10" max="30">20</height>
					<height_to_live_crown unit="feet" min="5" max="25">15.0</height_to_live_crown>
					<stem_density unit="number_per_acre" min="5" max="70">20.0</stem_density>
					<diameter_at_breast_height unit="inches" min="2" max="8">5.0</diameter_at_breast_height>
					<species>
						<species_description>
							<tsn>18035</tsn>
							<relative_cover>50.00</relative_cover>
						</species_description>
						<species_description>
							<tsn>19276</tsn>
							<relative_cover>50.00</relative_cover>
						</species_description>
					</species>
				</overstory>
				<midstory>
					<percent_cover unit="number">0.0</percent_cover>
					<height unit="feet" />
					<height_to_live_crown unit="feet">0.0</height_to_live_crown>
					<stem_density unit="number_per_acre">0.0</stem_density>
					<diameter_at_breast_height unit="inches">0.0</diameter_at_breast_height>
					<species />
				</midstory>
				<understory>
					<percent_cover unit="number"></percent_cover>
					<height unit="feet"></height>
					<height_to_live_crown unit="feet"></height_to_live_crown>
					<stem_density unit="number_per_acre"></stem_density>
					<diameter_at_breast_height unit="inches"></diameter_at_breast_height>
					<species />
				</understory>
			</trees>
			<snags>
				<class_1_conifers_with_foliage>
					<percent_cover unit="number" />
					<height_to_crown_base unit="feet" />
					<stem_density unit="number_per_acre" />
					<diameter unit="inches" />
					<height unit="feet" />
					<species />
				</class_1_conifers_with_foliage>
				<class_1_all_others>
					<stem_density unit="number_per_acre" />
					<diameter unit="inches" />
					<height unit="feet" />
					<species />
				</class_1_all_others>
				<class_2>
					<stem_density unit="number_per_acre" min="0" max="5">1</stem_density>
					<diameter unit="inches" min="0" max="10">3</diameter>
					<height unit="feet" min="10" max="30">15</height>
					<species>
						<species_description>
							<tsn>18035</tsn>
							<relative_cover>70.00</relative_cover>
						</species_description>
						<species_description>
							<tsn>19276</tsn>
							<relative_cover>30.00</relative_cover>
						</species_description>
					</species>
				</class_2>
				<class_3>
					<stem_density unit="number_per_acre" min="0" max="5">1</stem_density>
					<diameter unit="inches" min="0" max="10">3</diameter>
					<height unit="feet" min="5" max="30">10</height>
					<species>
						<species_description>
							<tsn>18035</tsn>
							<relative_cover>70</relative_cover>
						</species_description>
						<species_description>
							<tsn>19276</tsn>
							<relative_cover>30</relative_cover>
						</species_description>
					</species>
				</class_3>
			</snags>
			<ladder_fuels>
				<minimum_height unit="feet" />
				<maximum_height unit="feet" />
				<is_vertically_contiguous />
				<type />
			</ladder_fuels>
		</canopy>
		<shrubs>
			<primary_layer>
				<percent_cover unit="number" min="0" max="40">24.99375</percent_cover>
				<height unit="feet" min="4" max="10" reference_id="5083">6</height>
				<percent_live unit="number" min="80" max="95">90.0</percent_live>
				<species>
					<species_description>
						<tsn>507899</tsn>
						<relative_cover>30</relative_cover>
					</species_description>
					<species_description>
						<tsn>22274</tsn>
						<relative_cover>20</relative_cover>
					</species_description>
					<species_description>
						<tsn>18048</tsn>
						<relative_cover>15</relative_cover>
					</species_description>
					<species_description>
						<tsn>24790</tsn>
						<relative_cover>15</relative_cover>
					</species_description>
					<species_description>
						<tsn>19358</tsn>
						<relative_cover>20</relative_cover>
					</species_description>
				</species>
			</primary_layer>
			<secondary_layer>
				<percent_cover unit="number">0.0</percent_cover>
				<height unit="feet" />
				<percent_live unit="number">0.0</percent_live>
				<species />
			</secondary_layer>
			<needle_drape>
				<is_sufficient_to_affect_fire_behavior>0</is_sufficient_to_affect_fire_behavior>
			</needle_drape>
		</shrubs>
		<herbaceous>
			<primary_layer>
				<percent_cover unit="number" min="25" max="60">39.99</percent_cover>
				<height unit="feet" min="2" max="6">3</height>
				<loading unit="tons_per_acre" min="0.5" max="2.5">0.5998499999999999</loading>
				<percent_live unit="number" min="70" max="95">80.0</percent_live>
				<species>
					<species_description>
						<tsn>40448</tsn>
						<relative_cover>40</relative_cover>
					</species_description>
					<species_description>
						<tsn>540435</tsn>
						<relative_cover>20</relative_cover>
					</species_description>
					<species_description>
						<tsn>36223</tsn>
						<relative_cover>20</relative_cover>
					</species_description>
					<species_description>
						<tsn>40903</tsn>
						<relative_cover>20</relative_cover>
					</species_description>
				</species>
			</primary_layer>
			<secondary_layer>
				<percent_cover unit="number">0.0</percent_cover>
				<height unit="feet" />
				<loading unit="tons_per_acre">0.0</loading>
				<percent_live unit="number">0.0</percent_live>
				<species />
			</secondary_layer>
		</herbaceous>
		<woody_fuel>
			<all_downed_woody_fuel>
				<total_percent_cover unit="number" min="0" max="30">3.3000000000000003</total_percent_cover>
				<depth unit="inches" min="0" max="2">0.165</depth>
			</all_downed_woody_fuel>
			<sound_wood>
				<all_sound_wood>
					<species>
						<species_description>
							<tsn>18035</tsn>
							<relative_cover>70.00</relative_cover>
						</species_description>
						<species_description>
							<tsn>19276</tsn>
							<relative_cover>30.00</relative_cover>
						</species_description>
					</species>
				</all_sound_wood>
				<loadings_zero_to_three_inches>
					<zero_to_quarter_inch unit="tons_per_acre" min="0" max="0.5" reference_id="459">0.066</zero_to_quarter_inch>
					<quarter_inch_to_one_inch unit="tons_per_acre" min="0" max="1" reference_id="459">0.132</quarter_inch_to_one_inch>
					<one_to_three_inches unit="tons_per_acre" min="0" max="3" reference_id="459">0.264</one_to_three_inches>
				</loadings_zero_to_three_inches>
				<loadings_greater_than_three_inches>
					<three_to_nine_inches unit="tons_per_acre" min="0" max="3">0.06000000000000001</three_to_nine_inches>
					<nine_to_twenty_inches unit="tons_per_acre" min="0" max="3" reference_id="459">0.0</nine_to_twenty_inches>
					<greater_than_twenty_inches unit="tons_per_acre" min="0" max="3">0.0</greater_than_twenty_inches>
				</loadings_greater_than_three_inches>
			</sound_wood>
			<rotten_wood>
				<all_rotten_wood>
					<species>
						<species_description>
							<tsn>18035</tsn>
							<relative_cover>70</relative_cover>
						</species_description>
						<species_description>
							<tsn>19276</tsn>
							<relative_cover>30</relative_cover>
						</species_description>
					</species>
				</all_rotten_wood>
				<loadings_greater_than_three_inches>
					<three_to_nine_inches unit="tons_per_acre" min="0" max="1" reference_id="459">0.10000000000000002</three_to_nine_inches>
					<nine_to_twenty_inches unit="tons_per_acre" min="0" max="1" reference_id="459">0.0</nine_to_twenty_inches>
					<greater_than_twenty_inches unit="tons_per_acre" min="0" max="1" reference_id="459">0.0</greater_than_twenty_inches>
				</loadings_greater_than_three_inches>
			</rotten_wood>
			<stumps>
				<sound>
					<stem_density unit="number_per_acre"></stem_density>
					<diameter unit="inches"></diameter>
					<height unit="feet"></height>
					<species />
				</sound>
				<rotten>
					<stem_density unit="number_per_acre">20.0</stem_density>
					<diameter unit="inches" />
					<height unit="feet" />
					<species />
				</rotten>
				<lightered_pitchy>
					<stem_density unit="number_per_acre" />
					<diameter unit="inches" />
					<height unit="feet" />
					<species />
				</lightered_pitchy>
			</stumps>
		</woody_fuel>
		<moss_lichen_litter>
			<moss>
				<type />
				<percent_cover unit="number">0.0</percent_cover>
				<depth unit="inches">0.0</depth>
			</moss>
			<ground_lichen>
				<percent_cover unit="number" min="0" max="25">5.0</percent_cover>
				<depth unit="inches" min="0" max="1" reference_id="5094">0.5</depth>
			</ground_lichen>
			<litter>
				<percent_cover unit="number" min="0" max="60">15.0</percent_cover>
				<depth unit="inches" min="0" max="1">0.5</depth>
				<arrangement>1</arrangement>
				<litter_type>
					<short_needle_pine>
						<relative_cover>40.0</relative_cover>
					</short_needle_pine>
					<long_needle_pine>
						<relative_cover />
					</long_needle_pine>
					<other_conifer>
						<relative_cover />
					</other_conifer>
					<broadleaf_deciduous>
						<relative_cover>40.0</relative_cover>
					</broadleaf_deciduous>
					<broadleaf_evergreen>
						<relative_cover />
					</broadleaf_evergreen>
					<palm_frond>
						<relative_cover />
					</palm_frond>
					<grass>
						<relative_cover>20.0</relative_cover>
					</grass>
				</litter_type>
			</litter>
		</moss_lichen_litter>
		<ground_fuel>
			<duff>
				<upper>
					<depth unit="inches" min="0" max="1">0.1</depth>
					<percent_cover unit="number" min="0" max="60">7.5</percent_cover>
					<derivation>1</derivation>
				</upper>
				<lower>
					<depth unit="inches" min="0" max="1">0.0</depth>
					<percent_cover unit="number" min="0" max="60">0.0</percent_cover>
					<derivation />
					<loading unit="tons_per_acre" />
				</lower>
			</duff>
			<squirrel_middens>
				<depth unit="inches">0.0</depth>
				<radius unit="feet" />
				<number_per_unit_area unit="number_per_acre">0.0</number_per_unit_area>
			</squirrel_middens>
			<basal_accumulation>
				<depth unit="inches">0.0</depth>
				<radius unit="feet" />
				<number_per_unit_area unit="number_per_acre">0.0</number_per_unit_area>
				<type />
			</basal_accumulation>
		</ground_fuel>
	</fuelbed>
</FCCS_file>
