<?xml version="1.0"?>
<FCCS_file xmlns:xsi="http://www.w3.org/2001/XMLSchema-instance" xsi:noNamespaceSchemaLocation="cash.xsd" schemaVersion="1.4">
	<fuelbed_number>216_132</fuelbed_number>
	<fuelbed_name>Gambel oak-bigtooth maple forest</fuelbed_name>
	<fuelbed_description>Mixed forests of gambel oak with ponderosa pine, bigtooth maple, and other species occur in the intermountain West. Fire exclusion in this forest resulted in increased fuel loads. This fuelbed was developed based on data from Zion National Park.</fuelbed_description>
	<ecoregion>340,330</ecoregion>
	<vegetation_form>4</vegetation_form>
	<structural_class>1</structural_class>
	<cover_type>209</cover_type>
	<change_agent>2</change_agent>
	<natural_fire_regime>4</natural_fire_regime>
	<condition_class>3</condition_class>
	<user_name />
	<address />
	<affiliation />
	<phone />
	<file_owner_email />
	<notes />
	<site_photo />
	<date_collected>2003-09-17</date_collected>
	<fuelbed_confidence>4</fuelbed_confidence>
	<fuelbed>
		<canopy>
			<trees>
				<total_percent_cover unit="number" min="50" max="100">18.0</total_percent_cover>
				<overstory>
					<percent_cover unit="number" min="10" max="80">10.125</percent_cover>
					<height unit="feet" min="20" max="80">60</height>
					<height_to_live_crown unit="feet" min="5" max="35">15.0</height_to_live_crown>
					<stem_density unit="number_per_acre" min="20" max="100">11.34</stem_density>
					<diameter_at_breast_height unit="inches" min="6" max="50">9.5</diameter_at_breast_height>
					<species>
						<species_description>
							<tsn>19337</tsn>
							<relative_cover>70.00</relative_cover>
						</species_description>
						<species_description>
							<tsn>28760</tsn>
							<relative_cover>18.00</relative_cover>
						</species_description>
						<species_description>
							<tsn>183365</tsn>
							<relative_cover>6.00</relative_cover>
						</species_description>
						<species_description>
							<tsn>194872</tsn>
							<relative_cover>6.00</relative_cover>
						</species_description>
					</species>
				</overstory>
				<midstory>
					<percent_cover unit="number">0.0</percent_cover>
					<height unit="feet" />
					<height_to_live_crown unit="feet">0.0</height_to_live_crown>
					<stem_density unit="number_per_acre">0.0</stem_density>
					<diameter_at_breast_height unit="inches" />
					<species />
				</midstory>
				<understory>
					<percent_cover unit="number" min="10" max="90">2.25</percent_cover>
					<height unit="feet" min="4" max="50" reference_id="4006">30</height>
					<height_to_live_crown unit="feet" min="0" max="30">9.0</height_to_live_crown>
					<stem_density unit="number_per_acre" min="100" max="1000" reference_id="4006">34.600500000000004</stem_density>
					<diameter_at_breast_height unit="inches" min="0.5" max="10" reference_id="4006">3.3</diameter_at_breast_height>
					<species>
						<species_description>
							<tsn>19337</tsn>
							<relative_cover>76.00</relative_cover>
						</species_description>
						<species_description>
							<tsn>28760</tsn>
							<relative_cover>18.00</relative_cover>
						</species_description>
						<species_description>
							<tsn>181826</tsn>
							<relative_cover>6.00</relative_cover>
						</species_description>
					</species>
				</understory>
			</trees>
			<snags>
				<class_1_conifers_with_foliage>
					<percent_cover unit="number">62.0</percent_cover>
					<height_to_crown_base unit="feet">10</height_to_crown_base>
					<stem_density unit="number_per_acre">39.059999999999995</stem_density>
					<diameter unit="inches">9.5</diameter>
					<height unit="feet">60</height>
					<species>
						<species_description>
							<tsn>19337</tsn>
							<relative_cover>70.00</relative_cover>
						</species_description>
						<species_description>
							<tsn>28760</tsn>
							<relative_cover>18.00</relative_cover>
						</species_description>
						<species_description>
							<tsn>183365</tsn>
							<relative_cover>6.00</relative_cover>
						</species_description>
						<species_description>
							<tsn>194872</tsn>
							<relative_cover>6.00</relative_cover>
						</species_description>
					</species>
				</class_1_conifers_with_foliage>
				<class_1_all_others>
					<stem_density unit="number_per_acre">39.059999999999995</stem_density>
					<diameter unit="inches">9.5</diameter>
					<height unit="feet">60</height>
					<species>
						<species_description>
							<tsn>19337</tsn>
							<relative_cover>70.00</relative_cover>
						</species_description>
						<species_description>
							<tsn>28760</tsn>
							<relative_cover>18.00</relative_cover>
						</species_description>
						<species_description>
							<tsn>183365</tsn>
							<relative_cover>6.00</relative_cover>
						</species_description>
						<species_description>
							<tsn>194872</tsn>
							<relative_cover>6.00</relative_cover>
						</species_description>
					</species>
				</class_1_all_others>
				<class_2>
					<stem_density unit="number_per_acre">37.8</stem_density>
					<diameter unit="inches">9.5</diameter>
					<height unit="feet">60</height>
					<species />
				</class_2>
				<class_3>
					<stem_density unit="number_per_acre"></stem_density>
					<diameter unit="inches"></diameter>
					<height unit="feet"></height>
					<species />
				</class_3>
			</snags>
			<ladder_fuels>
				<minimum_height unit="feet" min="0" max="30">5</minimum_height>
				<maximum_height unit="feet" min="4" max="50">30</maximum_height>
				<is_vertically_contiguous>1</is_vertically_contiguous>
				<type>7</type>
			</ladder_fuels>
		</canopy>
		<shrubs>
			<primary_layer>
				<percent_cover unit="number" min="5" max="60" reference_id="4006">14.6</percent_cover>
				<height unit="feet" min="0.1" max="10" reference_id="4006">1.2</height>
				<percent_live unit="number" min="60" max="100">90.0</percent_live>
				<species>
					<species_description>
						<tsn>25121</tsn>
						<relative_cover>67.00</relative_cover>
					</species_description>
					<species_description>
						<tsn>35338</tsn>
						<relative_cover>27.00</relative_cover>
					</species_description>
					<species_description>
						<tsn>24847</tsn>
						<relative_cover>3.00</relative_cover>
					</species_description>
					<species_description>
						<tsn>24806</tsn>
						<relative_cover>2.00</relative_cover>
					</species_description>
					<species_description>
						<tsn>25290</tsn>
						<relative_cover>1.00</relative_cover>
					</species_description>
				</species>
			</primary_layer>
			<secondary_layer>
				<percent_cover unit="number" min="0" max="10" reference_id="4006">0.55</percent_cover>
				<height unit="feet" min="0.1" max="2">0.10000000000000002</height>
				<percent_live unit="number" min="70" max="100">90.0</percent_live>
				<species>
					<species_description>
						<tsn>504149</tsn>
						<relative_cover>73.00</relative_cover>
					</species_description>
					<species_description>
						<tsn>18832</tsn>
						<relative_cover>27.00</relative_cover>
					</species_description>
				</species>
			</secondary_layer>
			<needle_drape>
				<is_sufficient_to_affect_fire_behavior>0</is_sufficient_to_affect_fire_behavior>
			</needle_drape>
		</shrubs>
		<herbaceous>
			<primary_layer>
				<percent_cover unit="number" min="2" max="25" reference_id="4006">11.3</percent_cover>
				<height unit="feet" min="0.1" max="4" reference_id="4006">0.8000000000000002</height>
				<percent_live unit="number" min="45" max="95">65.0</percent_live>
				<loading unit="tons_per_acre" min="0" max="2">0.10000000000000002</loading>
				<species>
					<species_description>
						<tsn>525116</tsn>
						<relative_cover>36.00</relative_cover>
					</species_description>
					<species_description>
						<tsn>41088</tsn>
						<relative_cover>28.00</relative_cover>
					</species_description>
					<species_description>
						<tsn>502267</tsn>
						<relative_cover>16.00</relative_cover>
					</species_description>
					<species_description>
						<tsn>504467</tsn>
						<relative_cover>11.00</relative_cover>
					</species_description>
					<species_description>
						<tsn>39786</tsn>
						<relative_cover>5.00</relative_cover>
					</species_description>
					<species_description>
						<tsn>525107</tsn>
						<relative_cover>4.00</relative_cover>
					</species_description>
				</species>
			</primary_layer>
			<secondary_layer>
				<percent_cover unit="number" min="5" max="70" reference_id="4006">32.400000000000006</percent_cover>
				<height unit="feet" min="0.1" max="4">1.0</height>
				<percent_live unit="number" min="45" max="95">65.0</percent_live>
				<loading unit="tons_per_acre" min="0" max="1">0.05000000000000001</loading>
				<species>
					<species_description>
						<tsn>503341</tsn>
						<relative_cover>56.00</relative_cover>
					</species_description>
					<species_description>
						<tsn>26331</tsn>
						<relative_cover>19.00</relative_cover>
					</species_description>
					<species_description>
						<tsn>33937</tsn>
						<relative_cover>5.00</relative_cover>
					</species_description>
					<species_description>
						<tsn>36279</tsn>
						<relative_cover>4.00</relative_cover>
					</species_description>
					<species_description>
						<tsn>26112</tsn>
						<relative_cover>3.00</relative_cover>
					</species_description>
					<species_description>
						<tsn>820056</tsn>
						<relative_cover>3.00</relative_cover>
					</species_description>
					<species_description>
						<tsn>27288</tsn>
						<relative_cover>3.00</relative_cover>
					</species_description>
					<species_description>
						<tsn>522189</tsn>
						<relative_cover>3.00</relative_cover>
					</species_description>
					<species_description>
						<tsn>20358</tsn>
						<relative_cover>2.00</relative_cover>
					</species_description>
					<species_description>
						<tsn>35950</tsn>
						<relative_cover>2.00</relative_cover>
					</species_description>
				</species>
			</secondary_layer>
		</herbaceous>
		<woody_fuel>
			<all_downed_woody_fuel>
				<total_percent_cover unit="number" min="30" max="100">5.25</total_percent_cover>
				<depth unit="inches" min="0.1" max="4">0.07500000000000001</depth>
			</all_downed_woody_fuel>
			<sound_wood>
				<loadings_zero_to_three_inches>
					<zero_to_quarter_inch unit="tons_per_acre" min="0" max="3" reference_id="4006">0.07500000000000001</zero_to_quarter_inch>
					<quarter_inch_to_one_inch unit="tons_per_acre" min="0" max="3" reference_id="4006">0.08250000000000002</quarter_inch_to_one_inch>
					<one_to_three_inches unit="tons_per_acre" min="0" max="5" reference_id="4006">0.14250000000000002</one_to_three_inches>
				</loadings_zero_to_three_inches>
				<loadings_greater_than_three_inches>
					<three_to_nine_inches unit="tons_per_acre" min="0" max="5" reference_id="4006">0.7124999999999999</three_to_nine_inches>
					<nine_to_twenty_inches unit="tons_per_acre" min="0" max="5" reference_id="4006">0.0</nine_to_twenty_inches>
					<greater_than_twenty_inches unit="tons_per_acre" min="0" max="5" reference_id="4006">0.0</greater_than_twenty_inches>
				</loadings_greater_than_three_inches>
				<all_sound_wood>
					<species>
						<species_description>
							<tsn>19337</tsn>
							<relative_cover>75.00</relative_cover>
						</species_description>
						<species_description>
							<tsn>28760</tsn>
							<relative_cover>25.00</relative_cover>
						</species_description>
					</species>
				</all_sound_wood>
			</sound_wood>
			<rotten_wood>
				<loadings_greater_than_three_inches>
					<three_to_nine_inches unit="tons_per_acre" min="0" max="5" reference_id="4006">0.2375</three_to_nine_inches>
					<nine_to_twenty_inches unit="tons_per_acre" min="0" max="5" reference_id="4006">0.0</nine_to_twenty_inches>
					<greater_than_twenty_inches unit="tons_per_acre" min="0" max="5" reference_id="4006">0.0</greater_than_twenty_inches>
				</loadings_greater_than_three_inches>
				<all_rotten_wood>
					<species>
						<species_description>
							<tsn>19337</tsn>
							<relative_cover>75.00</relative_cover>
						</species_description>
						<species_description>
							<tsn>28760</tsn>
							<relative_cover>25.00</relative_cover>
						</species_description>
					</species>
				</all_rotten_wood>
			</rotten_wood>
			<stumps>
				<sound>
					<stem_density unit="number_per_acre" />
					<diameter unit="inches" />
					<height unit="feet" />
					<species />
				</sound>
				<rotten>
					<stem_density unit="number_per_acre">0.0</stem_density>
					<diameter unit="inches">0.0</diameter>
					<height unit="feet">0.0</height>
					<species />
				</rotten>
				<lightered_pitchy>
					<stem_density unit="number_per_acre">0.0</stem_density>
					<diameter unit="inches">0.0</diameter>
					<height unit="feet">0.0</height>
					<species />
				</lightered_pitchy>
			</stumps>
		</woody_fuel>
		<moss_lichen_litter>
			<moss>
				<percent_cover unit="number">0.0</percent_cover>
				<depth unit="inches">0.0</depth>
				<type />
			</moss>
			<ground_lichen>
				<percent_cover unit="number">0.0</percent_cover>
				<depth unit="inches">0.0</depth>
			</ground_lichen>
			<litter>
				<percent_cover unit="number" min="40" max="100">40.0</percent_cover>
				<depth unit="inches" min="0.1" max="5" reference_id="4006">0.7500000000000001</depth>
				<arrangement>2</arrangement>
				<litter_type>
					<short_needle_pine>
						<relative_cover />
					</short_needle_pine>
					<long_needle_pine>
						<relative_cover>5.00</relative_cover>
					</long_needle_pine>
					<other_conifer>
						<relative_cover />
					</other_conifer>
					<broadleaf_deciduous>
						<relative_cover>95.00</relative_cover>
					</broadleaf_deciduous>
					<broadleaf_evergreen>
						<relative_cover />
					</broadleaf_evergreen>
					<palm_frond>
						<relative_cover />
					</palm_frond>
					<grass>
						<relative_cover />
					</grass>
				</litter_type>
			</litter>
		</moss_lichen_litter>
		<ground_fuel>
			<duff>
				<upper>
					<percent_cover unit="number" min="40" max="100">4.0</percent_cover>
					<depth unit="inches" min="0" max="5" reference_id="4006">0.07500000000000001</depth>
					<derivation>1</derivation>
				</upper>
				<lower>
					<percent_cover unit="number" min="40" max="100">0.0</percent_cover>
					<depth unit="inches" min="0" max="5" reference_id="4006">0.0</depth>
					<derivation />
					<loading unit="tons_per_acre" />
				</lower>
			</duff>
			<basal_accumulation>
				<radius unit="feet">0.0</radius>
				<depth unit="inches">0.0</depth>
				<number_per_unit_area unit="number_per_acre">0.0</number_per_unit_area>
				<type />
			</basal_accumulation>
			<squirrel_middens>
				<depth unit="inches">0.0</depth>
				<number_per_unit_area unit="number_per_acre">0.0</number_per_unit_area>
				<radius unit="feet">0.0</radius>
			</squirrel_middens>
		</ground_fuel>
	</fuelbed>
</FCCS_file>
