<?xml version="1.0"?>
<FCCS_file xmlns:xsi="http://www.w3.org/2001/XMLSchema-instance" xsi:noNamespaceSchemaLocation="cash.xsd" schemaVersion="1.4">
	<fuelbed_number>484_212</fuelbed_number>
	<fuelbed_name>Tamaulipan Saline Thornscrub</fuelbed_name>
	<fuelbed_description>Open shrubland on saline clays in the Tamaulipan region of southern Texas. Honey mesquite (Prosopis glandulosa) forms a sparse canopy over a variety of shrubs and subshrubs.</fuelbed_description>
	<ecoregion>320</ecoregion>
	<vegetation_form>5</vegetation_form>
	<structural_class>2</structural_class>
	<cover_type>95,149,270,271</cover_type>
	<change_agent>2,3</change_agent>
	<natural_fire_regime>1</natural_fire_regime>
	<condition_class>3</condition_class>
	<user_name />
	<address />
	<affiliation />
	<phone />
	<file_owner_email />
	<notes />
	<site_photo />
	<date_collected>2003-09-17</date_collected>
	<fuelbed_confidence>3</fuelbed_confidence>
	<fuelbed>
		<canopy>
			<trees>
				<total_percent_cover unit="number" min="5" max="50" reference_id="7038">12.75</total_percent_cover>
				<overstory>
					<percent_cover unit="number" min="5" max="50">7.5</percent_cover>
					<height unit="feet" min="7" max="30" reference_id="5066">12</height>
					<height_to_live_crown unit="feet" min="0" max="2" reference_id="7038">0.0</height_to_live_crown>
					<stem_density unit="number_per_acre" min="5" max="200" reference_id="5066">30.0</stem_density>
					<diameter_at_breast_height unit="inches" min="6" max="18" reference_id="5066">11.0</diameter_at_breast_height>
					<species>
						<species_description>
							<tsn>26879</tsn>
							<relative_cover>100.00</relative_cover>
						</species_description>
					</species>
				</overstory>
				<midstory>
					<percent_cover unit="number">0.0</percent_cover>
					<height unit="feet" />
					<height_to_live_crown unit="feet">0.0</height_to_live_crown>
					<stem_density unit="number_per_acre">0.0</stem_density>
					<diameter_at_breast_height unit="inches">0.0</diameter_at_breast_height>
					<species />
				</midstory>
				<understory>
					<percent_cover unit="number">0.0</percent_cover>
					<height unit="feet" />
					<height_to_live_crown unit="feet" />
					<stem_density unit="number_per_acre">0.0</stem_density>
					<diameter_at_breast_height unit="inches" />
					<species />
				</understory>
			</trees>
			<snags>
				<class_1_conifers_with_foliage>
					<percent_cover unit="number" />
					<height_to_crown_base unit="feet" />
					<stem_density unit="number_per_acre" />
					<diameter unit="inches" />
					<height unit="feet" />
					<species />
				</class_1_conifers_with_foliage>
				<class_1_all_others>
					<stem_density unit="number_per_acre" />
					<diameter unit="inches" />
					<height unit="feet" />
					<species />
				</class_1_all_others>
				<class_2>
					<stem_density unit="number_per_acre" />
					<diameter unit="inches" />
					<height unit="feet" />
					<species />
				</class_2>
				<class_3>
					<stem_density unit="number_per_acre" />
					<diameter unit="inches" />
					<height unit="feet" />
					<species />
				</class_3>
			</snags>
			<ladder_fuels>
				<minimum_height unit="feet" />
				<maximum_height unit="feet" />
				<is_vertically_contiguous />
				<type />
			</ladder_fuels>
		</canopy>
		<shrubs>
			<primary_layer>
				<percent_cover unit="number" min="10" max="70">41.25</percent_cover>
				<height unit="feet" min="4" max="15" reference_id="5083">4</height>
				<percent_live unit="number" min="85" max="100" reference_id="7000">95.0</percent_live>
				<species>
					<species_description>
						<tsn>19686</tsn>
						<relative_cover>15</relative_cover>
					</species_description>
					<species_description>
						<tsn>26437</tsn>
						<relative_cover>20</relative_cover>
					</species_description>
					<species_description>
						<tsn>20518</tsn>
						<relative_cover>20</relative_cover>
					</species_description>
					<species_description>
						<tsn>28534</tsn>
						<relative_cover>15</relative_cover>
					</species_description>
					<species_description>
						<tsn>20659</tsn>
						<relative_cover>15</relative_cover>
					</species_description>
					<species_description>
						<tsn>26878</tsn>
						<relative_cover>15</relative_cover>
					</species_description>
				</species>
			</primary_layer>
			<secondary_layer>
				<percent_cover unit="number">0.0</percent_cover>
				<height unit="feet" />
				<percent_live unit="number">0.0</percent_live>
				<species />
			</secondary_layer>
			<needle_drape>
				<is_sufficient_to_affect_fire_behavior>0</is_sufficient_to_affect_fire_behavior>
			</needle_drape>
		</shrubs>
		<herbaceous>
			<primary_layer>
				<percent_cover unit="number" min="2" max="60">28.125</percent_cover>
				<height unit="feet" min="1" max="3" reference_id="5083">2</height>
				<percent_live unit="number" min="50" max="100" reference_id="7000">79.98</percent_live>
				<loading unit="tons_per_acre" min="0" max="2.5" reference_id="7067">0.46875</loading>
				<species>
					<species_description>
						<tsn>41491</tsn>
						<relative_cover>34</relative_cover>
					</species_description>
					<species_description>
						<tsn>782573</tsn>
						<relative_cover>33</relative_cover>
					</species_description>
					<species_description>
						<tsn>41766</tsn>
						<relative_cover>33</relative_cover>
					</species_description>
				</species>
			</primary_layer>
			<secondary_layer>
				<percent_cover unit="number">14.0625</percent_cover>
				<height unit="feet">3</height>
				<percent_live unit="number">79.98</percent_live>
				<loading unit="tons_per_acre">0.234375</loading>
				<species>
					<species_description>
						<tsn>501400</tsn>
						<relative_cover>50</relative_cover>
					</species_description>
					<species_description>
						<tsn>505493</tsn>
						<relative_cover>50</relative_cover>
					</species_description>
				</species>
			</secondary_layer>
		</herbaceous>
		<woody_fuel>
			<all_downed_woody_fuel>
				<total_percent_cover unit="number">0.0</total_percent_cover>
				<depth unit="inches">0.0</depth>
			</all_downed_woody_fuel>
			<sound_wood>
				<loadings_zero_to_three_inches>
					<zero_to_quarter_inch unit="tons_per_acre">0.375</zero_to_quarter_inch>
					<quarter_inch_to_one_inch unit="tons_per_acre">0.75</quarter_inch_to_one_inch>
					<one_to_three_inches unit="tons_per_acre">0.375</one_to_three_inches>
				</loadings_zero_to_three_inches>
				<loadings_greater_than_three_inches>
					<three_to_nine_inches unit="tons_per_acre">0.0</three_to_nine_inches>
					<nine_to_twenty_inches unit="tons_per_acre">0.0</nine_to_twenty_inches>
					<greater_than_twenty_inches unit="tons_per_acre">0.0</greater_than_twenty_inches>
				</loadings_greater_than_three_inches>
				<all_sound_wood>
					<species />
				</all_sound_wood>
			</sound_wood>
			<rotten_wood>
				<loadings_greater_than_three_inches>
					<three_to_nine_inches unit="tons_per_acre">0.0</three_to_nine_inches>
					<nine_to_twenty_inches unit="tons_per_acre">0.0</nine_to_twenty_inches>
					<greater_than_twenty_inches unit="tons_per_acre">0.0</greater_than_twenty_inches>
				</loadings_greater_than_three_inches>
				<all_rotten_wood>
					<species />
				</all_rotten_wood>
			</rotten_wood>
			<stumps>
				<sound>
					<stem_density unit="number_per_acre">10.0</stem_density>
					<diameter unit="inches" />
					<height unit="feet" />
					<species />
				</sound>
				<rotten>
					<stem_density unit="number_per_acre" />
					<diameter unit="inches" />
					<height unit="feet" />
					<species />
				</rotten>
				<lightered_pitchy>
					<stem_density unit="number_per_acre" />
					<diameter unit="inches" />
					<height unit="feet" />
					<species />
				</lightered_pitchy>
			</stumps>
		</woody_fuel>
		<moss_lichen_litter>
			<moss>
				<percent_cover unit="number" />
				<depth unit="inches" />
				<type />
			</moss>
			<ground_lichen>
				<percent_cover unit="number" />
				<depth unit="inches" />
			</ground_lichen>
			<litter>
				<percent_cover unit="number" min="5" max="60" reference_id="7068">18.75</percent_cover>
				<depth unit="inches" min="0.2" max="1" reference_id="7000">0.625</depth>
				<arrangement>1</arrangement>
				<litter_type>
					<short_needle_pine>
						<relative_cover />
					</short_needle_pine>
					<long_needle_pine>
						<relative_cover />
					</long_needle_pine>
					<other_conifer>
						<relative_cover />
					</other_conifer>
					<broadleaf_deciduous>
						<relative_cover>80.00</relative_cover>
					</broadleaf_deciduous>
					<broadleaf_evergreen>
						<relative_cover />
					</broadleaf_evergreen>
					<palm_frond>
						<relative_cover />
					</palm_frond>
					<grass>
						<relative_cover>20.00</relative_cover>
					</grass>
				</litter_type>
			</litter>
		</moss_lichen_litter>
		<ground_fuel>
			<duff>
				<upper>
					<percent_cover unit="number" min="0" max="10" reference_id="7000" />
					<depth unit="inches" min="0" max="0.5" reference_id="7000" />
					<derivation />
					<loading unit="tons_per_acre" />
				</upper>
				<lower>
					<percent_cover unit="number" min="0" max="10" reference_id="7000" />
					<depth unit="inches" min="0" max="0.5" reference_id="7000" />
					<derivation />
					<loading unit="tons_per_acre" />
				</lower>
			</duff>
			<basal_accumulation>
				<radius unit="feet" />
				<depth unit="inches" />
				<number_per_unit_area unit="number_per_acre" />
				<type />
			</basal_accumulation>
			<squirrel_middens>
				<depth unit="inches" />
				<number_per_unit_area unit="number_per_acre" />
				<radius unit="feet" />
			</squirrel_middens>
		</ground_fuel>
	</fuelbed>
</FCCS_file>
