<?xml version="1.0"?>
<FCCS_file xmlns:xsi="http://www.w3.org/2001/XMLSchema-instance" xsi:noNamespaceSchemaLocation="cash.xsd" schemaVersion="1.4">
	<fuelbed_number>155_213</fuelbed_number>
	<fuelbed_name>Red spruce-balsam fir forest</fuelbed_name>
	<fuelbed_description>Mature red spruce -- balsam fir forest which generally occurs between 800 and 3,000 feet. Fire frequency has increased since European occupation. Red spruce -- balsam fir forests are susceptible to spruce budworm infestations. This fuelbed is described from a site that was clearcut for agricultural use and abandoned over 100 years previously.</fuelbed_description>
	<ecoregion>210,220</ecoregion>
	<vegetation_form>2</vegetation_form>
	<structural_class>1</structural_class>
	<cover_type>24</cover_type>
	<change_agent>18</change_agent>
	<natural_fire_regime>5</natural_fire_regime>
	<condition_class>2</condition_class>
	<user_name />
	<address />
	<affiliation />
	<phone />
	<file_owner_email />
	<notes />
	<site_photo />
	<date_collected>2003-09-17</date_collected>
	<fuelbed_confidence>3</fuelbed_confidence>
	<fuelbed>
		<canopy>
			<trees>
				<total_percent_cover unit="number" min="50" max="100">63.75</total_percent_cover>
				<overstory>
					<percent_cover unit="number" min="20" max="80" reference_id="5002">30.0</percent_cover>
					<height unit="feet" min="55" max="80" reference_id="5107">65</height>
					<height_to_live_crown unit="feet" min="30" max="43" reference_id="5107">46.25</height_to_live_crown>
					<stem_density unit="number_per_acre" min="60" max="500">97.5</stem_density>
					<diameter_at_breast_height unit="inches" min="8" max="18">10.450000000000001</diameter_at_breast_height>
					<species>
						<species_description>
							<tsn>18034</tsn>
							<relative_cover>60.00</relative_cover>
						</species_description>
						<species_description>
							<tsn>18032</tsn>
							<relative_cover>20.00</relative_cover>
						</species_description>
						<species_description>
							<tsn>19489</tsn>
							<relative_cover>10.00</relative_cover>
						</species_description>
						<species_description>
							<tsn>19481</tsn>
							<relative_cover>5.00</relative_cover>
						</species_description>
						<species_description>
							<tsn>28727</tsn>
							<relative_cover>5.00</relative_cover>
						</species_description>
					</species>
				</overstory>
				<midstory>
					<percent_cover unit="number" min="30" max="80" reference_id="5002">45.0</percent_cover>
					<height unit="feet" min="10" max="50" reference_id="5002">30</height>
					<height_to_live_crown unit="feet" min="2" max="30">25.0</height_to_live_crown>
					<stem_density unit="number_per_acre" min="100" max="1500">525.0</stem_density>
					<diameter_at_breast_height unit="inches" min="2" max="8">6.050000000000001</diameter_at_breast_height>
					<species>
						<species_description>
							<tsn>18032</tsn>
							<relative_cover>60.00</relative_cover>
						</species_description>
						<species_description>
							<tsn>28728</tsn>
							<relative_cover>15.00</relative_cover>
						</species_description>
						<species_description>
							<tsn>18034</tsn>
							<relative_cover>10.00</relative_cover>
						</species_description>
						<species_description>
							<tsn>25110</tsn>
							<relative_cover>5.00</relative_cover>
						</species_description>
						<species_description>
							<tsn>19489</tsn>
							<relative_cover>5.00</relative_cover>
						</species_description>
						<species_description>
							<tsn>28754</tsn>
							<relative_cover>5.00</relative_cover>
						</species_description>
					</species>
				</midstory>
				<understory>
					<percent_cover unit="number">0.0</percent_cover>
					<height unit="feet" />
					<height_to_live_crown unit="feet" />
					<stem_density unit="number_per_acre">0.0</stem_density>
					<diameter_at_breast_height unit="inches" />
					<species />
				</understory>
			</trees>
			<snags>
				<class_1_conifers_with_foliage>
					<percent_cover unit="number" />
					<height_to_crown_base unit="feet" />
					<stem_density unit="number_per_acre" />
					<diameter unit="inches" />
					<height unit="feet" />
					<species />
				</class_1_conifers_with_foliage>
				<class_1_all_others>
					<stem_density unit="number_per_acre" min="0" max="50" reference_id="5066">15</stem_density>
					<diameter unit="inches" min="5.5" max="16" reference_id="5066">8.5</diameter>
					<height unit="feet" min="22" max="60" reference_id="5066">40</height>
					<species>
						<species_description>
							<tsn>18032</tsn>
							<relative_cover>75.00</relative_cover>
						</species_description>
						<species_description>
							<tsn>19478</tsn>
							<relative_cover>25.00</relative_cover>
						</species_description>
					</species>
				</class_1_all_others>
				<class_2>
					<stem_density unit="number_per_acre" min="0" max="50" reference_id="5066">15</stem_density>
					<diameter unit="inches" min="5.5" max="16" reference_id="5066">8.5</diameter>
					<height unit="feet" min="22" max="60" reference_id="5066">40</height>
					<species>
						<species_description>
							<tsn>19478</tsn>
							<relative_cover>25.00</relative_cover>
						</species_description>
						<species_description>
							<tsn>18032</tsn>
							<relative_cover>75.00</relative_cover>
						</species_description>
					</species>
				</class_2>
				<class_3>
					<stem_density unit="number_per_acre" min="0" max="50" reference_id="5066">15</stem_density>
					<diameter unit="inches" min="5" max="13" reference_id="5066">7.5</diameter>
					<height unit="feet" min="22" max="60" reference_id="5066">40</height>
					<species>
						<species_description>
							<tsn>19478</tsn>
							<relative_cover>25.00</relative_cover>
						</species_description>
						<species_description>
							<tsn>18032</tsn>
							<relative_cover>75.00</relative_cover>
						</species_description>
					</species>
				</class_3>
			</snags>
			<ladder_fuels>
				<minimum_height unit="feet" min="0" max="20" reference_id="5002">3</minimum_height>
				<maximum_height unit="feet" min="0" max="50" reference_id="5002">30</maximum_height>
				<is_vertically_contiguous>1</is_vertically_contiguous>
				<type>2</type>
			</ladder_fuels>
		</canopy>
		<shrubs>
			<primary_layer>
				<percent_cover unit="number" min="0" max="20" reference_id="5002">4.5375000000000005</percent_cover>
				<height unit="feet" min="1" max="8">1.5</height>
				<percent_live unit="number" min="80" max="100" reference_id="5002">95.0</percent_live>
				<species>
					<species_description>
						<tsn>35265</tsn>
						<relative_cover>80.00</relative_cover>
					</species_description>
					<species_description>
						<tsn>23571</tsn>
						<relative_cover>20.00</relative_cover>
					</species_description>
				</species>
			</primary_layer>
			<secondary_layer>
				<percent_cover unit="number">0.0</percent_cover>
				<height unit="feet" />
				<percent_live unit="number">0.0</percent_live>
				<species />
			</secondary_layer>
			<needle_drape>
				<is_sufficient_to_affect_fire_behavior>0</is_sufficient_to_affect_fire_behavior>
			</needle_drape>
		</shrubs>
		<herbaceous>
			<primary_layer>
				<percent_cover unit="number" min="0" max="20" reference_id="5002">5.859375</percent_cover>
				<height unit="feet" min="0.5" max="2" reference_id="5002">1</height>
				<percent_live unit="number" min="90" max="100" reference_id="5002">94.97625</percent_live>
				<loading unit="tons_per_acre" min="0" max="2">0.05859375000000001</loading>
				<species>
					<species_description>
						<tsn>17519</tsn>
						<relative_cover>40.00</relative_cover>
					</species_description>
					<species_description>
						<tsn>17261</tsn>
						<relative_cover>40.00</relative_cover>
					</species_description>
					<species_description>
						<tsn>17413</tsn>
						<relative_cover>20.00</relative_cover>
					</species_description>
				</species>
			</primary_layer>
			<secondary_layer>
				<percent_cover unit="number">0.0</percent_cover>
				<height unit="feet" />
				<percent_live unit="number">0.0</percent_live>
				<loading unit="tons_per_acre">0.0</loading>
				<species />
			</secondary_layer>
		</herbaceous>
		<woody_fuel>
			<all_downed_woody_fuel>
				<total_percent_cover unit="number" min="1" max="30" reference_id="5002">7.03125</total_percent_cover>
				<depth unit="inches" min="1" max="7" reference_id="5002">1.40625</depth>
			</all_downed_woody_fuel>
			<sound_wood>
				<loadings_zero_to_three_inches>
					<zero_to_quarter_inch unit="tons_per_acre" min="0.1" max="3">0.234375</zero_to_quarter_inch>
					<quarter_inch_to_one_inch unit="tons_per_acre" min="0.1" max="5">0.46875</quarter_inch_to_one_inch>
					<one_to_three_inches unit="tons_per_acre" min="0.1" max="7" reference_id="5107">0.234375</one_to_three_inches>
				</loadings_zero_to_three_inches>
				<loadings_greater_than_three_inches>
					<three_to_nine_inches unit="tons_per_acre" min="1" max="10" reference_id="5107">1.125</three_to_nine_inches>
					<nine_to_twenty_inches unit="tons_per_acre" min="0" max="10" reference_id="5107">0.30000000000000004</nine_to_twenty_inches>
					<greater_than_twenty_inches unit="tons_per_acre" min="0" max="0" reference_id="5002">0.0</greater_than_twenty_inches>
				</loadings_greater_than_three_inches>
				<all_sound_wood>
					<species>
						<species_description>
							<tsn>18034</tsn>
							<relative_cover>50.00</relative_cover>
						</species_description>
						<species_description>
							<tsn>18032</tsn>
							<relative_cover>50.00</relative_cover>
						</species_description>
					</species>
				</all_sound_wood>
			</sound_wood>
			<rotten_wood>
				<loadings_greater_than_three_inches>
					<three_to_nine_inches unit="tons_per_acre" min="0" max="10" reference_id="5107">2.9375</three_to_nine_inches>
					<nine_to_twenty_inches unit="tons_per_acre" min="0" max="10" reference_id="5107">1.0</nine_to_twenty_inches>
					<greater_than_twenty_inches unit="tons_per_acre" min="0" max="0" reference_id="5002">0.0</greater_than_twenty_inches>
				</loadings_greater_than_three_inches>
				<all_rotten_wood>
					<species>
						<species_description>
							<tsn>18034</tsn>
							<relative_cover>50.00</relative_cover>
						</species_description>
						<species_description>
							<tsn>18032</tsn>
							<relative_cover>50.00</relative_cover>
						</species_description>
					</species>
				</all_rotten_wood>
			</rotten_wood>
			<stumps>
				<sound>
					<stem_density unit="number_per_acre" min="0" max="30" reference_id="5000"></stem_density>
					<diameter unit="inches" min="4" max="20" reference_id="5000"></diameter>
					<height unit="feet" min="1" max="4.5" reference_id="5000"></height>
					<species />
				</sound>
				<rotten>
					<stem_density unit="number_per_acre" min="0" max="30" reference_id="5000">217.5</stem_density>
					<diameter unit="inches" min="4" max="20" reference_id="5000">10</diameter>
					<height unit="feet" min="1" max="4.5" reference_id="5000">2</height>
					<species>
						<species_description>
							<tsn>18034</tsn>
							<relative_cover>50.00</relative_cover>
						</species_description>
						<species_description>
							<tsn>18032</tsn>
							<relative_cover>50.00</relative_cover>
						</species_description>
					</species>
				</rotten>
				<lightered_pitchy>
					<stem_density unit="number_per_acre" />
					<diameter unit="inches" />
					<height unit="feet" />
					<species />
				</lightered_pitchy>
			</stumps>
			<piles>
				<clean_loading unit="tons_per_acre">0.411096</clean_loading>
				<dirty_loading unit="tons_per_acre">0.000000</dirty_loading>
				<verydirty_loading unit="tons_per_acre">0.000000</verydirty_loading>
				<pileData>
					<header>pileGroupID,pileGroupName,numPiles,pileType,pileShape,W1,L1,H1,W2,L2,H2,soilPercent,packingRatio,handPileSpecies,species1_TSN,species1_percent,species2_TSN,species2_percent,pileQuality,percentConsumed</header>
					<pileGroups>
						<pileGroup>2,,3,1,5,6.00,10.00,5.00,,,,,,2,,,,,,90</pileGroup>
					</pileGroups>
				</pileData>
			</piles>
		</woody_fuel>
		<moss_lichen_litter>
			<moss>
				<percent_cover unit="number" min="0" max="10" reference_id="5002">5</percent_cover>
				<depth unit="inches" min="0.25" max="3" reference_id="5107">0.5</depth>
				<type>2</type>
			</moss>
			<ground_lichen>
				<percent_cover unit="number" />
				<depth unit="inches" />
			</ground_lichen>
			<litter>
				<percent_cover unit="number" min="85" max="100" reference_id="5002">100</percent_cover>
				<depth unit="inches" min="0.1" max="2.5" reference_id="5002">1.25</depth>
				<arrangement>1</arrangement>
				<litter_type>
					<short_needle_pine>
						<relative_cover />
					</short_needle_pine>
					<long_needle_pine>
						<relative_cover />
					</long_needle_pine>
					<other_conifer>
						<relative_cover>80.00</relative_cover>
					</other_conifer>
					<broadleaf_deciduous>
						<relative_cover>20.00</relative_cover>
					</broadleaf_deciduous>
					<broadleaf_evergreen>
						<relative_cover />
					</broadleaf_evergreen>
					<palm_frond>
						<relative_cover />
					</palm_frond>
					<grass>
						<relative_cover />
					</grass>
				</litter_type>
			</litter>
		</moss_lichen_litter>
		<ground_fuel>
			<duff>
				<upper>
					<percent_cover unit="number" min="95" max="100" reference_id="5002">99</percent_cover>
					<depth unit="inches" min="0.1" max="2" reference_id="5107">2</depth>
					<derivation>1</derivation>
				</upper>
				<lower>
					<percent_cover unit="number" min="95" max="100" reference_id="5002">99</percent_cover>
					<depth unit="inches" min="0.1" max="5" reference_id="5107">0.5</depth>
					<derivation>4</derivation>
				</lower>
			</duff>
			<basal_accumulation>
				<radius unit="feet" />
				<depth unit="inches" />
				<number_per_unit_area unit="number_per_acre" />
				<type />
			</basal_accumulation>
			<squirrel_middens>
				<depth unit="inches" />
				<number_per_unit_area unit="number_per_acre" />
				<radius unit="feet" />
			</squirrel_middens>
		</ground_fuel>
	</fuelbed>
</FCCS_file>
