<?xml version="1.0" encoding="UTF-8" standalone="yes"?>
<FCCS_file xmlns:xsi="http://www.w3.org/2001/XMLSchema-instance" xsi:noNamespaceSchemaLocation="cash.xsd" schemaVersion="1.4">
  <fuelbed_number>655</fuelbed_number>
  <fuelbed_name>Western larch forest 15-40 yr</fuelbed_name>
  <fuelbed_description>Western larch forest. Occurs at middle to high elevations across the eastern Cascade Range. Established 15 to 40 years ago following a wildfire.  Stands have no history of management and are composed of high density, pole-sized mixed conifers with a sparse, grassy understory. Snags created by wildfire are falling, resulting in high woody fuel loads. (Follows 148)</fuelbed_description>
  <ecoregion>340,330</ecoregion>
  <vegetation_form>2</vegetation_form>
  <structural_class>3</structural_class>
  <cover_type>120</cover_type>
  <change_agent>18</change_agent>
  <natural_fire_regime>1</natural_fire_regime>
  <condition_class>2</condition_class>
  <user_name>Okanogan and Wenatchee NF</user_name>
  <address/>
  <affiliation>USFS</affiliation>
  <phone/>
  <file_owner_email>rharrod@fs.fed.us</file_owner_email>
  <notes>This fuelbed created in cooperation with Richy Harrod, Jim Bailey, John Barnes, Rick Lind, and Jen Croft of the Okanogan and Wenatchee NF.    Used Tonasket RD FIREMON data from Siwash thin plots #25  #26  Strawberry Mtn data to create post fire larch stand transitioning to mixed conifer.  Used INT-97 stand 29A pg 27 to create base fuel loading, then adjusted for falling snags over time  branch pruning in dense regen stand (Bat units pre-thin)Edited by Susan Prichard and Ellen Eberhardt, February 2009.</notes>
  <date_collected>Sep 16, 2009</date_collected>
  <fuelbed_confidence/>
  <fuelbed>
    <canopy>
      <trees>
        <total_percent_cover unit="number" min="50" max="100">90</total_percent_cover>
        <overstory>
          <percent_cover unit="number" min="5" max="30">5</percent_cover>
          <height unit="feet" min="30" max="120">90</height>
          <height_to_live_crown unit="feet" min="20" max="50">30</height_to_live_crown>
          <stem_density unit="number_per_acre" min="3" max="10">10</stem_density>
          <diameter_at_breast_height unit="inches" min="10" max="36">20</diameter_at_breast_height>
          <species>
            <species_description>
              <tsn>183365</tsn>
              <relative_cover>10</relative_cover>
            </species_description>
            <species_description>
              <tsn>183424</tsn>
              <relative_cover>10</relative_cover>
            </species_description>
            <species_description>
              <tsn>183417</tsn>
              <relative_cover>80</relative_cover>
            </species_description>
          </species>
        </overstory>
        <midstory>
          <percent_cover unit="number"/>
          <height unit="feet"/>
          <height_to_live_crown unit="feet"/>
          <stem_density unit="number_per_acre"/>
          <diameter_at_breast_height unit="inches"/>
          <species/>
        </midstory>
        <understory>
          <percent_cover unit="number" min="0" max="20">85</percent_cover>
          <height unit="feet" min="0.1" max="23">10</height>
          <height_to_live_crown unit="feet" min="0" max="1">0.5</height_to_live_crown>
          <stem_density unit="number_per_acre" min="0" max="800">700</stem_density>
          <diameter_at_breast_height unit="inches" min="0" max="3">0.5</diameter_at_breast_height>
          <species>
            <species_description>
              <tsn>183417</tsn>
              <relative_cover>25</relative_cover>
            </species_description>
            <species_description>
              <tsn>183365</tsn>
              <relative_cover>20</relative_cover>
            </species_description>
            <species_description>
              <tsn>183424</tsn>
              <relative_cover>45</relative_cover>
            </species_description>
            <species_description>
              <tsn>183327</tsn>
              <relative_cover>10</relative_cover>
            </species_description>
          </species>
        </understory>
      </trees>
      <snags>
        <class_1_conifers_with_foliage>
          <percent_cover unit="number"/>
          <height_to_crown_base unit="feet"/>
          <stem_density unit="number_per_acre"/>
          <diameter unit="inches"/>
          <height unit="feet"/>
          <species/>
        </class_1_conifers_with_foliage>
        <class_1_all_others>
          <stem_density unit="number_per_acre"/>
          <diameter unit="inches"/>
          <height unit="feet"/>
          <species/>
        </class_1_all_others>
        <class_2>
          <stem_density unit="number_per_acre" min="0" max="1000">80</stem_density>
          <diameter unit="inches" min="6" max="35">13</diameter>
          <height unit="feet" min="10" max="120">60</height>
          <species>
            <species_description>
              <tsn>183417</tsn>
              <relative_cover>80.00</relative_cover>
            </species_description>
            <species_description>
              <tsn>183365</tsn>
              <relative_cover>10</relative_cover>
            </species_description>
            <species_description>
              <tsn>183424</tsn>
              <relative_cover>10</relative_cover>
            </species_description>
          </species>
        </class_2>
        <class_3>
          <stem_density unit="number_per_acre" min="0" max="100">10</stem_density>
          <diameter unit="inches" min="6" max="35">13</diameter>
          <height unit="feet" min="10" max="120">30</height>
          <species>
            <species_description>
              <tsn>183365</tsn>
              <relative_cover>10</relative_cover>
            </species_description>
            <species_description>
              <tsn>183424</tsn>
              <relative_cover>10</relative_cover>
            </species_description>
            <species_description>
              <tsn>183417</tsn>
              <relative_cover>80</relative_cover>
            </species_description>
          </species>
        </class_3>
      </snags>
      <ladder_fuels>
        <minimum_height unit="feet" min="0" max="2">0.5</minimum_height>
        <maximum_height unit="feet" min="1" max="100">10</maximum_height>
        <is_vertically_contiguous>0</is_vertically_contiguous>
        <type>7</type>
      </ladder_fuels>
    </canopy>
    <shrubs>
      <primary_layer>
        <percent_cover unit="number" min="0" max="20">1</percent_cover>
        <height unit="feet" min="0.5" max="2">1</height>
        <percent_live unit="number" min="0" max="100">40</percent_live>
        <species>
          <species_description>
            <tsn>23571</tsn>
            <relative_cover>30</relative_cover>
          </species_description>
          <species_description>
            <tsn>23530</tsn>
            <relative_cover>40</relative_cover>
          </species_description>
          <species_description>
            <tsn>35314</tsn>
            <relative_cover>30</relative_cover>
          </species_description>
        </species>
      </primary_layer>
      <secondary_layer>
        <percent_cover unit="number"/>
        <height unit="feet"/>
        <percent_live unit="number"/>
        <species/>
      </secondary_layer>
      <needle_drape>
        <is_sufficient_to_affect_fire_behavior>0</is_sufficient_to_affect_fire_behavior>
      </needle_drape>
    </shrubs>
    <herbaceous>
      <primary_layer>
        <percent_cover unit="number" min="10" max="60">10</percent_cover>
        <height unit="feet" min="0.5" max="1.5">0.5</height>
        <loading unit="tons_per_acre" min="0" max="0.5">0.05</loading>
        <percent_live unit="number" min="40" max="99">40</percent_live>
        <species>
          <species_description>
            <tsn>40540</tsn>
            <relative_cover>90</relative_cover>
          </species_description>
          <species_description>
            <tsn>39613</tsn>
            <relative_cover>10</relative_cover>
          </species_description>
        </species>
      </primary_layer>
      <secondary_layer>
        <percent_cover unit="number" min="0" max="15">5</percent_cover>
        <height unit="feet" min="0.2" max="2">1</height>
        <loading unit="tons_per_acre" min="0" max="0.2">0.01</loading>
        <percent_live unit="number" min="20" max="80">60</percent_live>
        <species>
          <species_description>
            <tsn>26085</tsn>
            <relative_cover>50</relative_cover>
          </species_description>
          <species_description>
            <tsn>36818</tsn>
            <relative_cover>50</relative_cover>
          </species_description>
        </species>
      </secondary_layer>
    </herbaceous>
    <woody_fuel>
      <all_downed_woody_fuel>
        <total_percent_cover unit="number" min="0" max="80">20</total_percent_cover>
        <depth unit="inches" min="0.5" max="4">1</depth>
      </all_downed_woody_fuel>
      <sound_wood>
        <all_sound_wood>
          <species>
            <species_description>
              <tsn>183417</tsn>
              <relative_cover>80.00</relative_cover>
            </species_description>
            <species_description>
              <tsn>183365</tsn>
              <relative_cover>10</relative_cover>
            </species_description>
            <species_description>
              <tsn>183424</tsn>
              <relative_cover>10</relative_cover>
            </species_description>
          </species>
        </all_sound_wood>
        <loadings_zero_to_three_inches>
          <zero_to_quarter_inch unit="tons_per_acre" min="0.1" max="2">1</zero_to_quarter_inch>
          <quarter_inch_to_one_inch unit="tons_per_acre" min="0.2" max="3">2</quarter_inch_to_one_inch>
          <one_to_three_inches unit="tons_per_acre" min="0.2" max="3">2</one_to_three_inches>
        </loadings_zero_to_three_inches>
        <loadings_greater_than_three_inches>
          <three_to_nine_inches unit="tons_per_acre" min="0.1" max="3">2</three_to_nine_inches>
          <nine_to_twenty_inches unit="tons_per_acre" min="0" max="10">3</nine_to_twenty_inches>
          <greater_than_twenty_inches unit="tons_per_acre" min="0" max="2">2</greater_than_twenty_inches>
        </loadings_greater_than_three_inches>
      </sound_wood>
      <rotten_wood>
        <all_rotten_wood>
          <species>
            <species_description>
              <tsn>183365</tsn>
              <relative_cover>5</relative_cover>
            </species_description>
            <species_description>
              <tsn>183424</tsn>
              <relative_cover>10</relative_cover>
            </species_description>
            <species_description>
              <tsn>183417</tsn>
              <relative_cover>85</relative_cover>
            </species_description>
          </species>
        </all_rotten_wood>
        <loadings_greater_than_three_inches>
          <three_to_nine_inches unit="tons_per_acre" min="0" max="3">1</three_to_nine_inches>
          <nine_to_twenty_inches unit="tons_per_acre" min="0" max="2">2</nine_to_twenty_inches>
          <greater_than_twenty_inches unit="tons_per_acre" min="0" max="1">0</greater_than_twenty_inches>
        </loadings_greater_than_three_inches>
      </rotten_wood>
      <stumps>
        <sound>
          <stem_density unit="number_per_acre"/>
          <diameter unit="inches"/>
          <height unit="feet"/>
          <species/>
        </sound>
        <rotten>
          <stem_density unit="number_per_acre"/>
          <diameter unit="inches"/>
          <height unit="feet"/>
          <species/>
        </rotten>
        <lightered_pitchy>
          <stem_density unit="number_per_acre"/>
          <diameter unit="inches"/>
          <height unit="feet"/>
          <species/>
        </lightered_pitchy>
      </stumps>
    </woody_fuel>
    <moss_lichen_litter>
      <moss>
        <type/>
        <percent_cover unit="number"/>
        <depth unit="inches"/>
      </moss>
      <ground_lichen>
        <percent_cover unit="number"/>
        <depth unit="inches"/>
      </ground_lichen>
      <litter>
        <percent_cover unit="number" min="40" max="100">60</percent_cover>
        <depth unit="inches" min="0.1" max="3">0.5</depth>
        <arrangement>1</arrangement>
        <litter_type>
          <short_needle_pine>
            <relative_cover/>
          </short_needle_pine>
          <long_needle_pine>
            <relative_cover>5.0</relative_cover>
          </long_needle_pine>
          <other_conifer>
            <relative_cover>80.0</relative_cover>
          </other_conifer>
          <broadleaf_deciduous>
            <relative_cover/>
          </broadleaf_deciduous>
          <broadleaf_evergreen>
            <relative_cover/>
          </broadleaf_evergreen>
          <palm_frond>
            <relative_cover/>
          </palm_frond>
          <grass>
            <relative_cover>15.0</relative_cover>
          </grass>
        </litter_type>
      </litter>
    </moss_lichen_litter>
    <ground_fuel>
      <duff>
        <upper>
          <depth unit="inches" min="0" max="1.5">0.2</depth>
          <percent_cover unit="number" min="40" max="90">90</percent_cover>
          <derivation>1</derivation>
        </upper>
        <lower>
          <depth unit="inches" min="0" max="1">0.1</depth>
          <percent_cover unit="number" min="40" max="90">90</percent_cover>
          <derivation>3</derivation>
        </lower>
      </duff>
      <squirrel_middens>
        <depth unit="inches"/>
        <radius unit="feet"/>
        <number_per_unit_area unit="number_per_acre"/>
      </squirrel_middens>
      <basal_accumulation>
        <depth unit="inches" min="0" max="4">0.05</depth>
        <radius unit="feet" min="0.5" max="2">1</radius>
        <number_per_unit_area unit="number_per_acre">4</number_per_unit_area>
        <type>2</type>
      </basal_accumulation>
    </ground_fuel>
  </fuelbed>
</FCCS_file>
