<?xml version="1.0"?>
<FCCS_file xmlns:xsi="http://www.w3.org/2001/XMLSchema-instance" xsi:noNamespaceSchemaLocation="cash.xsd" schemaVersion="1.4">
	<fuelbed_number>348_333</fuelbed_number>
	<fuelbed_name>Hawai'i dry coastal strand shrubland</fuelbed_name>
	<fuelbed_description>Hawai'i dry coastal strand shrublands occur on leeward side of larger islands and on all sides of smaller islands. Vegetation tends to be patchy and species composition is variable depending on substrate but is often a mix of grasses, forbs and low shrubs. </fuelbed_description>
	<ecoregion>420</ecoregion>
	<vegetation_form>6</vegetation_form>
	<structural_class />
	<cover_type>403</cover_type>
	<change_agent>18</change_agent>
	<natural_fire_regime>3</natural_fire_regime>
	<condition_class>1</condition_class>
	<user_name />
	<address />
	<affiliation />
	<phone />
	<file_owner_email />
	<notes>Used FB 62 as base. Alter fuelbed using NatureServe description ad BpS 18260 vegetation description and Class B (33% of land area) and Class C (59% of land area).</notes>
	<site_photo />
	<date_collected>2003-09-17</date_collected>
	<fuelbed_confidence>2</fuelbed_confidence>
	<fuelbed>
		<canopy>
			<trees>
				<total_percent_cover unit="number">0.0</total_percent_cover>
				<overstory>
					<percent_cover unit="number">0.0</percent_cover>
					<height unit="feet" />
					<height_to_live_crown unit="feet">0.0</height_to_live_crown>
					<stem_density unit="number_per_acre">0.0</stem_density>
					<diameter_at_breast_height unit="inches">0.0</diameter_at_breast_height>
					<species />
				</overstory>
				<midstory>
					<percent_cover unit="number">0.0</percent_cover>
					<height unit="feet" />
					<height_to_live_crown unit="feet">0.0</height_to_live_crown>
					<stem_density unit="number_per_acre">0.0</stem_density>
					<diameter_at_breast_height unit="inches">0.0</diameter_at_breast_height>
					<species />
				</midstory>
				<understory>
					<percent_cover unit="number"></percent_cover>
					<height unit="feet"></height>
					<height_to_live_crown unit="feet"></height_to_live_crown>
					<stem_density unit="number_per_acre"></stem_density>
					<diameter_at_breast_height unit="inches"></diameter_at_breast_height>
					<species />
				</understory>
			</trees>
			<snags>
				<class_1_conifers_with_foliage>
					<percent_cover unit="number" />
					<height_to_crown_base unit="feet" />
					<stem_density unit="number_per_acre" />
					<diameter unit="inches" />
					<height unit="feet" />
					<species />
				</class_1_conifers_with_foliage>
				<class_1_all_others>
					<stem_density unit="number_per_acre" />
					<diameter unit="inches" />
					<height unit="feet" />
					<species />
				</class_1_all_others>
				<class_2>
					<stem_density unit="number_per_acre" />
					<diameter unit="inches" />
					<height unit="feet" />
					<species />
				</class_2>
				<class_3>
					<stem_density unit="number_per_acre" />
					<diameter unit="inches" />
					<height unit="feet" />
					<species />
				</class_3>
			</snags>
			<ladder_fuels>
				<minimum_height unit="feet" />
				<maximum_height unit="feet" />
				<is_vertically_contiguous />
				<type />
			</ladder_fuels>
		</canopy>
		<shrubs>
			<primary_layer>
				<percent_cover unit="number" min="30" max="100">30.003749999999997</percent_cover>
				<height unit="feet" min="0.5" max="5">1.5</height>
				<percent_live unit="number" min="50" max="100">85.0</percent_live>
				<species>
					<species_description>
						<tsn>21746</tsn>
						<relative_cover>70</relative_cover>
					</species_description>
					<species_description>
						<tsn>34772</tsn>
						<relative_cover>10</relative_cover>
					</species_description>
					<species_description>
						<tsn>502938</tsn>
						<relative_cover>10</relative_cover>
					</species_description>
					<species_description>
						<tsn>505189</tsn>
						<relative_cover>10</relative_cover>
					</species_description>
				</species>
			</primary_layer>
			<secondary_layer>
				<percent_cover unit="number" min="2" max="50">0.0</percent_cover>
				<height unit="feet" min="0.1" max="1" />
				<percent_live unit="number" min="80" max="100">0.0</percent_live>
				<species />
				<loading unit="tons_per_acre" />
			</secondary_layer>
			<needle_drape>
				<is_sufficient_to_affect_fire_behavior>0</is_sufficient_to_affect_fire_behavior>
			</needle_drape>
		</shrubs>
		<herbaceous>
			<primary_layer>
				<percent_cover unit="number" min="0" max="40">25.003124999999997</percent_cover>
				<height unit="feet" min="0.1" max="1">1</height>
				<percent_live unit="number" min="30" max="100">85.0</percent_live>
				<loading unit="tons_per_acre" min="0" max="2">0.1000125</loading>
				<species>
					<species_description>
						<tsn>40107</tsn>
						<relative_cover>45</relative_cover>
					</species_description>
					<species_description>
						<tsn>19903</tsn>
						<relative_cover>25</relative_cover>
					</species_description>
					<species_description>
						<tsn>40739</tsn>
						<relative_cover>10</relative_cover>
					</species_description>
					<species_description>
						<tsn>42127</tsn>
						<relative_cover>10</relative_cover>
					</species_description>
					<species_description>
						<tsn>30855</tsn>
						<relative_cover>10</relative_cover>
					</species_description>
				</species>
			</primary_layer>
			<secondary_layer>
				<percent_cover unit="number" min="0" max="40">0.0</percent_cover>
				<height unit="feet" min="0.1" max="2" />
				<percent_live unit="number" min="35" max="100">0.0</percent_live>
				<loading unit="tons_per_acre" min="0" max="1">0.0</loading>
				<species />
			</secondary_layer>
		</herbaceous>
		<woody_fuel>
			<all_downed_woody_fuel>
				<total_percent_cover unit="number">0.0</total_percent_cover>
				<depth unit="inches">0.0</depth>
			</all_downed_woody_fuel>
			<sound_wood>
				<loadings_zero_to_three_inches>
					<zero_to_quarter_inch unit="tons_per_acre">0.0</zero_to_quarter_inch>
					<quarter_inch_to_one_inch unit="tons_per_acre">0.0</quarter_inch_to_one_inch>
					<one_to_three_inches unit="tons_per_acre">0.0</one_to_three_inches>
				</loadings_zero_to_three_inches>
				<loadings_greater_than_three_inches>
					<three_to_nine_inches unit="tons_per_acre">0.0</three_to_nine_inches>
					<nine_to_twenty_inches unit="tons_per_acre">0.0</nine_to_twenty_inches>
					<greater_than_twenty_inches unit="tons_per_acre">0.0</greater_than_twenty_inches>
				</loadings_greater_than_three_inches>
				<all_sound_wood>
					<species />
				</all_sound_wood>
			</sound_wood>
			<rotten_wood>
				<loadings_greater_than_three_inches>
					<three_to_nine_inches unit="tons_per_acre">0.0</three_to_nine_inches>
					<nine_to_twenty_inches unit="tons_per_acre">0.0</nine_to_twenty_inches>
					<greater_than_twenty_inches unit="tons_per_acre">0.0</greater_than_twenty_inches>
				</loadings_greater_than_three_inches>
				<all_rotten_wood>
					<species />
				</all_rotten_wood>
			</rotten_wood>
			<stumps>
				<sound>
					<stem_density unit="number_per_acre"></stem_density>
					<diameter unit="inches"></diameter>
					<height unit="feet"></height>
					<species />
				</sound>
				<rotten>
					<stem_density unit="number_per_acre">0.0</stem_density>
					<diameter unit="inches" />
					<height unit="feet" />
					<species />
				</rotten>
				<lightered_pitchy>
					<stem_density unit="number_per_acre" />
					<diameter unit="inches" />
					<height unit="feet" />
					<species />
				</lightered_pitchy>
			</stumps>
		</woody_fuel>
		<moss_lichen_litter>
			<moss>
				<percent_cover unit="number" min="0" max="40">0.0</percent_cover>
				<depth unit="inches" min="0.1" max="0.5">0.0</depth>
				<type />
				<loading unit="tons_per_acre" />
			</moss>
			<ground_lichen>
				<percent_cover unit="number" min="0" max="10">0.0</percent_cover>
				<depth unit="inches" min="0.1" max="0.5">0.0</depth>
				<loading unit="tons_per_acre" />
			</ground_lichen>
			<litter>
				<percent_cover unit="number" min="0" max="50">10.0</percent_cover>
				<depth unit="inches" min="0.1" max="2">0.5</depth>
				<arrangement>1</arrangement>
				<litter_type>
					<short_needle_pine>
						<relative_cover>0</relative_cover>
					</short_needle_pine>
					<long_needle_pine>
						<relative_cover>0</relative_cover>
					</long_needle_pine>
					<other_conifer>
						<relative_cover>0</relative_cover>
					</other_conifer>
					<broadleaf_deciduous>
						<relative_cover>70</relative_cover>
					</broadleaf_deciduous>
					<broadleaf_evergreen>
						<relative_cover>0</relative_cover>
					</broadleaf_evergreen>
					<palm_frond>
						<relative_cover>0</relative_cover>
					</palm_frond>
					<grass>
						<relative_cover>30</relative_cover>
					</grass>
				</litter_type>
			</litter>
		</moss_lichen_litter>
		<ground_fuel>
			<duff>
				<upper>
					<percent_cover unit="number">0.0</percent_cover>
					<depth unit="inches">0.0</depth>
					<derivation />
				</upper>
				<lower>
					<percent_cover unit="number">0.0</percent_cover>
					<depth unit="inches">0.0</depth>
					<derivation />
				</lower>
			</duff>
			<basal_accumulation>
				<radius unit="feet" />
				<depth unit="inches">0.0</depth>
				<number_per_unit_area unit="number_per_acre">0.0</number_per_unit_area>
				<type />
			</basal_accumulation>
			<squirrel_middens>
				<depth unit="inches">0.0</depth>
				<number_per_unit_area unit="number_per_acre">0.0</number_per_unit_area>
				<radius unit="feet" />
			</squirrel_middens>
		</ground_fuel>
	</fuelbed>
</FCCS_file>
