<?xml version="1.0"?>
<FCCS_file xmlns:xsi="http://www.w3.org/2001/XMLSchema-instance" xsi:noNamespaceSchemaLocation="cash.xsd" schemaVersion="1.4">
	<fuelbed_number>39_321</fuelbed_number>
	<fuelbed_name>Sugar pine-Douglas-fir-oak forest</fuelbed_name>
	<fuelbed_description>Mixed conifer forests with oak midstories are found primarily in the Sierra Nevada, interior coast ranges of Mendocino and Lake counties of California, Klamath Mountains, and the southern Cascade Range. This stand is typical of dry, exposed sites on moderate to steep slopes. Fire scarring and charred bark are evidence that this forest has experienced frequent low severity fires.</fuelbed_description>
	<ecoregion>260</ecoregion>
	<vegetation_form>4</vegetation_form>
	<structural_class>1</structural_class>
	<cover_type>150,151</cover_type>
	<change_agent>18</change_agent>
	<natural_fire_regime>1</natural_fire_regime>
	<condition_class>2</condition_class>
	<user_name />
	<address />
	<affiliation />
	<phone />
	<file_owner_email />
	<notes />
	<site_photo />
	<date_collected>2003-09-17</date_collected>
	<fuelbed_confidence>3</fuelbed_confidence>
	<fuelbed>
		<canopy>
			<trees>
				<total_percent_cover unit="number" min="10" max="100">50.25</total_percent_cover>
				<overstory>
					<percent_cover unit="number" min="5" max="70">22.5</percent_cover>
					<height unit="feet" min="90" max="150" reference_id="462">120</height>
					<height_to_live_crown unit="feet" min="40" max="100" reference_id="462">120.0</height_to_live_crown>
					<stem_density unit="number_per_acre" min="10" max="20" reference_id="7011">6.0</stem_density>
					<diameter_at_breast_height unit="inches" min="45" max="70" reference_id="7011">78.75</diameter_at_breast_height>
					<species>
						<species_description>
							<tsn>183424</tsn>
							<relative_cover>40.00</relative_cover>
						</species_description>
						<species_description>
							<tsn>183347</tsn>
							<relative_cover>30.00</relative_cover>
						</species_description>
						<species_description>
							<tsn>183365</tsn>
							<relative_cover>20.00</relative_cover>
						</species_description>
						<species_description>
							<tsn>501145</tsn>
							<relative_cover>10.00</relative_cover>
						</species_description>
					</species>
				</overstory>
				<midstory>
					<percent_cover unit="number" min="5" max="65">20.0</percent_cover>
					<height unit="feet" min="20" max="80" reference_id="1389">60</height>
					<height_to_live_crown unit="feet" min="1" max="35" reference_id="1420">9.0</height_to_live_crown>
					<stem_density unit="number_per_acre" min="15" max="60">12.0</stem_density>
					<diameter_at_breast_height unit="inches" min="18" max="30">30.0</diameter_at_breast_height>
					<species>
						<species_description>
							<tsn>19366</tsn>
							<relative_cover>40.00</relative_cover>
						</species_description>
						<species_description>
							<tsn>19312</tsn>
							<relative_cover>37.00</relative_cover>
						</species_description>
						<species_description>
							<tsn>183424</tsn>
							<relative_cover>9.00</relative_cover>
						</species_description>
						<species_description>
							<tsn>183365</tsn>
							<relative_cover>8.00</relative_cover>
						</species_description>
						<species_description>
							<tsn>181826</tsn>
							<relative_cover>6.00</relative_cover>
						</species_description>
					</species>
				</midstory>
				<understory>
					<percent_cover unit="number" min="15" max="60"></percent_cover>
					<height unit="feet" min="4" max="45" reference_id="1358"></height>
					<height_to_live_crown unit="feet" min="0" max="15" reference_id="1358"></height_to_live_crown>
					<stem_density unit="number_per_acre" min="50" max="250" reference_id="7011"></stem_density>
					<diameter_at_breast_height unit="inches" min="2" max="10"></diameter_at_breast_height>
					<species />
				</understory>
			</trees>
			<snags>
				<class_1_conifers_with_foliage>
					<percent_cover unit="number" min="0" max="60">0.21907</percent_cover>
					<height_to_crown_base unit="feet" min="0" max="60">40.02</height_to_crown_base>
					<stem_density unit="number_per_acre" min="0" max="5">1.5</stem_density>
					<diameter unit="inches" min="2" max="80" reference_id="1358">10</diameter>
					<height unit="feet" min="20" max="80" reference_id="1389">60</height>
					<species>
						<species_description>
							<tsn>183424</tsn>
							<relative_cover>80.00</relative_cover>
						</species_description>
						<species_description>
							<tsn>183365</tsn>
							<relative_cover>20.00</relative_cover>
						</species_description>
					</species>
				</class_1_conifers_with_foliage>
				<class_1_all_others>
					<stem_density unit="number_per_acre" min="0" max="15">1</stem_density>
					<diameter unit="inches" min="2" max="25" reference_id="1358">15</diameter>
					<height unit="feet" min="10" max="60" reference_id="1389">30</height>
					<species>
						<species_description>
							<tsn>19366</tsn>
							<relative_cover>50.00</relative_cover>
						</species_description>
						<species_description>
							<tsn>19312</tsn>
							<relative_cover>50.00</relative_cover>
						</species_description>
					</species>
				</class_1_all_others>
				<class_2>
					<stem_density unit="number_per_acre" min="0" max="5">1.5</stem_density>
					<diameter unit="inches" min="2" max="80" reference_id="1358">10</diameter>
					<height unit="feet" min="20" max="80" reference_id="1389">60</height>
					<species>
						<species_description>
							<tsn>183424</tsn>
							<relative_cover>80.00</relative_cover>
						</species_description>
						<species_description>
							<tsn>183365</tsn>
							<relative_cover>20.00</relative_cover>
						</species_description>
					</species>
				</class_2>
				<class_3>
					<stem_density unit="number_per_acre" min="0" max="5">1.5</stem_density>
					<diameter unit="inches" min="2" max="80" reference_id="1358">10</diameter>
					<height unit="feet" min="20" max="80" reference_id="1389">60</height>
					<species>
						<species_description>
							<tsn>183424</tsn>
							<relative_cover>100.00</relative_cover>
						</species_description>
					</species>
				</class_3>
			</snags>
			<ladder_fuels>
				<minimum_height unit="feet" min="2" max="25" reference_id="1358">5</minimum_height>
				<maximum_height unit="feet" min="5" max="55" reference_id="1358">35</maximum_height>
				<is_vertically_contiguous>1</is_vertically_contiguous>
				<type>7</type>
			</ladder_fuels>
		</canopy>
		<shrubs>
			<primary_layer>
				<percent_cover unit="number" min="0" max="30" reference_id="1329">3.5</percent_cover>
				<height unit="feet" min="0.3" max="3" reference_id="1358">0.8</height>
				<percent_live unit="number" min="40" max="95" reference_id="1358">15.0</percent_live>
				<species>
					<species_description>
						<tsn>28819</tsn>
						<relative_cover>80.00</relative_cover>
					</species_description>
					<species_description>
						<tsn>28479</tsn>
						<relative_cover>20.00</relative_cover>
					</species_description>
				</species>
			</primary_layer>
			<secondary_layer>
				<percent_cover unit="number">0.0</percent_cover>
				<height unit="feet" />
				<percent_live unit="number">0.0</percent_live>
				<species />
			</secondary_layer>
			<needle_drape>
				<is_sufficient_to_affect_fire_behavior>0</is_sufficient_to_affect_fire_behavior>
			</needle_drape>
		</shrubs>
		<herbaceous>
			<primary_layer>
				<percent_cover unit="number" min="0" max="25" reference_id="1329">3.0</percent_cover>
				<height unit="feet" min="0.4" max="2.5" reference_id="1358">0.8</height>
				<percent_live unit="number" min="5" max="80" reference_id="1358">25.0</percent_live>
				<loading unit="tons_per_acre" min="0" max="1">0.05</loading>
				<species>
					<species_description>
						<tsn>34827</tsn>
						<relative_cover>34.00</relative_cover>
					</species_description>
					<species_description>
						<tsn>29330</tsn>
						<relative_cover>22.00</relative_cover>
					</species_description>
					<species_description>
						<tsn>43209</tsn>
						<relative_cover>22.00</relative_cover>
					</species_description>
					<species_description>
						<tsn>20080</tsn>
						<relative_cover>11.00</relative_cover>
					</species_description>
					<species_description>
						<tsn>37334</tsn>
						<relative_cover>11.00</relative_cover>
					</species_description>
				</species>
			</primary_layer>
			<secondary_layer>
				<percent_cover unit="number">0.0</percent_cover>
				<height unit="feet" />
				<percent_live unit="number">0.0</percent_live>
				<loading unit="tons_per_acre">0.0</loading>
				<species />
			</secondary_layer>
		</herbaceous>
		<woody_fuel>
			<all_downed_woody_fuel>
				<total_percent_cover unit="number" min="25" max="80" reference_id="462">30.5</total_percent_cover>
				<depth unit="inches" min="0.01" max="3.5" reference_id="462">0.25</depth>
			</all_downed_woody_fuel>
			<sound_wood>
				<loadings_zero_to_three_inches>
					<zero_to_quarter_inch unit="tons_per_acre" min="0.01" max="1" reference_id="462">0.2</zero_to_quarter_inch>
					<quarter_inch_to_one_inch unit="tons_per_acre" min="0.5" max="3" reference_id="462">1.05</quarter_inch_to_one_inch>
					<one_to_three_inches unit="tons_per_acre" min="0.5" max="5">0.55</one_to_three_inches>
				</loadings_zero_to_three_inches>
				<loadings_greater_than_three_inches>
					<three_to_nine_inches unit="tons_per_acre" min="0.5" max="6">2.08</three_to_nine_inches>
					<nine_to_twenty_inches unit="tons_per_acre" min="0" max="20">1.2000000000000002</nine_to_twenty_inches>
					<greater_than_twenty_inches unit="tons_per_acre" min="0" max="12">0.0</greater_than_twenty_inches>
				</loadings_greater_than_three_inches>
				<all_sound_wood>
					<species>
						<species_description>
							<tsn>183424</tsn>
							<relative_cover>50.00</relative_cover>
						</species_description>
						<species_description>
							<tsn>183365</tsn>
							<relative_cover>50.00</relative_cover>
						</species_description>
					</species>
				</all_sound_wood>
			</sound_wood>
			<rotten_wood>
				<loadings_greater_than_three_inches>
					<three_to_nine_inches unit="tons_per_acre" min="0" max="2">0.5599999999999999</three_to_nine_inches>
					<nine_to_twenty_inches unit="tons_per_acre" min="0" max="5">0.32000000000000006</nine_to_twenty_inches>
					<greater_than_twenty_inches unit="tons_per_acre" min="0" max="3">0.0</greater_than_twenty_inches>
				</loadings_greater_than_three_inches>
				<all_rotten_wood>
					<species>
						<species_description>
							<tsn>183424</tsn>
							<relative_cover>50.00</relative_cover>
						</species_description>
						<species_description>
							<tsn>183365</tsn>
							<relative_cover>50.00</relative_cover>
						</species_description>
					</species>
				</all_rotten_wood>
			</rotten_wood>
			<stumps>
				<sound>
					<stem_density unit="number_per_acre">18.0</stem_density>
					<diameter unit="inches" />
					<height unit="feet" />
					<species />
				</sound>
				<rotten>
					<stem_density unit="number_per_acre" min="0" max="4">1</stem_density>
					<diameter unit="inches" min="4" max="80">35</diameter>
					<height unit="feet" min="0.5" max="4" reference_id="1358">2</height>
					<species>
						<species_description>
							<tsn>183424</tsn>
							<relative_cover>100.00</relative_cover>
						</species_description>
					</species>
				</rotten>
				<lightered_pitchy>
					<stem_density unit="number_per_acre" />
					<diameter unit="inches" />
					<height unit="feet" />
					<species />
				</lightered_pitchy>
			</stumps>
			<piles>
				<clean_loading unit="tons_per_acre">0.018934</clean_loading>
				<dirty_loading unit="tons_per_acre">0.0</dirty_loading>
				<verydirty_loading unit="tons_per_acre">0.0</verydirty_loading>
				<pileData>
					<header>pileGroupID,pileGroupName,numPiles,pileType,pileShape,W1,L1,H1,W2,L2,H2,soilPercent,packingRatio,handPileSpecies,species1_TSN,species1_percent,species2_TSN,species2_percent,pileQuality,percentConsumed</header>
					<pileGroups>
						<pileGroup>2,,1,1,5,1.50,6.00,2.00,,,,,,1,,,,,,90</pileGroup>
					</pileGroups>
				</pileData>
			</piles>
		</woody_fuel>
		<moss_lichen_litter>
			<moss>
				<percent_cover unit="number" min="0" max="7" reference_id="1358">0.5</percent_cover>
				<depth unit="inches" min="0.1" max="1.3" reference_id="1358">0.15</depth>
				<type>2</type>
			</moss>
			<ground_lichen>
				<percent_cover unit="number">0.0</percent_cover>
				<depth unit="inches">0.0</depth>
			</ground_lichen>
			<litter>
				<percent_cover unit="number" min="40" max="100" reference_id="462">40.0</percent_cover>
				<depth unit="inches" min="0.1" max="2" reference_id="462">0.4</depth>
				<arrangement>1</arrangement>
				<litter_type>
					<short_needle_pine>
						<relative_cover />
					</short_needle_pine>
					<long_needle_pine>
						<relative_cover>65.00</relative_cover>
					</long_needle_pine>
					<other_conifer>
						<relative_cover>34.00</relative_cover>
					</other_conifer>
					<broadleaf_deciduous>
						<relative_cover />
					</broadleaf_deciduous>
					<broadleaf_evergreen>
						<relative_cover>1.00</relative_cover>
					</broadleaf_evergreen>
					<palm_frond>
						<relative_cover />
					</palm_frond>
					<grass>
						<relative_cover />
					</grass>
				</litter_type>
			</litter>
		</moss_lichen_litter>
		<ground_fuel>
			<duff>
				<upper>
					<percent_cover unit="number" min="40" max="100" reference_id="462">40.0</percent_cover>
					<depth unit="inches" min="0.1" max="2">0.45</depth>
					<derivation>1</derivation>
				</upper>
				<lower>
					<percent_cover unit="number" min="40" max="100" reference_id="462">0.0</percent_cover>
					<depth unit="inches" min="0.1" max="2.4">0.0</depth>
					<derivation />
					<loading unit="tons_per_acre" />
				</lower>
			</duff>
			<basal_accumulation>
				<radius unit="feet" min="0.16" max="2">0.5</radius>
				<depth unit="inches" min="1" max="6">1.25</depth>
				<number_per_unit_area unit="number_per_acre">1.2</number_per_unit_area>
				<type>2</type>
			</basal_accumulation>
			<squirrel_middens>
				<depth unit="inches">0.0</depth>
				<number_per_unit_area unit="number_per_acre">0.0</number_per_unit_area>
				<radius unit="feet" />
			</squirrel_middens>
		</ground_fuel>
	</fuelbed>
</FCCS_file>
