<?xml version="1.0"?>
<FCCS_file xmlns:xsi="http://www.w3.org/2001/XMLSchema-instance" xsi:noNamespaceSchemaLocation="cash.xsd" schemaVersion="1.4">
	<fuelbed_number>11_222</fuelbed_number>
	<fuelbed_name>Douglas-fir/western hemlock-Sitka spruce forest</fuelbed_name>
	<fuelbed_description>Moist to wet conditions along the Pacific Northwest coast, from southern Oregon to British Columbia, support very large Douglas-fir, western hemlock, and Sitka spruce. This fuelbed represents stands that were clearcut 40 to 60 years previously.</fuelbed_description>
	<ecoregion>240</ecoregion>
	<vegetation_form>2</vegetation_form>
	<structural_class>3</structural_class>
	<cover_type>130,131,132,136,137</cover_type>
	<change_agent>31</change_agent>
	<natural_fire_regime>5</natural_fire_regime>
	<condition_class>2</condition_class>
	<user_name />
	<address />
	<affiliation />
	<phone />
	<file_owner_email />
	<notes />
	<site_photo />
	<date_collected>2003-09-17</date_collected>
	<fuelbed_confidence>3</fuelbed_confidence>
	<fuelbed>
		<canopy>
			<trees>
				<total_percent_cover unit="number" min="50" max="95" reference_id="1357">46.900000000000006</total_percent_cover>
				<overstory>
					<percent_cover unit="number" min="50" max="95" reference_id="1357">35.0</percent_cover>
					<height unit="feet" min="90" max="150" reference_id="1357">120</height>
					<height_to_live_crown unit="feet" min="45" max="75" reference_id="1357">90.0</height_to_live_crown>
					<stem_density unit="number_per_acre" min="250" max="400" reference_id="459">168.0</stem_density>
					<diameter_at_breast_height unit="inches" min="6" max="20" reference_id="459">13.75</diameter_at_breast_height>
					<species>
						<species_description>
							<tsn>183424</tsn>
							<relative_cover>90.00</relative_cover>
						</species_description>
						<species_description>
							<tsn>183309</tsn>
							<relative_cover>5.00</relative_cover>
						</species_description>
						<species_description>
							<tsn>18044</tsn>
							<relative_cover>3.00</relative_cover>
						</species_description>
						<species_description>
							<tsn>183400</tsn>
							<relative_cover>2.00</relative_cover>
						</species_description>
					</species>
				</overstory>
				<midstory>
					<percent_cover unit="number">0.0</percent_cover>
					<height unit="feet" />
					<height_to_live_crown unit="feet">0.0</height_to_live_crown>
					<stem_density unit="number_per_acre">0.0</stem_density>
					<diameter_at_breast_height unit="inches">0.0</diameter_at_breast_height>
					<species />
				</midstory>
				<understory>
					<percent_cover unit="number" min="5" max="20" reference_id="1357">0.0</percent_cover>
					<height unit="feet" min="1" max="30" reference_id="1357">0.0</height>
					<height_to_live_crown unit="feet" min="1" max="15" reference_id="1357">0.0</height_to_live_crown>
					<stem_density unit="number_per_acre" min="100" max="650" reference_id="459">0.0</stem_density>
					<diameter_at_breast_height unit="inches" min="0.05" max="5" reference_id="459">0.0</diameter_at_breast_height>
					<species>
						<species_description>
							<tsn>183400</tsn>
							<relative_cover>60.00</relative_cover>
						</species_description>
						<species_description>
							<tsn>183309</tsn>
							<relative_cover>29.00</relative_cover>
						</species_description>
						<species_description>
							<tsn>18044</tsn>
							<relative_cover>10.00</relative_cover>
						</species_description>
						<species_description>
							<tsn>28748</tsn>
							<relative_cover>1.00</relative_cover>
						</species_description>
					</species>
				</understory>
			</trees>
			<snags>
				<class_1_conifers_with_foliage>
					<percent_cover unit="number" min="0" max="25">0.30426</percent_cover>
					<height_to_crown_base unit="feet" min="0" max="25">16.675</height_to_crown_base>
					<stem_density unit="number_per_acre" min="5" max="50">12</stem_density>
					<diameter unit="inches" min="2" max="6">4</diameter>
					<height unit="feet" min="5" max="80" reference_id="1358">25</height>
					<species>
						<species_description>
							<tsn>183424</tsn>
							<relative_cover>80.00</relative_cover>
						</species_description>
						<species_description>
							<tsn>183400</tsn>
							<relative_cover>20.00</relative_cover>
						</species_description>
					</species>
				</class_1_conifers_with_foliage>
				<class_1_all_others>
					<stem_density unit="number_per_acre" />
					<diameter unit="inches" />
					<height unit="feet" />
					<species />
				</class_1_all_others>
				<class_2>
					<stem_density unit="number_per_acre" min="5" max="50">12</stem_density>
					<diameter unit="inches" min="2" max="6">4</diameter>
					<height unit="feet" min="5" max="80" reference_id="1358">25</height>
					<species>
						<species_description>
							<tsn>183424</tsn>
							<relative_cover>80.00</relative_cover>
						</species_description>
						<species_description>
							<tsn>183400</tsn>
							<relative_cover>20.00</relative_cover>
						</species_description>
					</species>
				</class_2>
				<class_3>
					<stem_density unit="number_per_acre" min="0" max="10">6</stem_density>
					<diameter unit="inches" min="10" max="70" reference_id="1358">30</diameter>
					<height unit="feet" min="4.5" max="40" reference_id="1358">25</height>
					<species>
						<species_description>
							<tsn>183424</tsn>
							<relative_cover>80.00</relative_cover>
						</species_description>
						<species_description>
							<tsn>183400</tsn>
							<relative_cover>20.00</relative_cover>
						</species_description>
					</species>
				</class_3>
			</snags>
			<ladder_fuels>
				<minimum_height unit="feet" min="1" max="10" reference_id="1358">4</minimum_height>
				<maximum_height unit="feet" min="5" max="25" reference_id="1358">10</maximum_height>
				<is_vertically_contiguous>1</is_vertically_contiguous>
				<type>2</type>
			</ladder_fuels>
		</canopy>
		<shrubs>
			<primary_layer>
				<percent_cover unit="number" min="0" max="25">3.125</percent_cover>
				<height unit="feet" min="1" max="15" reference_id="1357">3</height>
				<percent_live unit="number" min="45" max="99" reference_id="1358">75.0</percent_live>
				<species>
					<species_description>
						<tsn>23612</tsn>
						<relative_cover>33.00</relative_cover>
					</species_description>
					<species_description>
						<tsn>28740</tsn>
						<relative_cover>33.00</relative_cover>
					</species_description>
					<species_description>
						<tsn>25051</tsn>
						<relative_cover>17.00</relative_cover>
					</species_description>
					<species_description>
						<tsn>35326</tsn>
						<relative_cover>17.00</relative_cover>
					</species_description>
				</species>
			</primary_layer>
			<secondary_layer>
				<percent_cover unit="number" min="0" max="25" reference_id="1357">6.25</percent_cover>
				<height unit="feet" min="1" max="5" reference_id="1358">2</height>
				<percent_live unit="number" min="80" max="100" reference_id="1358">90.0</percent_live>
				<species>
					<species_description>
						<tsn>23658</tsn>
						<relative_cover>50.00</relative_cover>
					</species_description>
					<species_description>
						<tsn>18825</tsn>
						<relative_cover>50.00</relative_cover>
					</species_description>
				</species>
			</secondary_layer>
			<needle_drape>
				<is_sufficient_to_affect_fire_behavior>0</is_sufficient_to_affect_fire_behavior>
			</needle_drape>
		</shrubs>
		<herbaceous>
			<primary_layer>
				<percent_cover unit="number" min="0" max="50" reference_id="1357">15.0</percent_cover>
				<height unit="feet" min="1" max="4" reference_id="1358">2</height>
				<percent_live unit="number" min="30" max="100" reference_id="1358">80.0</percent_live>
				<loading unit="tons_per_acre" min="0" max="3">0.15000000000000002</loading>
				<species>
					<species_description>
						<tsn>17224</tsn>
						<relative_cover>50.00</relative_cover>
					</species_description>
					<species_description>
						<tsn>17413</tsn>
						<relative_cover>25.00</relative_cover>
					</species_description>
					<species_description>
						<tsn>504530</tsn>
						<relative_cover>25.00</relative_cover>
					</species_description>
				</species>
			</primary_layer>
			<secondary_layer>
				<percent_cover unit="number" min="0" max="30" reference_id="1357">11.25</percent_cover>
				<height unit="feet" min="0.1" max="2" reference_id="1357">0.3</height>
				<percent_live unit="number" min="30" max="90" reference_id="1358">60.0</percent_live>
				<loading unit="tons_per_acre" min="0" max="1">0.037500000000000006</loading>
				<species>
					<species_description>
						<tsn>29091</tsn>
						<relative_cover>34.00</relative_cover>
					</species_description>
					<species_description>
						<tsn>17866</tsn>
						<relative_cover>33.00</relative_cover>
					</species_description>
					<species_description>
						<tsn>503654</tsn>
						<relative_cover>33.00</relative_cover>
					</species_description>
				</species>
			</secondary_layer>
		</herbaceous>
		<woody_fuel>
			<all_downed_woody_fuel>
				<total_percent_cover unit="number" min="80" max="95" reference_id="459">75.0</total_percent_cover>
				<depth unit="inches" min="1" max="24" reference_id="459">5.625</depth>
			</all_downed_woody_fuel>
			<sound_wood>
				<loadings_zero_to_three_inches>
					<zero_to_quarter_inch unit="tons_per_acre" min="0.2" max="3" reference_id="459">1.125</zero_to_quarter_inch>
					<quarter_inch_to_one_inch unit="tons_per_acre" min="1" max="5" reference_id="459">2.25</quarter_inch_to_one_inch>
					<one_to_three_inches unit="tons_per_acre" min="1" max="10" reference_id="459">4.5</one_to_three_inches>
				</loadings_zero_to_three_inches>
				<loadings_greater_than_three_inches>
					<three_to_nine_inches unit="tons_per_acre" min="0" max="15" reference_id="459">3.75</three_to_nine_inches>
					<nine_to_twenty_inches unit="tons_per_acre" min="0" max="20" reference_id="459">3.75</nine_to_twenty_inches>
					<greater_than_twenty_inches unit="tons_per_acre" min="0" max="20" reference_id="459">3.75</greater_than_twenty_inches>
				</loadings_greater_than_three_inches>
				<all_sound_wood>
					<species>
						<species_description>
							<tsn>183424</tsn>
							<relative_cover>100.00</relative_cover>
						</species_description>
					</species>
				</all_sound_wood>
			</sound_wood>
			<rotten_wood>
				<loadings_greater_than_three_inches>
					<three_to_nine_inches unit="tons_per_acre" min="0" max="15" reference_id="459">6.25</three_to_nine_inches>
					<nine_to_twenty_inches unit="tons_per_acre" min="0" max="20" reference_id="459">6.25</nine_to_twenty_inches>
					<greater_than_twenty_inches unit="tons_per_acre" min="0" max="20" reference_id="459">6.25</greater_than_twenty_inches>
				</loadings_greater_than_three_inches>
				<all_rotten_wood>
					<species>
						<species_description>
							<tsn>183424</tsn>
							<relative_cover>80.00</relative_cover>
						</species_description>
						<species_description>
							<tsn>183400</tsn>
							<relative_cover>20.00</relative_cover>
						</species_description>
					</species>
				</all_rotten_wood>
			</rotten_wood>
			<stumps>
				<sound>
					<stem_density unit="number_per_acre">168.0</stem_density>
					<diameter unit="inches" />
					<height unit="feet" />
					<species />
				</sound>
				<rotten>
					<stem_density unit="number_per_acre" min="45" max="75">60</stem_density>
					<diameter unit="inches" min="20" max="34">25</diameter>
					<height unit="feet" min="0.5" max="4" reference_id="1358">1</height>
					<species>
						<species_description>
							<tsn>183424</tsn>
							<relative_cover>100.00</relative_cover>
						</species_description>
					</species>
				</rotten>
				<lightered_pitchy>
					<stem_density unit="number_per_acre" />
					<diameter unit="inches" />
					<height unit="feet" />
					<species />
				</lightered_pitchy>
			</stumps>
			<piles>
				<clean_loading unit="tons_per_acre">0.017849</clean_loading>
				<dirty_loading unit="tons_per_acre">0.000000</dirty_loading>
				<verydirty_loading unit="tons_per_acre">0.000000</verydirty_loading>
				<pileData>
					<header>pileGroupID,pileGroupName,numPiles,pileType,pileShape,W1,L1,H1,W2,L2,H2,soilPercent,packingRatio,handPileSpecies,species1_TSN,species1_percent,species2_TSN,species2_percent,pileQuality,percentConsumed</header>
					<pileGroups>
						<pileGroup>2,,1,1,5,2.50,10.00,1.80,,,,,,2,,,,,,90</pileGroup>
					</pileGroups>
				</pileData>
			</piles>
		</woody_fuel>
		<moss_lichen_litter>
			<moss>
				<percent_cover unit="number" min="5" max="40" reference_id="1357">20</percent_cover>
				<depth unit="inches" min="0.1" max="1.7" reference_id="1358">0.7</depth>
				<type>2</type>
			</moss>
			<ground_lichen>
				<percent_cover unit="number" min="0" max="5">1</percent_cover>
				<depth unit="inches" min="0.1" max="0.3">0.1</depth>
			</ground_lichen>
			<litter>
				<percent_cover unit="number" min="70" max="100" reference_id="1357">100</percent_cover>
				<depth unit="inches" min="0.1" max="2">1.5</depth>
				<arrangement>1</arrangement>
				<litter_type>
					<short_needle_pine>
						<relative_cover />
					</short_needle_pine>
					<long_needle_pine>
						<relative_cover />
					</long_needle_pine>
					<other_conifer>
						<relative_cover>95.00</relative_cover>
					</other_conifer>
					<broadleaf_deciduous>
						<relative_cover>5.00</relative_cover>
					</broadleaf_deciduous>
					<broadleaf_evergreen>
						<relative_cover />
					</broadleaf_evergreen>
					<palm_frond>
						<relative_cover />
					</palm_frond>
					<grass>
						<relative_cover />
					</grass>
				</litter_type>
			</litter>
		</moss_lichen_litter>
		<ground_fuel>
			<duff>
				<upper>
					<percent_cover unit="number" min="70" max="100" reference_id="1357">80</percent_cover>
					<depth unit="inches" min="0.3" max="1.8">1.25</depth>
					<derivation>1</derivation>
				</upper>
				<lower>
					<percent_cover unit="number" min="70" max="100" reference_id="1357" />
					<depth unit="inches" min="0.1" max="1" />
					<derivation />
					<loading unit="tons_per_acre" />
				</lower>
			</duff>
			<basal_accumulation>
				<radius unit="feet" />
				<depth unit="inches" />
				<number_per_unit_area unit="number_per_acre" />
				<type />
			</basal_accumulation>
			<squirrel_middens>
				<depth unit="inches" />
				<number_per_unit_area unit="number_per_acre" />
				<radius unit="feet" />
			</squirrel_middens>
		</ground_fuel>
	</fuelbed>
</FCCS_file>
