<?xml version="1.0"?>
<FCCS_file xmlns:xsi="http://www.w3.org/2001/XMLSchema-instance" schemaVersion="1.4" xsi:schemaLocation="conf\\us.fed.fs.fera.fccs.xsd">
	<fuelbed_number>440_533</fuelbed_number>
	<fuelbed_name>Pondcypress-cabbage palm-strangler fig forest</fuelbed_name>
	<fuelbed_description>Caribbean swamp forests occur in southern Florida and are dominated by pondcypress and mixed hardwoods. The composition is a mixture of temperate and tropical species in the canopy, shrub and nonwoody layers. Herbaceous vegetation may be sparse or widespread depending on canopy and shrub density. Epiphytic ferns, bromeliads and orchids are very common in the shrubs and trees.</fuelbed_description>
	<ecoregion>410,230</ecoregion>
	<vegetation_form>4</vegetation_form>
	<structural_class>1</structural_class>
	<cover_type>101,293</cover_type>
	<change_agent>18</change_agent>
	<natural_fire_regime>5</natural_fire_regime>
	<condition_class>1</condition_class>
	<user_name />
	<address />
	<affiliation />
	<phone />
	<file_owner_email />
	<notes>Created from LF_438 for EVT 2478. Altered canopy, shrub and nonwoody structure and composition based on the EVT description, NatureServe Explorer association descriptions. Mangrove forests are also Caribbean swamp forests.</notes>
	<date_collected>Sep 20, 2011</date_collected>
	<fuelbed_confidence />
	<fuelbed>
		<canopy>
			<trees>
				<total_percent_cover unit="number" min="30" max="100">20.25</total_percent_cover>
				<overstory>
					<percent_cover unit="number" min="30" max="100">18.0</percent_cover>
					<height unit="feet" min="30" max="65">50</height>
					<height_to_live_crown unit="feet" min="10" max="40">32.5</height_to_live_crown>
					<stem_density unit="number_per_acre" min="100" max="1000">90.0</stem_density>
					<diameter_at_breast_height unit="inches" min="5" max="15">10</diameter_at_breast_height>
					<species>
						<species_description>
							<tsn>817244</tsn>
							<relative_cover>5</relative_cover>
						</species_description>
						<species_description>
							<tsn>18041</tsn>
							<relative_cover>40</relative_cover>
						</species_description>
						<species_description>
							<tsn>28728</tsn>
							<relative_cover>10</relative_cover>
						</species_description>
						<species_description>
							<tsn>19368</tsn>
							<relative_cover>20</relative_cover>
						</species_description>
						<species_description>
							<tsn>42506</tsn>
							<relative_cover>15</relative_cover>
						</species_description>
						<species_description>
							<tsn>19276</tsn>
							<relative_cover>10</relative_cover>
						</species_description>
					</species>
				</overstory>
				<midstory>
					<percent_cover unit="number" min="15" max="60">10.125</percent_cover>
					<height unit="feet" min="15" max="45">30</height>
					<height_to_live_crown unit="feet" min="0" max="30">13.0</height_to_live_crown>
					<stem_density unit="number_per_acre" min="50" max="500">45.0</stem_density>
					<diameter_at_breast_height unit="inches" min="2" max="10">6</diameter_at_breast_height>
					<species>
						<species_description>
							<tsn>19092</tsn>
							<relative_cover>25</relative_cover>
						</species_description>
						<species_description>
							<tsn>22476</tsn>
							<relative_cover>25</relative_cover>
						</species_description>
						<species_description>
							<tsn>504254</tsn>
							<relative_cover>25</relative_cover>
						</species_description>
						<species_description>
							<tsn>28805</tsn>
							<relative_cover>25</relative_cover>
						</species_description>
					</species>
				</midstory>
				<understory>
					<percent_cover unit="number" />
					<height unit="feet" />
					<height_to_live_crown unit="feet" />
					<stem_density unit="number_per_acre" />
					<diameter_at_breast_height unit="inches" />
					<species />
				</understory>
			</trees>
			<snags>
				<class_1_conifers_with_foliage>
					<percent_cover unit="number"></percent_cover>
					<height_to_crown_base unit="feet"></height_to_crown_base>
					<stem_density unit="number_per_acre"></stem_density>
					<diameter unit="inches"></diameter>
					<height unit="feet"></height>
					<species />
				</class_1_conifers_with_foliage>
				<class_1_all_others>
					<stem_density unit="number_per_acre" min="0" max="10">465.0</stem_density>
					<diameter unit="inches" min="0" max="13">8.666666666666666</diameter>
					<height unit="feet" min="0" max="60">50</height>
					<species>
						<species_description>
							<tsn>541138</tsn>
							<relative_cover>60</relative_cover>
						</species_description>
						<species_description>
							<tsn>19368</tsn>
							<relative_cover>40</relative_cover>
						</species_description>
					</species>
				</class_1_all_others>
				<class_2>
					<stem_density unit="number_per_acre" min="0" max="10">450.0</stem_density>
					<diameter unit="inches" min="0" max="13">8.666666666666666</diameter>
					<height unit="feet" min="0" max="60">50</height>
					<species>
						<species_description>
							<tsn>541138</tsn>
							<relative_cover>60</relative_cover>
						</species_description>
						<species_description>
							<tsn>19368</tsn>
							<relative_cover>40</relative_cover>
						</species_description>
					</species>
				</class_2>
				<class_3>
					<stem_density unit="number_per_acre" min="0" max="10">3</stem_density>
					<diameter unit="inches" min="0" max="13">8</diameter>
					<height unit="feet" min="0" max="60">55</height>
					<species>
						<species_description>
							<tsn>541138</tsn>
							<relative_cover>60</relative_cover>
						</species_description>
						<species_description>
							<tsn>19368</tsn>
							<relative_cover>40</relative_cover>
						</species_description>
					</species>
				</class_3>
			</snags>
			<ladder_fuels>
				<minimum_height unit="feet" min="0" max="5">1</minimum_height>
				<maximum_height unit="feet" min="0" max="60">50</maximum_height>
				<is_vertically_contiguous>0</is_vertically_contiguous>
				<type>3</type>
			</ladder_fuels>
		</canopy>
		<shrubs>
			<primary_layer>
				<percent_cover unit="number" min="2" max="25" reference_id="5094">12.5</percent_cover>
				<height unit="feet" min="5" max="30" reference_id="5083">10</height>
				<percent_live unit="number" min="60" max="90">80</percent_live>
				<species>
					<species_description>
						<tsn>18101</tsn>
						<relative_cover>20</relative_cover>
					</species_description>
					<species_description>
						<tsn>34786</tsn>
						<relative_cover>20</relative_cover>
					</species_description>
					<species_description>
						<tsn>27992</tsn>
						<relative_cover>20.00</relative_cover>
					</species_description>
					<species_description>
						<tsn>25148</tsn>
						<relative_cover>20.00</relative_cover>
					</species_description>
					<species_description>
						<tsn>507899</tsn>
						<relative_cover>20</relative_cover>
					</species_description>
				</species>
			</primary_layer>
			<secondary_layer>
				<percent_cover unit="number">0.0</percent_cover>
				<height unit="feet" />
				<percent_live unit="number" />
				<species />
			</secondary_layer>
			<needle_drape>
				<is_sufficient_to_affect_fire_behavior>0</is_sufficient_to_affect_fire_behavior>
			</needle_drape>
		</shrubs>
		<herbaceous>
			<primary_layer>
				<percent_cover unit="number" min="5" max="15">14.0</percent_cover>
				<height unit="feet" min="0.5" max="2">1</height>
				<loading unit="tons_per_acre" min="0" max="0.05">0.06999999999999999</loading>
				<percent_live unit="number" min="60" max="90">80</percent_live>
				<species>
					<species_description>
						<tsn>39878</tsn>
						<relative_cover>50</relative_cover>
					</species_description>
					<species_description>
						<tsn>19121</tsn>
						<relative_cover>50</relative_cover>
					</species_description>
				</species>
			</primary_layer>
			<secondary_layer>
				<percent_cover unit="number">0.0</percent_cover>
				<height unit="feet" />
				<loading unit="tons_per_acre">0.0</loading>
				<percent_live unit="number" />
				<species />
			</secondary_layer>
		</herbaceous>
		<woody_fuel>
			<all_downed_woody_fuel>
				<total_percent_cover unit="number" min="5" max="40">35.0</total_percent_cover>
				<depth unit="inches" min="0" max="2">0.875</depth>
			</all_downed_woody_fuel>
			<sound_wood>
				<all_sound_wood>
					<species>
						<species_description>
							<tsn>541138</tsn>
							<relative_cover>100</relative_cover>
						</species_description>
					</species>
				</all_sound_wood>
				<loadings_zero_to_three_inches>
					<zero_to_quarter_inch unit="tons_per_acre" min="0" max="3" reference_id="1359">1.5</zero_to_quarter_inch>
					<quarter_inch_to_one_inch unit="tons_per_acre" min="0" max="3" reference_id="1359">3.0</quarter_inch_to_one_inch>
					<one_to_three_inches unit="tons_per_acre" min="0" max="4" reference_id="1359">4.5</one_to_three_inches>
				</loadings_zero_to_three_inches>
				<loadings_greater_than_three_inches>
					<three_to_nine_inches unit="tons_per_acre" min="0" max="8">4.0</three_to_nine_inches>
					<nine_to_twenty_inches unit="tons_per_acre" min="0" max="10">4.0</nine_to_twenty_inches>
					<greater_than_twenty_inches unit="tons_per_acre" min="0" max="0">4.0</greater_than_twenty_inches>
				</loadings_greater_than_three_inches>
			</sound_wood>
			<rotten_wood>
				<all_rotten_wood>
					<species>
						<species_description>
							<tsn>541138</tsn>
							<relative_cover>100</relative_cover>
						</species_description>
					</species>
				</all_rotten_wood>
				<loadings_greater_than_three_inches>
					<three_to_nine_inches unit="tons_per_acre" min="0" max="2">0.625</three_to_nine_inches>
					<nine_to_twenty_inches unit="tons_per_acre" min="0" max="4">0.625</nine_to_twenty_inches>
					<greater_than_twenty_inches unit="tons_per_acre" min="0" max="0">0.0</greater_than_twenty_inches>
				</loadings_greater_than_three_inches>
			</rotten_wood>
			<stumps>
				<sound>
					<stem_density unit="number_per_acre" />
					<diameter unit="inches" />
					<height unit="feet" />
					<species />
				</sound>
				<rotten>
					<stem_density unit="number_per_acre" min="0" max="20">2</stem_density>
					<diameter unit="inches" min="10" max="40">8</diameter>
					<height unit="feet" min="1" max="4.5">3</height>
					<species>
						<species_description>
							<tsn>541138</tsn>
							<relative_cover>100</relative_cover>
						</species_description>
					</species>
				</rotten>
				<lightered_pitchy>
					<stem_density unit="number_per_acre" />
					<diameter unit="inches" />
					<height unit="feet" />
					<species />
				</lightered_pitchy>
			</stumps>
		</woody_fuel>
		<moss_lichen_litter>
			<moss>
				<type />
				<percent_cover unit="number" />
				<depth unit="inches" />
			</moss>
			<ground_lichen>
				<percent_cover unit="number" />
				<depth unit="inches" />
			</ground_lichen>
			<litter>
				<percent_cover unit="number" min="0" max="100">30.0</percent_cover>
				<depth unit="inches" min="0" max="1">0.5</depth>
				<arrangement>1</arrangement>
				<litter_type>
					<short_needle_pine>
						<relative_cover />
					</short_needle_pine>
					<long_needle_pine>
						<relative_cover />
					</long_needle_pine>
					<other_conifer>
						<relative_cover>30.0</relative_cover>
					</other_conifer>
					<broadleaf_deciduous>
						<relative_cover>25.0</relative_cover>
					</broadleaf_deciduous>
					<broadleaf_evergreen>
						<relative_cover>40.0</relative_cover>
					</broadleaf_evergreen>
					<palm_frond>
						<relative_cover>5.0</relative_cover>
					</palm_frond>
					<grass>
						<relative_cover />
					</grass>
				</litter_type>
			</litter>
		</moss_lichen_litter>
		<ground_fuel>
			<duff>
				<upper>
					<depth unit="inches" min="0" max="5">5.2</depth>
					<percent_cover unit="number" min="20" max="80">52.0</percent_cover>
					<derivation>1</derivation>
				</upper>
				<lower>
					<depth unit="inches" min="0" max="5" />
					<percent_cover unit="number" min="20" max="80" />
					<derivation />
					<loading unit="tons_per_acre" />
				</lower>
			</duff>
			<squirrel_middens>
				<depth unit="inches" />
				<radius unit="feet" />
				<number_per_unit_area unit="number_per_acre" />
			</squirrel_middens>
			<basal_accumulation>
				<depth unit="inches" />
				<radius unit="feet" />
				<number_per_unit_area unit="number_per_acre" />
				<type />
			</basal_accumulation>
		</ground_fuel>
	</fuelbed>
</FCCS_file>
