<?xml version="1.0"?>
<FCCS_file xmlns:xsi="http://www.w3.org/2001/XMLSchema-instance" xsi:noNamespaceSchemaLocation="cash.xsd" schemaVersion="1.4">
	<fuelbed_number>264_313</fuelbed_number>
	<fuelbed_name>Post-blackjack oak forest</fuelbed_name>
	<fuelbed_description>This fuelbed, commonly referred to as 'crosstimbers', is composed of post oak and blackjack oak in a broadleaf forest or woodland on rolling hills in central Texas through central Oklahoma and extending into southeastern Kansas. It varies from closed forest to open woodland with open prairie inclusions depending on soils and rainfall. Under fire exclusion, oak root sprouts, understory growth and vines can create ladder fuels. Long-term grazing causes annual grasses to increase. This fuelbed represents forests more than 50 years old.</fuelbed_description>
	<ecoregion>220,230,250</ecoregion>
	<vegetation_form>1</vegetation_form>
	<structural_class>1</structural_class>
	<cover_type>47,273,274</cover_type>
	<change_agent>2,3</change_agent>
	<natural_fire_regime>1</natural_fire_regime>
	<condition_class>2</condition_class>
	<user_name />
	<address />
	<affiliation />
	<phone />
	<file_owner_email />
	<notes />
	<site_photo />
	<date_collected>2003-09-17</date_collected>
	<fuelbed_confidence>3</fuelbed_confidence>
	<fuelbed>
		<canopy>
			<trees>
				<total_percent_cover unit="number" min="25" max="85">46.75</total_percent_cover>
				<overstory>
					<percent_cover unit="number" min="20" max="90">41.25</percent_cover>
					<height unit="feet" min="28" max="45">32</height>
					<height_to_live_crown unit="feet" min="1" max="15">12.5</height_to_live_crown>
					<stem_density unit="number_per_acre" min="10" max="205">54.0</stem_density>
					<diameter_at_breast_height unit="inches" min="6.5" max="21.5">13.200000000000001</diameter_at_breast_height>
					<species>
						<species_description>
							<tsn>19422</tsn>
							<relative_cover>60.00</relative_cover>
						</species_description>
						<species_description>
							<tsn>19374</tsn>
							<relative_cover>30.00</relative_cover>
						</species_description>
						<species_description>
							<tsn>19447</tsn>
							<relative_cover>6.00</relative_cover>
						</species_description>
						<species_description>
							<tsn>19246</tsn>
							<relative_cover>4.00</relative_cover>
						</species_description>
					</species>
				</overstory>
				<midstory>
					<percent_cover unit="number" min="5" max="35">11.25</percent_cover>
					<height unit="feet" min="15" max="30">27</height>
					<height_to_live_crown unit="feet" min="1" max="10">10.0</height_to_live_crown>
					<stem_density unit="number_per_acre" min="11" max="101">38.25</stem_density>
					<diameter_at_breast_height unit="inches" min="1.8" max="11.5">6.6000000000000005</diameter_at_breast_height>
					<species>
						<species_description>
							<tsn>19422</tsn>
							<relative_cover>50.00</relative_cover>
						</species_description>
						<species_description>
							<tsn>19374</tsn>
							<relative_cover>25.00</relative_cover>
						</species_description>
						<species_description>
							<tsn>19048</tsn>
							<relative_cover>10.00</relative_cover>
						</species_description>
						<species_description>
							<tsn>19040</tsn>
							<relative_cover>10.00</relative_cover>
						</species_description>
						<species_description>
							<tsn>19223</tsn>
							<relative_cover>5.00</relative_cover>
						</species_description>
					</species>
				</midstory>
				<understory>
					<percent_cover unit="number" min="0" max="35">5.0</percent_cover>
					<height unit="feet" min="2" max="15">11</height>
					<height_to_live_crown unit="feet" min="0.5" max="8">4</height_to_live_crown>
					<stem_density unit="number_per_acre" min="0" max="1750">106.25</stem_density>
					<diameter_at_breast_height unit="inches" min="0.1" max="6">4</diameter_at_breast_height>
					<species>
						<species_description>
							<tsn>19422</tsn>
							<relative_cover>55.00</relative_cover>
						</species_description>
						<species_description>
							<tsn>19374</tsn>
							<relative_cover>25.00</relative_cover>
						</species_description>
						<species_description>
							<tsn>18048</tsn>
							<relative_cover>12.00</relative_cover>
						</species_description>
						<species_description>
							<tsn>19223</tsn>
							<relative_cover>8.00</relative_cover>
						</species_description>
					</species>
				</understory>
			</trees>
			<snags>
				<class_1_conifers_with_foliage>
					<percent_cover unit="number" />
					<height_to_crown_base unit="feet" />
					<stem_density unit="number_per_acre" />
					<diameter unit="inches" />
					<height unit="feet" />
					<species />
				</class_1_conifers_with_foliage>
				<class_1_all_others>
					<stem_density unit="number_per_acre" min="0" max="180">5</stem_density>
					<diameter unit="inches" min="2" max="19">8</diameter>
					<height unit="feet" min="18" max="45">30</height>
					<species>
						<species_description>
							<tsn>19276</tsn>
							<relative_cover>100.00</relative_cover>
						</species_description>
					</species>
				</class_1_all_others>
				<class_2>
					<stem_density unit="number_per_acre" min="0" max="180">5</stem_density>
					<diameter unit="inches" min="1.5" max="18">7</diameter>
					<height unit="feet" min="18" max="40">25</height>
					<species>
						<species_description>
							<tsn>19276</tsn>
							<relative_cover>100.00</relative_cover>
						</species_description>
					</species>
				</class_2>
				<class_3>
					<stem_density unit="number_per_acre" min="0" max="25">5</stem_density>
					<diameter unit="inches" min="1.5" max="18">7</diameter>
					<height unit="feet" min="4.5" max="30">20</height>
					<species>
						<species_description>
							<tsn>19276</tsn>
							<relative_cover>100.00</relative_cover>
						</species_description>
					</species>
				</class_3>
			</snags>
			<ladder_fuels>
				<minimum_height unit="feet" min="0.25" max="2">1</minimum_height>
				<maximum_height unit="feet" min="10" max="35">20</maximum_height>
				<is_vertically_contiguous>1</is_vertically_contiguous>
				<type>5</type>
			</ladder_fuels>
		</canopy>
		<shrubs>
			<primary_layer>
				<percent_cover unit="number" min="10" max="60">30.009375</percent_cover>
				<height unit="feet" min="2" max="15">8</height>
				<percent_live unit="number" min="50" max="100">85.0</percent_live>
				<species>
					<species_description>
						<tsn>27807</tsn>
						<relative_cover>30.00</relative_cover>
					</species_description>
					<species_description>
						<tsn>524695</tsn>
						<relative_cover>30.00</relative_cover>
					</species_description>
					<species_description>
						<tsn>35337</tsn>
						<relative_cover>20.00</relative_cover>
					</species_description>
					<species_description>
						<tsn>504711</tsn>
						<relative_cover>10.00</relative_cover>
					</species_description>
					<species_description>
						<tsn>28779</tsn>
						<relative_cover>10.00</relative_cover>
					</species_description>
				</species>
			</primary_layer>
			<secondary_layer>
				<percent_cover unit="number" min="5" max="25">15.0046875</percent_cover>
				<height unit="feet" min="1" max="10">3</height>
				<percent_live unit="number" min="20" max="100">85.0</percent_live>
				<species>
					<species_description>
						<tsn>43341</tsn>
						<relative_cover>40.00</relative_cover>
					</species_description>
					<species_description>
						<tsn>28606</tsn>
						<relative_cover>25.00</relative_cover>
					</species_description>
					<species_description>
						<tsn>28821</tsn>
						<relative_cover>25.00</relative_cover>
					</species_description>
					<species_description>
						<tsn>28602</tsn>
						<relative_cover>10.00</relative_cover>
					</species_description>
				</species>
			</secondary_layer>
			<needle_drape>
				<is_sufficient_to_affect_fire_behavior>0</is_sufficient_to_affect_fire_behavior>
			</needle_drape>
		</shrubs>
		<herbaceous>
			<primary_layer>
				<percent_cover unit="number" min="10" max="40">25.003125</percent_cover>
				<height unit="feet" min="2" max="3">2.5</height>
				<percent_live unit="number" min="0" max="90">49.9875</percent_live>
				<loading unit="tons_per_acre" min="0.5" max="1.5">1.000125</loading>
				<species>
					<species_description>
						<tsn>41502</tsn>
						<relative_cover>20.00</relative_cover>
					</species_description>
					<species_description>
						<tsn>40478</tsn>
						<relative_cover>20.00</relative_cover>
					</species_description>
					<species_description>
						<tsn>507082</tsn>
						<relative_cover>20.00</relative_cover>
					</species_description>
					<species_description>
						<tsn>42076</tsn>
						<relative_cover>10.00</relative_cover>
					</species_description>
					<species_description>
						<tsn>41667</tsn>
						<relative_cover>10.00</relative_cover>
					</species_description>
					<species_description>
						<tsn>42115</tsn>
						<relative_cover>10.00</relative_cover>
					</species_description>
					<species_description>
						<tsn>42102</tsn>
						<relative_cover>5.00</relative_cover>
					</species_description>
					<species_description>
						<tsn>40462</tsn>
						<relative_cover>5.00</relative_cover>
					</species_description>
				</species>
			</primary_layer>
			<secondary_layer>
				<percent_cover unit="number" min="0" max="25">10.00125</percent_cover>
				<height unit="feet" min="1" max="3">2</height>
				<percent_live unit="number" min="0" max="100">59.985</percent_live>
				<loading unit="tons_per_acre" min="0" max="0.5">0.25003125</loading>
				<species>
					<species_description>
						<tsn>36516</tsn>
						<relative_cover>65.00</relative_cover>
					</species_description>
					<species_description>
						<tsn>25915</tsn>
						<relative_cover>35.00</relative_cover>
					</species_description>
				</species>
			</secondary_layer>
		</herbaceous>
		<woody_fuel>
			<all_downed_woody_fuel>
				<total_percent_cover unit="number" min="10" max="50">24.99375</total_percent_cover>
				<depth unit="inches" min="0.5" max="3">0.9997499999999999</depth>
			</all_downed_woody_fuel>
			<sound_wood>
				<loadings_zero_to_three_inches>
					<zero_to_quarter_inch unit="tons_per_acre" min="0.1" max="5">0.29992499999999994</zero_to_quarter_inch>
					<quarter_inch_to_one_inch unit="tons_per_acre" min="0.1" max="2">0.6998249999999998</quarter_inch_to_one_inch>
					<one_to_three_inches unit="tons_per_acre" min="0" max="2">0.9997499999999999</one_to_three_inches>
				</loadings_zero_to_three_inches>
				<loadings_greater_than_three_inches>
					<three_to_nine_inches unit="tons_per_acre" min="0" max="0">0.0</three_to_nine_inches>
					<nine_to_twenty_inches unit="tons_per_acre" min="0" max="0">0.0</nine_to_twenty_inches>
					<greater_than_twenty_inches unit="tons_per_acre" min="0" max="0">0.0</greater_than_twenty_inches>
				</loadings_greater_than_three_inches>
				<all_sound_wood>
					<species>
						<species_description>
							<tsn>19276</tsn>
							<relative_cover>100.00</relative_cover>
						</species_description>
					</species>
				</all_sound_wood>
			</sound_wood>
			<rotten_wood>
				<loadings_greater_than_three_inches>
					<three_to_nine_inches unit="tons_per_acre">0.0</three_to_nine_inches>
					<nine_to_twenty_inches unit="tons_per_acre">0.0</nine_to_twenty_inches>
					<greater_than_twenty_inches unit="tons_per_acre">0.0</greater_than_twenty_inches>
				</loadings_greater_than_three_inches>
				<all_rotten_wood>
					<species />
				</all_rotten_wood>
			</rotten_wood>
			<stumps>
				<sound>
					<stem_density unit="number_per_acre"></stem_density>
					<diameter unit="inches"></diameter>
					<height unit="feet"></height>
					<species />
				</sound>
				<rotten>
					<stem_density unit="number_per_acre">30.75</stem_density>
					<diameter unit="inches" />
					<height unit="feet" />
					<species />
				</rotten>
				<lightered_pitchy>
					<stem_density unit="number_per_acre" />
					<diameter unit="inches" />
					<height unit="feet" />
					<species />
				</lightered_pitchy>
			</stumps>
		</woody_fuel>
		<moss_lichen_litter>
			<moss>
				<percent_cover unit="number">0.0</percent_cover>
				<depth unit="inches">0.0</depth>
				<type />
			</moss>
			<ground_lichen>
				<percent_cover unit="number">0.0</percent_cover>
				<depth unit="inches">0.0</depth>
			</ground_lichen>
			<litter>
				<percent_cover unit="number" min="85" max="100">89.97749999999999</percent_cover>
				<depth unit="inches" min="0.5" max="3.5">0.9997499999999999</depth>
				<arrangement>1</arrangement>
				<litter_type>
					<short_needle_pine>
						<relative_cover />
					</short_needle_pine>
					<long_needle_pine>
						<relative_cover />
					</long_needle_pine>
					<other_conifer>
						<relative_cover />
					</other_conifer>
					<broadleaf_deciduous>
						<relative_cover>95.00</relative_cover>
					</broadleaf_deciduous>
					<broadleaf_evergreen>
						<relative_cover />
					</broadleaf_evergreen>
					<palm_frond>
						<relative_cover />
					</palm_frond>
					<grass>
						<relative_cover>5.00</relative_cover>
					</grass>
				</litter_type>
			</litter>
		</moss_lichen_litter>
		<ground_fuel>
			<duff>
				<upper>
					<percent_cover unit="number" min="50" max="90">52.5</percent_cover>
					<depth unit="inches" min="0.1" max="1">0.30000000000000004</depth>
					<derivation>1</derivation>
				</upper>
				<lower>
					<percent_cover unit="number" min="50" max="90">0.0</percent_cover>
					<depth unit="inches" min="0" max="0.5">0.0</depth>
					<derivation />
					<loading unit="tons_per_acre" />
				</lower>
			</duff>
			<basal_accumulation>
				<radius unit="feet" />
				<depth unit="inches">0.0</depth>
				<number_per_unit_area unit="number_per_acre">0.0</number_per_unit_area>
				<type />
			</basal_accumulation>
			<squirrel_middens>
				<depth unit="inches">0.0</depth>
				<number_per_unit_area unit="number_per_acre">0.0</number_per_unit_area>
				<radius unit="feet" />
			</squirrel_middens>
		</ground_fuel>
	</fuelbed>
</FCCS_file>
