<?xml version="1.0"?>
<FCCS_file xmlns:xsi="http://www.w3.org/2001/XMLSchema-instance" xsi:noNamespaceSchemaLocation="cash.xsd" schemaVersion="1.4">
	<fuelbed_number>464_221</fuelbed_number>
	<fuelbed_name>Loblolly pine-willow oak forest</fuelbed_name>
	<fuelbed_description>East Gulf Coastal Plain southern pine-hardwood flatwoods are multilayerd forests dominated by loblolly pine, oaks and other hardwoods on moist to wet sites. </fuelbed_description>
	<ecoregion>230</ecoregion>
	<vegetation_form>1</vegetation_form>
	<structural_class>7</structural_class>
	<cover_type>81,78</cover_type>
	<change_agent>18</change_agent>
	<natural_fire_regime>1</natural_fire_regime>
	<condition_class>1</condition_class>
	<user_name />
	<address />
	<affiliation />
	<phone />
	<file_owner_email />
	<notes>Used 283 as base. Altered fuelbed based on NatureServe description and BpS 14550 Class E description (39% of land area). Reduced pine percentage in this fuelbed compared to 463.</notes>
	<site_photo />
	<date_collected>2003-09-17</date_collected>
	<fuelbed_confidence>2</fuelbed_confidence>
	<fuelbed>
		<canopy>
			<trees>
				<total_percent_cover unit="number" min="65" max="95">56.95</total_percent_cover>
				<overstory>
					<percent_cover unit="number" min="20" max="70">25.0</percent_cover>
					<height unit="feet" min="70" max="115" reference_id="5066">85</height>
					<height_to_live_crown unit="feet" min="40" max="70">75.0</height_to_live_crown>
					<stem_density unit="number_per_acre" min="10" max="80" reference_id="5066">20.0</stem_density>
					<diameter_at_breast_height unit="inches" min="13" max="40" reference_id="5066">25.0</diameter_at_breast_height>
					<species>
						<species_description>
							<tsn>19282</tsn>
							<relative_cover>25</relative_cover>
						</species_description>
						<species_description>
							<tsn>18037</tsn>
							<relative_cover>35</relative_cover>
						</species_description>
						<species_description>
							<tsn>18086</tsn>
							<relative_cover>20</relative_cover>
						</species_description>
						<species_description>
							<tsn>19280</tsn>
							<relative_cover>20</relative_cover>
						</species_description>
					</species>
				</overstory>
				<midstory>
					<percent_cover unit="number" min="40" max="85">20.0</percent_cover>
					<height unit="feet" min="40" max="75" reference_id="5066">50</height>
					<height_to_live_crown unit="feet" min="20" max="40">45.0</height_to_live_crown>
					<stem_density unit="number_per_acre" min="15" max="200" reference_id="5066">42.5</stem_density>
					<diameter_at_breast_height unit="inches" min="6" max="15" reference_id="5066">13.75</diameter_at_breast_height>
					<species>
						<species_description>
							<tsn>19027</tsn>
							<relative_cover>50.00</relative_cover>
						</species_description>
						<species_description>
							<tsn>195925</tsn>
							<relative_cover>30.00</relative_cover>
						</species_description>
						<species_description>
							<tsn>28728</tsn>
							<relative_cover>20.00</relative_cover>
						</species_description>
					</species>
				</midstory>
				<understory>
					<percent_cover unit="number" min="0" max="65">0.0</percent_cover>
					<height unit="feet" min="10" max="35" reference_id="5066">0.0</height>
					<height_to_live_crown unit="feet" min="1" max="20">0.0</height_to_live_crown>
					<stem_density unit="number_per_acre" min="0" max="1000" reference_id="5066">0.0</stem_density>
					<diameter_at_breast_height unit="inches" min="0.5" max="5" reference_id="5066">0.0</diameter_at_breast_height>
					<species>
						<species_description>
							<tsn>28728</tsn>
							<relative_cover>50.00</relative_cover>
						</species_description>
						<species_description>
							<tsn>19504</tsn>
							<relative_cover>25.00</relative_cover>
						</species_description>
						<species_description>
							<tsn>19511</tsn>
							<relative_cover>25.00</relative_cover>
						</species_description>
					</species>
				</understory>
			</trees>
			<snags>
				<class_1_conifers_with_foliage>
					<percent_cover unit="number" />
					<height_to_crown_base unit="feet" />
					<stem_density unit="number_per_acre" />
					<diameter unit="inches" />
					<height unit="feet" />
					<species />
				</class_1_conifers_with_foliage>
				<class_1_all_others>
					<stem_density unit="number_per_acre" min="0" max="25" reference_id="5066" />
					<diameter unit="inches" min="5" max="17" />
					<height unit="feet" min="35" max="75" />
					<species />
				</class_1_all_others>
				<class_2>
					<stem_density unit="number_per_acre" min="0" max="50" />
					<diameter unit="inches" min="5" max="17" reference_id="5066" />
					<height unit="feet" min="35" max="75" />
					<species />
				</class_2>
				<class_3>
					<stem_density unit="number_per_acre" min="0" max="25" />
					<diameter unit="inches" min="5" max="17" reference_id="5066" />
					<height unit="feet" min="35" max="75" />
					<species />
				</class_3>
			</snags>
			<ladder_fuels>
				<minimum_height unit="feet" min="0" max="2" />
				<maximum_height unit="feet" min="5" max="40" />
				<is_vertically_contiguous />
				<type />
			</ladder_fuels>
		</canopy>
		<shrubs>
			<primary_layer>
				<percent_cover unit="number" min="5" max="40">12.5</percent_cover>
				<height unit="feet" min="4" max="15" reference_id="5083">8</height>
				<percent_live unit="number" min="80" max="95" reference_id="5094">22.5</percent_live>
				<species>
					<species_description>
						<tsn>34786</tsn>
						<relative_cover>20</relative_cover>
					</species_description>
					<species_description>
						<tsn>23855</tsn>
						<relative_cover>10</relative_cover>
					</species_description>
					<species_description>
						<tsn>42505</tsn>
						<relative_cover>50</relative_cover>
					</species_description>
					<species_description>
						<tsn>24590</tsn>
						<relative_cover>20</relative_cover>
					</species_description>
				</species>
			</primary_layer>
			<secondary_layer>
				<percent_cover unit="number" min="0" max="35">7.5</percent_cover>
				<height unit="feet" min="1" max="5">2</height>
				<percent_live unit="number" min="60" max="95">22.5</percent_live>
				<species>
					<species_description>
						<tsn>43340</tsn>
						<relative_cover>25.00</relative_cover>
					</species_description>
					<species_description>
						<tsn>28821</tsn>
						<relative_cover>25.00</relative_cover>
					</species_description>
					<species_description>
						<tsn>28602</tsn>
						<relative_cover>25.00</relative_cover>
					</species_description>
					<species_description>
						<tsn>28606</tsn>
						<relative_cover>25.00</relative_cover>
					</species_description>
				</species>
			</secondary_layer>
			<needle_drape>
				<is_sufficient_to_affect_fire_behavior>0</is_sufficient_to_affect_fire_behavior>
			</needle_drape>
		</shrubs>
		<herbaceous>
			<primary_layer>
				<percent_cover unit="number" min="0" max="25">5.0</percent_cover>
				<height unit="feet" min="0.5" max="2">1</height>
				<percent_live unit="number" min="60" max="95">42.5</percent_live>
				<loading unit="tons_per_acre" min="0" max="0.02">0.005</loading>
				<species>
					<species_description>
						<tsn>41548</tsn>
						<relative_cover>50</relative_cover>
					</species_description>
					<species_description>
						<tsn>509190</tsn>
						<relative_cover>30</relative_cover>
					</species_description>
					<species_description>
						<tsn>43443</tsn>
						<relative_cover>20</relative_cover>
					</species_description>
				</species>
			</primary_layer>
			<secondary_layer>
				<percent_cover unit="number">0.0</percent_cover>
				<height unit="feet" />
				<percent_live unit="number">0.0</percent_live>
				<loading unit="tons_per_acre">0.0</loading>
				<species />
			</secondary_layer>
		</herbaceous>
		<woody_fuel>
			<all_downed_woody_fuel>
				<total_percent_cover unit="number" min="5" max="40">30.0</total_percent_cover>
				<depth unit="inches" min="0" max="2">0.75</depth>
			</all_downed_woody_fuel>
			<sound_wood>
				<loadings_zero_to_three_inches>
					<zero_to_quarter_inch unit="tons_per_acre" min="0" max="0.3" reference_id="5098">1.0</zero_to_quarter_inch>
					<quarter_inch_to_one_inch unit="tons_per_acre" min="0" max="0.3" reference_id="5098">2.0</quarter_inch_to_one_inch>
					<one_to_three_inches unit="tons_per_acre" min="0" max="3" reference_id="5098">2.25</one_to_three_inches>
				</loadings_zero_to_three_inches>
				<loadings_greater_than_three_inches>
					<three_to_nine_inches unit="tons_per_acre" min="0" max="3" reference_id="5098">1.5</three_to_nine_inches>
					<nine_to_twenty_inches unit="tons_per_acre" min="0" max="3" reference_id="5098">1.5</nine_to_twenty_inches>
					<greater_than_twenty_inches unit="tons_per_acre" min="0" max="2" reference_id="5098">0</greater_than_twenty_inches>
				</loadings_greater_than_three_inches>
				<all_sound_wood>
					<species>
						<species_description>
							<tsn>19276</tsn>
							<relative_cover>60</relative_cover>
						</species_description>
						<species_description>
							<tsn>18037</tsn>
							<relative_cover>40</relative_cover>
						</species_description>
					</species>
				</all_sound_wood>
			</sound_wood>
			<rotten_wood>
				<loadings_greater_than_three_inches>
					<three_to_nine_inches unit="tons_per_acre" min="0" max="1" reference_id="5098">0.5</three_to_nine_inches>
					<nine_to_twenty_inches unit="tons_per_acre" min="0" max="1" reference_id="5098">0.5</nine_to_twenty_inches>
					<greater_than_twenty_inches unit="tons_per_acre" min="0" max="1" reference_id="5098">0</greater_than_twenty_inches>
				</loadings_greater_than_three_inches>
				<all_rotten_wood>
					<species>
						<species_description>
							<tsn>19276</tsn>
							<relative_cover>60</relative_cover>
						</species_description>
						<species_description>
							<tsn>18037</tsn>
							<relative_cover>40</relative_cover>
						</species_description>
					</species>
				</all_rotten_wood>
			</rotten_wood>
			<stumps>
				<sound>
					<stem_density unit="number_per_acre" min="0" max="5">62.5</stem_density>
					<diameter unit="inches" min="15" max="40" />
					<height unit="feet" min="1" max="3" />
					<species />
				</sound>
				<rotten>
					<stem_density unit="number_per_acre" min="0" max="10" />
					<diameter unit="inches" min="10" max="40" />
					<height unit="feet" min="0.5" max="2" />
					<species />
				</rotten>
				<lightered_pitchy>
					<stem_density unit="number_per_acre" />
					<diameter unit="inches" />
					<height unit="feet" />
					<species />
				</lightered_pitchy>
			</stumps>
			<piles>
				<clean_loading unit="tons_per_acre">0.098592</clean_loading>
				<dirty_loading unit="tons_per_acre">0.000000</dirty_loading>
				<verydirty_loading unit="tons_per_acre">0.000000</verydirty_loading>
				<pileData>
					<header>pileGroupID,pileGroupName,numPiles,pileType,pileShape,W1,L1,H1,W2,L2,H2,soilPercent,packingRatio,handPileSpecies,species1_TSN,species1_percent,species2_TSN,species2_percent,pileQuality,percentConsumed</header>
					<pileGroups>
						<pileGroup>2,,2,1,5,5.00,5.00,1.00,,,,,,1,,,,,,90</pileGroup>
					</pileGroups>
				</pileData>
			</piles>
		</woody_fuel>
		<moss_lichen_litter>
			<moss>
				<percent_cover unit="number" />
				<depth unit="inches" />
				<type />
			</moss>
			<ground_lichen>
				<percent_cover unit="number" />
				<depth unit="inches" />
			</ground_lichen>
			<litter>
				<percent_cover unit="number" min="10" max="60">30.0</percent_cover>
				<depth unit="inches" min="0" max="1">2.25</depth>
				<arrangement>1</arrangement>
				<litter_type>
					<short_needle_pine>
						<relative_cover>40</relative_cover>
					</short_needle_pine>
					<long_needle_pine>
						<relative_cover>0</relative_cover>
					</long_needle_pine>
					<other_conifer>
						<relative_cover>0</relative_cover>
					</other_conifer>
					<broadleaf_deciduous>
						<relative_cover>60</relative_cover>
					</broadleaf_deciduous>
					<broadleaf_evergreen>
						<relative_cover>0</relative_cover>
					</broadleaf_evergreen>
					<palm_frond>
						<relative_cover>0</relative_cover>
					</palm_frond>
					<grass>
						<relative_cover>0</relative_cover>
					</grass>
				</litter_type>
			</litter>
		</moss_lichen_litter>
		<ground_fuel>
			<duff>
				<upper>
					<percent_cover unit="number" min="0" max="50" reference_id="5084">10</percent_cover>
					<depth unit="inches" min="0" max="1" reference_id="5084">1</depth>
					<derivation>1</derivation>
				</upper>
				<lower>
					<percent_cover unit="number" min="0" max="50" reference_id="5084" />
					<depth unit="inches" min="0" max="1" reference_id="5084" />
					<derivation />
					<loading unit="tons_per_acre" />
				</lower>
			</duff>
			<basal_accumulation>
				<radius unit="feet" />
				<depth unit="inches" />
				<number_per_unit_area unit="number_per_acre" />
				<type />
			</basal_accumulation>
			<squirrel_middens>
				<depth unit="inches" />
				<number_per_unit_area unit="number_per_acre" />
				<radius unit="feet" />
			</squirrel_middens>
		</ground_fuel>
	</fuelbed>
</FCCS_file>
