<?xml version="1.0"?>
<FCCS_file xmlns:xsi="http://www.w3.org/2001/XMLSchema-instance" xsi:noNamespaceSchemaLocation="cash.xsd" schemaVersion="1.4">
	<fuelbed_number>185_112</fuelbed_number>
	<fuelbed_name>Longleaf pine/turkey oak forest 1-2 yr postfire</fuelbed_name>
	<fuelbed_description>Xeric longleaf pine -- turkey oak forests occurring throughout the Southeast coastal plain from Virginia south to Florida and west into Texas on well-drained soils with a history of regular prescribed fire. This fuelbed represents a stand 1 to 2 years after prescribed fire.</fuelbed_description>
	<ecoregion>230</ecoregion>
	<vegetation_form>4</vegetation_form>
	<structural_class>1</structural_class>
	<cover_type>75,287</cover_type>
	<change_agent>8</change_agent>
	<natural_fire_regime>1</natural_fire_regime>
	<condition_class>1</condition_class>
	<user_name />
	<address />
	<affiliation />
	<phone />
	<file_owner_email />
	<notes />
	<site_photo />
	<date_collected>2003-09-17</date_collected>
	<fuelbed_confidence>2</fuelbed_confidence>
	<fuelbed>
		<canopy>
			<trees>
				<total_percent_cover unit="number" min="15" max="75">40.5</total_percent_cover>
				<overstory>
					<percent_cover unit="number" min="10" max="70">36.0</percent_cover>
					<height unit="feet" min="35" max="80">60</height>
					<height_to_live_crown unit="feet" min="20" max="36">30.800000000000004</height_to_live_crown>
					<stem_density unit="number_per_acre" min="20" max="80">32.4</stem_density>
					<diameter_at_breast_height unit="inches" min="6" max="18">12</diameter_at_breast_height>
					<species>
						<species_description>
							<tsn>18038</tsn>
							<relative_cover>95.00</relative_cover>
						</species_description>
						<species_description>
							<tsn>183324</tsn>
							<relative_cover>5.00</relative_cover>
						</species_description>
					</species>
				</overstory>
				<midstory>
					<percent_cover unit="number" min="0" max="35">13.5</percent_cover>
					<height unit="feet" min="5" max="30">15</height>
					<height_to_live_crown unit="feet" min="0.5" max="15">5.5</height_to_live_crown>
					<stem_density unit="number_per_acre" min="0" max="40">22.5</stem_density>
					<diameter_at_breast_height unit="inches" min="2" max="8">4</diameter_at_breast_height>
					<species>
						<species_description>
							<tsn>19367</tsn>
							<relative_cover>75.00</relative_cover>
						</species_description>
						<species_description>
							<tsn>19360</tsn>
							<relative_cover>20.00</relative_cover>
						</species_description>
						<species_description>
							<tsn>195176</tsn>
							<relative_cover>5.00</relative_cover>
						</species_description>
					</species>
				</midstory>
				<understory>
					<percent_cover unit="number" min="5" max="25">12.0</percent_cover>
					<height unit="feet" min="0.25" max="15">10</height>
					<height_to_live_crown unit="feet" min="0" max="3">0.5</height_to_live_crown>
					<stem_density unit="number_per_acre" min="50" max="300">160.0</stem_density>
					<diameter_at_breast_height unit="inches" min="0.25" max="3">1</diameter_at_breast_height>
					<species>
						<species_description>
							<tsn>19367</tsn>
							<relative_cover>45.00</relative_cover>
						</species_description>
						<species_description>
							<tsn>19360</tsn>
							<relative_cover>40.00</relative_cover>
						</species_description>
						<species_description>
							<tsn>18038</tsn>
							<relative_cover>10.00</relative_cover>
						</species_description>
						<species_description>
							<tsn>23855</tsn>
							<relative_cover>5.00</relative_cover>
						</species_description>
					</species>
				</understory>
			</trees>
			<snags>
				<class_1_conifers_with_foliage>
					<percent_cover unit="number"></percent_cover>
					<height_to_crown_base unit="feet"></height_to_crown_base>
					<stem_density unit="number_per_acre"></stem_density>
					<diameter unit="inches"></diameter>
					<height unit="feet"></height>
					<species />
				</class_1_conifers_with_foliage>
				<class_1_all_others>
					<stem_density unit="number_per_acre"></stem_density>
					<diameter unit="inches"></diameter>
					<height unit="feet"></height>
					<species />
				</class_1_all_others>
				<class_2>
					<stem_density unit="number_per_acre" min="0" max="5">6.1</stem_density>
					<diameter unit="inches" min="6" max="15">8.721311475409836</diameter>
					<height unit="feet" min="20" max="60">60</height>
					<species>
						<species_description>
							<tsn>18038</tsn>
							<relative_cover>50.00</relative_cover>
						</species_description>
						<species_description>
							<tsn>19367</tsn>
							<relative_cover>50.00</relative_cover>
						</species_description>
					</species>
				</class_2>
				<class_3>
					<stem_density unit="number_per_acre" min="0" max="5">2</stem_density>
					<diameter unit="inches" min="6" max="12">12</diameter>
					<height unit="feet" min="20" max="45">45</height>
					<species>
						<species_description>
							<tsn>18038</tsn>
							<relative_cover>50.00</relative_cover>
						</species_description>
						<species_description>
							<tsn>19367</tsn>
							<relative_cover>50.00</relative_cover>
						</species_description>
					</species>
				</class_3>
			</snags>
			<ladder_fuels>
				<minimum_height unit="feet" />
				<maximum_height unit="feet" />
				<is_vertically_contiguous />
				<type />
			</ladder_fuels>
		</canopy>
		<shrubs>
			<primary_layer>
				<percent_cover unit="number" min="0" max="25">3.125</percent_cover>
				<height unit="feet" min="0.5" max="10">3.75</height>
				<percent_live unit="number" min="50" max="95">56.25</percent_live>
				<species>
					<species_description>
						<tsn>27986</tsn>
						<relative_cover>40.00</relative_cover>
					</species_description>
					<species_description>
						<tsn>23580</tsn>
						<relative_cover>30.00</relative_cover>
					</species_description>
					<species_description>
						<tsn>42508</tsn>
						<relative_cover>30.00</relative_cover>
					</species_description>
				</species>
			</primary_layer>
			<secondary_layer>
				<percent_cover unit="number">0.0</percent_cover>
				<height unit="feet">0.0</height>
				<percent_live unit="number">0.0</percent_live>
				<species />
			</secondary_layer>
			<needle_drape>
				<is_sufficient_to_affect_fire_behavior>0</is_sufficient_to_affect_fire_behavior>
			</needle_drape>
		</shrubs>
		<herbaceous>
			<primary_layer>
				<percent_cover unit="number" min="35" max="100">80.0</percent_cover>
				<height unit="feet" min="0.5" max="4">2.0</height>
				<percent_live unit="number" min="40" max="90">60.0</percent_live>
				<loading unit="tons_per_acre" min="0" max="4">0.2</loading>
				<species>
					<species_description>
						<tsn>41433</tsn>
						<relative_cover>80.00</relative_cover>
					</species_description>
					<species_description>
						<tsn>40456</tsn>
						<relative_cover>10.00</relative_cover>
					</species_description>
					<species_description>
						<tsn>42076</tsn>
						<relative_cover>8.00</relative_cover>
					</species_description>
					<species_description>
						<tsn>21260</tsn>
						<relative_cover>2.00</relative_cover>
					</species_description>
				</species>
			</primary_layer>
			<secondary_layer>
				<percent_cover unit="number">0.0</percent_cover>
				<height unit="feet">0.0</height>
				<percent_live unit="number">0.0</percent_live>
				<loading unit="tons_per_acre">0.0</loading>
				<species />
			</secondary_layer>
		</herbaceous>
		<woody_fuel>
			<all_downed_woody_fuel>
				<total_percent_cover unit="number" min="0" max="15">5.0</total_percent_cover>
				<depth unit="inches" min="0.2" max="2.5">0.5</depth>
			</all_downed_woody_fuel>
			<sound_wood>
				<loadings_zero_to_three_inches>
					<zero_to_quarter_inch unit="tons_per_acre" min="0" max="0.2">0.0625</zero_to_quarter_inch>
					<quarter_inch_to_one_inch unit="tons_per_acre" min="0.1" max="0.4">0.125</quarter_inch_to_one_inch>
					<one_to_three_inches unit="tons_per_acre" min="0" max="0.3">0.125</one_to_three_inches>
				</loadings_zero_to_three_inches>
				<loadings_greater_than_three_inches>
					<three_to_nine_inches unit="tons_per_acre" min="0" max="0.6">0.0675</three_to_nine_inches>
					<nine_to_twenty_inches unit="tons_per_acre" min="0" max="0.2">0.0</nine_to_twenty_inches>
					<greater_than_twenty_inches unit="tons_per_acre" min="0" max="0" reference_id="5000">0.0</greater_than_twenty_inches>
				</loadings_greater_than_three_inches>
				<all_sound_wood>
					<species>
						<species_description>
							<tsn>18038</tsn>
							<relative_cover>60.00</relative_cover>
						</species_description>
						<species_description>
							<tsn>19367</tsn>
							<relative_cover>40.00</relative_cover>
						</species_description>
					</species>
				</all_sound_wood>
			</sound_wood>
			<rotten_wood>
				<loadings_greater_than_three_inches>
					<three_to_nine_inches unit="tons_per_acre" min="0" max="0.2">0.022500000000000003</three_to_nine_inches>
					<nine_to_twenty_inches unit="tons_per_acre" min="0" max="0">0.0</nine_to_twenty_inches>
					<greater_than_twenty_inches unit="tons_per_acre" min="0" max="0" reference_id="5000">0.0</greater_than_twenty_inches>
				</loadings_greater_than_three_inches>
				<all_rotten_wood>
					<species>
						<species_description>
							<tsn>18038</tsn>
							<relative_cover>60.00</relative_cover>
						</species_description>
						<species_description>
							<tsn>19276</tsn>
							<relative_cover>40.00</relative_cover>
						</species_description>
					</species>
				</all_rotten_wood>
			</rotten_wood>
			<stumps>
				<sound>
					<stem_density unit="number_per_acre" />
					<diameter unit="inches" />
					<height unit="feet" />
					<species />
				</sound>
				<rotten>
					<stem_density unit="number_per_acre" min="0" max="10">4.5</stem_density>
					<diameter unit="inches" min="2" max="15">5.4</diameter>
					<height unit="feet" min="0" max="1">0.45</height>
					<species>
						<species_description>
							<tsn>18038</tsn>
							<relative_cover>70.00</relative_cover>
						</species_description>
						<species_description>
							<tsn>19367</tsn>
							<relative_cover>30.00</relative_cover>
						</species_description>
					</species>
				</rotten>
				<lightered_pitchy>
					<stem_density unit="number_per_acre" min="0" max="10">4.5</stem_density>
					<diameter unit="inches" min="5" max="20">9.0</diameter>
					<height unit="feet" min="0.25" max="1">0.45</height>
					<species>
						<species_description>
							<tsn>18038</tsn>
							<relative_cover>100.00</relative_cover>
						</species_description>
					</species>
				</lightered_pitchy>
			</stumps>
		</woody_fuel>
		<moss_lichen_litter>
			<moss>
				<percent_cover unit="number" min="0" max="10">1.5</percent_cover>
				<depth unit="inches" min="0" max="4">1.5</depth>
				<type>2</type>
			</moss>
			<ground_lichen>
				<percent_cover unit="number" min="2" max="25">3.75</percent_cover>
				<depth unit="inches" min="0.25" max="4">1.125</depth>
			</ground_lichen>
			<litter>
				<percent_cover unit="number" min="15" max="95">69.9825</percent_cover>
				<depth unit="inches" min="0" max="1">0.49987499999999996</depth>
				<arrangement>1</arrangement>
				<litter_type>
					<short_needle_pine>
						<relative_cover />
					</short_needle_pine>
					<long_needle_pine>
						<relative_cover>50.00</relative_cover>
					</long_needle_pine>
					<other_conifer>
						<relative_cover />
					</other_conifer>
					<broadleaf_deciduous>
						<relative_cover>10.00</relative_cover>
					</broadleaf_deciduous>
					<broadleaf_evergreen>
						<relative_cover>5.00</relative_cover>
					</broadleaf_evergreen>
					<palm_frond>
						<relative_cover>1.00</relative_cover>
					</palm_frond>
					<grass>
						<relative_cover>34.00</relative_cover>
					</grass>
				</litter_type>
			</litter>
		</moss_lichen_litter>
		<ground_fuel>
			<duff>
				<upper>
					<percent_cover unit="number" min="0" max="35">7.5</percent_cover>
					<depth unit="inches" min="0" max="0.35">0.30000000000000004</depth>
					<derivation>1</derivation>
				</upper>
				<lower>
					<percent_cover unit="number" min="0" max="35">0.0</percent_cover>
					<depth unit="inches" min="0" max="0.35">0.0</depth>
					<derivation />
					<loading unit="tons_per_acre" />
				</lower>
			</duff>
			<basal_accumulation>
				<radius unit="feet">0.0</radius>
				<depth unit="inches">0.0</depth>
				<number_per_unit_area unit="number_per_acre">0.0</number_per_unit_area>
				<type />
			</basal_accumulation>
			<squirrel_middens>
				<depth unit="inches">0.0</depth>
				<number_per_unit_area unit="number_per_acre">0.0</number_per_unit_area>
				<radius unit="feet">0.0</radius>
			</squirrel_middens>
		</ground_fuel>
	</fuelbed>
</FCCS_file>
