<?xml version="1.0"?>
<FCCS_file xmlns:xsi="http://www.w3.org/2001/XMLSchema-instance" schemaVersion="1.4" xsi:schemaLocation="conf\\us.fed.fs.fera.fccs.xsd">
	<fuelbed_number>409_122</fuelbed_number>
	<fuelbed_name>Virginia pine-chestnut oak/little bluestem forest</fuelbed_name>
	<fuelbed_description>Appalachian shale barrens. Occur at low elevations in the Appalachian Mountains on exposed shale ridges. Open patchy woodlands of Virginia pine and chestnut oak with distinctive herbaceous vegetation.</fuelbed_description>
	<ecoregion>220,230,210</ecoregion>
	<vegetation_form>4</vegetation_form>
	<structural_class>4</structural_class>
	<cover_type>77</cover_type>
	<change_agent>18</change_agent>
	<natural_fire_regime />
	<condition_class>1</condition_class>
	<user_name />
	<address />
	<affiliation />
	<phone />
	<file_owner_email />
	<notes>Created from FCCS 107 for EVT 2340. Reduced canopy, shrub, woody, snag, litter and duff stratum values. Changed canopy, snag, woody, shrub and nonwoody species. </notes>
	<date_collected>Sep 19, 2011</date_collected>
	<fuelbed_confidence />
	<fuelbed>
		<canopy>
			<trees>
				<total_percent_cover unit="number" min="0" max="50">13.5</total_percent_cover>
				<overstory>
					<percent_cover unit="number" min="0" max="50">13.5</percent_cover>
					<height unit="feet" min="20" max="45">25</height>
					<height_to_live_crown unit="feet" min="3" max="24">6.0</height_to_live_crown>
					<stem_density unit="number_per_acre" min="100" max="350">10.8</stem_density>
					<diameter_at_breast_height unit="inches" min="5" max="13">5</diameter_at_breast_height>
					<species>
						<species_description>
							<tsn>183394</tsn>
							<relative_cover>40</relative_cover>
						</species_description>
						<species_description>
							<tsn>19379</tsn>
							<relative_cover>60</relative_cover>
						</species_description>
					</species>
				</overstory>
				<midstory>
					<percent_cover unit="number">0.0</percent_cover>
					<height unit="feet" />
					<height_to_live_crown unit="feet">0.0</height_to_live_crown>
					<stem_density unit="number_per_acre">0.0</stem_density>
					<diameter_at_breast_height unit="inches" />
					<species />
				</midstory>
				<understory>
					<percent_cover unit="number">0.0</percent_cover>
					<height unit="feet" />
					<height_to_live_crown unit="feet">0.0</height_to_live_crown>
					<stem_density unit="number_per_acre">0.0</stem_density>
					<diameter_at_breast_height unit="inches" />
					<species />
				</understory>
			</trees>
			<snags>
				<class_1_conifers_with_foliage>
					<percent_cover unit="number">11.5</percent_cover>
					<height_to_crown_base unit="feet">5</height_to_crown_base>
					<stem_density unit="number_per_acre">9.2</stem_density>
					<diameter unit="inches">5.0</diameter>
					<height unit="feet">25</height>
					<species>
						<species_description>
							<tsn>183394</tsn>
							<relative_cover>40</relative_cover>
						</species_description>
						<species_description>
							<tsn>19379</tsn>
							<relative_cover>60</relative_cover>
						</species_description>
					</species>
				</class_1_conifers_with_foliage>
				<class_1_all_others>
					<stem_density unit="number_per_acre">9.2</stem_density>
					<diameter unit="inches">5.0</diameter>
					<height unit="feet">25</height>
					<species>
						<species_description>
							<tsn>183394</tsn>
							<relative_cover>40</relative_cover>
						</species_description>
						<species_description>
							<tsn>19379</tsn>
							<relative_cover>60</relative_cover>
						</species_description>
					</species>
				</class_1_all_others>
				<class_2>
					<stem_density unit="number_per_acre">8.0</stem_density>
					<diameter unit="inches">5.0</diameter>
					<height unit="feet">25</height>
					<species />
				</class_2>
				<class_3>
					<stem_density unit="number_per_acre"></stem_density>
					<diameter unit="inches"></diameter>
					<height unit="feet"></height>
					<species />
				</class_3>
			</snags>
			<ladder_fuels>
				<minimum_height unit="feet" />
				<maximum_height unit="feet" />
				<is_vertically_contiguous>0</is_vertically_contiguous>
				<type />
			</ladder_fuels>
		</canopy>
		<shrubs>
			<primary_layer>
				<percent_cover unit="number" min="15" max="90">5.0</percent_cover>
				<height unit="feet" min="0.5" max="2.5">2.5</height>
				<percent_live unit="number" min="70" max="100" reference_id="5003">90.0</percent_live>
				<species>
					<species_description>
						<tsn>19358</tsn>
						<relative_cover>50.00</relative_cover>
					</species_description>
					<species_description>
						<tsn>23571</tsn>
						<relative_cover>25.00</relative_cover>
					</species_description>
					<species_description>
						<tsn>23659</tsn>
						<relative_cover>25.00</relative_cover>
					</species_description>
				</species>
			</primary_layer>
			<secondary_layer>
				<percent_cover unit="number">0.0</percent_cover>
				<height unit="feet">0.0</height>
				<percent_live unit="number">0.0</percent_live>
				<species />
			</secondary_layer>
			<needle_drape>
				<is_sufficient_to_affect_fire_behavior>0</is_sufficient_to_affect_fire_behavior>
			</needle_drape>
		</shrubs>
		<herbaceous>
			<primary_layer>
				<percent_cover unit="number" min="0" max="25">40.0</percent_cover>
				<height unit="feet" min="0.5" max="2">1.0</height>
				<loading unit="tons_per_acre" min="0" max="0.5">0.2</loading>
				<percent_live unit="number" min="60" max="100" reference_id="5000">80.0</percent_live>
				<species>
					<species_description>
						<tsn>530264</tsn>
						<relative_cover>25</relative_cover>
					</species_description>
					<species_description>
						<tsn>41642</tsn>
						<relative_cover>25</relative_cover>
					</species_description>
					<species_description>
						<tsn>565865</tsn>
						<relative_cover>25</relative_cover>
					</species_description>
					<species_description>
						<tsn>22671</tsn>
						<relative_cover>15</relative_cover>
					</species_description>
					<species_description>
						<tsn>24666</tsn>
						<relative_cover>10</relative_cover>
					</species_description>
				</species>
			</primary_layer>
			<secondary_layer>
				<percent_cover unit="number">0.0</percent_cover>
				<height unit="feet">0.0</height>
				<loading unit="tons_per_acre">0.0</loading>
				<percent_live unit="number">0.0</percent_live>
				<species />
			</secondary_layer>
		</herbaceous>
		<woody_fuel>
			<all_downed_woody_fuel>
				<total_percent_cover unit="number" min="5" max="40">1.5625</total_percent_cover>
				<depth unit="inches" min="0" max="2">0.15625</depth>
			</all_downed_woody_fuel>
			<sound_wood>
				<all_sound_wood>
					<species>
						<species_description>
							<tsn>18035</tsn>
							<relative_cover>40</relative_cover>
						</species_description>
						<species_description>
							<tsn>19276</tsn>
							<relative_cover>60</relative_cover>
						</species_description>
					</species>
				</all_sound_wood>
				<loadings_zero_to_three_inches>
					<zero_to_quarter_inch unit="tons_per_acre" min="0" max="0.5" reference_id="5105">0.03125</zero_to_quarter_inch>
					<quarter_inch_to_one_inch unit="tons_per_acre" min="0" max="1">0.0625</quarter_inch_to_one_inch>
					<one_to_three_inches unit="tons_per_acre" min="0" max="1">0.0625</one_to_three_inches>
				</loadings_zero_to_three_inches>
				<loadings_greater_than_three_inches>
					<three_to_nine_inches unit="tons_per_acre" min="0" max="2" reference_id="5105">0.05625000000000001</three_to_nine_inches>
					<nine_to_twenty_inches unit="tons_per_acre" min="0" max="1" reference_id="5105">0.0</nine_to_twenty_inches>
					<greater_than_twenty_inches unit="tons_per_acre" min="0" max="0" reference_id="5105">0.0</greater_than_twenty_inches>
				</loadings_greater_than_three_inches>
			</sound_wood>
			<rotten_wood>
				<all_rotten_wood>
					<species />
				</all_rotten_wood>
				<loadings_greater_than_three_inches>
					<three_to_nine_inches unit="tons_per_acre">0.018750000000000003</three_to_nine_inches>
					<nine_to_twenty_inches unit="tons_per_acre">0.0</nine_to_twenty_inches>
					<greater_than_twenty_inches unit="tons_per_acre">0.0</greater_than_twenty_inches>
				</loadings_greater_than_three_inches>
			</rotten_wood>
			<stumps>
				<sound>
					<stem_density unit="number_per_acre" />
					<diameter unit="inches" />
					<height unit="feet" />
					<species />
				</sound>
				<rotten>
					<stem_density unit="number_per_acre">0.0</stem_density>
					<diameter unit="inches">0.0</diameter>
					<height unit="feet">0.0</height>
					<species />
				</rotten>
				<lightered_pitchy>
					<stem_density unit="number_per_acre">0.0</stem_density>
					<diameter unit="inches">0.0</diameter>
					<height unit="feet">0.0</height>
					<species />
				</lightered_pitchy>
			</stumps>
		</woody_fuel>
		<moss_lichen_litter>
			<moss>
				<type />
				<percent_cover unit="number">0.0</percent_cover>
				<depth unit="inches">0.0</depth>
			</moss>
			<ground_lichen>
				<percent_cover unit="number">0.0</percent_cover>
				<depth unit="inches">0.0</depth>
			</ground_lichen>
			<litter>
				<percent_cover unit="number" min="50" max="100">20.0</percent_cover>
				<depth unit="inches" min="0.5" max="3">0.25</depth>
				<arrangement>1</arrangement>
				<litter_type>
					<short_needle_pine>
						<relative_cover>25.0</relative_cover>
					</short_needle_pine>
					<long_needle_pine>
						<relative_cover />
					</long_needle_pine>
					<other_conifer>
						<relative_cover />
					</other_conifer>
					<broadleaf_deciduous>
						<relative_cover>50.0</relative_cover>
					</broadleaf_deciduous>
					<broadleaf_evergreen>
						<relative_cover />
					</broadleaf_evergreen>
					<palm_frond>
						<relative_cover />
					</palm_frond>
					<grass>
						<relative_cover>25.0</relative_cover>
					</grass>
				</litter_type>
			</litter>
		</moss_lichen_litter>
		<ground_fuel>
			<duff>
				<upper>
					<depth unit="inches" min="0" max="2.5">0.125</depth>
					<percent_cover unit="number" min="65" max="100">12.5</percent_cover>
					<derivation>1</derivation>
				</upper>
				<lower>
					<depth unit="inches">0.0</depth>
					<percent_cover unit="number">0.0</percent_cover>
					<derivation />
				</lower>
			</duff>
			<squirrel_middens>
				<depth unit="inches">0.0</depth>
				<radius unit="feet">0.0</radius>
				<number_per_unit_area unit="number_per_acre">0.0</number_per_unit_area>
			</squirrel_middens>
			<basal_accumulation>
				<depth unit="inches">0.0</depth>
				<radius unit="feet">0.0</radius>
				<number_per_unit_area unit="number_per_acre">0.0</number_per_unit_area>
				<type />
			</basal_accumulation>
		</ground_fuel>
	</fuelbed>
</FCCS_file>
