<?xml version="1.0"?>
<FCCS_file xmlns:xsi="http://www.w3.org/2001/XMLSchema-instance" xsi:noNamespaceSchemaLocation="cash.xsd" schemaVersion="1.4">
	<fuelbed_number>17_231</fuelbed_number>
	<fuelbed_name>Red fir forest</fuelbed_name>
	<fuelbed_description>Pure stands of red fir are widespread in the central and southern Sierra Nevada. These forests occur above white fir -- sugar pine communities at the upper edge of the lower montane, and are dominant in the upper montane. This fuelbed represents stands that are usually dense, with very little shrub and grass present.</fuelbed_description>
	<ecoregion>260</ecoregion>
	<vegetation_form>2</vegetation_form>
	<structural_class>1</structural_class>
	<cover_type>114</cover_type>
	<change_agent>2</change_agent>
	<natural_fire_regime>4</natural_fire_regime>
	<condition_class>1</condition_class>
	<user_name />
	<address />
	<affiliation />
	<phone />
	<file_owner_email />
	<notes />
	<site_photo />
	<date_collected>2003-09-17</date_collected>
	<fuelbed_confidence>2</fuelbed_confidence>
	<fuelbed>
		<canopy>
			<trees>
				<total_percent_cover unit="number" min="30" max="95" reference_id="458">24.75</total_percent_cover>
				<overstory>
					<percent_cover unit="number" min="40" max="100" reference_id="458">17.5</percent_cover>
					<height unit="feet" min="50" max="150">100</height>
					<height_to_live_crown unit="feet" min="20" max="50" reference_id="7000">45.0</height_to_live_crown>
					<stem_density unit="number_per_acre" min="20" max="95">13.75</stem_density>
					<diameter_at_breast_height unit="inches" min="13" max="50" reference_id="458">32.5</diameter_at_breast_height>
					<species>
						<species_description>
							<tsn>181834</tsn>
							<relative_cover>100.00</relative_cover>
						</species_description>
					</species>
				</overstory>
				<midstory>
					<percent_cover unit="number">0.0</percent_cover>
					<height unit="feet" />
					<height_to_live_crown unit="feet">0.0</height_to_live_crown>
					<stem_density unit="number_per_acre">0.0</stem_density>
					<diameter_at_breast_height unit="inches">0.0</diameter_at_breast_height>
					<species />
				</midstory>
				<understory>
					<percent_cover unit="number" min="0" max="75" reference_id="458">0.0</percent_cover>
					<height unit="feet" min="2" max="50" reference_id="1358">0.0</height>
					<height_to_live_crown unit="feet" min="2" max="10" reference_id="1372">0.0</height_to_live_crown>
					<stem_density unit="number_per_acre" min="20" max="200">0.0</stem_density>
					<diameter_at_breast_height unit="inches" min="1" max="12">0.0</diameter_at_breast_height>
					<species>
						<species_description>
							<tsn>181834</tsn>
							<relative_cover>100.00</relative_cover>
						</species_description>
					</species>
				</understory>
			</trees>
			<snags>
				<class_1_conifers_with_foliage>
					<percent_cover unit="number" min="0" max="50">0.26369</percent_cover>
					<height_to_crown_base unit="feet" min="0" max="50">33.35</height_to_crown_base>
					<stem_density unit="number_per_acre" min="0" max="5" reference_id="458">2.6</stem_density>
					<diameter unit="inches" min="6" max="50" reference_id="458">15</diameter>
					<height unit="feet" min="20" max="125" reference_id="1358">50</height>
					<species>
						<species_description>
							<tsn>181834</tsn>
							<relative_cover>100.00</relative_cover>
						</species_description>
					</species>
				</class_1_conifers_with_foliage>
				<class_1_all_others>
					<stem_density unit="number_per_acre" />
					<diameter unit="inches" />
					<height unit="feet" />
					<species />
				</class_1_all_others>
				<class_2>
					<stem_density unit="number_per_acre" min="2" max="15" reference_id="458">10.6</stem_density>
					<diameter unit="inches" min="6" max="50" reference_id="458">25</diameter>
					<height unit="feet" min="20" max="120" reference_id="458">45</height>
					<species>
						<species_description>
							<tsn>181834</tsn>
							<relative_cover>100.00</relative_cover>
						</species_description>
					</species>
				</class_2>
				<class_3>
					<stem_density unit="number_per_acre" min="0.3" max="4" reference_id="458">1.4</stem_density>
					<diameter unit="inches" min="6" max="60" reference_id="458">27</diameter>
					<height unit="feet" min="4.5" max="90" reference_id="1358">35</height>
					<species>
						<species_description>
							<tsn>181834</tsn>
							<relative_cover>100.00</relative_cover>
						</species_description>
					</species>
				</class_3>
			</snags>
			<ladder_fuels>
				<minimum_height unit="feet" />
				<maximum_height unit="feet" />
				<is_vertically_contiguous />
				<type />
			</ladder_fuels>
		</canopy>
		<shrubs>
			<primary_layer>
				<percent_cover unit="number">0.0</percent_cover>
				<height unit="feet" />
				<percent_live unit="number">0.0</percent_live>
				<species />
			</primary_layer>
			<secondary_layer>
				<percent_cover unit="number">0.0</percent_cover>
				<height unit="feet" />
				<percent_live unit="number">0.0</percent_live>
				<species />
			</secondary_layer>
			<needle_drape>
				<is_sufficient_to_affect_fire_behavior />
			</needle_drape>
		</shrubs>
		<herbaceous>
			<primary_layer>
				<percent_cover unit="number" min="0" max="90" reference_id="458">1.5</percent_cover>
				<height unit="feet" min="0.2" max="2" reference_id="1358">0.8</height>
				<percent_live unit="number" min="20" max="95" reference_id="1358">17.5</percent_live>
				<loading unit="tons_per_acre" min="0" max="2">0.015</loading>
				<species>
					<species_description>
						<tsn>22145</tsn>
						<relative_cover>20.00</relative_cover>
					</species_description>
					<species_description>
						<tsn>23761</tsn>
						<relative_cover>20.00</relative_cover>
					</species_description>
					<species_description>
						<tsn>31537</tsn>
						<relative_cover>20.00</relative_cover>
					</species_description>
					<species_description>
						<tsn>33387</tsn>
						<relative_cover>20.00</relative_cover>
					</species_description>
					<species_description>
						<tsn>894656</tsn>
						<relative_cover>20.00</relative_cover>
					</species_description>
				</species>
			</primary_layer>
			<secondary_layer>
				<percent_cover unit="number">0.0</percent_cover>
				<height unit="feet" />
				<percent_live unit="number">0.0</percent_live>
				<loading unit="tons_per_acre">0.0</loading>
				<species />
			</secondary_layer>
		</herbaceous>
		<woody_fuel>
			<all_downed_woody_fuel>
				<total_percent_cover unit="number" min="50" max="100" reference_id="462">100</total_percent_cover>
				<depth unit="inches" min="0.2" max="10">4.0</depth>
			</all_downed_woody_fuel>
			<sound_wood>
				<loadings_zero_to_three_inches>
					<zero_to_quarter_inch unit="tons_per_acre" min="0.3" max="3" reference_id="462">1.8</zero_to_quarter_inch>
					<quarter_inch_to_one_inch unit="tons_per_acre" min="2" max="6" reference_id="462">6.2</quarter_inch_to_one_inch>
					<one_to_three_inches unit="tons_per_acre" min="0" max="5.6" reference_id="462">6.0</one_to_three_inches>
				</loadings_zero_to_three_inches>
				<loadings_greater_than_three_inches>
					<three_to_nine_inches unit="tons_per_acre" min="0" max="4" reference_id="462">1</three_to_nine_inches>
					<nine_to_twenty_inches unit="tons_per_acre" min="0" max="12.5" reference_id="462">1</nine_to_twenty_inches>
					<greater_than_twenty_inches unit="tons_per_acre" min="0" max="10.8" reference_id="462">1</greater_than_twenty_inches>
				</loadings_greater_than_three_inches>
				<all_sound_wood>
					<species>
						<species_description>
							<tsn>181834</tsn>
							<relative_cover>100.00</relative_cover>
						</species_description>
					</species>
				</all_sound_wood>
			</sound_wood>
			<rotten_wood>
				<loadings_greater_than_three_inches>
					<three_to_nine_inches unit="tons_per_acre" min="0" max="4" reference_id="462">1</three_to_nine_inches>
					<nine_to_twenty_inches unit="tons_per_acre" min="0" max="12.5" reference_id="462">0.8</nine_to_twenty_inches>
					<greater_than_twenty_inches unit="tons_per_acre" min="0" max="10.8" reference_id="462">0</greater_than_twenty_inches>
				</loadings_greater_than_three_inches>
				<all_rotten_wood>
					<species>
						<species_description>
							<tsn>181834</tsn>
							<relative_cover>100.00</relative_cover>
						</species_description>
					</species>
				</all_rotten_wood>
			</rotten_wood>
			<stumps>
				<sound>
					<stem_density unit="number_per_acre">41.25</stem_density>
					<diameter unit="inches" />
					<height unit="feet" />
					<species />
				</sound>
				<rotten>
					<stem_density unit="number_per_acre" />
					<diameter unit="inches" />
					<height unit="feet" />
					<species />
				</rotten>
				<lightered_pitchy>
					<stem_density unit="number_per_acre" />
					<diameter unit="inches" />
					<height unit="feet" />
					<species />
				</lightered_pitchy>
			</stumps>
		</woody_fuel>
		<moss_lichen_litter>
			<moss>
				<percent_cover unit="number" min="0" max="15">5</percent_cover>
				<depth unit="inches" min="0.1" max="1">0.5</depth>
				<type>2</type>
			</moss>
			<ground_lichen>
				<percent_cover unit="number" />
				<depth unit="inches" />
			</ground_lichen>
			<litter>
				<percent_cover unit="number" min="40" max="99" reference_id="462">100</percent_cover>
				<depth unit="inches" min="0.2" max="5" reference_id="458">2.8000000000000003</depth>
				<arrangement>1</arrangement>
				<litter_type>
					<short_needle_pine>
						<relative_cover />
					</short_needle_pine>
					<long_needle_pine>
						<relative_cover />
					</long_needle_pine>
					<other_conifer>
						<relative_cover>100.00</relative_cover>
					</other_conifer>
					<broadleaf_deciduous>
						<relative_cover />
					</broadleaf_deciduous>
					<broadleaf_evergreen>
						<relative_cover />
					</broadleaf_evergreen>
					<palm_frond>
						<relative_cover />
					</palm_frond>
					<grass>
						<relative_cover />
					</grass>
				</litter_type>
			</litter>
		</moss_lichen_litter>
		<ground_fuel>
			<duff>
				<upper>
					<percent_cover unit="number" min="5" max="99" reference_id="458">87</percent_cover>
					<depth unit="inches" min="0.05" max="3" reference_id="1372">4.6</depth>
					<derivation>1</derivation>
				</upper>
				<lower>
					<percent_cover unit="number" min="5" max="99" reference_id="458" />
					<depth unit="inches" min="0.5" max="4" />
					<derivation />
					<loading unit="tons_per_acre" />
				</lower>
			</duff>
			<basal_accumulation>
				<radius unit="feet" min="0.83" max="2.5" reference_id="1363">1.5</radius>
				<depth unit="inches" min="3" max="10" reference_id="1363">6</depth>
				<number_per_unit_area unit="number_per_acre">16.5</number_per_unit_area>
				<type>2</type>
			</basal_accumulation>
			<squirrel_middens>
				<depth unit="inches" />
				<number_per_unit_area unit="number_per_acre" />
				<radius unit="feet" />
			</squirrel_middens>
		</ground_fuel>
	</fuelbed>
</FCCS_file>
