<?xml version="1.0"?>
<FCCS_file xmlns:xsi="http://www.w3.org/2001/XMLSchema-instance" xsi:noNamespaceSchemaLocation="cash.xsd" schemaVersion="1.4">
	<fuelbed_number>4_431</fuelbed_number>
	<fuelbed_name>Douglas-fir/ceanothus forest</fuelbed_name>
	<fuelbed_description>This dry Douglas-fir forest fuelbed of the eastern Cascade Range was clearcut and burned 15 to 20 years previously, resulting in a ceanothus brushland. This forest type occurs at mid-elevations in the Cascade Range and northern U.S. Rocky Mountains.</fuelbed_description>
	<ecoregion>240,260,330</ecoregion>
	<vegetation_form>2</vegetation_form>
	<structural_class>4</structural_class>
	<cover_type>118</cover_type>
	<change_agent>8,31</change_agent>
	<natural_fire_regime>1</natural_fire_regime>
	<condition_class>2</condition_class>
	<user_name />
	<address />
	<affiliation />
	<phone />
	<file_owner_email />
	<notes />
	<site_photo />
	<date_collected>2003-09-17</date_collected>
	<fuelbed_confidence>2</fuelbed_confidence>
	<fuelbed>
		<canopy>
			<trees>
				<total_percent_cover unit="number" min="40" max="75" reference_id="1364">15.0</total_percent_cover>
				<overstory>
					<percent_cover unit="number" min="10" max="80">12.5</percent_cover>
					<height unit="feet" min="20" max="40" reference_id="1364">30</height>
					<height_to_live_crown unit="feet" min="4" max="8" reference_id="1364">5</height_to_live_crown>
					<stem_density unit="number_per_acre" min="40" max="300">25.0</stem_density>
					<diameter_at_breast_height unit="inches" min="3.3" max="9" reference_id="7024">5</diameter_at_breast_height>
					<species>
						<species_description>
							<tsn>183424</tsn>
							<relative_cover>90.00</relative_cover>
						</species_description>
						<species_description>
							<tsn>183365</tsn>
							<relative_cover>10.00</relative_cover>
						</species_description>
					</species>
				</overstory>
				<midstory>
					<percent_cover unit="number">0.0</percent_cover>
					<height unit="feet" />
					<height_to_live_crown unit="feet" />
					<stem_density unit="number_per_acre">0.0</stem_density>
					<diameter_at_breast_height unit="inches" />
					<species />
				</midstory>
				<understory>
					<percent_cover unit="number" min="5" max="70" reference_id="7000">30</percent_cover>
					<height unit="feet" min="1" max="10">4</height>
					<height_to_live_crown unit="feet" min="0" max="2" reference_id="7000">1</height_to_live_crown>
					<stem_density unit="number_per_acre" min="20" max="500">200</stem_density>
					<diameter_at_breast_height unit="inches" min="0.1" max="1">0.5</diameter_at_breast_height>
					<species>
						<species_description>
							<tsn>183424</tsn>
							<relative_cover>85.00</relative_cover>
						</species_description>
						<species_description>
							<tsn>183365</tsn>
							<relative_cover>15.00</relative_cover>
						</species_description>
					</species>
				</understory>
			</trees>
			<snags>
				<class_1_conifers_with_foliage>
					<percent_cover unit="number" min="0" max="30">0.03651</percent_cover>
					<height_to_crown_base unit="feet" min="0" max="30">20.01</height_to_crown_base>
					<stem_density unit="number_per_acre" min="0" max="15" reference_id="1358">1.0</stem_density>
					<diameter unit="inches" min="3" max="8" reference_id="459">5</diameter>
					<height unit="feet" min="25" max="40" reference_id="1364">30</height>
					<species>
						<species_description>
							<tsn>183424</tsn>
							<relative_cover>100.00</relative_cover>
						</species_description>
					</species>
				</class_1_conifers_with_foliage>
				<class_1_all_others>
					<stem_density unit="number_per_acre">0.0</stem_density>
					<diameter unit="inches" />
					<height unit="feet" />
					<species />
				</class_1_all_others>
				<class_2>
					<stem_density unit="number_per_acre">0.0</stem_density>
					<diameter unit="inches" />
					<height unit="feet" />
					<species />
				</class_2>
				<class_3>
					<stem_density unit="number_per_acre">0.0</stem_density>
					<diameter unit="inches" />
					<height unit="feet" />
					<species />
				</class_3>
			</snags>
			<ladder_fuels>
				<minimum_height unit="feet" />
				<maximum_height unit="feet" />
				<is_vertically_contiguous />
				<type />
			</ladder_fuels>
		</canopy>
		<shrubs>
			<primary_layer>
				<percent_cover unit="number" min="30" max="70" reference_id="1364">25.0</percent_cover>
				<height unit="feet" min="2" max="6" reference_id="1364">5</height>
				<percent_live unit="number" min="40" max="80" reference_id="1364">35.0</percent_live>
				<species>
					<species_description>
						<tsn>28517</tsn>
						<relative_cover>100.00</relative_cover>
					</species_description>
				</species>
			</primary_layer>
			<secondary_layer>
				<percent_cover unit="number" min="5" max="10" reference_id="7000">3.5</percent_cover>
				<height unit="feet" min="1" max="2.5" reference_id="7000">1.5</height>
				<percent_live unit="number" min="75" max="99" reference_id="7000">45.0</percent_live>
				<species>
					<species_description>
						<tsn>18825</tsn>
						<relative_cover>100.00</relative_cover>
					</species_description>
				</species>
			</secondary_layer>
			<needle_drape>
				<is_sufficient_to_affect_fire_behavior>0</is_sufficient_to_affect_fire_behavior>
			</needle_drape>
		</shrubs>
		<herbaceous>
			<primary_layer>
				<percent_cover unit="number" min="10" max="40" reference_id="1364">20</percent_cover>
				<height unit="feet" min="1.5" max="4" reference_id="1358">2</height>
				<percent_live unit="number" min="75" max="99" reference_id="1358">90</percent_live>
				<loading unit="tons_per_acre" min="0.2" max="1">0.5</loading>
				<species>
					<species_description>
						<tsn>40540</tsn>
						<relative_cover>60.00</relative_cover>
					</species_description>
					<species_description>
						<tsn>39786</tsn>
						<relative_cover>40.00</relative_cover>
					</species_description>
				</species>
			</primary_layer>
			<secondary_layer>
				<percent_cover unit="number" min="2" max="15" reference_id="7000">5</percent_cover>
				<height unit="feet" min="1" max="3" reference_id="7000">2</height>
				<percent_live unit="number" min="75" max="99" reference_id="7000">90</percent_live>
				<loading unit="tons_per_acre" min="0.01" max="0.5">0.1</loading>
				<species>
					<species_description>
						<tsn>504530</tsn>
						<relative_cover>50.00</relative_cover>
					</species_description>
					<species_description>
						<tsn>37728</tsn>
						<relative_cover>25.00</relative_cover>
					</species_description>
					<species_description>
						<tsn>35423</tsn>
						<relative_cover>25.00</relative_cover>
					</species_description>
				</species>
			</secondary_layer>
		</herbaceous>
		<woody_fuel>
			<all_downed_woody_fuel>
				<total_percent_cover unit="number" min="30" max="70">100.0</total_percent_cover>
				<depth unit="inches" min="0.5" max="5" reference_id="446">6.0</depth>
			</all_downed_woody_fuel>
			<sound_wood>
				<loadings_zero_to_three_inches>
					<zero_to_quarter_inch unit="tons_per_acre" min="0" max="1" reference_id="446">0.6000000000000001</zero_to_quarter_inch>
					<quarter_inch_to_one_inch unit="tons_per_acre" min="0.1" max="1" reference_id="446">1.0</quarter_inch_to_one_inch>
					<one_to_three_inches unit="tons_per_acre" min="0.7" max="4" reference_id="446">11.399999999999999</one_to_three_inches>
				</loadings_zero_to_three_inches>
				<loadings_greater_than_three_inches>
					<three_to_nine_inches unit="tons_per_acre" min="0" max="0" reference_id="1364">3.0</three_to_nine_inches>
					<nine_to_twenty_inches unit="tons_per_acre" min="0" max="0" reference_id="1364">0</nine_to_twenty_inches>
					<greater_than_twenty_inches unit="tons_per_acre" min="0" max="0" reference_id="1364">0</greater_than_twenty_inches>
				</loadings_greater_than_three_inches>
				<all_sound_wood>
					<species />
				</all_sound_wood>
			</sound_wood>
			<rotten_wood>
				<loadings_greater_than_three_inches>
					<three_to_nine_inches unit="tons_per_acre" min="5" max="16">12</three_to_nine_inches>
					<nine_to_twenty_inches unit="tons_per_acre" min="4" max="24" reference_id="446">7</nine_to_twenty_inches>
					<greater_than_twenty_inches unit="tons_per_acre" min="0" max="10" reference_id="446">4.5</greater_than_twenty_inches>
				</loadings_greater_than_three_inches>
				<all_rotten_wood>
					<species>
						<species_description>
							<tsn>183424</tsn>
							<relative_cover>100.00</relative_cover>
						</species_description>
					</species>
				</all_rotten_wood>
			</rotten_wood>
			<stumps>
				<sound>
					<stem_density unit="number_per_acre" />
					<diameter unit="inches" />
					<height unit="feet" />
					<species />
				</sound>
				<rotten>
					<stem_density unit="number_per_acre" min="80" max="150">100</stem_density>
					<diameter unit="inches" min="28" max="44">36</diameter>
					<height unit="feet" min="1" max="4" reference_id="1358">2</height>
					<species>
						<species_description>
							<tsn>183424</tsn>
							<relative_cover>100.00</relative_cover>
						</species_description>
					</species>
				</rotten>
				<lightered_pitchy>
					<stem_density unit="number_per_acre" />
					<diameter unit="inches" />
					<height unit="feet" />
					<species />
				</lightered_pitchy>
			</stumps>
			<piles>
				<clean_loading unit="tons_per_acre">0.163028</clean_loading>
				<dirty_loading unit="tons_per_acre">0.000000</dirty_loading>
				<verydirty_loading unit="tons_per_acre">0.000000</verydirty_loading>
				<pileData>
					<header>pileGroupID,pileGroupName,numPiles,pileType,pileShape,W1,L1,H1,W2,L2,H2,soilPercent,packingRatio,handPileSpecies,species1_TSN,species1_percent,species2_TSN,species2_percent,pileQuality,percentConsumed</header>
					<pileGroups>
						<pileGroup>1,,10,1,5,7.00,3.00,2.00,,,,,,2,,,,,,90</pileGroup>
					</pileGroups>
				</pileData>
			</piles>
		</woody_fuel>
		<moss_lichen_litter>
			<moss>
				<percent_cover unit="number" />
				<depth unit="inches" />
				<type />
			</moss>
			<ground_lichen>
				<percent_cover unit="number" />
				<depth unit="inches" />
			</ground_lichen>
			<litter>
				<percent_cover unit="number" min="90" max="100" reference_id="1364">100</percent_cover>
				<depth unit="inches" min="0.5" max="1.5" reference_id="1364">1.5</depth>
				<arrangement>1</arrangement>
				<litter_type>
					<short_needle_pine>
						<relative_cover />
					</short_needle_pine>
					<long_needle_pine>
						<relative_cover />
					</long_needle_pine>
					<other_conifer>
						<relative_cover>75.00</relative_cover>
					</other_conifer>
					<broadleaf_deciduous>
						<relative_cover />
					</broadleaf_deciduous>
					<broadleaf_evergreen>
						<relative_cover>25.00</relative_cover>
					</broadleaf_evergreen>
					<palm_frond>
						<relative_cover />
					</palm_frond>
					<grass>
						<relative_cover />
					</grass>
				</litter_type>
			</litter>
		</moss_lichen_litter>
		<ground_fuel>
			<duff>
				<upper>
					<percent_cover unit="number" min="30" max="70">50</percent_cover>
					<depth unit="inches" min="0.25" max="1.5" reference_id="1364">1.5</depth>
					<derivation>1</derivation>
				</upper>
				<lower>
					<percent_cover unit="number" min="30" max="70" />
					<depth unit="inches" min="0.75" max="1.5" reference_id="1364" />
					<derivation />
					<loading unit="tons_per_acre" />
				</lower>
			</duff>
			<basal_accumulation>
				<radius unit="feet" />
				<depth unit="inches" />
				<number_per_unit_area unit="number_per_acre" />
				<type />
			</basal_accumulation>
			<squirrel_middens>
				<depth unit="inches" />
				<number_per_unit_area unit="number_per_acre" />
				<radius unit="feet" />
			</squirrel_middens>
		</ground_fuel>
	</fuelbed>
</FCCS_file>
