<?xml version="1.0"?>
<FCCS_file xmlns:xsi="http://www.w3.org/2001/XMLSchema-instance" xsi:noNamespaceSchemaLocation="cash.xsd" schemaVersion="1.4">
	<fuelbed_number>14_211</fuelbed_number>
	<fuelbed_name>California black oak woodland</fuelbed_name>
	<fuelbed_description>Pure stands of California black oak are found in the foothills and shallow soils of low mountains in California and southwestern Oregon. California black oak woodlands are found only in pure stands when site conditions are unfavorable for conifers, or when these stands are maintained through thinning and prescribed fire. </fuelbed_description>
	<ecoregion>260</ecoregion>
	<vegetation_form>1</vegetation_form>
	<structural_class>1</structural_class>
	<cover_type>153</cover_type>
	<change_agent>18</change_agent>
	<natural_fire_regime>1</natural_fire_regime>
	<condition_class>1</condition_class>
	<user_name />
	<address />
	<affiliation />
	<phone />
	<file_owner_email />
	<notes />
	<site_photo />
	<date_collected>2003-09-17</date_collected>
	<fuelbed_confidence>3</fuelbed_confidence>
	<fuelbed>
		<canopy>
			<trees>
				<total_percent_cover unit="number" min="30" max="85" reference_id="1361">51.0</total_percent_cover>
				<overstory>
					<percent_cover unit="number" min="30" max="85" reference_id="1361">45.0</percent_cover>
					<height unit="feet" min="10" max="70" reference_id="1361">55</height>
					<height_to_live_crown unit="feet" min="0" max="15" reference_id="1361">6.25</height_to_live_crown>
					<stem_density unit="number_per_acre" min="30" max="100" reference_id="7003">48.75</stem_density>
					<diameter_at_breast_height unit="inches" min="5" max="24" reference_id="7003">21.34</diameter_at_breast_height>
					<species>
						<species_description>
							<tsn>19366</tsn>
							<relative_cover>100.00</relative_cover>
						</species_description>
					</species>
				</overstory>
				<midstory>
					<percent_cover unit="number">0.0</percent_cover>
					<height unit="feet" />
					<height_to_live_crown unit="feet">0.0</height_to_live_crown>
					<stem_density unit="number_per_acre">0.0</stem_density>
					<diameter_at_breast_height unit="inches">0.0</diameter_at_breast_height>
					<species />
				</midstory>
				<understory>
					<percent_cover unit="number" min="1" max="15" reference_id="1361">2.5</percent_cover>
					<height unit="feet" min="0.5" max="10" reference_id="1361">0.5</height>
					<height_to_live_crown unit="feet" min="0" max="2" reference_id="1361">0</height_to_live_crown>
					<stem_density unit="number_per_acre" min="73" max="1500" reference_id="7003">158.5</stem_density>
					<diameter_at_breast_height unit="inches" min="0.5" max="2.5" reference_id="7003">1.8</diameter_at_breast_height>
					<species>
						<species_description>
							<tsn>19366</tsn>
							<relative_cover>100.00</relative_cover>
						</species_description>
					</species>
				</understory>
			</trees>
			<snags>
				<class_1_conifers_with_foliage>
					<percent_cover unit="number" />
					<height_to_crown_base unit="feet" />
					<stem_density unit="number_per_acre" />
					<diameter unit="inches" />
					<height unit="feet" />
					<species />
				</class_1_conifers_with_foliage>
				<class_1_all_others>
					<stem_density unit="number_per_acre" />
					<diameter unit="inches" />
					<height unit="feet" />
					<species />
				</class_1_all_others>
				<class_2>
					<stem_density unit="number_per_acre" />
					<diameter unit="inches" />
					<height unit="feet" />
					<species />
				</class_2>
				<class_3>
					<stem_density unit="number_per_acre" />
					<diameter unit="inches" />
					<height unit="feet" />
					<species />
				</class_3>
			</snags>
			<ladder_fuels>
				<minimum_height unit="feet" />
				<maximum_height unit="feet" />
				<is_vertically_contiguous />
				<type />
			</ladder_fuels>
		</canopy>
		<shrubs>
			<primary_layer>
				<percent_cover unit="number" min="0" max="25" reference_id="1361">7.5</percent_cover>
				<height unit="feet" min="0.5" max="6" reference_id="1361">1</height>
				<percent_live unit="number" min="30" max="95" reference_id="1361">37.5</percent_live>
				<species>
					<species_description>
						<tsn>28819</tsn>
						<relative_cover>90.00</relative_cover>
					</species_description>
					<species_description>
						<tsn>24828</tsn>
						<relative_cover>5.00</relative_cover>
					</species_description>
					<species_description>
						<tsn>35335</tsn>
						<relative_cover>5.00</relative_cover>
					</species_description>
				</species>
			</primary_layer>
			<secondary_layer>
				<percent_cover unit="number">0.0</percent_cover>
				<height unit="feet" />
				<percent_live unit="number">0.0</percent_live>
				<species />
			</secondary_layer>
			<needle_drape>
				<is_sufficient_to_affect_fire_behavior>0</is_sufficient_to_affect_fire_behavior>
			</needle_drape>
		</shrubs>
		<herbaceous>
			<primary_layer>
				<percent_cover unit="number" min="10" max="100">37.5</percent_cover>
				<height unit="feet" min="0.5" max="2">1</height>
				<percent_live unit="number" min="50" max="95">60.0</percent_live>
				<loading unit="tons_per_acre" min="0" max="5">0.07500000000000001</loading>
				<species>
					<species_description>
						<tsn>40684</tsn>
						<relative_cover>25.00</relative_cover>
					</species_description>
					<species_description>
						<tsn>40796</tsn>
						<relative_cover>25.00</relative_cover>
					</species_description>
					<species_description>
						<tsn>40811</tsn>
						<relative_cover>25.00</relative_cover>
					</species_description>
					<species_description>
						<tsn>41851</tsn>
						<relative_cover>25.00</relative_cover>
					</species_description>
				</species>
			</primary_layer>
			<secondary_layer>
				<percent_cover unit="number">0.0</percent_cover>
				<height unit="feet" />
				<percent_live unit="number">0.0</percent_live>
				<loading unit="tons_per_acre">0.0</loading>
				<species />
			</secondary_layer>
		</herbaceous>
		<woody_fuel>
			<all_downed_woody_fuel>
				<total_percent_cover unit="number" min="0" max="15">6.25</total_percent_cover>
				<depth unit="inches" min="0" max="12">1.25</depth>
			</all_downed_woody_fuel>
			<sound_wood>
				<loadings_zero_to_three_inches>
					<zero_to_quarter_inch unit="tons_per_acre" min="0.1" max="0.5">0.5</zero_to_quarter_inch>
					<quarter_inch_to_one_inch unit="tons_per_acre" min="0.25" max="0.75">1.0</quarter_inch_to_one_inch>
					<one_to_three_inches unit="tons_per_acre" min="0" max="1.25">1.125</one_to_three_inches>
				</loadings_zero_to_three_inches>
				<loadings_greater_than_three_inches>
					<three_to_nine_inches unit="tons_per_acre" min="0.1" max="4">1.25</three_to_nine_inches>
					<nine_to_twenty_inches unit="tons_per_acre" min="0" max="1">0</nine_to_twenty_inches>
					<greater_than_twenty_inches unit="tons_per_acre" min="0" max="0">0</greater_than_twenty_inches>
				</loadings_greater_than_three_inches>
				<all_sound_wood>
					<species>
						<species_description>
							<tsn>19366</tsn>
							<relative_cover>100.00</relative_cover>
						</species_description>
					</species>
				</all_sound_wood>
			</sound_wood>
			<rotten_wood>
				<loadings_greater_than_three_inches>
					<three_to_nine_inches unit="tons_per_acre" min="0" max="3">0</three_to_nine_inches>
					<nine_to_twenty_inches unit="tons_per_acre" min="0" max="1">0</nine_to_twenty_inches>
					<greater_than_twenty_inches unit="tons_per_acre" min="0" max="0.25">0</greater_than_twenty_inches>
				</loadings_greater_than_three_inches>
				<all_rotten_wood>
					<species>
						<species_description>
							<tsn>19366</tsn>
							<relative_cover>100.00</relative_cover>
						</species_description>
					</species>
				</all_rotten_wood>
			</rotten_wood>
			<stumps>
				<sound>
					<stem_density unit="number_per_acre">16.25</stem_density>
					<diameter unit="inches" />
					<height unit="feet" />
					<species />
				</sound>
				<rotten>
					<stem_density unit="number_per_acre" />
					<diameter unit="inches" />
					<height unit="feet" />
					<species />
				</rotten>
				<lightered_pitchy>
					<stem_density unit="number_per_acre" />
					<diameter unit="inches" />
					<height unit="feet" />
					<species />
				</lightered_pitchy>
			</stumps>
		</woody_fuel>
		<moss_lichen_litter>
			<moss>
				<percent_cover unit="number" />
				<depth unit="inches" />
				<type />
			</moss>
			<ground_lichen>
				<percent_cover unit="number" />
				<depth unit="inches" />
			</ground_lichen>
			<litter>
				<percent_cover unit="number" min="5" max="95" reference_id="1361">75.0</percent_cover>
				<depth unit="inches" min="1" max="3" reference_id="1361">1.875</depth>
				<arrangement>2</arrangement>
				<litter_type>
					<short_needle_pine>
						<relative_cover />
					</short_needle_pine>
					<long_needle_pine>
						<relative_cover />
					</long_needle_pine>
					<other_conifer>
						<relative_cover />
					</other_conifer>
					<broadleaf_deciduous>
						<relative_cover>75.00</relative_cover>
					</broadleaf_deciduous>
					<broadleaf_evergreen>
						<relative_cover />
					</broadleaf_evergreen>
					<palm_frond>
						<relative_cover />
					</palm_frond>
					<grass>
						<relative_cover>25.00</relative_cover>
					</grass>
				</litter_type>
			</litter>
		</moss_lichen_litter>
		<ground_fuel>
			<duff>
				<upper>
					<percent_cover unit="number" min="5" max="95" reference_id="1361">60</percent_cover>
					<depth unit="inches" min="0" max="2" reference_id="1361">0.5</depth>
					<derivation>1</derivation>
				</upper>
				<lower>
					<percent_cover unit="number" min="0" max="80" reference_id="1358" />
					<depth unit="inches" min="0" max="1" reference_id="1358" />
					<derivation />
					<loading unit="tons_per_acre" />
				</lower>
			</duff>
			<basal_accumulation>
				<radius unit="feet" />
				<depth unit="inches" />
				<number_per_unit_area unit="number_per_acre" />
				<type />
			</basal_accumulation>
			<squirrel_middens>
				<depth unit="inches" />
				<number_per_unit_area unit="number_per_acre" />
				<radius unit="feet" />
			</squirrel_middens>
		</ground_fuel>
	</fuelbed>
</FCCS_file>
