<?xml version="1.0"?>
<FCCS_file xmlns:xsi="http://www.w3.org/2001/XMLSchema-instance" xsi:noNamespaceSchemaLocation="cash.xsd" schemaVersion="1.4">
	<fuelbed_number>180_323</fuelbed_number>
	<fuelbed_name>Red maple-oak-hickory-sweetgum forest</fuelbed_name>
	<fuelbed_description>A 50- to 80-year-old upland red maple, oak, hickory, and sweetgum forest primarily in the Piedmont of the southeastern U.S. Larger canopy trees have been removed by logging at many locations in the last 50-75 years.</fuelbed_description>
	<ecoregion>230</ecoregion>
	<vegetation_form>1</vegetation_form>
	<structural_class>7</structural_class>
	<cover_type>51,52</cover_type>
	<change_agent>12,18</change_agent>
	<natural_fire_regime>1</natural_fire_regime>
	<condition_class>3</condition_class>
	<user_name />
	<address />
	<affiliation />
	<phone />
	<file_owner_email />
	<notes />
	<site_photo />
	<date_collected>2003-09-17</date_collected>
	<fuelbed_confidence>2</fuelbed_confidence>
	<fuelbed>
		<canopy>
			<trees>
				<total_percent_cover unit="number" min="40" max="100">44.89</total_percent_cover>
				<overstory>
					<percent_cover unit="number" min="40" max="100" reference_id="5003">33.5</percent_cover>
					<height unit="feet" min="30" max="85" reference_id="5003">70</height>
					<height_to_live_crown unit="feet" min="15" max="60" reference_id="5003">75.0</height_to_live_crown>
					<stem_density unit="number_per_acre" min="11" max="165" reference_id="5066">27.5</stem_density>
					<diameter_at_breast_height unit="inches" min="10" max="24.5" reference_id="5066">20.0</diameter_at_breast_height>
					<species>
						<species_description>
							<tsn>28728</tsn>
							<relative_cover>30.00</relative_cover>
						</species_description>
						<species_description>
							<tsn>19276</tsn>
							<relative_cover>25.00</relative_cover>
						</species_description>
						<species_description>
							<tsn>19223</tsn>
							<relative_cover>25.00</relative_cover>
						</species_description>
						<species_description>
							<tsn>19027</tsn>
							<relative_cover>20.00</relative_cover>
						</species_description>
					</species>
				</overstory>
				<midstory>
					<percent_cover unit="number" min="10" max="60">22.5</percent_cover>
					<height unit="feet" min="15" max="50">35</height>
					<height_to_live_crown unit="feet" min="5" max="25">22.5</height_to_live_crown>
					<stem_density unit="number_per_acre" min="6" max="538" reference_id="5066">77.5</stem_density>
					<diameter_at_breast_height unit="inches" min="2.5" max="15" reference_id="5066">11.25</diameter_at_breast_height>
					<species>
						<species_description>
							<tsn>19027</tsn>
							<relative_cover>25.00</relative_cover>
						</species_description>
						<species_description>
							<tsn>28728</tsn>
							<relative_cover>25.00</relative_cover>
						</species_description>
						<species_description>
							<tsn>27806</tsn>
							<relative_cover>15.00</relative_cover>
						</species_description>
						<species_description>
							<tsn>18086</tsn>
							<relative_cover>15.00</relative_cover>
						</species_description>
						<species_description>
							<tsn>19223</tsn>
							<relative_cover>15.00</relative_cover>
						</species_description>
						<species_description>
							<tsn>23690</tsn>
							<relative_cover>5.00</relative_cover>
						</species_description>
					</species>
				</midstory>
				<understory>
					<percent_cover unit="number" min="10" max="50" reference_id="5003"></percent_cover>
					<height unit="feet" min="5" max="15" reference_id="5003"></height>
					<height_to_live_crown unit="feet" min="0.5" max="5"></height_to_live_crown>
					<stem_density unit="number_per_acre" min="45" max="1300" reference_id="5066"></stem_density>
					<diameter_at_breast_height unit="inches" min="1.1" max="6.6" reference_id="5066"></diameter_at_breast_height>
					<species />
				</understory>
			</trees>
			<snags>
				<class_1_conifers_with_foliage>
					<percent_cover unit="number" />
					<height_to_crown_base unit="feet" />
					<stem_density unit="number_per_acre" />
					<diameter unit="inches" />
					<height unit="feet" />
					<species />
				</class_1_conifers_with_foliage>
				<class_1_all_others>
					<stem_density unit="number_per_acre" min="0" max="25" reference_id="5003">10</stem_density>
					<diameter unit="inches" min="5.4" max="24" reference_id="5066">10</diameter>
					<height unit="feet" min="15" max="80">35</height>
					<species>
						<species_description>
							<tsn>19276</tsn>
							<relative_cover>50.00</relative_cover>
						</species_description>
						<species_description>
							<tsn>19223</tsn>
							<relative_cover>50.00</relative_cover>
						</species_description>
					</species>
				</class_1_all_others>
				<class_2>
					<stem_density unit="number_per_acre" />
					<diameter unit="inches" />
					<height unit="feet" />
					<species />
				</class_2>
				<class_3>
					<stem_density unit="number_per_acre" />
					<diameter unit="inches" />
					<height unit="feet" />
					<species />
				</class_3>
			</snags>
			<ladder_fuels>
				<minimum_height unit="feet" />
				<maximum_height unit="feet" />
				<is_vertically_contiguous />
				<type />
			</ladder_fuels>
		</canopy>
		<shrubs>
			<primary_layer>
				<percent_cover unit="number" min="20" max="75" reference_id="5003">32.991749999999996</percent_cover>
				<height unit="feet" min="2" max="20">4</height>
				<percent_live unit="number" min="50" max="90">75.0</percent_live>
				<species>
					<species_description>
						<tsn>23571</tsn>
						<relative_cover>50.00</relative_cover>
					</species_description>
					<species_description>
						<tsn>43340</tsn>
						<relative_cover>25.00</relative_cover>
					</species_description>
					<species_description>
						<tsn>28602</tsn>
						<relative_cover>25.00</relative_cover>
					</species_description>
				</species>
			</primary_layer>
			<secondary_layer>
				<percent_cover unit="number">0.0</percent_cover>
				<height unit="feet" />
				<percent_live unit="number">0.0</percent_live>
				<species />
			</secondary_layer>
			<needle_drape>
				<is_sufficient_to_affect_fire_behavior>0</is_sufficient_to_affect_fire_behavior>
			</needle_drape>
		</shrubs>
		<herbaceous>
			<primary_layer>
				<percent_cover unit="number" min="5" max="25" reference_id="5003">14.99625</percent_cover>
				<height unit="feet" min="0.5" max="2" reference_id="5003">1.5</height>
				<percent_live unit="number" min="0" max="90">75.0</percent_live>
				<loading unit="tons_per_acre" min="0" max="0.5">0.24993749999999998</loading>
				<species>
					<species_description>
						<tsn>17224</tsn>
						<relative_cover>70.00</relative_cover>
					</species_description>
					<species_description>
						<tsn>17675</tsn>
						<relative_cover>20.00</relative_cover>
					</species_description>
					<species_description>
						<tsn>40450</tsn>
						<relative_cover>10.00</relative_cover>
					</species_description>
				</species>
			</primary_layer>
			<secondary_layer>
				<percent_cover unit="number">0.0</percent_cover>
				<height unit="feet" />
				<percent_live unit="number">0.0</percent_live>
				<loading unit="tons_per_acre">0.0</loading>
				<species />
			</secondary_layer>
		</herbaceous>
		<woody_fuel>
			<all_downed_woody_fuel>
				<total_percent_cover unit="number" min="5" max="25">3.3000000000000003</total_percent_cover>
				<depth unit="inches" min="0.5" max="3.5" reference_id="5058">0.33</depth>
			</all_downed_woody_fuel>
			<sound_wood>
				<loadings_zero_to_three_inches>
					<zero_to_quarter_inch unit="tons_per_acre" min="0" max="0.6" reference_id="5003">0.132</zero_to_quarter_inch>
					<quarter_inch_to_one_inch unit="tons_per_acre" min="0" max="1.2" reference_id="5003">0.23099999999999998</quarter_inch_to_one_inch>
					<one_to_three_inches unit="tons_per_acre" min="0" max="2.5" reference_id="5003">0.46199999999999997</one_to_three_inches>
				</loadings_zero_to_three_inches>
				<loadings_greater_than_three_inches>
					<three_to_nine_inches unit="tons_per_acre" min="0" max="3.8" reference_id="5003">0.54</three_to_nine_inches>
					<nine_to_twenty_inches unit="tons_per_acre" min="0" max="4" reference_id="5003">0.54</nine_to_twenty_inches>
					<greater_than_twenty_inches unit="tons_per_acre" min="0" max="0" reference_id="5003">0.0</greater_than_twenty_inches>
				</loadings_greater_than_three_inches>
				<all_sound_wood>
					<species>
						<species_description>
							<tsn>19276</tsn>
							<relative_cover>50.00</relative_cover>
						</species_description>
						<species_description>
							<tsn>19223</tsn>
							<relative_cover>50.00</relative_cover>
						</species_description>
					</species>
				</all_sound_wood>
			</sound_wood>
			<rotten_wood>
				<loadings_greater_than_three_inches>
					<three_to_nine_inches unit="tons_per_acre" min="0" max="4">1.3</three_to_nine_inches>
					<nine_to_twenty_inches unit="tons_per_acre" min="0" max="4">1.46</nine_to_twenty_inches>
					<greater_than_twenty_inches unit="tons_per_acre" min="0" max="0" reference_id="5003">0.0</greater_than_twenty_inches>
				</loadings_greater_than_three_inches>
				<all_rotten_wood>
					<species>
						<species_description>
							<tsn>19276</tsn>
							<relative_cover>50.00</relative_cover>
						</species_description>
						<species_description>
							<tsn>19223</tsn>
							<relative_cover>50.00</relative_cover>
						</species_description>
					</species>
				</all_rotten_wood>
			</rotten_wood>
			<stumps>
				<sound>
					<stem_density unit="number_per_acre" min="0" max="15" reference_id="5003"></stem_density>
					<diameter unit="inches" min="15" max="25" reference_id="5003"></diameter>
					<height unit="feet" min="0.5" max="4.5"></height>
					<species />
				</sound>
				<rotten>
					<stem_density unit="number_per_acre" min="0" max="15">129.0</stem_density>
					<diameter unit="inches" min="10" max="25">18</diameter>
					<height unit="feet" min="0.5" max="3">1</height>
					<species>
						<species_description>
							<tsn>18035</tsn>
							<relative_cover>30.00</relative_cover>
						</species_description>
						<species_description>
							<tsn>19276</tsn>
							<relative_cover>70.00</relative_cover>
						</species_description>
					</species>
				</rotten>
				<lightered_pitchy>
					<stem_density unit="number_per_acre" />
					<diameter unit="inches" />
					<height unit="feet" />
					<species />
				</lightered_pitchy>
			</stumps>
			<piles>
				<clean_loading unit="tons_per_acre">0.2080575</clean_loading>
				<dirty_loading unit="tons_per_acre">0.0</dirty_loading>
				<verydirty_loading unit="tons_per_acre">0.0</verydirty_loading>
				<pileData>
					<header>pileGroupID,pileGroupName,numPiles,pileType,pileShape,W1,L1,H1,W2,L2,H2,soilPercent,packingRatio,handPileSpecies,species1_TSN,species1_percent,species2_TSN,species2_percent,pileQuality,percentConsumed</header>
					<pileGroups>
						<pileGroup>2,,5,1,5,4.00,4.00,3.00,,,,,,1,,,,,,90</pileGroup>
					</pileGroups>
				</pileData>
			</piles>
		</woody_fuel>
		<moss_lichen_litter>
			<moss>
				<percent_cover unit="number">0.0</percent_cover>
				<depth unit="inches">0.0</depth>
				<type />
			</moss>
			<ground_lichen>
				<percent_cover unit="number">0.0</percent_cover>
				<depth unit="inches">0.0</depth>
			</ground_lichen>
			<litter>
				<percent_cover unit="number" min="100" max="100" reference_id="5003">100.0</percent_cover>
				<depth unit="inches" min="0" max="6" reference_id="5058">2.0</depth>
				<arrangement>1</arrangement>
				<litter_type>
					<short_needle_pine>
						<relative_cover />
					</short_needle_pine>
					<long_needle_pine>
						<relative_cover />
					</long_needle_pine>
					<other_conifer>
						<relative_cover />
					</other_conifer>
					<broadleaf_deciduous>
						<relative_cover>100.00</relative_cover>
					</broadleaf_deciduous>
					<broadleaf_evergreen>
						<relative_cover />
					</broadleaf_evergreen>
					<palm_frond>
						<relative_cover />
					</palm_frond>
					<grass>
						<relative_cover />
					</grass>
				</litter_type>
			</litter>
		</moss_lichen_litter>
		<ground_fuel>
			<duff>
				<upper>
					<percent_cover unit="number" min="75" max="95" reference_id="5000">40.0</percent_cover>
					<depth unit="inches" min="0" max="4" reference_id="5058">1.0</depth>
					<derivation>1</derivation>
				</upper>
				<lower>
					<percent_cover unit="number" min="75" max="95" reference_id="5000">0.0</percent_cover>
					<depth unit="inches" min="0" max="4" reference_id="5003">0.0</depth>
					<derivation />
					<loading unit="tons_per_acre" />
				</lower>
			</duff>
			<basal_accumulation>
				<radius unit="feet" />
				<depth unit="inches">0.0</depth>
				<number_per_unit_area unit="number_per_acre">0.0</number_per_unit_area>
				<type />
			</basal_accumulation>
			<squirrel_middens>
				<depth unit="inches">0.0</depth>
				<number_per_unit_area unit="number_per_acre">0.0</number_per_unit_area>
				<radius unit="feet" />
			</squirrel_middens>
		</ground_fuel>
	</fuelbed>
</FCCS_file>
