<?xml version="1.0"?>
<FCCS_file xmlns:xsi="http://www.w3.org/2001/XMLSchema-instance" xsi:noNamespaceSchemaLocation="cash.xsd" schemaVersion="1.4">
	<fuelbed_number>29_111</fuelbed_number>
	<fuelbed_name>Interior ponderosa pine-Engelmann spruce-Douglas-fir forest</fuelbed_name>
	<fuelbed_description>Ponderosa pine, Douglas-fir, and Engelmann spruce are common associates in the mixed conifer forests of the U.S. Rocky Mountains and the Southwest. Large diameter trees have been thinned in this fuelbed, and slash was left on site. </fuelbed_description>
	<ecoregion>310,320,330,340</ecoregion>
	<vegetation_form>2</vegetation_form>
	<structural_class>2</structural_class>
	<cover_type>113,118,144</cover_type>
	<change_agent>12</change_agent>
	<natural_fire_regime>3</natural_fire_regime>
	<condition_class>2</condition_class>
	<user_name />
	<address />
	<affiliation />
	<phone />
	<file_owner_email />
	<notes />
	<site_photo />
	<date_collected>2003-09-17</date_collected>
	<fuelbed_confidence>3</fuelbed_confidence>
	<fuelbed>
		<canopy>
			<trees>
				<total_percent_cover unit="number" min="10" max="60">36.0</total_percent_cover>
				<overstory>
					<percent_cover unit="number" min="10" max="60">36.0</percent_cover>
					<height unit="feet" min="50" max="150">100</height>
					<height_to_live_crown unit="feet" min="5" max="80">22.0</height_to_live_crown>
					<stem_density unit="number_per_acre" min="5" max="30">10.8</stem_density>
					<diameter_at_breast_height unit="inches" min="6" max="60">9.6</diameter_at_breast_height>
					<species>
						<species_description>
							<tsn>183365</tsn>
							<relative_cover>40.00</relative_cover>
						</species_description>
						<species_description>
							<tsn>183291</tsn>
							<relative_cover>30.00</relative_cover>
						</species_description>
						<species_description>
							<tsn>183424</tsn>
							<relative_cover>20.00</relative_cover>
						</species_description>
						<species_description>
							<tsn>181826</tsn>
							<relative_cover>10.00</relative_cover>
						</species_description>
					</species>
				</overstory>
				<midstory>
					<percent_cover unit="number">0.0</percent_cover>
					<height unit="feet" />
					<height_to_live_crown unit="feet">0.0</height_to_live_crown>
					<stem_density unit="number_per_acre">0.0</stem_density>
					<diameter_at_breast_height unit="inches" />
					<species />
				</midstory>
				<understory>
					<percent_cover unit="number">0.0</percent_cover>
					<height unit="feet" />
					<height_to_live_crown unit="feet" />
					<stem_density unit="number_per_acre">0.0</stem_density>
					<diameter_at_breast_height unit="inches" />
					<species />
				</understory>
			</trees>
			<snags>
				<class_1_conifers_with_foliage>
					<percent_cover unit="number">4.0</percent_cover>
					<height_to_crown_base unit="feet">20</height_to_crown_base>
					<stem_density unit="number_per_acre">1.2000000000000002</stem_density>
					<diameter unit="inches">9.6</diameter>
					<height unit="feet">100</height>
					<species>
						<species_description>
							<tsn>183365</tsn>
							<relative_cover>40.00</relative_cover>
						</species_description>
						<species_description>
							<tsn>183291</tsn>
							<relative_cover>30.00</relative_cover>
						</species_description>
						<species_description>
							<tsn>183424</tsn>
							<relative_cover>20.00</relative_cover>
						</species_description>
						<species_description>
							<tsn>181826</tsn>
							<relative_cover>10.00</relative_cover>
						</species_description>
					</species>
				</class_1_conifers_with_foliage>
				<class_1_all_others>
					<stem_density unit="number_per_acre" />
					<diameter unit="inches" />
					<height unit="feet" />
					<species />
				</class_1_all_others>
				<class_2>
					<stem_density unit="number_per_acre" />
					<diameter unit="inches" />
					<height unit="feet" />
					<species />
				</class_2>
				<class_3>
					<stem_density unit="number_per_acre" min="0" max="5">3</stem_density>
					<diameter unit="inches" min="6" max="60">9</diameter>
					<height unit="feet" min="4.5" max="100">60</height>
					<species>
						<species_description>
							<tsn>181826</tsn>
							<relative_cover>50.00</relative_cover>
						</species_description>
						<species_description>
							<tsn>183291</tsn>
							<relative_cover>50.00</relative_cover>
						</species_description>
					</species>
				</class_3>
			</snags>
			<ladder_fuels>
				<minimum_height unit="feet" />
				<maximum_height unit="feet" />
				<is_vertically_contiguous />
				<type />
			</ladder_fuels>
		</canopy>
		<shrubs>
			<primary_layer>
				<percent_cover unit="number" min="5" max="45" reference_id="4008">10.8</percent_cover>
				<height unit="feet" min="0.3" max="6" reference_id="4008">1.1</height>
				<percent_live unit="number" min="50" max="100">42.5</percent_live>
				<species>
					<species_description>
						<tsn>23512</tsn>
						<relative_cover>83.00</relative_cover>
					</species_description>
					<species_description>
						<tsn>28486</tsn>
						<relative_cover>9.00</relative_cover>
					</species_description>
					<species_description>
						<tsn>35338</tsn>
						<relative_cover>5.00</relative_cover>
					</species_description>
					<species_description>
						<tsn>37051</tsn>
						<relative_cover>2.00</relative_cover>
					</species_description>
					<species_description>
						<tsn>37483</tsn>
						<relative_cover>1.00</relative_cover>
					</species_description>
				</species>
			</primary_layer>
			<secondary_layer>
				<percent_cover unit="number" min="0" max="5" reference_id="4008">0.6</percent_cover>
				<height unit="feet" min="0.1" max="1" reference_id="4008">0.15</height>
				<percent_live unit="number" min="70" max="100">47.5</percent_live>
				<species>
					<species_description>
						<tsn>18832</tsn>
						<relative_cover>67.00</relative_cover>
					</species_description>
					<species_description>
						<tsn>504149</tsn>
						<relative_cover>33.00</relative_cover>
					</species_description>
				</species>
			</secondary_layer>
			<needle_drape>
				<is_sufficient_to_affect_fire_behavior>0</is_sufficient_to_affect_fire_behavior>
			</needle_drape>
		</shrubs>
		<herbaceous>
			<primary_layer>
				<percent_cover unit="number" min="0" max="5" reference_id="4008">0.35</percent_cover>
				<height unit="feet" min="0.1" max="1.5" reference_id="4008">0.45</height>
				<percent_live unit="number" min="80" max="100">47.5</percent_live>
				<loading unit="tons_per_acre" min="0" max="0.5" reference_id="1348">0.05</loading>
				<species>
					<species_description>
						<tsn>39786</tsn>
						<relative_cover>100.00</relative_cover>
					</species_description>
				</species>
			</primary_layer>
			<secondary_layer>
				<percent_cover unit="number" min="0" max="4" reference_id="4008">0.1</percent_cover>
				<height unit="feet" min="0.1" max="2" reference_id="4008">0.45</height>
				<percent_live unit="number" min="60" max="100">42.5</percent_live>
				<loading unit="tons_per_acre" min="0" max="0.5" reference_id="1348">0.05</loading>
				<species>
					<species_description>
						<tsn>509586</tsn>
						<relative_cover>100.00</relative_cover>
					</species_description>
				</species>
			</secondary_layer>
		</herbaceous>
		<woody_fuel>
			<all_downed_woody_fuel>
				<total_percent_cover unit="number" min="40" max="100">35.0</total_percent_cover>
				<depth unit="inches" min="2" max="10">2.0</depth>
			</all_downed_woody_fuel>
			<sound_wood>
				<loadings_zero_to_three_inches>
					<zero_to_quarter_inch unit="tons_per_acre" min="0.1" max="3" reference_id="4014">0.5</zero_to_quarter_inch>
					<quarter_inch_to_one_inch unit="tons_per_acre" min="0.5" max="4" reference_id="4014">0.75</quarter_inch_to_one_inch>
					<one_to_three_inches unit="tons_per_acre" min="1" max="5" reference_id="4014">1.0</one_to_three_inches>
				</loadings_zero_to_three_inches>
				<loadings_greater_than_three_inches>
					<three_to_nine_inches unit="tons_per_acre" min="1" max="10" reference_id="4014">5.4</three_to_nine_inches>
					<nine_to_twenty_inches unit="tons_per_acre" min="3" max="25" reference_id="4014">10.8</nine_to_twenty_inches>
					<greater_than_twenty_inches unit="tons_per_acre" min="0" max="25" reference_id="4014">0.0</greater_than_twenty_inches>
				</loadings_greater_than_three_inches>
				<all_sound_wood>
					<species>
						<species_description>
							<tsn>183291</tsn>
							<relative_cover>75.00</relative_cover>
						</species_description>
						<species_description>
							<tsn>183424</tsn>
							<relative_cover>25.00</relative_cover>
						</species_description>
					</species>
				</all_sound_wood>
			</sound_wood>
			<rotten_wood>
				<loadings_greater_than_three_inches>
					<three_to_nine_inches unit="tons_per_acre" min="1" max="10" reference_id="4014">4.5</three_to_nine_inches>
					<nine_to_twenty_inches unit="tons_per_acre" min="3" max="25" reference_id="4014">9.9</nine_to_twenty_inches>
					<greater_than_twenty_inches unit="tons_per_acre" min="0" max="25" reference_id="4014">0.0</greater_than_twenty_inches>
				</loadings_greater_than_three_inches>
				<all_rotten_wood>
					<species>
						<species_description>
							<tsn>183291</tsn>
							<relative_cover>75.00</relative_cover>
						</species_description>
						<species_description>
							<tsn>183424</tsn>
							<relative_cover>25.00</relative_cover>
						</species_description>
					</species>
				</all_rotten_wood>
			</rotten_wood>
			<stumps>
				<sound>
					<stem_density unit="number_per_acre" min="40" max="200" reference_id="4014">115</stem_density>
					<diameter unit="inches" min="6" max="70" reference_id="4014">9.6</diameter>
					<height unit="feet" min="0.1" max="4.5">0.4</height>
					<species>
						<species_description>
							<tsn>183291</tsn>
							<relative_cover>75.00</relative_cover>
						</species_description>
						<species_description>
							<tsn>183424</tsn>
							<relative_cover>25.00</relative_cover>
						</species_description>
					</species>
				</sound>
				<rotten>
					<stem_density unit="number_per_acre" min="40" max="200" reference_id="4014">103.5</stem_density>
					<diameter unit="inches" min="6" max="70" reference_id="4014">8.64</diameter>
					<height unit="feet" min="0.1" max="4.5">0.36000000000000004</height>
					<species>
						<species_description>
							<tsn>183291</tsn>
							<relative_cover>75.00</relative_cover>
						</species_description>
						<species_description>
							<tsn>183424</tsn>
							<relative_cover>25.00</relative_cover>
						</species_description>
					</species>
				</rotten>
				<lightered_pitchy>
					<stem_density unit="number_per_acre">0.0</stem_density>
					<diameter unit="inches">0.0</diameter>
					<height unit="feet">0.0</height>
					<species />
				</lightered_pitchy>
			</stumps>
			<piles>
				<clean_loading unit="tons_per_acre">0.058589249999999995</clean_loading>
				<dirty_loading unit="tons_per_acre">0.0</dirty_loading>
				<verydirty_loading unit="tons_per_acre">0.0</verydirty_loading>
				<pileData>
					<header>pileGroupID,pileGroupName,numPiles,pileType,pileShape,W1,L1,H1,W2,L2,H2,soilPercent,packingRatio,handPileSpecies,species1_TSN,species1_percent,species2_TSN,species2_percent,pileQuality,percentConsumed</header>
					<pileGroups>
						<pileGroup>1,,3,1,5,3.00,10.00,2.00,,,,,,2,,,,,,90</pileGroup>
					</pileGroups>
				</pileData>
			</piles>
		</woody_fuel>
		<moss_lichen_litter>
			<moss>
				<percent_cover unit="number">0.0</percent_cover>
				<depth unit="inches">0.0</depth>
				<type />
			</moss>
			<ground_lichen>
				<percent_cover unit="number">0.0</percent_cover>
				<depth unit="inches">0.0</depth>
			</ground_lichen>
			<litter>
				<percent_cover unit="number" min="30" max="100">52.5</percent_cover>
				<depth unit="inches" min="0" max="1">0.15000000000000002</depth>
				<arrangement>1</arrangement>
				<litter_type>
					<short_needle_pine>
						<relative_cover />
					</short_needle_pine>
					<long_needle_pine>
						<relative_cover>50.00</relative_cover>
					</long_needle_pine>
					<other_conifer>
						<relative_cover>50.00</relative_cover>
					</other_conifer>
					<broadleaf_deciduous>
						<relative_cover />
					</broadleaf_deciduous>
					<broadleaf_evergreen>
						<relative_cover />
					</broadleaf_evergreen>
					<palm_frond>
						<relative_cover />
					</palm_frond>
					<grass>
						<relative_cover />
					</grass>
				</litter_type>
			</litter>
		</moss_lichen_litter>
		<ground_fuel>
			<duff>
				<upper>
					<percent_cover unit="number" min="30" max="100">52.5</percent_cover>
					<depth unit="inches" min="0" max="2">0.375</depth>
					<derivation>1</derivation>
				</upper>
				<lower>
					<percent_cover unit="number" min="30" max="100">0.0</percent_cover>
					<depth unit="inches" min="0" max="5">0.0</depth>
					<derivation />
					<loading unit="tons_per_acre" />
				</lower>
			</duff>
			<basal_accumulation>
				<radius unit="feet">0.0</radius>
				<depth unit="inches">0.0</depth>
				<number_per_unit_area unit="number_per_acre">0.0</number_per_unit_area>
				<type />
			</basal_accumulation>
			<squirrel_middens>
				<depth unit="inches">0.0</depth>
				<number_per_unit_area unit="number_per_acre">0.0</number_per_unit_area>
				<radius unit="feet">0.0</radius>
			</squirrel_middens>
		</ground_fuel>
	</fuelbed>
</FCCS_file>
