<?xml version="1.0"?>
<FCCS_file xmlns:xsi="http://www.w3.org/2001/XMLSchema-instance" xsi:noNamespaceSchemaLocation="cash.xsd" schemaVersion="1.4">
	<fuelbed_number>187_323</fuelbed_number>
	<fuelbed_name>Longleaf pine/yaupon forest</fuelbed_name>
	<fuelbed_description>Xeric longleaf pine forests, occurring throughout the Southeast coastal plain from Virginia south to Florida and west into Texas on well-drained soils, with mechanical reduction of midstory oaks less than 1 year previously. Fire exclusion favors sand pine, turkey oaks and other scrubby oaks. Restoration efforts often include sand pine and oak reduction through thinning or herbicides and prescribed burning.</fuelbed_description>
	<ecoregion>230</ecoregion>
	<vegetation_form>4</vegetation_form>
	<structural_class>2</structural_class>
	<cover_type>75,287</cover_type>
	<change_agent>14</change_agent>
	<natural_fire_regime>1</natural_fire_regime>
	<condition_class>2</condition_class>
	<user_name />
	<address />
	<affiliation />
	<phone />
	<file_owner_email />
	<notes />
	<site_photo />
	<date_collected>2003-09-17</date_collected>
	<fuelbed_confidence>2</fuelbed_confidence>
	<fuelbed>
		<canopy>
			<trees>
				<total_percent_cover unit="number" min="15" max="65">30.150000000000002</total_percent_cover>
				<overstory>
					<percent_cover unit="number" min="15" max="65">22.5</percent_cover>
					<height unit="feet" min="45" max="80" reference_id="5000">60</height>
					<height_to_live_crown unit="feet" min="20" max="35" reference_id="5000">37.5</height_to_live_crown>
					<stem_density unit="number_per_acre" min="20" max="100">20.0</stem_density>
					<diameter_at_breast_height unit="inches" min="6" max="18">15.0</diameter_at_breast_height>
					<species>
						<species_description>
							<tsn>18038</tsn>
							<relative_cover>90.00</relative_cover>
						</species_description>
						<species_description>
							<tsn>19367</tsn>
							<relative_cover>10.00</relative_cover>
						</species_description>
					</species>
				</overstory>
				<midstory>
					<percent_cover unit="number">0.0</percent_cover>
					<height unit="feet" />
					<height_to_live_crown unit="feet">0.0</height_to_live_crown>
					<stem_density unit="number_per_acre">0.0</stem_density>
					<diameter_at_breast_height unit="inches">0.0</diameter_at_breast_height>
					<species />
				</midstory>
				<understory>
					<percent_cover unit="number" min="0" max="25" reference_id="5000"></percent_cover>
					<height unit="feet" min="0.5" max="15" reference_id="5000"></height>
					<height_to_live_crown unit="feet" min="0" max="3" reference_id="5000"></height_to_live_crown>
					<stem_density unit="number_per_acre" min="20" max="150" reference_id="5000"></stem_density>
					<diameter_at_breast_height unit="inches" min="0.25" max="2" reference_id="5000"></diameter_at_breast_height>
					<species />
				</understory>
			</trees>
			<snags>
				<class_1_conifers_with_foliage>
					<percent_cover unit="number" />
					<height_to_crown_base unit="feet" />
					<stem_density unit="number_per_acre" />
					<diameter unit="inches" />
					<height unit="feet" />
					<species />
				</class_1_conifers_with_foliage>
				<class_1_all_others>
					<stem_density unit="number_per_acre" />
					<diameter unit="inches" />
					<height unit="feet" />
					<species />
				</class_1_all_others>
				<class_2>
					<stem_density unit="number_per_acre" min="0" max="10" reference_id="5000">5</stem_density>
					<diameter unit="inches" min="6" max="18" reference_id="5000">12</diameter>
					<height unit="feet" min="40" max="60" reference_id="5000">45</height>
					<species>
						<species_description>
							<tsn>18038</tsn>
							<relative_cover>100.00</relative_cover>
						</species_description>
					</species>
				</class_2>
				<class_3>
					<stem_density unit="number_per_acre" min="0" max="10" reference_id="5000">5</stem_density>
					<diameter unit="inches" min="5" max="12" reference_id="5000">10</diameter>
					<height unit="feet" min="15" max="45" reference_id="5000">30</height>
					<species>
						<species_description>
							<tsn>18038</tsn>
							<relative_cover>100.00</relative_cover>
						</species_description>
					</species>
				</class_3>
			</snags>
			<ladder_fuels>
				<minimum_height unit="feet" />
				<maximum_height unit="feet" />
				<is_vertically_contiguous />
				<type />
			</ladder_fuels>
		</canopy>
		<shrubs>
			<primary_layer>
				<percent_cover unit="number" min="2" max="50" reference_id="5000">14.99625</percent_cover>
				<height unit="feet" min="0.5" max="15" reference_id="5000">8</height>
				<percent_live unit="number" min="70" max="100" reference_id="5000">90.0</percent_live>
				<species>
					<species_description>
						<tsn>27986</tsn>
						<relative_cover>60.00</relative_cover>
					</species_description>
					<species_description>
						<tsn>23580</tsn>
						<relative_cover>40.00</relative_cover>
					</species_description>
				</species>
			</primary_layer>
			<secondary_layer>
				<percent_cover unit="number" min="0" max="35" reference_id="5000">9.9975</percent_cover>
				<height unit="feet" min="0.5" max="6" reference_id="5000">3</height>
				<percent_live unit="number" min="20" max="100" reference_id="5000">85.0</percent_live>
				<species>
					<species_description>
						<tsn>195183</tsn>
						<relative_cover>35.00</relative_cover>
					</species_description>
					<species_description>
						<tsn>23564</tsn>
						<relative_cover>30.00</relative_cover>
					</species_description>
					<species_description>
						<tsn>23662</tsn>
						<relative_cover>30.00</relative_cover>
					</species_description>
					<species_description>
						<tsn>42508</tsn>
						<relative_cover>5.00</relative_cover>
					</species_description>
				</species>
			</secondary_layer>
			<needle_drape>
				<is_sufficient_to_affect_fire_behavior>0</is_sufficient_to_affect_fire_behavior>
			</needle_drape>
		</shrubs>
		<herbaceous>
			<primary_layer>
				<percent_cover unit="number" min="5" max="45" reference_id="5000">19.995</percent_cover>
				<height unit="feet" min="0.5" max="4" reference_id="5000">2</height>
				<percent_live unit="number" min="10" max="80" reference_id="5000">60.0</percent_live>
				<loading unit="tons_per_acre" min="0" max="4">0.19995000000000002</loading>
				<species>
					<species_description>
						<tsn>41433</tsn>
						<relative_cover>55.00</relative_cover>
					</species_description>
					<species_description>
						<tsn>17224</tsn>
						<relative_cover>20.00</relative_cover>
					</species_description>
					<species_description>
						<tsn>40456</tsn>
						<relative_cover>20.00</relative_cover>
					</species_description>
					<species_description>
						<tsn>21260</tsn>
						<relative_cover>5.00</relative_cover>
					</species_description>
				</species>
			</primary_layer>
			<secondary_layer>
				<percent_cover unit="number">0.0</percent_cover>
				<height unit="feet" />
				<percent_live unit="number">0.0</percent_live>
				<loading unit="tons_per_acre">0.0</loading>
				<species />
			</secondary_layer>
		</herbaceous>
		<woody_fuel>
			<all_downed_woody_fuel>
				<total_percent_cover unit="number" min="75" max="99" reference_id="5000">28.05</total_percent_cover>
				<depth unit="inches" min="2" max="35" reference_id="5058">1.98</depth>
			</all_downed_woody_fuel>
			<sound_wood>
				<loadings_zero_to_three_inches>
					<zero_to_quarter_inch unit="tons_per_acre" min="0.1" max="1.5">0.264</zero_to_quarter_inch>
					<quarter_inch_to_one_inch unit="tons_per_acre" min="0.5" max="5">1.32</quarter_inch_to_one_inch>
					<one_to_three_inches unit="tons_per_acre" min="1" max="8">2.0460000000000003</one_to_three_inches>
				</loadings_zero_to_three_inches>
				<loadings_greater_than_three_inches>
					<three_to_nine_inches unit="tons_per_acre" min="0.5" max="10">0.36</three_to_nine_inches>
					<nine_to_twenty_inches unit="tons_per_acre" min="0.5" max="6">0.45000000000000007</nine_to_twenty_inches>
					<greater_than_twenty_inches unit="tons_per_acre" min="0" max="0" reference_id="5000">0.0</greater_than_twenty_inches>
				</loadings_greater_than_three_inches>
				<all_sound_wood>
					<species>
						<species_description>
							<tsn>19276</tsn>
							<relative_cover>85.00</relative_cover>
						</species_description>
						<species_description>
							<tsn>18035</tsn>
							<relative_cover>15.00</relative_cover>
						</species_description>
					</species>
				</all_sound_wood>
			</sound_wood>
			<rotten_wood>
				<loadings_greater_than_three_inches>
					<three_to_nine_inches unit="tons_per_acre" min="0" max="1.6">0.76</three_to_nine_inches>
					<nine_to_twenty_inches unit="tons_per_acre" min="0" max="1" reference_id="5000">0.7500000000000001</nine_to_twenty_inches>
					<greater_than_twenty_inches unit="tons_per_acre" min="0" max="0" reference_id="5000">0.0</greater_than_twenty_inches>
				</loadings_greater_than_three_inches>
				<all_rotten_wood>
					<species>
						<species_description>
							<tsn>18035</tsn>
							<relative_cover>50.00</relative_cover>
						</species_description>
						<species_description>
							<tsn>19276</tsn>
							<relative_cover>50.00</relative_cover>
						</species_description>
					</species>
				</all_rotten_wood>
			</rotten_wood>
			<stumps>
				<sound>
					<stem_density unit="number_per_acre" min="5" max="20" reference_id="5000"></stem_density>
					<diameter unit="inches" min="3" max="8" reference_id="5000"></diameter>
					<height unit="feet" min="0.25" max="1" reference_id="5000"></height>
					<species />
				</sound>
				<rotten>
					<stem_density unit="number_per_acre" min="0" max="5" reference_id="5000">31.0</stem_density>
					<diameter unit="inches" min="2" max="18" reference_id="5000">8</diameter>
					<height unit="feet" min="0" max="1" reference_id="5000">0.5</height>
					<species>
						<species_description>
							<tsn>18038</tsn>
							<relative_cover>100.00</relative_cover>
						</species_description>
					</species>
				</rotten>
				<lightered_pitchy>
					<stem_density unit="number_per_acre" min="0" max="10" reference_id="5000">5</stem_density>
					<diameter unit="inches" min="5" max="20" reference_id="5000">10</diameter>
					<height unit="feet" min="0.5" max="1" reference_id="5000">0.5</height>
					<species>
						<species_description>
							<tsn>18038</tsn>
							<relative_cover>100.00</relative_cover>
						</species_description>
					</species>
				</lightered_pitchy>
			</stumps>
			<piles>
				<clean_loading unit="tons_per_acre">0.214989</clean_loading>
				<dirty_loading unit="tons_per_acre">0.0</dirty_loading>
				<verydirty_loading unit="tons_per_acre">0.0</verydirty_loading>
				<pileData>
					<header>pileGroupID,pileGroupName,numPiles,pileType,pileShape,W1,L1,H1,W2,L2,H2,soilPercent,packingRatio,handPileSpecies,species1_TSN,species1_percent,species2_TSN,species2_percent,pileQuality,percentConsumed</header>
					<pileGroups>
						<pileGroup>1,,5,1,5,5.00,5.00,2.00,,,,,,1,,,,,,90</pileGroup>
					</pileGroups>
				</pileData>
			</piles>
		</woody_fuel>
		<moss_lichen_litter>
			<moss>
				<percent_cover unit="number" min="0" max="10" reference_id="5000">5.0</percent_cover>
				<depth unit="inches" min="0" max="4" reference_id="5000">2.0</depth>
				<type>2</type>
			</moss>
			<ground_lichen>
				<percent_cover unit="number" min="0" max="15" reference_id="5000">5.0</percent_cover>
				<depth unit="inches" min="0" max="4" reference_id="5000">1.5</depth>
			</ground_lichen>
			<litter>
				<percent_cover unit="number" min="65" max="100" reference_id="5000">85.0</percent_cover>
				<depth unit="inches" min="1.1" max="3.5">1.8</depth>
				<arrangement>2</arrangement>
				<litter_type>
					<short_needle_pine>
						<relative_cover>5.00</relative_cover>
					</short_needle_pine>
					<long_needle_pine>
						<relative_cover>35.00</relative_cover>
					</long_needle_pine>
					<other_conifer>
						<relative_cover />
					</other_conifer>
					<broadleaf_deciduous>
						<relative_cover>50.00</relative_cover>
					</broadleaf_deciduous>
					<broadleaf_evergreen>
						<relative_cover>5.00</relative_cover>
					</broadleaf_evergreen>
					<palm_frond>
						<relative_cover>2.00</relative_cover>
					</palm_frond>
					<grass>
						<relative_cover>3.00</relative_cover>
					</grass>
				</litter_type>
			</litter>
		</moss_lichen_litter>
		<ground_fuel>
			<duff>
				<upper>
					<percent_cover unit="number" min="50" max="100" reference_id="5000">45.0</percent_cover>
					<depth unit="inches" min="0.1" max="1">0.625</depth>
					<derivation>1</derivation>
				</upper>
				<lower>
					<percent_cover unit="number" min="45" max="100" reference_id="5000">0.0</percent_cover>
					<depth unit="inches" min="0.1" max="1">0.0</depth>
					<derivation />
					<loading unit="tons_per_acre" />
				</lower>
			</duff>
			<basal_accumulation>
				<radius unit="feet" />
				<depth unit="inches">0.0</depth>
				<number_per_unit_area unit="number_per_acre">0.0</number_per_unit_area>
				<type />
			</basal_accumulation>
			<squirrel_middens>
				<depth unit="inches">0.0</depth>
				<number_per_unit_area unit="number_per_acre">0.0</number_per_unit_area>
				<radius unit="feet" />
			</squirrel_middens>
		</ground_fuel>
	</fuelbed>
</FCCS_file>
