<?xml version="1.0"?>
<FCCS_file xmlns:xsi="http://www.w3.org/2001/XMLSchema-instance" xsi:noNamespaceSchemaLocation="cash.xsd" schemaVersion="1.4">
	<fuelbed_number>220_332</fuelbed_number>
	<fuelbed_name>Ponderosa pine-white fir/quaking aspen forest - post prescribed burn</fuelbed_name>
	<fuelbed_description>Southwestern montane mixed conifer forest dominated by white fir, Douglas-fir, Engelmann spruce, ponderosa pine and quaking aspen. Prescribed burned 2 years previously. This fuelbed was developed based on data from Grand Canyon National Park.</fuelbed_description>
	<ecoregion>310,320</ecoregion>
	<vegetation_form>4</vegetation_form>
	<structural_class>1</structural_class>
	<cover_type>118,119,144</cover_type>
	<change_agent>8</change_agent>
	<natural_fire_regime>3</natural_fire_regime>
	<condition_class>2</condition_class>
	<user_name />
	<address />
	<affiliation />
	<phone />
	<file_owner_email />
	<notes />
	<site_photo />
	<date_collected>2003-09-17</date_collected>
	<fuelbed_confidence>4</fuelbed_confidence>
	<fuelbed>
		<canopy>
			<trees>
				<total_percent_cover unit="number" min="40" max="100">24.75</total_percent_cover>
				<overstory>
					<percent_cover unit="number" min="1" max="20">2.0</percent_cover>
					<height unit="feet" min="50" max="120">95</height>
					<height_to_live_crown unit="feet" min="10" max="70">60.0</height_to_live_crown>
					<stem_density unit="number_per_acre" min="2" max="30">3.025</stem_density>
					<diameter_at_breast_height unit="inches" min="10" max="60">35.0</diameter_at_breast_height>
					<species>
						<species_description>
							<tsn>183365</tsn>
							<relative_cover>84.00</relative_cover>
						</species_description>
						<species_description>
							<tsn>181826</tsn>
							<relative_cover>13.00</relative_cover>
						</species_description>
						<species_description>
							<tsn>183291</tsn>
							<relative_cover>3.00</relative_cover>
						</species_description>
					</species>
				</overstory>
				<midstory>
					<percent_cover unit="number" min="5" max="70">10.0</percent_cover>
					<height unit="feet" min="20" max="100">75</height>
					<height_to_live_crown unit="feet" min="5" max="50">52.5</height_to_live_crown>
					<stem_density unit="number_per_acre" min="15" max="120">14.85</stem_density>
					<diameter_at_breast_height unit="inches" min="6" max="40">14.625</diameter_at_breast_height>
					<species>
						<species_description>
							<tsn>181826</tsn>
							<relative_cover>39.00</relative_cover>
						</species_description>
						<species_description>
							<tsn>183365</tsn>
							<relative_cover>35.00</relative_cover>
						</species_description>
						<species_description>
							<tsn>195773</tsn>
							<relative_cover>20.00</relative_cover>
						</species_description>
						<species_description>
							<tsn>183291</tsn>
							<relative_cover>3.00</relative_cover>
						</species_description>
						<species_description>
							<tsn>183424</tsn>
							<relative_cover>3.00</relative_cover>
						</species_description>
					</species>
				</midstory>
				<understory>
					<percent_cover unit="number" min="10" max="80"></percent_cover>
					<height unit="feet" min="2" max="25"></height>
					<height_to_live_crown unit="feet" min="0" max="10"></height_to_live_crown>
					<stem_density unit="number_per_acre" min="100" max="9000"></stem_density>
					<diameter_at_breast_height unit="inches" min="0.5" max="6"></diameter_at_breast_height>
					<species />
				</understory>
			</trees>
			<snags>
				<class_1_conifers_with_foliage>
					<percent_cover unit="number" min="0" max="75">12.45946</percent_cover>
					<height_to_crown_base unit="feet" min="0" max="75">50.025000000000006</height_to_crown_base>
					<stem_density unit="number_per_acre" min="5" max="80">54.6</stem_density>
					<diameter unit="inches" min="6" max="60">13.5</diameter>
					<height unit="feet" min="20" max="120" reference_id="459">75</height>
					<species>
						<species_description>
							<tsn>181826</tsn>
							<relative_cover>69.00</relative_cover>
						</species_description>
						<species_description>
							<tsn>183365</tsn>
							<relative_cover>31.00</relative_cover>
						</species_description>
					</species>
				</class_1_conifers_with_foliage>
				<class_1_all_others>
					<stem_density unit="number_per_acre" min="0" max="20">0.8</stem_density>
					<diameter unit="inches" min="4" max="40">7.2</diameter>
					<height unit="feet" min="10" max="100">25</height>
					<species>
						<species_description>
							<tsn>195773</tsn>
							<relative_cover>100.00</relative_cover>
						</species_description>
					</species>
				</class_1_all_others>
				<class_2>
					<stem_density unit="number_per_acre" min="5" max="50">26.8</stem_density>
					<diameter unit="inches" min="4" max="60">7.1</diameter>
					<height unit="feet" min="10" max="120">25</height>
					<species>
						<species_description>
							<tsn>181826</tsn>
							<relative_cover>38.00</relative_cover>
						</species_description>
						<species_description>
							<tsn>195773</tsn>
							<relative_cover>62.00</relative_cover>
						</species_description>
					</species>
				</class_2>
				<class_3>
					<stem_density unit="number_per_acre" min="0" max="20">6.4</stem_density>
					<diameter unit="inches" min="6" max="60">13.9</diameter>
					<height unit="feet" min="4" max="100">70</height>
					<species>
						<species_description>
							<tsn>181826</tsn>
							<relative_cover>44.00</relative_cover>
						</species_description>
						<species_description>
							<tsn>183365</tsn>
							<relative_cover>56.00</relative_cover>
						</species_description>
					</species>
				</class_3>
			</snags>
			<ladder_fuels>
				<minimum_height unit="feet" min="0" max="10">1</minimum_height>
				<maximum_height unit="feet" min="2" max="25">5</maximum_height>
				<is_vertically_contiguous>1</is_vertically_contiguous>
				<type>7</type>
			</ladder_fuels>
		</canopy>
		<shrubs>
			<primary_layer>
				<percent_cover unit="number" min="0" max="10" reference_id="4003">0.22499999999999998</percent_cover>
				<height unit="feet" min="0.3" max="6" reference_id="4003">1.5</height>
				<percent_live unit="number" min="50" max="100">90.0</percent_live>
				<species>
					<species_description>
						<tsn>26196</tsn>
						<relative_cover>50.00</relative_cover>
					</species_description>
					<species_description>
						<tsn>28467</tsn>
						<relative_cover>50.00</relative_cover>
					</species_description>
				</species>
			</primary_layer>
			<secondary_layer>
				<percent_cover unit="number">0.0</percent_cover>
				<height unit="feet" />
				<percent_live unit="number">0.0</percent_live>
				<species />
			</secondary_layer>
			<needle_drape>
				<is_sufficient_to_affect_fire_behavior>0</is_sufficient_to_affect_fire_behavior>
			</needle_drape>
		</shrubs>
		<herbaceous>
			<primary_layer>
				<percent_cover unit="number" min="0" max="20" reference_id="4003">2.7</percent_cover>
				<height unit="feet" min="0.1" max="5" reference_id="4003">0.7</height>
				<percent_live unit="number" min="40" max="100">70.0</percent_live>
				<loading unit="tons_per_acre" min="0" max="2">0.037500000000000006</loading>
				<species>
					<species_description>
						<tsn>20358</tsn>
						<relative_cover>53.00</relative_cover>
					</species_description>
					<species_description>
						<tsn>27671</tsn>
						<relative_cover>9.00</relative_cover>
					</species_description>
					<species_description>
						<tsn>823868</tsn>
						<relative_cover>9.00</relative_cover>
					</species_description>
					<species_description>
						<tsn>17224</tsn>
						<relative_cover>7.00</relative_cover>
					</species_description>
					<species_description>
						<tsn>20607</tsn>
						<relative_cover>7.00</relative_cover>
					</species_description>
					<species_description>
						<tsn>21230</tsn>
						<relative_cover>4.00</relative_cover>
					</species_description>
					<species_description>
						<tsn>24641</tsn>
						<relative_cover>4.00</relative_cover>
					</species_description>
					<species_description>
						<tsn>35423</tsn>
						<relative_cover>4.00</relative_cover>
					</species_description>
					<species_description>
						<tsn>37689</tsn>
						<relative_cover>3.00</relative_cover>
					</species_description>
				</species>
			</primary_layer>
			<secondary_layer>
				<percent_cover unit="number" min="0" max="15" reference_id="4003">0.5625</percent_cover>
				<height unit="feet" min="0.1" max="4" reference_id="4003">0.7</height>
				<percent_live unit="number" min="40" max="100">70.0</percent_live>
				<loading unit="tons_per_acre" min="0" max="1">0.00375</loading>
				<species>
					<species_description>
						<tsn>41927</tsn>
						<relative_cover>53.00</relative_cover>
					</species_description>
					<species_description>
						<tsn>504467</tsn>
						<relative_cover>20.00</relative_cover>
					</species_description>
					<species_description>
						<tsn>39786</tsn>
						<relative_cover>13.00</relative_cover>
					</species_description>
					<species_description>
						<tsn>501068</tsn>
						<relative_cover>7.00</relative_cover>
					</species_description>
					<species_description>
						<tsn>503284</tsn>
						<relative_cover>7.00</relative_cover>
					</species_description>
				</species>
			</secondary_layer>
		</herbaceous>
		<woody_fuel>
			<all_downed_woody_fuel>
				<total_percent_cover unit="number" min="75" max="100">23.75</total_percent_cover>
				<depth unit="inches" min="0.1" max="8">0.5</depth>
			</all_downed_woody_fuel>
			<sound_wood>
				<loadings_zero_to_three_inches>
					<zero_to_quarter_inch unit="tons_per_acre" min="0" max="2" reference_id="4003">0.05</zero_to_quarter_inch>
					<quarter_inch_to_one_inch unit="tons_per_acre" min="0" max="4" reference_id="4003">0.25</quarter_inch_to_one_inch>
					<one_to_three_inches unit="tons_per_acre" min="0" max="5" reference_id="4003">0.2</one_to_three_inches>
				</loadings_zero_to_three_inches>
				<loadings_greater_than_three_inches>
					<three_to_nine_inches unit="tons_per_acre" min="0" max="10" reference_id="4003">0.99</three_to_nine_inches>
					<nine_to_twenty_inches unit="tons_per_acre" min="0" max="10" reference_id="4003">0.8662500000000002</nine_to_twenty_inches>
					<greater_than_twenty_inches unit="tons_per_acre" min="0" max="20" reference_id="4003">0.495</greater_than_twenty_inches>
				</loadings_greater_than_three_inches>
				<all_sound_wood>
					<species>
						<species_description>
							<tsn>183365</tsn>
							<relative_cover>60.00</relative_cover>
						</species_description>
						<species_description>
							<tsn>181826</tsn>
							<relative_cover>40.00</relative_cover>
						</species_description>
					</species>
				</all_sound_wood>
			</sound_wood>
			<rotten_wood>
				<loadings_greater_than_three_inches>
					<three_to_nine_inches unit="tons_per_acre" min="0" max="10" reference_id="4003">0.99</three_to_nine_inches>
					<nine_to_twenty_inches unit="tons_per_acre" min="0" max="10" reference_id="4003">0.8387500000000001</nine_to_twenty_inches>
					<greater_than_twenty_inches unit="tons_per_acre" min="0" max="20" reference_id="4003">0.6050000000000001</greater_than_twenty_inches>
				</loadings_greater_than_three_inches>
				<all_rotten_wood>
					<species>
						<species_description>
							<tsn>183365</tsn>
							<relative_cover>60.00</relative_cover>
						</species_description>
						<species_description>
							<tsn>181826</tsn>
							<relative_cover>40.00</relative_cover>
						</species_description>
					</species>
				</all_rotten_wood>
			</rotten_wood>
			<stumps>
				<sound>
					<stem_density unit="number_per_acre">53.625</stem_density>
					<diameter unit="inches" />
					<height unit="feet" />
					<species />
				</sound>
				<rotten>
					<stem_density unit="number_per_acre" min="0" max="10">2</stem_density>
					<diameter unit="inches" min="6" max="60">11</diameter>
					<height unit="feet" min="0.1" max="4.5">4</height>
					<species>
						<species_description>
							<tsn>181826</tsn>
							<relative_cover>100.00</relative_cover>
						</species_description>
					</species>
				</rotten>
				<lightered_pitchy>
					<stem_density unit="number_per_acre" />
					<diameter unit="inches" />
					<height unit="feet" />
					<species />
				</lightered_pitchy>
			</stumps>
		</woody_fuel>
		<moss_lichen_litter>
			<moss>
				<percent_cover unit="number" min="0" max="5" reference_id="4003">0.075</percent_cover>
				<depth unit="inches" min="0.1" max="0.5">0.025</depth>
				<type>2</type>
			</moss>
			<ground_lichen>
				<percent_cover unit="number">0.0</percent_cover>
				<depth unit="inches">0.0</depth>
			</ground_lichen>
			<litter>
				<percent_cover unit="number" min="75" max="100">95.0</percent_cover>
				<depth unit="inches" min="0" max="3" reference_id="4003">0.4</depth>
				<arrangement>1</arrangement>
				<litter_type>
					<short_needle_pine>
						<relative_cover />
					</short_needle_pine>
					<long_needle_pine>
						<relative_cover>60.00</relative_cover>
					</long_needle_pine>
					<other_conifer>
						<relative_cover>40.00</relative_cover>
					</other_conifer>
					<broadleaf_deciduous>
						<relative_cover />
					</broadleaf_deciduous>
					<broadleaf_evergreen>
						<relative_cover />
					</broadleaf_evergreen>
					<palm_frond>
						<relative_cover />
					</palm_frond>
					<grass>
						<relative_cover />
					</grass>
				</litter_type>
			</litter>
		</moss_lichen_litter>
		<ground_fuel>
			<duff>
				<upper>
					<percent_cover unit="number" min="70" max="100">22.5</percent_cover>
					<depth unit="inches" min="0" max="3.5">0.15</depth>
					<derivation>1</derivation>
				</upper>
				<lower>
					<percent_cover unit="number" min="70" max="100">0.0</percent_cover>
					<depth unit="inches" min="0" max="3.5">0.0</depth>
					<derivation />
					<loading unit="tons_per_acre" />
				</lower>
			</duff>
			<basal_accumulation>
				<radius unit="feet" />
				<depth unit="inches">0.0</depth>
				<number_per_unit_area unit="number_per_acre">0.0</number_per_unit_area>
				<type />
			</basal_accumulation>
			<squirrel_middens>
				<depth unit="inches">0.0</depth>
				<number_per_unit_area unit="number_per_acre">0.0</number_per_unit_area>
				<radius unit="feet" />
			</squirrel_middens>
		</ground_fuel>
	</fuelbed>
</FCCS_file>
