<?xml version="1.0"?>
<FCCS_file xmlns:xsi="http://www.w3.org/2001/XMLSchema-instance" schemaVersion="1.4" xsi:schemaLocation="conf\\us.fed.fs.fera.fccs.xsd">
	<fuelbed_number>77_213</fuelbed_number>
	<fuelbed_name>Eucalyptus plantation forest</fuelbed_name>
	<fuelbed_description>This fuelbed represents the eucalyptus plantations common in Hawaii.</fuelbed_description>
	<ecoregion>420</ecoregion>
	<vegetation_form>1</vegetation_form>
	<structural_class>3</structural_class>
	<cover_type>400</cover_type>
	<change_agent>6</change_agent>
	<natural_fire_regime />
	<condition_class>2</condition_class>
	<user_name />
	<address />
	<affiliation />
	<phone />
	<file_owner_email />
	<notes />
	<date_collected>Sep 9, 2011</date_collected>
	<fuelbed_confidence />
	<fuelbed>
		<canopy>
			<trees>
				<total_percent_cover unit="number" min="50" max="100" reference_id="478">71.39999999999999</total_percent_cover>
				<overstory>
					<percent_cover unit="number" min="10" max="60">15.0</percent_cover>
					<height unit="feet" min="50" max="150">110</height>
					<height_to_live_crown unit="feet" min="20" max="100">85.0</height_to_live_crown>
					<stem_density unit="number_per_acre" min="5" max="40">11.25</stem_density>
					<diameter_at_breast_height unit="inches" min="25" max="70">31.900000000000002</diameter_at_breast_height>
					<species>
						<species_description>
							<tsn>27189</tsn>
							<relative_cover>100.00</relative_cover>
						</species_description>
					</species>
				</overstory>
				<midstory>
					<percent_cover unit="number" min="20" max="80" reference_id="1358">30.0</percent_cover>
					<height unit="feet" min="40" max="100">54</height>
					<height_to_live_crown unit="feet" min="10" max="30">31.25</height_to_live_crown>
					<stem_density unit="number_per_acre" min="10" max="200">75.0</stem_density>
					<diameter_at_breast_height unit="inches" min="9" max="25">15.400000000000002</diameter_at_breast_height>
					<species>
						<species_description>
							<tsn>27189</tsn>
							<relative_cover>100.00</relative_cover>
						</species_description>
					</species>
				</midstory>
				<understory>
					<percent_cover unit="number" min="10" max="80">10.0</percent_cover>
					<height unit="feet" min="5" max="40">27.5</height>
					<height_to_live_crown unit="feet" min="1" max="26">12</height_to_live_crown>
					<stem_density unit="number_per_acre" min="100" max="2000">175.0</stem_density>
					<diameter_at_breast_height unit="inches" min="0.5" max="9">5</diameter_at_breast_height>
					<species>
						<species_description>
							<tsn>27189</tsn>
							<relative_cover>100.00</relative_cover>
						</species_description>
					</species>
				</understory>
			</trees>
			<snags>
				<class_1_conifers_with_foliage>
					<percent_cover unit="number" />
					<height_to_crown_base unit="feet" />
					<stem_density unit="number_per_acre" />
					<diameter unit="inches" />
					<height unit="feet" />
					<species />
				</class_1_conifers_with_foliage>
				<class_1_all_others>
					<stem_density unit="number_per_acre" />
					<diameter unit="inches" />
					<height unit="feet" />
					<species />
				</class_1_all_others>
				<class_2>
					<stem_density unit="number_per_acre" min="0" max="80">5</stem_density>
					<diameter unit="inches" min="4" max="70" reference_id="478">11.3</diameter>
					<height unit="feet" min="30" max="150">51.3</height>
					<species>
						<species_description>
							<tsn>27189</tsn>
							<relative_cover>100.00</relative_cover>
						</species_description>
					</species>
				</class_2>
				<class_3>
					<stem_density unit="number_per_acre" min="0" max="120">60</stem_density>
					<diameter unit="inches" min="4" max="70" reference_id="478">11.3</diameter>
					<height unit="feet" min="4.5" max="100">26</height>
					<species>
						<species_description>
							<tsn>27189</tsn>
							<relative_cover>100.00</relative_cover>
						</species_description>
					</species>
				</class_3>
			</snags>
			<ladder_fuels>
				<minimum_height unit="feet" min="0.5" max="10">5</minimum_height>
				<maximum_height unit="feet" min="5" max="80">50</maximum_height>
				<is_vertically_contiguous>1</is_vertically_contiguous>
				<type>4</type>
			</ladder_fuels>
		</canopy>
		<shrubs>
			<primary_layer>
				<percent_cover unit="number" min="0" max="25" reference_id="478">7.260000000000002</percent_cover>
				<height unit="feet" min="1" max="5" reference_id="478">3.1</height>
				<percent_live unit="number" min="60" max="100" reference_id="1358">90.0</percent_live>
				<species>
					<species_description>
						<tsn>894525</tsn>
						<relative_cover>100.00</relative_cover>
					</species_description>
				</species>
			</primary_layer>
			<secondary_layer>
				<percent_cover unit="number">0.0</percent_cover>
				<height unit="feet" />
				<percent_live unit="number">0.0</percent_live>
				<species />
			</secondary_layer>
			<needle_drape>
				<is_sufficient_to_affect_fire_behavior>0</is_sufficient_to_affect_fire_behavior>
			</needle_drape>
		</shrubs>
		<herbaceous>
			<primary_layer>
				<percent_cover unit="number" min="0" max="20" reference_id="478">7.03125</percent_cover>
				<height unit="feet" min="0.5" max="3" reference_id="478">0.5</height>
				<loading unit="tons_per_acre" min="0" max="0.5">0.05859375000000001</loading>
				<percent_live unit="number" min="60" max="100" reference_id="1477">79.98</percent_live>
				<species>
					<species_description>
						<tsn>193446</tsn>
						<relative_cover>100.00</relative_cover>
					</species_description>
				</species>
			</primary_layer>
			<secondary_layer>
				<percent_cover unit="number">0.0</percent_cover>
				<height unit="feet" />
				<loading unit="tons_per_acre">0.0</loading>
				<percent_live unit="number">0.0</percent_live>
				<species />
			</secondary_layer>
		</herbaceous>
		<woody_fuel>
			<all_downed_woody_fuel>
				<total_percent_cover unit="number" min="20" max="100">37.5</total_percent_cover>
				<depth unit="inches" min="0" max="8">1.40625</depth>
			</all_downed_woody_fuel>
			<sound_wood>
				<all_sound_wood>
					<species>
						<species_description>
							<tsn>27189</tsn>
							<relative_cover>100.00</relative_cover>
						</species_description>
					</species>
				</all_sound_wood>
				<loadings_zero_to_three_inches>
					<zero_to_quarter_inch unit="tons_per_acre" min="0" max="2" reference_id="478">0.375</zero_to_quarter_inch>
					<quarter_inch_to_one_inch unit="tons_per_acre" min="0" max="5" reference_id="478">1.546875</quarter_inch_to_one_inch>
					<one_to_three_inches unit="tons_per_acre" min="0" max="6" reference_id="478">1.96875</one_to_three_inches>
				</loadings_zero_to_three_inches>
				<loadings_greater_than_three_inches>
					<three_to_nine_inches unit="tons_per_acre" min="0" max="20">3.0</three_to_nine_inches>
					<nine_to_twenty_inches unit="tons_per_acre" min="0" max="20">0.75</nine_to_twenty_inches>
					<greater_than_twenty_inches unit="tons_per_acre" min="0" max="20">4.5</greater_than_twenty_inches>
				</loadings_greater_than_three_inches>
			</sound_wood>
			<rotten_wood>
				<all_rotten_wood>
					<species>
						<species_description>
							<tsn>27189</tsn>
							<relative_cover>100.00</relative_cover>
						</species_description>
					</species>
				</all_rotten_wood>
				<loadings_greater_than_three_inches>
					<three_to_nine_inches unit="tons_per_acre" min="0" max="10">4.5</three_to_nine_inches>
					<nine_to_twenty_inches unit="tons_per_acre" min="0" max="10">1.125</nine_to_twenty_inches>
					<greater_than_twenty_inches unit="tons_per_acre" min="0" max="10">4.25</greater_than_twenty_inches>
				</loadings_greater_than_three_inches>
			</rotten_wood>
			<stumps>
				<sound>
					<stem_density unit="number_per_acre"></stem_density>
					<diameter unit="inches"></diameter>
					<height unit="feet"></height>
					<species />
				</sound>
				<rotten>
					<stem_density unit="number_per_acre">28.75</stem_density>
					<diameter unit="inches" />
					<height unit="feet" />
					<species />
				</rotten>
				<lightered_pitchy>
					<stem_density unit="number_per_acre" />
					<diameter unit="inches" />
					<height unit="feet" />
					<species />
				</lightered_pitchy>
			</stumps>
			<piles>
				<clean_loading unit="tons_per_acre">0.132121</clean_loading>
				<dirty_loading unit="tons_per_acre">0.000000</dirty_loading>
				<verydirty_loading unit="tons_per_acre">0.000000</verydirty_loading>
				<pileData>
					<header>pileGroupID,pileGroupName,numPiles,pileType,pileShape,W1,L1,H1,W2,L2,H2,soilPercent,packingRatio,handPileSpecies,species1_TSN,species1_percent,species2_TSN,species2_percent,pileQuality,percentConsumed</header>
					<pileGroups>
						<pileGroup>2,,2,1,5,3.00,6.00,2.00,,,,,,1,,,,,,90</pileGroup>
					</pileGroups>
				</pileData>
			</piles>
		</woody_fuel>
		<moss_lichen_litter>
			<moss>
				<type />
				<percent_cover unit="number" />
				<depth unit="inches" />
			</moss>
			<ground_lichen>
				<percent_cover unit="number" />
				<depth unit="inches" />
			</ground_lichen>
			<litter>
				<percent_cover unit="number" min="60" max="100">100</percent_cover>
				<depth unit="inches" min="1" max="5">2.25</depth>
				<arrangement>1</arrangement>
				<litter_type>
					<short_needle_pine>
						<relative_cover />
					</short_needle_pine>
					<long_needle_pine>
						<relative_cover />
					</long_needle_pine>
					<other_conifer>
						<relative_cover />
					</other_conifer>
					<broadleaf_deciduous>
						<relative_cover />
					</broadleaf_deciduous>
					<broadleaf_evergreen>
						<relative_cover>100.00</relative_cover>
					</broadleaf_evergreen>
					<palm_frond>
						<relative_cover />
					</palm_frond>
					<grass>
						<relative_cover />
					</grass>
				</litter_type>
			</litter>
		</moss_lichen_litter>
		<ground_fuel>
			<duff>
				<upper>
					<depth unit="inches" min="0.5" max="6">1.7</depth>
					<percent_cover unit="number" min="60" max="100">98</percent_cover>
					<derivation>1</derivation>
				</upper>
				<lower>
					<depth unit="inches" min="0.5" max="6" />
					<percent_cover unit="number" min="60" max="100" />
					<derivation />
					<loading unit="tons_per_acre" />
				</lower>
			</duff>
			<squirrel_middens>
				<depth unit="inches" />
				<radius unit="feet" />
				<number_per_unit_area unit="number_per_acre" />
			</squirrel_middens>
			<basal_accumulation>
				<depth unit="inches" min="2" max="6">3</depth>
				<radius unit="feet" min="0.33" max="2">0.66</radius>
				<number_per_unit_area unit="number_per_acre">3</number_per_unit_area>
				<type>4</type>
			</basal_accumulation>
		</ground_fuel>
	</fuelbed>
</FCCS_file>
