<?xml version="1.0" encoding="UTF-8" standalone="yes"?>
<FCCS_file xmlns:xsi="http://www.w3.org/2001/XMLSchema-instance" xsi:noNamespaceSchemaLocation="cash.xsd" schemaVersion="1.4">
  <fuelbed_number>613</fuelbed_number>
  <fuelbed_name>Ponderosa pine forest 0-15 yr shrubland </fuelbed_name>
  <fuelbed_description>Ponderosa pine forest. Occurs at low to middle elevations in the eastern Cascade Range. Established 10-15 years ago after a wildfire. Shrubland, canopy cover is less than 10%.</fuelbed_description>
  <ecoregion>340,330</ecoregion>
  <vegetation_form>2</vegetation_form>
  <structural_class>5</structural_class>
  <cover_type>152</cover_type>
  <change_agent>32</change_agent>
  <natural_fire_regime>1</natural_fire_regime>
  <condition_class>3</condition_class>
  <user_name>John Barnes</user_name>
  <address/>
  <affiliation>Okanogan  Wenatchee NF</affiliation>
  <phone/>
  <file_owner_email>jabarnes@fs.fed.us</file_owner_email>
  <notes> This fuelbed created in cooperation with Richy Harrod, Jim Bailey, John Barnes, and Rick Lind of the Okanogan and Wenatchee NF. 
Compare with OW001,  Used Entiat 2.1 GR for shrub -w/some PUTR added and add bunchgrass.  Use PNW 105  4-PP-4 for Overstory (20+) and base for Woody fuels,  with some modification from local knowledge.  John Barnes modified 11-29-05.Edited by Susan Prichard and Ellen Eberhardt, February 2009.</notes>
  <date_collected>Mar 30, 2009</date_collected>
  <fuelbed_confidence/>
  <fuelbed>
    <canopy>
      <trees>
        <total_percent_cover unit="number" min="40" max="75">10</total_percent_cover>
        <overstory>
          <percent_cover unit="number" min="10" max="80">10</percent_cover>
          <height unit="feet" min="20" max="40">88</height>
          <height_to_live_crown unit="feet" min="4" max="8">20</height_to_live_crown>
          <stem_density unit="number_per_acre" min="40" max="300">18</stem_density>
          <diameter_at_breast_height unit="inches" min="3.3" max="9">24</diameter_at_breast_height>
          <species>
            <species_description>
              <tsn>183365</tsn>
              <relative_cover>100</relative_cover>
            </species_description>
          </species>
        </overstory>
        <midstory>
          <percent_cover unit="number"/>
          <height unit="feet"/>
          <height_to_live_crown unit="feet"/>
          <stem_density unit="number_per_acre"/>
          <diameter_at_breast_height unit="inches"/>
          <species/>
        </midstory>
        <understory>
          <percent_cover unit="number" min="5" max="70">10</percent_cover>
          <height unit="feet" min="1" max="10">2.5</height>
          <height_to_live_crown unit="feet" min="0" max="2">0</height_to_live_crown>
          <stem_density unit="number_per_acre" min="20" max="500">200</stem_density>
          <diameter_at_breast_height unit="inches" min="0.1" max="1">0.5</diameter_at_breast_height>
          <species>
            <species_description>
              <tsn>183365</tsn>
              <relative_cover>100</relative_cover>
            </species_description>
          </species>
        </understory>
      </trees>
      <snags>
        <class_1_conifers_with_foliage>
          <percent_cover unit="number"/>
          <height_to_crown_base unit="feet"/>
          <stem_density unit="number_per_acre"/>
          <diameter unit="inches"/>
          <height unit="feet"/>
          <species/>
        </class_1_conifers_with_foliage>
        <class_1_all_others>
          <stem_density unit="number_per_acre"/>
          <diameter unit="inches"/>
          <height unit="feet"/>
          <species/>
        </class_1_all_others>
        <class_2>
          <stem_density unit="number_per_acre" min="-3" max="-3">50</stem_density>
          <diameter unit="inches" min="-3" max="-3">13</diameter>
          <height unit="feet" min="-3" max="-3">15</height>
          <species>
            <species_description>
              <tsn>183365</tsn>
              <relative_cover>100</relative_cover>
            </species_description>
          </species>
        </class_2>
        <class_3>
          <stem_density unit="number_per_acre" min="-3" max="-3">4</stem_density>
          <diameter unit="inches" min="-3" max="-3">20</diameter>
          <height unit="feet" min="-3" max="-3">15</height>
          <species>
            <species_description>
              <tsn>183365</tsn>
              <relative_cover>100</relative_cover>
            </species_description>
          </species>
        </class_3>
      </snags>
      <ladder_fuels>
        <minimum_height unit="feet"/>
        <maximum_height unit="feet"/>
        <is_vertically_contiguous/>
        <type/>
      </ladder_fuels>
    </canopy>
    <shrubs>
      <primary_layer>
        <percent_cover unit="number" min="30" max="70">60</percent_cover>
        <height unit="feet" min="2" max="6">3</height>
        <percent_live unit="number" min="40" max="80">80</percent_live>
        <species>
          <species_description>
            <tsn>28517</tsn>
            <relative_cover>80</relative_cover>
          </species_description>
          <species_description>
            <tsn>25290</tsn>
            <relative_cover>20</relative_cover>
          </species_description>
        </species>
      </primary_layer>
      <secondary_layer>
        <percent_cover unit="number"/>
        <height unit="feet"/>
        <percent_live unit="number"/>
        <species/>
      </secondary_layer>
      <needle_drape>
        <is_sufficient_to_affect_fire_behavior>0</is_sufficient_to_affect_fire_behavior>
      </needle_drape>
    </shrubs>
    <herbaceous>
      <primary_layer>
        <percent_cover unit="number" min="10" max="40">30</percent_cover>
        <height unit="feet" min="1.5" max="4">0.5</height>
        <loading unit="tons_per_acre" min="0.2" max="1">0.1</loading>
        <percent_live unit="number" min="75" max="99">90</percent_live>
        <species>
          <species_description>
            <tsn>40540</tsn>
            <relative_cover>60</relative_cover>
          </species_description>
          <species_description>
            <tsn>504637</tsn>
            <relative_cover>40</relative_cover>
          </species_description>
        </species>
      </primary_layer>
      <secondary_layer>
        <percent_cover unit="number"/>
        <height unit="feet"/>
        <loading unit="tons_per_acre"/>
        <percent_live unit="number"/>
        <species/>
      </secondary_layer>
    </herbaceous>
    <woody_fuel>
      <all_downed_woody_fuel>
        <total_percent_cover unit="number" min="30" max="70">14</total_percent_cover>
        <depth unit="inches" min="0.5" max="5">1</depth>
      </all_downed_woody_fuel>
      <sound_wood>
        <all_sound_wood>
          <species>
            <species_description>
              <tsn>183365</tsn>
              <relative_cover>100.00</relative_cover>
            </species_description>
          </species>
        </all_sound_wood>
        <loadings_zero_to_three_inches>
          <zero_to_quarter_inch unit="tons_per_acre" min="0" max="1">0.2</zero_to_quarter_inch>
          <quarter_inch_to_one_inch unit="tons_per_acre" min="0.1" max="1">1.2</quarter_inch_to_one_inch>
          <one_to_three_inches unit="tons_per_acre" min="0.7" max="4">2.3</one_to_three_inches>
        </loadings_zero_to_three_inches>
        <loadings_greater_than_three_inches>
          <three_to_nine_inches unit="tons_per_acre" min="0" max="0">4</three_to_nine_inches>
          <nine_to_twenty_inches unit="tons_per_acre" min="0" max="0">2.4</nine_to_twenty_inches>
          <greater_than_twenty_inches unit="tons_per_acre" min="0" max="0">0</greater_than_twenty_inches>
        </loadings_greater_than_three_inches>
      </sound_wood>
      <rotten_wood>
        <all_rotten_wood>
          <species>
            <species_description>
              <tsn>183365</tsn>
              <relative_cover>100.00</relative_cover>
            </species_description>
          </species>
        </all_rotten_wood>
        <loadings_greater_than_three_inches>
          <three_to_nine_inches unit="tons_per_acre" min="5" max="16">0.1</three_to_nine_inches>
          <nine_to_twenty_inches unit="tons_per_acre" min="4" max="24">0.1</nine_to_twenty_inches>
          <greater_than_twenty_inches unit="tons_per_acre" min="0" max="10">0</greater_than_twenty_inches>
        </loadings_greater_than_three_inches>
      </rotten_wood>
      <stumps>
        <sound>
          <stem_density unit="number_per_acre"/>
          <diameter unit="inches"/>
          <height unit="feet"/>
          <species/>
        </sound>
        <rotten>
          <stem_density unit="number_per_acre"/>
          <diameter unit="inches"/>
          <height unit="feet"/>
          <species/>
        </rotten>
        <lightered_pitchy>
          <stem_density unit="number_per_acre"/>
          <diameter unit="inches"/>
          <height unit="feet"/>
          <species/>
        </lightered_pitchy>
      </stumps>
    </woody_fuel>
    <moss_lichen_litter>
      <moss>
        <type/>
        <percent_cover unit="number"/>
        <depth unit="inches"/>
      </moss>
      <ground_lichen>
        <percent_cover unit="number"/>
        <depth unit="inches"/>
      </ground_lichen>
      <litter>
        <percent_cover unit="number" min="90" max="100">28</percent_cover>
        <depth unit="inches" min="0.5" max="1.5">0.1</depth>
        <arrangement>1</arrangement>
        <litter_type>
          <short_needle_pine>
            <relative_cover/>
          </short_needle_pine>
          <long_needle_pine>
            <relative_cover>80.0</relative_cover>
          </long_needle_pine>
          <other_conifer>
            <relative_cover/>
          </other_conifer>
          <broadleaf_deciduous>
            <relative_cover/>
          </broadleaf_deciduous>
          <broadleaf_evergreen>
            <relative_cover>20.0</relative_cover>
          </broadleaf_evergreen>
          <palm_frond>
            <relative_cover/>
          </palm_frond>
          <grass>
            <relative_cover/>
          </grass>
        </litter_type>
      </litter>
    </moss_lichen_litter>
    <ground_fuel>
      <duff>
        <upper>
          <depth unit="inches" min="0.25" max="1.5">0.2</depth>
          <percent_cover unit="number" min="30" max="70">30</percent_cover>
          <derivation>1</derivation>
        </upper>
        <lower>
          <depth unit="inches"/>
          <percent_cover unit="number"/>
          <derivation/>
        </lower>
      </duff>
      <squirrel_middens>
        <depth unit="inches"/>
        <radius unit="feet"/>
        <number_per_unit_area unit="number_per_acre"/>
      </squirrel_middens>
      <basal_accumulation>
        <depth unit="inches"/>
        <radius unit="feet"/>
        <number_per_unit_area unit="number_per_acre"/>
        <type/>
      </basal_accumulation>
    </ground_fuel>
  </fuelbed>
</FCCS_file>
