<?xml version="1.0"?>
<FCCS_file xmlns:xsi="http://www.w3.org/2001/XMLSchema-instance" xsi:noNamespaceSchemaLocation="cash.xsd" schemaVersion="1.4">
	<fuelbed_number>36_413</fuelbed_number>
	<fuelbed_name>California live oak-blue oak woodland</fuelbed_name>
	<fuelbed_description>This fuelbed represents woodlands and savannas in California coastal, inland valleys,  and Sierra Nevada foothills. </fuelbed_description>
	<ecoregion>260</ecoregion>
	<vegetation_form>1</vegetation_form>
	<structural_class>4</structural_class>
	<cover_type>11,12,158</cover_type>
	<change_agent>2,3</change_agent>
	<natural_fire_regime>1</natural_fire_regime>
	<condition_class>3</condition_class>
	<user_name />
	<address />
	<affiliation />
	<phone />
	<file_owner_email />
	<notes />
	<site_photo />
	<date_collected>2003-09-17</date_collected>
	<fuelbed_confidence>2</fuelbed_confidence>
	<fuelbed>
		<canopy>
			<trees>
				<total_percent_cover unit="number" min="0" max="80" reference_id="1359">17.0</total_percent_cover>
				<overstory>
					<percent_cover unit="number" min="0" max="80" reference_id="1359">17.0</percent_cover>
					<height unit="feet" min="4" max="60" reference_id="1359">20</height>
					<height_to_live_crown unit="feet" min="1" max="30" reference_id="1359">10</height_to_live_crown>
					<stem_density unit="number_per_acre" min="20" max="60">34.0</stem_density>
					<diameter_at_breast_height unit="inches" min="9" max="30" reference_id="7016">13.9</diameter_at_breast_height>
					<species>
						<species_description>
							<tsn>19289</tsn>
							<relative_cover>46.00</relative_cover>
						</species_description>
						<species_description>
							<tsn>19322</tsn>
							<relative_cover>27.00</relative_cover>
						</species_description>
						<species_description>
							<tsn>19312</tsn>
							<relative_cover>18.00</relative_cover>
						</species_description>
						<species_description>
							<tsn>19249</tsn>
							<relative_cover>9.00</relative_cover>
						</species_description>
					</species>
				</overstory>
				<midstory>
					<percent_cover unit="number">0.0</percent_cover>
					<height unit="feet" />
					<height_to_live_crown unit="feet" />
					<stem_density unit="number_per_acre">0.0</stem_density>
					<diameter_at_breast_height unit="inches" />
					<species />
				</midstory>
				<understory>
					<percent_cover unit="number" />
					<height unit="feet" />
					<height_to_live_crown unit="feet" />
					<stem_density unit="number_per_acre" />
					<diameter_at_breast_height unit="inches" />
					<species />
				</understory>
			</trees>
			<snags>
				<class_1_conifers_with_foliage>
					<percent_cover unit="number">0.0</percent_cover>
					<height_to_crown_base unit="feet" />
					<stem_density unit="number_per_acre">0.0</stem_density>
					<diameter unit="inches" />
					<height unit="feet" />
					<species />
				</class_1_conifers_with_foliage>
				<class_1_all_others>
					<stem_density unit="number_per_acre" min="0" max="10">0.85</stem_density>
					<diameter unit="inches" min="4" max="60" reference_id="1359">20</diameter>
					<height unit="feet" min="4" max="60" reference_id="1359">15</height>
					<species>
						<species_description>
							<tsn>19289</tsn>
							<relative_cover>100.00</relative_cover>
						</species_description>
					</species>
				</class_1_all_others>
				<class_2>
					<stem_density unit="number_per_acre" min="0" max="10">0.85</stem_density>
					<diameter unit="inches" min="4" max="60" reference_id="1359">20</diameter>
					<height unit="feet" min="4" max="60" reference_id="1359">15</height>
					<species>
						<species_description>
							<tsn>19289</tsn>
							<relative_cover>100.00</relative_cover>
						</species_description>
					</species>
				</class_2>
				<class_3>
					<stem_density unit="number_per_acre" min="0" max="10">0.85</stem_density>
					<diameter unit="inches" min="4" max="60" reference_id="1359">20</diameter>
					<height unit="feet" min="4" max="60" reference_id="1359">15</height>
					<species>
						<species_description>
							<tsn>19289</tsn>
							<relative_cover>100.00</relative_cover>
						</species_description>
					</species>
				</class_3>
			</snags>
			<ladder_fuels>
				<minimum_height unit="feet" />
				<maximum_height unit="feet" />
				<is_vertically_contiguous />
				<type />
			</ladder_fuels>
		</canopy>
		<shrubs>
			<primary_layer>
				<percent_cover unit="number" min="0" max="80" reference_id="1359">19.998</percent_cover>
				<height unit="feet" min="1" max="20" reference_id="1359">5</height>
				<percent_live unit="number" min="35" max="99" reference_id="1358">69.99300000000001</percent_live>
				<species>
					<species_description>
						<tsn>28783</tsn>
						<relative_cover>34.00</relative_cover>
					</species_description>
					<species_description>
						<tsn>28819</tsn>
						<relative_cover>33.00</relative_cover>
					</species_description>
					<species_description>
						<tsn>28566</tsn>
						<relative_cover>33.00</relative_cover>
					</species_description>
				</species>
			</primary_layer>
			<secondary_layer>
				<percent_cover unit="number">0.0</percent_cover>
				<height unit="feet" />
				<percent_live unit="number">0.0</percent_live>
				<species />
			</secondary_layer>
			<needle_drape>
				<is_sufficient_to_affect_fire_behavior>0</is_sufficient_to_affect_fire_behavior>
			</needle_drape>
		</shrubs>
		<herbaceous>
			<primary_layer>
				<percent_cover unit="number" min="10" max="90" reference_id="1358">44.0</percent_cover>
				<height unit="feet" min="0.5" max="6" reference_id="1359">2</height>
				<percent_live unit="number" min="5" max="95" reference_id="1359">50</percent_live>
				<loading unit="tons_per_acre" min="0" max="5">0.44000000000000006</loading>
				<species>
					<species_description>
						<tsn>40481</tsn>
						<relative_cover>25.00</relative_cover>
					</species_description>
					<species_description>
						<tsn>40811</tsn>
						<relative_cover>25.00</relative_cover>
					</species_description>
					<species_description>
						<tsn>41458</tsn>
						<relative_cover>25.00</relative_cover>
					</species_description>
					<species_description>
						<tsn>501070</tsn>
						<relative_cover>25.00</relative_cover>
					</species_description>
				</species>
			</primary_layer>
			<secondary_layer>
				<percent_cover unit="number">0.0</percent_cover>
				<height unit="feet" />
				<percent_live unit="number" />
				<loading unit="tons_per_acre">0.0</loading>
				<species />
			</secondary_layer>
		</herbaceous>
		<woody_fuel>
			<all_downed_woody_fuel>
				<total_percent_cover unit="number" min="0" max="20" reference_id="1359">0.46875</total_percent_cover>
				<depth unit="inches" min="0" max="4" reference_id="1359">0.46875</depth>
			</all_downed_woody_fuel>
			<sound_wood>
				<loadings_zero_to_three_inches>
					<zero_to_quarter_inch unit="tons_per_acre" min="0" max="2" reference_id="1359">0.140625</zero_to_quarter_inch>
					<quarter_inch_to_one_inch unit="tons_per_acre" min="0" max="2" reference_id="1359">0.140625</quarter_inch_to_one_inch>
					<one_to_three_inches unit="tons_per_acre" min="0" max="3" reference_id="1359">0.28125</one_to_three_inches>
				</loadings_zero_to_three_inches>
				<loadings_greater_than_three_inches>
					<three_to_nine_inches unit="tons_per_acre" min="0" max="5" reference_id="1359">0.75</three_to_nine_inches>
					<nine_to_twenty_inches unit="tons_per_acre" min="0" max="5" reference_id="1359">0.75</nine_to_twenty_inches>
					<greater_than_twenty_inches unit="tons_per_acre" min="0" max="5" reference_id="1359">0.07500000000000001</greater_than_twenty_inches>
				</loadings_greater_than_three_inches>
				<all_sound_wood>
					<species />
				</all_sound_wood>
			</sound_wood>
			<rotten_wood>
				<loadings_greater_than_three_inches>
					<three_to_nine_inches unit="tons_per_acre" min="0" max="1" reference_id="1359">1.45</three_to_nine_inches>
					<nine_to_twenty_inches unit="tons_per_acre" min="0" max="1" reference_id="1359">1.45</nine_to_twenty_inches>
					<greater_than_twenty_inches unit="tons_per_acre" min="0" max="1" reference_id="1359">0.325</greater_than_twenty_inches>
				</loadings_greater_than_three_inches>
				<all_rotten_wood>
					<species>
						<species_description>
							<tsn>19289</tsn>
							<relative_cover>100.00</relative_cover>
						</species_description>
					</species>
				</all_rotten_wood>
			</rotten_wood>
			<stumps>
				<sound>
					<stem_density unit="number_per_acre" min="0" max="20" reference_id="1359">2</stem_density>
					<diameter unit="inches" min="4" max="60" reference_id="1359">15</diameter>
					<height unit="feet" min="0.5" max="4" reference_id="1359">1</height>
					<species>
						<species_description>
							<tsn>19289</tsn>
							<relative_cover>100.00</relative_cover>
						</species_description>
					</species>
				</sound>
				<rotten>
					<stem_density unit="number_per_acre" min="0" max="5" reference_id="1359">1</stem_density>
					<diameter unit="inches" min="4" max="60" reference_id="1359">15</diameter>
					<height unit="feet" min="0.5" max="4" reference_id="1359">1</height>
					<species>
						<species_description>
							<tsn>19289</tsn>
							<relative_cover>100.00</relative_cover>
						</species_description>
					</species>
				</rotten>
				<lightered_pitchy>
					<stem_density unit="number_per_acre" />
					<diameter unit="inches" />
					<height unit="feet" />
					<species />
				</lightered_pitchy>
			</stumps>
			<piles>
				<clean_loading unit="tons_per_acre">0.008986</clean_loading>
				<dirty_loading unit="tons_per_acre">0.000000</dirty_loading>
				<verydirty_loading unit="tons_per_acre">0.000000</verydirty_loading>
				<pileData>
					<header>pileGroupID,pileGroupName,numPiles,pileType,pileShape,W1,L1,H1,W2,L2,H2,soilPercent,packingRatio,handPileSpecies,species1_TSN,species1_percent,species2_TSN,species2_percent,pileQuality,percentConsumed</header>
					<pileGroups>
						<pileGroup>2,,1,1,5,1.50,2.00,1.00,,,,,,1,,,,,,90</pileGroup>
					</pileGroups>
				</pileData>
			</piles>
		</woody_fuel>
		<moss_lichen_litter>
			<moss>
				<percent_cover unit="number" />
				<depth unit="inches" />
				<type />
			</moss>
			<ground_lichen>
				<percent_cover unit="number" />
				<depth unit="inches" />
			</ground_lichen>
			<litter>
				<percent_cover unit="number" min="15" max="85" reference_id="1359">50.0</percent_cover>
				<depth unit="inches" min="0" max="2" reference_id="1359">0.5</depth>
				<arrangement>2</arrangement>
				<litter_type>
					<short_needle_pine>
						<relative_cover />
					</short_needle_pine>
					<long_needle_pine>
						<relative_cover />
					</long_needle_pine>
					<other_conifer>
						<relative_cover />
					</other_conifer>
					<broadleaf_deciduous>
						<relative_cover>50.00</relative_cover>
					</broadleaf_deciduous>
					<broadleaf_evergreen>
						<relative_cover />
					</broadleaf_evergreen>
					<palm_frond>
						<relative_cover />
					</palm_frond>
					<grass>
						<relative_cover>50.00</relative_cover>
					</grass>
				</litter_type>
			</litter>
		</moss_lichen_litter>
		<ground_fuel>
			<duff>
				<upper>
					<percent_cover unit="number" min="5" max="75" reference_id="1358">50.0</percent_cover>
					<depth unit="inches" min="0" max="2" reference_id="1359">1.25</depth>
					<derivation>1</derivation>
				</upper>
				<lower>
					<percent_cover unit="number" min="0" max="70" reference_id="1358" />
					<depth unit="inches" min="0" max="2" reference_id="1359" />
					<derivation />
					<loading unit="tons_per_acre" />
				</lower>
			</duff>
			<basal_accumulation>
				<radius unit="feet" />
				<depth unit="inches" />
				<number_per_unit_area unit="number_per_acre" />
				<type />
			</basal_accumulation>
			<squirrel_middens>
				<depth unit="inches" />
				<number_per_unit_area unit="number_per_acre" />
				<radius unit="feet" />
			</squirrel_middens>
		</ground_fuel>
	</fuelbed>
</FCCS_file>
