<?xml version="1.0"?>
<FCCS_file xmlns:xsi="http://www.w3.org/2001/XMLSchema-instance" xsi:noNamespaceSchemaLocation="cash.xsd" schemaVersion="1.4">
	<fuelbed_number>147_212</fuelbed_number>
	<fuelbed_name>Jack pine savanna</fuelbed_name>
	<fuelbed_description>Open jack pine savanna occurs in the northern Great Lake States on dry soils.</fuelbed_description>
	<ecoregion>210</ecoregion>
	<vegetation_form>5</vegetation_form>
	<structural_class>4</structural_class>
	<cover_type>14</cover_type>
	<change_agent>18</change_agent>
	<natural_fire_regime>1</natural_fire_regime>
	<condition_class>1</condition_class>
	<user_name />
	<address />
	<affiliation />
	<phone />
	<file_owner_email />
	<notes />
	<site_photo />
	<date_collected>2003-09-17</date_collected>
	<fuelbed_confidence>4</fuelbed_confidence>
	<fuelbed>
		<canopy>
			<trees>
				<total_percent_cover unit="number" min="10" max="45">21.25</total_percent_cover>
				<overstory>
					<percent_cover unit="number" min="5" max="35" reference_id="5007">18.75</percent_cover>
					<height unit="feet" min="20" max="31" reference_id="5007">27</height>
					<height_to_live_crown unit="feet" min="1" max="7.6" reference_id="5007">5.625</height_to_live_crown>
					<stem_density unit="number_per_acre" min="35" max="200" reference_id="5007">75.0</stem_density>
					<diameter_at_breast_height unit="inches" min="5.5" max="10" reference_id="5007">7.700000000000001</diameter_at_breast_height>
					<species>
						<species_description>
							<tsn>183319</tsn>
							<relative_cover>100.00</relative_cover>
						</species_description>
					</species>
				</overstory>
				<midstory>
					<percent_cover unit="number" min="0" max="30">15.0</percent_cover>
					<height unit="feet" min="8" max="14" reference_id="5007">12</height>
					<height_to_live_crown unit="feet" min="1" max="7" reference_id="5007">2.75</height_to_live_crown>
					<stem_density unit="number_per_acre" min="0" max="50">22.5</stem_density>
					<diameter_at_breast_height unit="inches" min="2.5" max="4" reference_id="5007">3.3000000000000003</diameter_at_breast_height>
					<species>
						<species_description>
							<tsn>183319</tsn>
							<relative_cover>100.00</relative_cover>
						</species_description>
					</species>
				</midstory>
				<understory>
					<percent_cover unit="number" min="0" max="30">5.0</percent_cover>
					<height unit="feet" min="4" max="8" reference_id="5007">6</height>
					<height_to_live_crown unit="feet" min="0.5" max="2" reference_id="5007">1</height_to_live_crown>
					<stem_density unit="number_per_acre" min="0" max="700">3.75</stem_density>
					<diameter_at_breast_height unit="inches" min="0" max="1.2" reference_id="5007">0.2</diameter_at_breast_height>
					<species>
						<species_description>
							<tsn>183319</tsn>
							<relative_cover>95.00</relative_cover>
						</species_description>
						<species_description>
							<tsn>24806</tsn>
							<relative_cover>5.00</relative_cover>
						</species_description>
					</species>
				</understory>
			</trees>
			<snags>
				<class_1_conifers_with_foliage>
					<percent_cover unit="number" min="0" max="19">0.14645</percent_cover>
					<height_to_crown_base unit="feet" min="0" max="19">12.673</height_to_crown_base>
					<stem_density unit="number_per_acre" min="0" max="50">10</stem_density>
					<diameter unit="inches" min="4.5" max="10.2">6</diameter>
					<height unit="feet" min="15.5" max="31">19</height>
					<species>
						<species_description>
							<tsn>183319</tsn>
							<relative_cover>100.00</relative_cover>
						</species_description>
					</species>
				</class_1_conifers_with_foliage>
				<class_1_all_others>
					<stem_density unit="number_per_acre" />
					<diameter unit="inches" />
					<height unit="feet" />
					<species />
				</class_1_all_others>
				<class_2>
					<stem_density unit="number_per_acre" min="0" max="50">10</stem_density>
					<diameter unit="inches" min="4.5" max="10.2">6</diameter>
					<height unit="feet" min="15.5" max="31">19</height>
					<species>
						<species_description>
							<tsn>183319</tsn>
							<relative_cover>100.00</relative_cover>
						</species_description>
					</species>
				</class_2>
				<class_3>
					<stem_density unit="number_per_acre" min="0" max="50">10</stem_density>
					<diameter unit="inches" min="3" max="8" reference_id="5000">5</diameter>
					<height unit="feet" min="4.5" max="15">8</height>
					<species>
						<species_description>
							<tsn>183319</tsn>
							<relative_cover>100.00</relative_cover>
						</species_description>
					</species>
				</class_3>
			</snags>
			<ladder_fuels>
				<minimum_height unit="feet" />
				<maximum_height unit="feet" />
				<is_vertically_contiguous />
				<type />
			</ladder_fuels>
		</canopy>
		<shrubs>
			<primary_layer>
				<percent_cover unit="number" min="20" max="35" reference_id="5007">22.275000000000002</percent_cover>
				<height unit="feet" min="0.5" max="1" reference_id="5007">0.8</height>
				<percent_live unit="number" min="65" max="100" reference_id="5000">90.0</percent_live>
				<species>
					<species_description>
						<tsn>23579</tsn>
						<relative_cover>90.00</relative_cover>
					</species_description>
					<species_description>
						<tsn>23530</tsn>
						<relative_cover>5.00</relative_cover>
					</species_description>
					<species_description>
						<tsn>23646</tsn>
						<relative_cover>5.00</relative_cover>
					</species_description>
				</species>
			</primary_layer>
			<secondary_layer>
				<percent_cover unit="number">0.0</percent_cover>
				<height unit="feet" />
				<percent_live unit="number">0.0</percent_live>
				<species />
			</secondary_layer>
			<needle_drape>
				<is_sufficient_to_affect_fire_behavior>0</is_sufficient_to_affect_fire_behavior>
			</needle_drape>
		</shrubs>
		<herbaceous>
			<primary_layer>
				<percent_cover unit="number" min="10" max="95" reference_id="5007">46.875</percent_cover>
				<height unit="feet" min="0.5" max="1.5">1</height>
				<percent_live unit="number" min="0" max="100" reference_id="5000">89.97749999999999</percent_live>
				<loading unit="tons_per_acre" min="0" max="4">0.28125</loading>
				<species>
					<species_description>
						<tsn>41642</tsn>
						<relative_cover>40.00</relative_cover>
					</species_description>
					<species_description>
						<tsn>39749</tsn>
						<relative_cover>30.00</relative_cover>
					</species_description>
					<species_description>
						<tsn>41979</tsn>
						<relative_cover>30.00</relative_cover>
					</species_description>
				</species>
			</primary_layer>
			<secondary_layer>
				<percent_cover unit="number" min="0" max="20">14.0625</percent_cover>
				<height unit="feet" min="0" max="0.5" reference_id="5007">0.3</height>
				<percent_live unit="number" min="0" max="100" reference_id="5000">89.97749999999999</percent_live>
				<loading unit="tons_per_acre" min="0" max="1">0.009375</loading>
				<species>
					<species_description>
						<tsn>17224</tsn>
						<relative_cover>50.00</relative_cover>
					</species_description>
					<species_description>
						<tsn>501619</tsn>
						<relative_cover>50.00</relative_cover>
					</species_description>
				</species>
			</secondary_layer>
		</herbaceous>
		<woody_fuel>
			<all_downed_woody_fuel>
				<total_percent_cover unit="number" min="1" max="20" reference_id="5000">4.6875</total_percent_cover>
				<depth unit="inches" min="0" max="1" reference_id="5000">0.28125</depth>
			</all_downed_woody_fuel>
			<sound_wood>
				<loadings_zero_to_three_inches>
					<zero_to_quarter_inch unit="tons_per_acre" min="0.1" max="0.3" reference_id="5007">0.375</zero_to_quarter_inch>
					<quarter_inch_to_one_inch unit="tons_per_acre" min="0" max="0.2" reference_id="5007">0.75</quarter_inch_to_one_inch>
					<one_to_three_inches unit="tons_per_acre" min="0.1" max="0.3" reference_id="5007">0.375</one_to_three_inches>
				</loadings_zero_to_three_inches>
				<loadings_greater_than_three_inches>
					<three_to_nine_inches unit="tons_per_acre" min="0.1" max="0.6" reference_id="5007">0.22499999999999998</three_to_nine_inches>
					<nine_to_twenty_inches unit="tons_per_acre" min="0" max="0" reference_id="5007">0.0</nine_to_twenty_inches>
					<greater_than_twenty_inches unit="tons_per_acre" min="0" max="0" reference_id="5007">0.0</greater_than_twenty_inches>
				</loadings_greater_than_three_inches>
				<all_sound_wood>
					<species>
						<species_description>
							<tsn>183319</tsn>
							<relative_cover>100.00</relative_cover>
						</species_description>
					</species>
				</all_sound_wood>
			</sound_wood>
			<rotten_wood>
				<loadings_greater_than_three_inches>
					<three_to_nine_inches unit="tons_per_acre" min="0" max="0.6" reference_id="5007">0.075</three_to_nine_inches>
					<nine_to_twenty_inches unit="tons_per_acre" min="0" max="0" reference_id="5007">0.0</nine_to_twenty_inches>
					<greater_than_twenty_inches unit="tons_per_acre" min="0" max="0" reference_id="5007">0.0</greater_than_twenty_inches>
				</loadings_greater_than_three_inches>
				<all_rotten_wood>
					<species>
						<species_description>
							<tsn>183319</tsn>
							<relative_cover>100.00</relative_cover>
						</species_description>
					</species>
				</all_rotten_wood>
			</rotten_wood>
			<stumps>
				<sound>
					<stem_density unit="number_per_acre">32.5</stem_density>
					<diameter unit="inches" />
					<height unit="feet" />
					<species />
				</sound>
				<rotten>
					<stem_density unit="number_per_acre" />
					<diameter unit="inches" />
					<height unit="feet" />
					<species />
				</rotten>
				<lightered_pitchy>
					<stem_density unit="number_per_acre" />
					<diameter unit="inches" />
					<height unit="feet" />
					<species />
				</lightered_pitchy>
			</stumps>
		</woody_fuel>
		<moss_lichen_litter>
			<moss>
				<percent_cover unit="number" min="1" max="70" reference_id="5000">5</percent_cover>
				<depth unit="inches" min="0.2" max="1.8" reference_id="5007">0.2</depth>
				<type>2</type>
			</moss>
			<ground_lichen>
				<percent_cover unit="number" min="1" max="70" reference_id="5000">5</percent_cover>
				<depth unit="inches" min="0.2" max="1.8" reference_id="5007">0.2</depth>
			</ground_lichen>
			<litter>
				<percent_cover unit="number" min="30" max="99" reference_id="5007">100.0</percent_cover>
				<depth unit="inches" min="0.2" max="1" reference_id="5007">0.625</depth>
				<arrangement>1</arrangement>
				<litter_type>
					<short_needle_pine>
						<relative_cover>40.00</relative_cover>
					</short_needle_pine>
					<long_needle_pine>
						<relative_cover />
					</long_needle_pine>
					<other_conifer>
						<relative_cover />
					</other_conifer>
					<broadleaf_deciduous>
						<relative_cover />
					</broadleaf_deciduous>
					<broadleaf_evergreen>
						<relative_cover />
					</broadleaf_evergreen>
					<palm_frond>
						<relative_cover />
					</palm_frond>
					<grass>
						<relative_cover>60.00</relative_cover>
					</grass>
				</litter_type>
			</litter>
		</moss_lichen_litter>
		<ground_fuel>
			<duff>
				<upper>
					<percent_cover unit="number" min="45" max="90" reference_id="5007">70</percent_cover>
					<depth unit="inches" min="0.1" max="0.6" reference_id="5007">0.4</depth>
					<derivation>1</derivation>
				</upper>
				<lower>
					<percent_cover unit="number" min="45" max="90" reference_id="5007" />
					<depth unit="inches" min="0.1" max="0.6" reference_id="5007" />
					<derivation />
					<loading unit="tons_per_acre" />
				</lower>
			</duff>
			<basal_accumulation>
				<radius unit="feet" />
				<depth unit="inches" />
				<number_per_unit_area unit="number_per_acre" />
				<type />
			</basal_accumulation>
			<squirrel_middens>
				<depth unit="inches" />
				<number_per_unit_area unit="number_per_acre" />
				<radius unit="feet" />
			</squirrel_middens>
		</ground_fuel>
	</fuelbed>
</FCCS_file>
