<?xml version="1.0" encoding="UTF-8" standalone="yes"?>
<FCCS_file xmlns:xsi="http://www.w3.org/2001/XMLSchema-instance" xsi:noNamespaceSchemaLocation="cash.xsd" schemaVersion="1.4">
  <fuelbed_number>1103</fuelbed_number>
  <fuelbed_name>Jeffrey pine -- white fir forest 25-50 years </fuelbed_name>
  <fuelbed_description>Jeffrey pine and white fir forest. Occurs at middle elevations in the Lake Tahoe Basin. Established following stand-replacement wildfire 25 to 50 years ago with no subsequent management.  Stands composed of high density poles. </fuelbed_description>
  <ecoregion>260,340</ecoregion>
  <vegetation_form>2</vegetation_form>
  <structural_class>3</structural_class>
  <cover_type>119,154</cover_type>
  <change_agent>18</change_agent>
  <natural_fire_regime>1</natural_fire_regime>
  <condition_class>3</condition_class>
  <user_name>Roger Ottmar and Tom Leuschen</user_name>
  <address>PNW-Seattle</address>
  <affiliation>PNW-Seattle</affiliation>
  <phone>206-732-7826</phone>
  <file_owner_email>rottmar@fs.fed.us</file_owner_email>
  <notes>This fuelbed created in cooperation with Roger Ottmar, Richy Harrod, Jim Bailey, John Barnes, and Rick Lind of the Okanogan and Wenatchee NF. 
Used Okanogan/Wenatchee Fuelbed 128 and adjusted for species and adjusted custom page.  
AA edited shrub and nonwoody species. AA edited name and description May 2009.</notes>
  <date_collected>Nov 9, 2009</date_collected>
  <fuelbed_confidence/>
  <fuelbed>
    <canopy>
      <trees>
        <total_percent_cover unit="number" min="50" max="100">90</total_percent_cover>
        <overstory>
          <percent_cover unit="number" min="5" max="40">10</percent_cover>
          <height unit="feet" min="30" max="120">105</height>
          <height_to_live_crown unit="feet" min="5" max="50">30</height_to_live_crown>
          <stem_density unit="number_per_acre" min="3" max="40">18</stem_density>
          <diameter_at_breast_height unit="inches" min="10" max="60">25</diameter_at_breast_height>
          <species>
            <species_description>
              <tsn>183345</tsn>
              <relative_cover>100.00</relative_cover>
            </species_description>
          </species>
        </overstory>
        <midstory>
          <percent_cover unit="number" min="30" max="70">20</percent_cover>
          <height unit="feet" min="20" max="80">35</height>
          <height_to_live_crown unit="feet" min="2" max="40">12</height_to_live_crown>
          <stem_density unit="number_per_acre" min="20" max="150">18</stem_density>
          <diameter_at_breast_height unit="inches" min="6" max="30">9</diameter_at_breast_height>
          <species>
            <species_description>
              <tsn>183345</tsn>
              <relative_cover>80</relative_cover>
            </species_description>
            <species_description>
              <tsn>181826</tsn>
              <relative_cover>20</relative_cover>
            </species_description>
          </species>
        </midstory>
        <understory>
          <percent_cover unit="number" min="10" max="60">60</percent_cover>
          <height unit="feet" min="1" max="30">15</height>
          <height_to_live_crown unit="feet" min="0" max="15">7</height_to_live_crown>
          <stem_density unit="number_per_acre" min="50" max="2000">1200</stem_density>
          <diameter_at_breast_height unit="inches" min="0.5" max="8">3</diameter_at_breast_height>
          <species>
            <species_description>
              <tsn>183345</tsn>
              <relative_cover>80</relative_cover>
            </species_description>
            <species_description>
              <tsn>181826</tsn>
              <relative_cover>20</relative_cover>
            </species_description>
          </species>
        </understory>
      </trees>
      <snags>
        <class_1_conifers_with_foliage>
          <percent_cover unit="number"/>
          <height_to_crown_base unit="feet"/>
          <stem_density unit="number_per_acre"/>
          <diameter unit="inches"/>
          <height unit="feet"/>
          <species/>
        </class_1_conifers_with_foliage>
        <class_1_all_others>
          <stem_density unit="number_per_acre"/>
          <diameter unit="inches"/>
          <height unit="feet"/>
          <species/>
        </class_1_all_others>
        <class_2>
          <stem_density unit="number_per_acre" min="0" max="10">4</stem_density>
          <diameter unit="inches" min="6" max="70">9</diameter>
          <height unit="feet" min="10" max="120">30</height>
          <species>
            <species_description>
              <tsn>183345</tsn>
              <relative_cover>70</relative_cover>
            </species_description>
            <species_description>
              <tsn>181826</tsn>
              <relative_cover>30</relative_cover>
            </species_description>
          </species>
        </class_2>
        <class_3>
          <stem_density unit="number_per_acre" min="-3" max="-3">4</stem_density>
          <diameter unit="inches" min="-3" max="-3">9</diameter>
          <height unit="feet" min="-3" max="-3">13</height>
          <species>
            <species_description>
              <tsn>183345</tsn>
              <relative_cover>70</relative_cover>
            </species_description>
            <species_description>
              <tsn>181826</tsn>
              <relative_cover>30</relative_cover>
            </species_description>
          </species>
        </class_3>
      </snags>
      <ladder_fuels>
        <minimum_height unit="feet" min="0" max="15">7</minimum_height>
        <maximum_height unit="feet" min="1" max="30">30</maximum_height>
        <is_vertically_contiguous>1</is_vertically_contiguous>
        <type>7</type>
      </ladder_fuels>
    </canopy>
    <shrubs>
      <primary_layer>
        <percent_cover unit="number" min="0" max="10">30</percent_cover>
        <height unit="feet" min="0.5" max="6">2</height>
        <percent_live unit="number" min="70" max="100">30</percent_live>
        <species>
          <species_description>
            <tsn>23467</tsn>
            <relative_cover>50</relative_cover>
          </species_description>
          <species_description>
            <tsn>28517</tsn>
            <relative_cover>25</relative_cover>
          </species_description>
          <species_description>
            <tsn>35330</tsn>
            <relative_cover>20</relative_cover>
          </species_description>
          <species_description>
            <tsn>25134</tsn>
            <relative_cover>5</relative_cover>
          </species_description>
        </species>
      </primary_layer>
      <secondary_layer>
        <percent_cover unit="number"/>
        <height unit="feet"/>
        <percent_live unit="number"/>
        <species/>
      </secondary_layer>
      <needle_drape>
        <is_sufficient_to_affect_fire_behavior>1</is_sufficient_to_affect_fire_behavior>
      </needle_drape>
    </shrubs>
    <herbaceous>
      <primary_layer>
        <percent_cover unit="number" min="2" max="30">20</percent_cover>
        <height unit="feet" min="0.5" max="2">0.6</height>
        <loading unit="tons_per_acre" min="0" max="0.5">0.05</loading>
        <percent_live unit="number" min="40" max="99">90</percent_live>
        <species>
          <species_description>
            <tsn>38684</tsn>
            <relative_cover>20</relative_cover>
          </species_description>
          <species_description>
            <tsn>39786</tsn>
            <relative_cover>20</relative_cover>
          </species_description>
          <species_description>
            <tsn>41097</tsn>
            <relative_cover>20</relative_cover>
          </species_description>
          <species_description>
            <tsn>502264</tsn>
            <relative_cover>20</relative_cover>
          </species_description>
          <species_description>
            <tsn>525109</tsn>
            <relative_cover>20</relative_cover>
          </species_description>
        </species>
      </primary_layer>
      <secondary_layer>
        <percent_cover unit="number"/>
        <height unit="feet"/>
        <loading unit="tons_per_acre"/>
        <percent_live unit="number"/>
        <species/>
      </secondary_layer>
    </herbaceous>
    <woody_fuel>
      <all_downed_woody_fuel>
        <total_percent_cover unit="number" min="50" max="95">84</total_percent_cover>
        <depth unit="inches" min="0.5" max="3">2</depth>
      </all_downed_woody_fuel>
      <sound_wood>
        <all_sound_wood>
          <species>
            <species_description>
              <tsn>183345</tsn>
              <relative_cover>70</relative_cover>
            </species_description>
            <species_description>
              <tsn>181826</tsn>
              <relative_cover>30</relative_cover>
            </species_description>
          </species>
        </all_sound_wood>
        <loadings_zero_to_three_inches>
          <zero_to_quarter_inch unit="tons_per_acre" min="0" max="1">0.1</zero_to_quarter_inch>
          <quarter_inch_to_one_inch unit="tons_per_acre" min="0" max="3">1</quarter_inch_to_one_inch>
          <one_to_three_inches unit="tons_per_acre" min="0" max="3">2.5</one_to_three_inches>
        </loadings_zero_to_three_inches>
        <loadings_greater_than_three_inches>
          <three_to_nine_inches unit="tons_per_acre" min="0" max="5">1.7</three_to_nine_inches>
          <nine_to_twenty_inches unit="tons_per_acre" min="0" max="5">2.5</nine_to_twenty_inches>
          <greater_than_twenty_inches unit="tons_per_acre" min="0" max="5">0</greater_than_twenty_inches>
        </loadings_greater_than_three_inches>
      </sound_wood>
      <rotten_wood>
        <all_rotten_wood>
          <species>
            <species_description>
              <tsn>183345</tsn>
              <relative_cover>70</relative_cover>
            </species_description>
            <species_description>
              <tsn>181826</tsn>
              <relative_cover>30</relative_cover>
            </species_description>
          </species>
        </all_rotten_wood>
        <loadings_greater_than_three_inches>
          <three_to_nine_inches unit="tons_per_acre" min="0" max="5">2.5</three_to_nine_inches>
          <nine_to_twenty_inches unit="tons_per_acre" min="0" max="5">2.2</nine_to_twenty_inches>
          <greater_than_twenty_inches unit="tons_per_acre" min="0" max="5">0</greater_than_twenty_inches>
        </loadings_greater_than_three_inches>
      </rotten_wood>
      <stumps>
        <sound>
          <stem_density unit="number_per_acre"/>
          <diameter unit="inches"/>
          <height unit="feet"/>
          <species/>
        </sound>
        <rotten>
          <stem_density unit="number_per_acre"/>
          <diameter unit="inches"/>
          <height unit="feet"/>
          <species/>
        </rotten>
        <lightered_pitchy>
          <stem_density unit="number_per_acre"/>
          <diameter unit="inches"/>
          <height unit="feet"/>
          <species/>
        </lightered_pitchy>
      </stumps>
    </woody_fuel>
    <moss_lichen_litter>
      <moss>
        <type/>
        <percent_cover unit="number"/>
        <depth unit="inches"/>
      </moss>
      <ground_lichen>
        <percent_cover unit="number"/>
        <depth unit="inches"/>
      </ground_lichen>
      <litter>
        <percent_cover unit="number" min="75" max="100">96</percent_cover>
        <depth unit="inches" min="0.1" max="4">1</depth>
        <arrangement>1</arrangement>
        <litter_type>
          <short_needle_pine>
            <relative_cover/>
          </short_needle_pine>
          <long_needle_pine>
            <relative_cover>80.0</relative_cover>
          </long_needle_pine>
          <other_conifer>
            <relative_cover/>
          </other_conifer>
          <broadleaf_deciduous>
            <relative_cover/>
          </broadleaf_deciduous>
          <broadleaf_evergreen>
            <relative_cover>10.0</relative_cover>
          </broadleaf_evergreen>
          <palm_frond>
            <relative_cover/>
          </palm_frond>
          <grass>
            <relative_cover>10.0</relative_cover>
          </grass>
        </litter_type>
      </litter>
    </moss_lichen_litter>
    <ground_fuel>
      <duff>
        <upper>
          <depth unit="inches" min="0" max="2">0.2</depth>
          <percent_cover unit="number" min="75" max="100">96</percent_cover>
          <derivation>1</derivation>
        </upper>
        <lower>
          <depth unit="inches" min="0" max="2">0.1</depth>
          <percent_cover unit="number" min="75" max="100">10</percent_cover>
          <derivation>3</derivation>
        </lower>
      </duff>
      <squirrel_middens>
        <depth unit="inches"/>
        <radius unit="feet"/>
        <number_per_unit_area unit="number_per_acre"/>
      </squirrel_middens>
      <basal_accumulation>
        <depth unit="inches" min="0.3" max="4">1</depth>
        <radius unit="feet" min="0.3" max="2">2</radius>
        <number_per_unit_area unit="number_per_acre">4.5</number_per_unit_area>
        <type>2</type>
      </basal_accumulation>
    </ground_fuel>
  </fuelbed>
</FCCS_file>
