<?xml version="1.0" encoding="UTF-8" standalone="yes"?>
<FCCS_file xmlns:xsi="http://www.w3.org/2001/XMLSchema-instance" xsi:noNamespaceSchemaLocation="cash.xsd" schemaVersion="1.4">
  <fuelbed_number>1529</fuelbed_number>
  <fuelbed_name>Douglas-fir -- ponderosa pine -- grand fir forest over 150 years</fuelbed_name>
  <fuelbed_description>Warm, dry Douglas-fir, ponderosa pine and grand fir forest. Occurs at elevations between 4000 and 6000 feet in the mountains of northeastern Oregon. Established over 150 years ago following disturbance with a history of select tree harvests. Stands had recent select tree harvest followed by prescribed fire to reduce woody fuels and have medium density canopy and woody fuel loads.  Western larch may be present in overstory.</fuelbed_description>
  <ecoregion>330,340</ecoregion>
  <vegetation_form>2</vegetation_form>
  <structural_class>1</structural_class>
  <cover_type>123,144</cover_type>
  <change_agent>12,8</change_agent>
  <natural_fire_regime>1</natural_fire_regime>
  <condition_class>2</condition_class>
  <user_name/>
  <address/>
  <affiliation/>
  <phone/>
  <file_owner_email/>
  <notes/>
  <site_photo/>
  <date_collected>2003-09-17</date_collected>
  <fuelbed_confidence/>
  <fuelbed>
    <canopy>
      <trees>
        <total_percent_cover unit="number" min="-3" max="-3">30</total_percent_cover>
        <overstory>
          <percent_cover unit="number" min="-3" max="-3">25</percent_cover>
          <height unit="feet" min="-3" max="-3">121</height>
          <height_to_live_crown unit="feet" min="-3" max="-3">50</height_to_live_crown>
          <stem_density unit="number_per_acre" min="-3" max="-3">35</stem_density>
          <diameter_at_breast_height unit="inches" min="-3" max="-3">20</diameter_at_breast_height>
          <species>
            <species_description>
              <tsn>183424</tsn>
              <relative_cover>40.00</relative_cover>
            </species_description>
            <species_description>
              <tsn>183284</tsn>
              <relative_cover>35.00</relative_cover>
            </species_description>
            <species_description>
              <tsn>183365</tsn>
              <relative_cover>25.00</relative_cover>
            </species_description>
          </species>
        </overstory>
        <midstory>
          <percent_cover unit="number"/>
          <height unit="feet"/>
          <height_to_live_crown unit="feet"/>
          <stem_density unit="number_per_acre"/>
          <diameter_at_breast_height unit="inches"/>
          <species/>
        </midstory>
        <understory>
          <percent_cover unit="number" min="-3" max="-3">10</percent_cover>
          <height unit="feet" min="-3" max="-3">7</height>
          <height_to_live_crown unit="feet" min="-3" max="-3">3</height_to_live_crown>
          <stem_density unit="number_per_acre" min="-3" max="-3">50</stem_density>
          <diameter_at_breast_height unit="inches" min="-3" max="-3">1</diameter_at_breast_height>
          <species>
            <species_description>
              <tsn>183284</tsn>
              <relative_cover>60.00</relative_cover>
            </species_description>
            <species_description>
              <tsn>183424</tsn>
              <relative_cover>40.00</relative_cover>
            </species_description>
          </species>
        </understory>
      </trees>
      <snags>
        <class_1_conifers_with_foliage>
          <percent_cover unit="number"/>
          <height_to_crown_base unit="feet"/>
          <stem_density unit="number_per_acre"/>
          <diameter unit="inches"/>
          <height unit="feet"/>
          <species/>
        </class_1_conifers_with_foliage>
        <class_1_all_others>
          <stem_density unit="number_per_acre"/>
          <diameter unit="inches"/>
          <height unit="feet"/>
          <species/>
        </class_1_all_others>
        <class_2>
          <stem_density unit="number_per_acre"/>
          <diameter unit="inches"/>
          <height unit="feet"/>
          <species/>
        </class_2>
        <class_3>
          <stem_density unit="number_per_acre" min="-3" max="-3">2</stem_density>
          <diameter unit="inches" min="-3" max="-3">7</diameter>
          <height unit="feet" min="-3" max="-3">20</height>
          <species>
            <species_description>
              <tsn>183365</tsn>
              <relative_cover>40.00</relative_cover>
            </species_description>
            <species_description>
              <tsn>183424</tsn>
              <relative_cover>35.00</relative_cover>
            </species_description>
            <species_description>
              <tsn>183417</tsn>
              <relative_cover>25.00</relative_cover>
            </species_description>
          </species>
        </class_3>
      </snags>
      <ladder_fuels>
        <minimum_height unit="feet" min="-3" max="-3">0</minimum_height>
        <maximum_height unit="feet" min="-3" max="-3">7</maximum_height>
        <is_vertically_contiguous>0</is_vertically_contiguous>
        <type>7</type>
      </ladder_fuels>
    </canopy>
    <shrubs>
      <primary_layer>
        <percent_cover unit="number" min="-3" max="-3">20</percent_cover>
        <height unit="feet" min="-3" max="-3">1.9</height>
        <percent_live unit="number" min="-3" max="-3">70</percent_live>
        <species>
          <species_description>
            <tsn>35332</tsn>
            <relative_cover>35.00</relative_cover>
          </species_description>
          <species_description>
            <tsn>25331</tsn>
            <relative_cover>35.00</relative_cover>
          </species_description>
          <species_description>
            <tsn>18832</tsn>
            <relative_cover>30.00</relative_cover>
          </species_description>
        </species>
      </primary_layer>
      <secondary_layer>
        <percent_cover unit="number"/>
        <height unit="feet"/>
        <percent_live unit="number"/>
        <species/>
      </secondary_layer>
      <needle_drape>
        <is_sufficient_to_affect_fire_behavior>0</is_sufficient_to_affect_fire_behavior>
      </needle_drape>
    </shrubs>
    <herbaceous>
      <primary_layer>
        <percent_cover unit="number" min="-3" max="-3">40</percent_cover>
        <height unit="feet" min="-3" max="-3">0.2</height>
        <percent_live unit="number" min="-3" max="-3">90</percent_live>
        <loading unit="tons_per_acre" min="-3" max="-3">0.7</loading>
        <species>
          <species_description>
            <tsn>40540</tsn>
            <relative_cover>50.00</relative_cover>
          </species_description>
          <species_description>
            <tsn>39613</tsn>
            <relative_cover>50.00</relative_cover>
          </species_description>
        </species>
      </primary_layer>
      <secondary_layer>
        <percent_cover unit="number"/>
        <height unit="feet"/>
        <percent_live unit="number"/>
        <loading unit="tons_per_acre"/>
        <species/>
      </secondary_layer>
    </herbaceous>
    <woody_fuel>
      <all_downed_woody_fuel>
        <total_percent_cover unit="number" min="-3" max="-3">20</total_percent_cover>
        <depth unit="inches" min="-3" max="-3">0.1</depth>
      </all_downed_woody_fuel>
      <sound_wood>
        <loadings_zero_to_three_inches>
          <zero_to_quarter_inch unit="tons_per_acre" min="-3" max="-3">0.1</zero_to_quarter_inch>
          <quarter_inch_to_one_inch unit="tons_per_acre" min="-3" max="-3">0.25</quarter_inch_to_one_inch>
          <one_to_three_inches unit="tons_per_acre" min="-3" max="-3">0.4</one_to_three_inches>
        </loadings_zero_to_three_inches>
        <loadings_greater_than_three_inches>
          <three_to_nine_inches unit="tons_per_acre" min="-3" max="-3">1.5</three_to_nine_inches>
          <nine_to_twenty_inches unit="tons_per_acre" min="-3" max="-3">0.5</nine_to_twenty_inches>
          <greater_than_twenty_inches unit="tons_per_acre" min="-3" max="-3">0</greater_than_twenty_inches>
        </loadings_greater_than_three_inches>
        <all_sound_wood>
          <species>
            <species_description>
              <tsn>183424</tsn>
              <relative_cover>50.00</relative_cover>
            </species_description>
            <species_description>
              <tsn>183365</tsn>
              <relative_cover>40.00</relative_cover>
            </species_description>
            <species_description>
              <tsn>183284</tsn>
              <relative_cover>10.00</relative_cover>
            </species_description>
          </species>
        </all_sound_wood>
      </sound_wood>
      <rotten_wood>
        <loadings_greater_than_three_inches>
          <three_to_nine_inches unit="tons_per_acre"/>
          <nine_to_twenty_inches unit="tons_per_acre"/>
          <greater_than_twenty_inches unit="tons_per_acre"/>
        </loadings_greater_than_three_inches>
        <all_rotten_wood>
          <species>
            <species_description>
              <tsn>183424</tsn>
              <relative_cover>50.00</relative_cover>
            </species_description>
            <species_description>
              <tsn>183365</tsn>
              <relative_cover>40.00</relative_cover>
            </species_description>
            <species_description>
              <tsn>183284</tsn>
              <relative_cover>10.00</relative_cover>
            </species_description>
          </species>
        </all_rotten_wood>
      </rotten_wood>
      <stumps>
        <sound>
          <stem_density unit="number_per_acre" min="-3" max="-3">60</stem_density>
          <diameter unit="inches" min="-3" max="-3">19</diameter>
          <height unit="feet" min="-3" max="-3">1</height>
          <species>
            <species_description>
              <tsn>183424</tsn>
              <relative_cover>45.00</relative_cover>
            </species_description>
            <species_description>
              <tsn>183365</tsn>
              <relative_cover>40.00</relative_cover>
            </species_description>
            <species_description>
              <tsn>183284</tsn>
              <relative_cover>15.00</relative_cover>
            </species_description>
          </species>
        </sound>
        <rotten>
          <stem_density unit="number_per_acre" min="-3" max="-3">100</stem_density>
          <diameter unit="inches" min="-3" max="-3">15</diameter>
          <height unit="feet" min="-3" max="-3">1</height>
          <species>
            <species_description>
              <tsn>183424</tsn>
              <relative_cover>45.00</relative_cover>
            </species_description>
            <species_description>
              <tsn>183365</tsn>
              <relative_cover>40.00</relative_cover>
            </species_description>
            <species_description>
              <tsn>183284</tsn>
              <relative_cover>15.00</relative_cover>
            </species_description>
          </species>
        </rotten>
        <lightered_pitchy>
          <stem_density unit="number_per_acre"/>
          <diameter unit="inches"/>
          <height unit="feet"/>
          <species/>
        </lightered_pitchy>
      </stumps>
    </woody_fuel>
    <moss_lichen_litter>
      <moss>
        <percent_cover unit="number"/>
        <depth unit="inches"/>
        <type/>
      </moss>
      <ground_lichen>
        <percent_cover unit="number"/>
        <depth unit="inches"/>
      </ground_lichen>
      <litter>
        <percent_cover unit="number" min="-3" max="-3">40</percent_cover>
        <depth unit="inches" min="-3" max="-3">0.2</depth>
        <arrangement>1</arrangement>
        <litter_type>
          <short_needle_pine>
            <relative_cover/>
          </short_needle_pine>
          <long_needle_pine>
            <relative_cover>22.00</relative_cover>
          </long_needle_pine>
          <other_conifer>
            <relative_cover>78.00</relative_cover>
          </other_conifer>
          <broadleaf_deciduous>
            <relative_cover/>
          </broadleaf_deciduous>
          <broadleaf_evergreen>
            <relative_cover/>
          </broadleaf_evergreen>
          <palm_frond>
            <relative_cover/>
          </palm_frond>
          <grass>
            <relative_cover/>
          </grass>
        </litter_type>
      </litter>
    </moss_lichen_litter>
    <ground_fuel>
      <duff>
        <upper>
          <percent_cover unit="number" min="-3" max="-3">40</percent_cover>
          <depth unit="inches" min="-3" max="-3">0.2</depth>
          <derivation>1</derivation>
        </upper>
        <lower>
          <percent_cover unit="number" min="-3" max="-3">40</percent_cover>
          <depth unit="inches" min="-3" max="-3">0.2</depth>
          <derivation>3</derivation>
        </lower>
      </duff>
      <basal_accumulation>
        <radius unit="feet"/>
        <depth unit="inches"/>
        <number_per_unit_area unit="number_per_acre"/>
        <type/>
      </basal_accumulation>
      <squirrel_middens>
        <depth unit="inches"/>
        <number_per_unit_area unit="number_per_acre"/>
        <radius unit="feet"/>
      </squirrel_middens>
    </ground_fuel>
  </fuelbed>
</FCCS_file>
