<?xml version="1.0" encoding="UTF-8" standalone="yes"?>
<FCCS_file xmlns:xsi="http://www.w3.org/2001/XMLSchema-instance" xsi:noNamespaceSchemaLocation="cash.xsd" schemaVersion="1.4">
  <fuelbed_number>1546</fuelbed_number>
  <fuelbed_name>Grand fir forest over 150 years</fuelbed_name>
  <fuelbed_description>Cool, moist grand fir forest. Occurs at elevations between 2500 and 6000 feet in the mountains of northeastern Oregon. Established over 150 years ago after wildfire or clearcut harvest.  Stand has been thinned, selectively cut and prescribed burned in the past but has had no recent management.</fuelbed_description>
  <ecoregion>330,340</ecoregion>
  <vegetation_form>2</vegetation_form>
  <structural_class>1</structural_class>
  <cover_type>121</cover_type>
  <change_agent>18</change_agent>
  <natural_fire_regime>4</natural_fire_regime>
  <condition_class>1</condition_class>
  <user_name/>
  <address/>
  <affiliation/>
  <phone/>
  <file_owner_email/>
  <notes/>
  <site_photo/>
  <date_collected>2003-09-17</date_collected>
  <fuelbed_confidence/>
  <fuelbed>
    <canopy>
      <trees>
        <total_percent_cover unit="number" min="-3" max="-3">75</total_percent_cover>
        <overstory>
          <percent_cover unit="number" min="-3" max="-3">30</percent_cover>
          <height unit="feet" min="-3" max="-3">115</height>
          <height_to_live_crown unit="feet" min="-3" max="-3">35</height_to_live_crown>
          <stem_density unit="number_per_acre" min="-3" max="-3">20</stem_density>
          <diameter_at_breast_height unit="inches" min="-3" max="-3">21</diameter_at_breast_height>
          <species>
            <species_description>
              <tsn>183284</tsn>
              <relative_cover>50.00</relative_cover>
            </species_description>
            <species_description>
              <tsn>183424</tsn>
              <relative_cover>30.00</relative_cover>
            </species_description>
            <species_description>
              <tsn>183327</tsn>
              <relative_cover>10.00</relative_cover>
            </species_description>
            <species_description>
              <tsn>183417</tsn>
              <relative_cover>10.00</relative_cover>
            </species_description>
          </species>
        </overstory>
        <midstory>
          <percent_cover unit="number" min="-3" max="-3">30</percent_cover>
          <height unit="feet" min="-3" max="-3">30</height>
          <height_to_live_crown unit="feet" min="-3" max="-3">2</height_to_live_crown>
          <stem_density unit="number_per_acre" min="-3" max="-3">150</stem_density>
          <diameter_at_breast_height unit="inches" min="-3" max="-3">6</diameter_at_breast_height>
          <species>
            <species_description>
              <tsn>183284</tsn>
              <relative_cover>60.00</relative_cover>
            </species_description>
            <species_description>
              <tsn>183424</tsn>
              <relative_cover>40.00</relative_cover>
            </species_description>
          </species>
        </midstory>
        <understory>
          <percent_cover unit="number" min="-3" max="-3">5</percent_cover>
          <height unit="feet" min="-3" max="-3">4</height>
          <height_to_live_crown unit="feet" min="-3" max="-3">0</height_to_live_crown>
          <stem_density unit="number_per_acre" min="-3" max="-3">50</stem_density>
          <diameter_at_breast_height unit="inches" min="-3" max="-3">0.5</diameter_at_breast_height>
          <species>
            <species_description>
              <tsn>183284</tsn>
              <relative_cover>100.00</relative_cover>
            </species_description>
          </species>
        </understory>
      </trees>
      <snags>
        <class_1_conifers_with_foliage>
          <percent_cover unit="number" min="0" max="90">0.6572</percent_cover>
          <height_to_crown_base unit="feet" min="0" max="90">60.03</height_to_crown_base>
          <stem_density unit="number_per_acre" min="-3" max="-3">2</stem_density>
          <diameter unit="inches" min="-3" max="-3">18</diameter>
          <height unit="feet" min="-3" max="-3">90</height>
          <species>
            <species_description>
              <tsn>183284</tsn>
              <relative_cover>70.00</relative_cover>
            </species_description>
            <species_description>
              <tsn>183424</tsn>
              <relative_cover>30.00</relative_cover>
            </species_description>
          </species>
        </class_1_conifers_with_foliage>
        <class_1_all_others>
          <stem_density unit="number_per_acre" min="-3" max="-3">2</stem_density>
          <diameter unit="inches" min="-3" max="-3">18</diameter>
          <height unit="feet" min="-3" max="-3">80</height>
          <species>
            <species_description>
              <tsn>183284</tsn>
              <relative_cover>70.00</relative_cover>
            </species_description>
            <species_description>
              <tsn>183424</tsn>
              <relative_cover>30.00</relative_cover>
            </species_description>
          </species>
        </class_1_all_others>
        <class_2>
          <stem_density unit="number_per_acre" min="-3" max="-3">2</stem_density>
          <diameter unit="inches" min="-3" max="-3">18</diameter>
          <height unit="feet" min="-3" max="-3">60</height>
          <species>
            <species_description>
              <tsn>183424</tsn>
              <relative_cover>60.00</relative_cover>
            </species_description>
            <species_description>
              <tsn>183284</tsn>
              <relative_cover>40.00</relative_cover>
            </species_description>
          </species>
        </class_2>
        <class_3>
          <stem_density unit="number_per_acre" min="-3" max="-3">3</stem_density>
          <diameter unit="inches" min="-3" max="-3">18</diameter>
          <height unit="feet" min="-3" max="-3">30</height>
          <species>
            <species_description>
              <tsn>183424</tsn>
              <relative_cover>60.00</relative_cover>
            </species_description>
            <species_description>
              <tsn>183284</tsn>
              <relative_cover>40.00</relative_cover>
            </species_description>
          </species>
        </class_3>
      </snags>
      <ladder_fuels>
        <minimum_height unit="feet" min="-3" max="-3">0</minimum_height>
        <maximum_height unit="feet" min="-3" max="-3">90</maximum_height>
        <is_vertically_contiguous>1</is_vertically_contiguous>
        <type>2</type>
      </ladder_fuels>
    </canopy>
    <shrubs>
      <primary_layer>
        <percent_cover unit="number" min="-3" max="-3">20</percent_cover>
        <height unit="feet" min="-3" max="-3">4</height>
        <percent_live unit="number" min="-3" max="-3">85</percent_live>
        <species>
          <species_description>
            <tsn>35314</tsn>
            <relative_cover>30.00</relative_cover>
          </species_description>
          <species_description>
            <tsn>23601</tsn>
            <relative_cover>30.00</relative_cover>
          </species_description>
          <species_description>
            <tsn>23769</tsn>
            <relative_cover>20.00</relative_cover>
          </species_description>
          <species_description>
            <tsn>24828</tsn>
            <relative_cover>10.00</relative_cover>
          </species_description>
          <species_description>
            <tsn>504149</tsn>
            <relative_cover>10.00</relative_cover>
          </species_description>
        </species>
      </primary_layer>
      <secondary_layer>
        <percent_cover unit="number"/>
        <height unit="feet"/>
        <percent_live unit="number"/>
        <species/>
      </secondary_layer>
      <needle_drape>
        <is_sufficient_to_affect_fire_behavior>0</is_sufficient_to_affect_fire_behavior>
      </needle_drape>
    </shrubs>
    <herbaceous>
      <primary_layer>
        <percent_cover unit="number" min="-3" max="-3">10</percent_cover>
        <height unit="feet" min="-3" max="-3">1</height>
        <percent_live unit="number" min="-3" max="-3">95</percent_live>
        <loading unit="tons_per_acre" min="-3" max="-3">0.05</loading>
        <species>
          <species_description>
            <tsn>36561</tsn>
            <relative_cover>35.00</relative_cover>
          </species_description>
          <species_description>
            <tsn>504066</tsn>
            <relative_cover>25.00</relative_cover>
          </species_description>
          <species_description>
            <tsn>37693</tsn>
            <relative_cover>20.00</relative_cover>
          </species_description>
          <species_description>
            <tsn>40527</tsn>
            <relative_cover>10.00</relative_cover>
          </species_description>
          <species_description>
            <tsn>39369</tsn>
            <relative_cover>10.00</relative_cover>
          </species_description>
        </species>
      </primary_layer>
      <secondary_layer>
        <percent_cover unit="number"/>
        <height unit="feet"/>
        <percent_live unit="number"/>
        <loading unit="tons_per_acre"/>
        <species/>
      </secondary_layer>
    </herbaceous>
    <woody_fuel>
      <all_downed_woody_fuel>
        <total_percent_cover unit="number" min="-3" max="-3">80</total_percent_cover>
        <depth unit="inches" min="-3" max="-3">2</depth>
      </all_downed_woody_fuel>
      <sound_wood>
        <loadings_zero_to_three_inches>
          <zero_to_quarter_inch unit="tons_per_acre" min="-3" max="-3">0.5</zero_to_quarter_inch>
          <quarter_inch_to_one_inch unit="tons_per_acre" min="-3" max="-3">1.5</quarter_inch_to_one_inch>
          <one_to_three_inches unit="tons_per_acre" min="-3" max="-3">2.5</one_to_three_inches>
        </loadings_zero_to_three_inches>
        <loadings_greater_than_three_inches>
          <three_to_nine_inches unit="tons_per_acre" min="-3" max="-3">1.5</three_to_nine_inches>
          <nine_to_twenty_inches unit="tons_per_acre" min="-3" max="-3">2</nine_to_twenty_inches>
          <greater_than_twenty_inches unit="tons_per_acre" min="-3" max="-3">1.5</greater_than_twenty_inches>
        </loadings_greater_than_three_inches>
        <all_sound_wood>
          <species>
            <species_description>
              <tsn>183424</tsn>
              <relative_cover>60.00</relative_cover>
            </species_description>
            <species_description>
              <tsn>183284</tsn>
              <relative_cover>40.00</relative_cover>
            </species_description>
          </species>
        </all_sound_wood>
      </sound_wood>
      <rotten_wood>
        <loadings_greater_than_three_inches>
          <three_to_nine_inches unit="tons_per_acre" min="-3" max="-3">1.5</three_to_nine_inches>
          <nine_to_twenty_inches unit="tons_per_acre" min="-3" max="-3">2.5</nine_to_twenty_inches>
          <greater_than_twenty_inches unit="tons_per_acre" min="-3" max="-3">2</greater_than_twenty_inches>
        </loadings_greater_than_three_inches>
        <all_rotten_wood>
          <species>
            <species_description>
              <tsn>183421</tsn>
              <relative_cover>50.00</relative_cover>
            </species_description>
            <species_description>
              <tsn>183284</tsn>
              <relative_cover>50.00</relative_cover>
            </species_description>
          </species>
        </all_rotten_wood>
      </rotten_wood>
      <stumps>
        <sound>
          <stem_density unit="number_per_acre"/>
          <diameter unit="inches"/>
          <height unit="feet"/>
          <species/>
        </sound>
        <rotten>
          <stem_density unit="number_per_acre" min="-3" max="-3">75</stem_density>
          <diameter unit="inches" min="-3" max="-3">20</diameter>
          <height unit="feet" min="-3" max="-3">1</height>
          <species>
            <species_description>
              <tsn>183424</tsn>
              <relative_cover>60.00</relative_cover>
            </species_description>
            <species_description>
              <tsn>183284</tsn>
              <relative_cover>40.00</relative_cover>
            </species_description>
          </species>
        </rotten>
        <lightered_pitchy>
          <stem_density unit="number_per_acre"/>
          <diameter unit="inches"/>
          <height unit="feet"/>
          <species/>
        </lightered_pitchy>
      </stumps>
    </woody_fuel>
    <moss_lichen_litter>
      <moss>
        <percent_cover unit="number"/>
        <depth unit="inches"/>
        <type/>
      </moss>
      <ground_lichen>
        <percent_cover unit="number"/>
        <depth unit="inches"/>
      </ground_lichen>
      <litter>
        <percent_cover unit="number" min="-3" max="-3">100</percent_cover>
        <depth unit="inches" min="-3" max="-3">1</depth>
        <arrangement>1</arrangement>
        <litter_type>
          <short_needle_pine>
            <relative_cover>0.00</relative_cover>
          </short_needle_pine>
          <long_needle_pine>
            <relative_cover/>
          </long_needle_pine>
          <other_conifer>
            <relative_cover>100.00</relative_cover>
          </other_conifer>
          <broadleaf_deciduous>
            <relative_cover/>
          </broadleaf_deciduous>
          <broadleaf_evergreen>
            <relative_cover/>
          </broadleaf_evergreen>
          <palm_frond>
            <relative_cover/>
          </palm_frond>
          <grass>
            <relative_cover/>
          </grass>
        </litter_type>
      </litter>
    </moss_lichen_litter>
    <ground_fuel>
      <duff>
        <upper>
          <percent_cover unit="number" min="-3" max="-3">80</percent_cover>
          <depth unit="inches" min="-3" max="-3">0.6</depth>
          <derivation>1</derivation>
        </upper>
        <lower>
          <percent_cover unit="number" min="-3" max="-3">80</percent_cover>
          <depth unit="inches" min="-3" max="-3">0.6</depth>
          <derivation>3</derivation>
        </lower>
      </duff>
      <basal_accumulation>
        <radius unit="feet"/>
        <depth unit="inches"/>
        <number_per_unit_area unit="number_per_acre"/>
        <type/>
      </basal_accumulation>
      <squirrel_middens>
        <depth unit="inches"/>
        <number_per_unit_area unit="number_per_acre"/>
        <radius unit="feet"/>
      </squirrel_middens>
    </ground_fuel>
  </fuelbed>
</FCCS_file>
