<?xml version="1.0" encoding="UTF-8" standalone="yes"?>
<FCCS_file xmlns:xsi="http://www.w3.org/2001/XMLSchema-instance" schemaVersion="1.4" xsi:schemaLocation="conf\\us.fed.fs.fera.fccs.xsd">
  <fuelbed_number>2177</fuelbed_number>
  <fuelbed_name>Ponderosa pine -- western larch -- Douglas-fir forest 80-150 yr</fuelbed_name>
  <fuelbed_description>Ponderosa pine, western larch, and Douglas-fir forest. Occurs at low to mid elevations in the eastern Cascade Range. Single-layer mature forest, 80 to 150 years old, low density due to a recent selective tree harvest. Understory dominated by snowberry, wheatgrass, boxwood, and pinegrass. Needle litter is perched on the grasses.</fuelbed_description>
  <ecoregion>340,330</ecoregion>
  <vegetation_form>2</vegetation_form>
  <structural_class>2</structural_class>
  <cover_type>118,120,144</cover_type>
  <change_agent>12</change_agent>
  <natural_fire_regime>1</natural_fire_regime>
  <condition_class>2</condition_class>
  <user_name>Roger Ottmar/Tom Leuschen</user_name>
  <address/>
  <affiliation>FERA/USFS</affiliation>
  <phone/>
  <file_owner_email>rottmar@fs.fed.us</file_owner_email>
  <notes>This fuelbed created in cooperation with Richy Harrod, Jim Bailey, John Barnes, Jen Croft and Rick Lind of the Okanogan and Wenatchee NF.  This fuelbed orginates from OW170, moves to OW173 with PCT, and following Rx Fire this fuelbed results in OW176.  Fuel loadings are light, small diameter trees have been removed, and the stand is transitioning to a large diameter open mixed conifer stand.  Used FIREMON data for Danny #13. Woody fuels, litter and duff were altered from OW176 basd in part on OW173 and 174 to fit treatment (Andreu). Woody fuel determined from PNW-52-3-pp-4-PC, page 20.Edited by Susan Prichard and Ellen Eberhardt, February 2009.</notes>
  <date_collected>Sep 9, 2011</date_collected>
  <fuelbed_confidence/>
  <fuelbed>
    <canopy>
      <trees>
        <total_percent_cover unit="number" min="30" max="70">60</total_percent_cover>
        <overstory>
          <percent_cover unit="number" min="0" max="100">55</percent_cover>
          <height unit="feet" min="30" max="125">100</height>
          <height_to_live_crown unit="feet" min="15" max="40">20</height_to_live_crown>
          <stem_density unit="number_per_acre" min="0" max="200">100</stem_density>
          <diameter_at_breast_height unit="inches" min="12" max="32">15</diameter_at_breast_height>
          <species>
            <species_description>
              <tsn>183365</tsn>
              <relative_cover>30</relative_cover>
            </species_description>
            <species_description>
              <tsn>183417</tsn>
              <relative_cover>35</relative_cover>
            </species_description>
            <species_description>
              <tsn>183424</tsn>
              <relative_cover>35</relative_cover>
            </species_description>
          </species>
        </overstory>
        <midstory>
          <percent_cover unit="number" min="0" max="90">15</percent_cover>
          <height unit="feet" min="3" max="100">70</height>
          <height_to_live_crown unit="feet" min="15" max="45">15</height_to_live_crown>
          <stem_density unit="number_per_acre" min="0" max="250">10</stem_density>
          <diameter_at_breast_height unit="inches" min="6" max="21">12</diameter_at_breast_height>
          <species>
            <species_description>
              <tsn>183365</tsn>
              <relative_cover>45</relative_cover>
            </species_description>
            <species_description>
              <tsn>183417</tsn>
              <relative_cover>20</relative_cover>
            </species_description>
            <species_description>
              <tsn>183424</tsn>
              <relative_cover>35</relative_cover>
            </species_description>
          </species>
        </midstory>
        <understory>
          <percent_cover unit="number" min="0" max="50">1</percent_cover>
          <height unit="feet" min="0.1" max="6">2</height>
          <height_to_live_crown unit="feet" min="0" max="10">0.5</height_to_live_crown>
          <stem_density unit="number_per_acre" min="10" max="150">10</stem_density>
          <diameter_at_breast_height unit="inches" min="0.1" max="6">0.5</diameter_at_breast_height>
          <species>
            <species_description>
              <tsn>183365</tsn>
              <relative_cover>80</relative_cover>
            </species_description>
            <species_description>
              <tsn>183424</tsn>
              <relative_cover>10</relative_cover>
            </species_description>
            <species_description>
              <tsn>183417</tsn>
              <relative_cover>10</relative_cover>
            </species_description>
          </species>
        </understory>
      </trees>
      <snags>
        <class_1_conifers_with_foliage>
          <percent_cover unit="number" min="0" max="60">0.29209</percent_cover>
          <height_to_crown_base unit="feet" min="0" max="60">40.02</height_to_crown_base>
          <stem_density unit="number_per_acre" min="0" max="10">2</stem_density>
          <diameter unit="inches" min="6" max="70">12</diameter>
          <height unit="feet" min="10" max="120">60</height>
          <species>
            <species_description>
              <tsn>183424</tsn>
              <relative_cover>100</relative_cover>
            </species_description>
          </species>
        </class_1_conifers_with_foliage>
        <class_1_all_others>
          <stem_density unit="number_per_acre" min="0" max="10">1</stem_density>
          <diameter unit="inches" min="6" max="20">10</diameter>
          <height unit="feet" min="10" max="80">60</height>
          <species>
            <species_description>
              <tsn>183417</tsn>
              <relative_cover>100</relative_cover>
            </species_description>
          </species>
        </class_1_all_others>
        <class_2>
          <stem_density unit="number_per_acre" min="0" max="15">1</stem_density>
          <diameter unit="inches" min="6" max="45">20</diameter>
          <height unit="feet" min="10" max="120">65</height>
          <species>
            <species_description>
              <tsn>183365</tsn>
              <relative_cover>20</relative_cover>
            </species_description>
            <species_description>
              <tsn>183424</tsn>
              <relative_cover>50</relative_cover>
            </species_description>
            <species_description>
              <tsn>183417</tsn>
              <relative_cover>30</relative_cover>
            </species_description>
          </species>
        </class_2>
        <class_3>
          <stem_density unit="number_per_acre" min="0" max="30">1</stem_density>
          <diameter unit="inches" min="10" max="30">20</diameter>
          <height unit="feet" min="30" max="120">45</height>
          <species>
            <species_description>
              <tsn>183365</tsn>
              <relative_cover>100</relative_cover>
            </species_description>
          </species>
        </class_3>
      </snags>
      <ladder_fuels>
        <minimum_height unit="feet" min="0" max="6">0.5</minimum_height>
        <maximum_height unit="feet" min="2" max="25">2</maximum_height>
        <is_vertically_contiguous>0</is_vertically_contiguous>
        <type>7</type>
      </ladder_fuels>
    </canopy>
    <shrubs>
      <primary_layer>
        <percent_cover unit="number" min="0" max="80">5</percent_cover>
        <height unit="feet" min="1" max="6">1</height>
        <percent_live unit="number" min="20" max="100">80</percent_live>
        <species>
          <species_description>
            <tsn>24457</tsn>
            <relative_cover>1</relative_cover>
          </species_description>
          <species_description>
            <tsn>35498</tsn>
            <relative_cover>1</relative_cover>
          </species_description>
          <species_description>
            <tsn>25290</tsn>
            <relative_cover>5</relative_cover>
          </species_description>
          <species_description>
            <tsn>35332</tsn>
            <relative_cover>40</relative_cover>
          </species_description>
          <species_description>
            <tsn>25331</tsn>
            <relative_cover>8</relative_cover>
          </species_description>
          <species_description>
            <tsn>28453</tsn>
            <relative_cover>45</relative_cover>
          </species_description>
        </species>
      </primary_layer>
      <secondary_layer>
        <percent_cover unit="number" min="0" max="25">15</percent_cover>
        <height unit="feet" min="0.1" max="2">0.1</height>
        <percent_live unit="number" min="60" max="100">80</percent_live>
        <species>
          <species_description>
            <tsn>504149</tsn>
            <relative_cover>100</relative_cover>
          </species_description>
        </species>
      </secondary_layer>
      <needle_drape>
        <is_sufficient_to_affect_fire_behavior>1</is_sufficient_to_affect_fire_behavior>
      </needle_drape>
    </shrubs>
    <herbaceous>
      <primary_layer>
        <percent_cover unit="number" min="0" max="100">40</percent_cover>
        <height unit="feet" min="0.1" max="2">1</height>
        <loading unit="tons_per_acre" min="0.1" max="4">0.5</loading>
        <percent_live unit="number" min="10" max="100">80</percent_live>
        <species>
          <species_description>
            <tsn>40540</tsn>
            <relative_cover>30</relative_cover>
          </species_description>
          <species_description>
            <tsn>40816</tsn>
            <relative_cover>10</relative_cover>
          </species_description>
          <species_description>
            <tsn>36818</tsn>
            <relative_cover>20</relative_cover>
          </species_description>
          <species_description>
            <tsn>40677</tsn>
            <relative_cover>40</relative_cover>
          </species_description>
        </species>
      </primary_layer>
      <secondary_layer>
        <percent_cover unit="number" min="0" max="30">3</percent_cover>
        <height unit="feet" min="0.1" max="5">1</height>
        <loading unit="tons_per_acre" min="0" max="3">0.1</loading>
        <percent_live unit="number" min="50" max="100">75</percent_live>
        <species>
          <species_description>
            <tsn>36561</tsn>
            <relative_cover>50</relative_cover>
          </species_description>
          <species_description>
            <tsn>24641</tsn>
            <relative_cover>50</relative_cover>
          </species_description>
        </species>
      </secondary_layer>
    </herbaceous>
    <woody_fuel>
      <all_downed_woody_fuel>
        <total_percent_cover unit="number" min="0" max="70">80</total_percent_cover>
        <depth unit="inches" min="0" max="5">3</depth>
      </all_downed_woody_fuel>
      <sound_wood>
        <all_sound_wood>
          <species>
            <species_description>
              <tsn>183417</tsn>
              <relative_cover>20</relative_cover>
            </species_description>
            <species_description>
              <tsn>183365</tsn>
              <relative_cover>60</relative_cover>
            </species_description>
            <species_description>
              <tsn>183424</tsn>
              <relative_cover>20</relative_cover>
            </species_description>
          </species>
        </all_sound_wood>
        <loadings_zero_to_three_inches>
          <zero_to_quarter_inch unit="tons_per_acre" min="0" max="1">1</zero_to_quarter_inch>
          <quarter_inch_to_one_inch unit="tons_per_acre" min="0" max="4">2.7</quarter_inch_to_one_inch>
          <one_to_three_inches unit="tons_per_acre" min="0" max="6">5</one_to_three_inches>
        </loadings_zero_to_three_inches>
        <loadings_greater_than_three_inches>
          <three_to_nine_inches unit="tons_per_acre" min="0" max="10">5.7</three_to_nine_inches>
          <nine_to_twenty_inches unit="tons_per_acre" min="0" max="25">1.2</nine_to_twenty_inches>
          <greater_than_twenty_inches unit="tons_per_acre" min="0" max="15">1.2</greater_than_twenty_inches>
        </loadings_greater_than_three_inches>
      </sound_wood>
      <rotten_wood>
        <all_rotten_wood>
          <species>
            <species_description>
              <tsn>183417</tsn>
              <relative_cover>20</relative_cover>
            </species_description>
            <species_description>
              <tsn>183365</tsn>
              <relative_cover>60</relative_cover>
            </species_description>
            <species_description>
              <tsn>183424</tsn>
              <relative_cover>20</relative_cover>
            </species_description>
          </species>
        </all_rotten_wood>
        <loadings_greater_than_three_inches>
          <three_to_nine_inches unit="tons_per_acre" min="0" max="2">0.3</three_to_nine_inches>
          <nine_to_twenty_inches unit="tons_per_acre" min="0" max="3">0.1</nine_to_twenty_inches>
          <greater_than_twenty_inches unit="tons_per_acre" min="0" max="5">0</greater_than_twenty_inches>
        </loadings_greater_than_three_inches>
      </rotten_wood>
      <stumps>
        <sound>
          <stem_density unit="number_per_acre" min="0" max="250">100</stem_density>
          <diameter unit="inches" min="6" max="20">5</diameter>
          <height unit="feet" min="0.5" max="1">0.5</height>
          <species>
            <species_description>
              <tsn>183424</tsn>
              <relative_cover>100</relative_cover>
            </species_description>
          </species>
        </sound>
        <rotten>
          <stem_density unit="number_per_acre" min="0" max="200">180</stem_density>
          <diameter unit="inches" min="6" max="20">6</diameter>
          <height unit="feet" min="1" max="3">0.5</height>
          <species>
            <species_description>
              <tsn>183424</tsn>
              <relative_cover>100</relative_cover>
            </species_description>
          </species>
        </rotten>
        <lightered_pitchy>
          <stem_density unit="number_per_acre"/>
          <diameter unit="inches"/>
          <height unit="feet"/>
          <species/>
        </lightered_pitchy>
      </stumps>
    </woody_fuel>
    <moss_lichen_litter>
      <moss>
        <type/>
        <percent_cover unit="number"/>
        <depth unit="inches"/>
      </moss>
      <ground_lichen>
        <percent_cover unit="number" min="-3" max="-3">3</percent_cover>
        <depth unit="inches" min="-3" max="-3">0.1</depth>
      </ground_lichen>
      <litter>
        <percent_cover unit="number" min="0" max="100">80</percent_cover>
        <depth unit="inches" min="0.1" max="3">0.7</depth>
        <arrangement>3</arrangement>
        <litter_type>
          <short_needle_pine>
            <relative_cover/>
          </short_needle_pine>
          <long_needle_pine>
            <relative_cover>70.0</relative_cover>
          </long_needle_pine>
          <other_conifer>
            <relative_cover>10.0</relative_cover>
          </other_conifer>
          <broadleaf_deciduous>
            <relative_cover/>
          </broadleaf_deciduous>
          <broadleaf_evergreen>
            <relative_cover/>
          </broadleaf_evergreen>
          <palm_frond>
            <relative_cover/>
          </palm_frond>
          <grass>
            <relative_cover>20.0</relative_cover>
          </grass>
        </litter_type>
      </litter>
    </moss_lichen_litter>
    <ground_fuel>
      <duff>
        <upper>
          <depth unit="inches" min="0" max="2">0.4</depth>
          <percent_cover unit="number" min="40" max="80">80</percent_cover>
          <derivation>1</derivation>
        </upper>
        <lower>
          <depth unit="inches" min="0" max="2">0.2</depth>
          <percent_cover unit="number" min="40" max="80">80</percent_cover>
          <derivation>3</derivation>
        </lower>
      </duff>
      <squirrel_middens>
        <depth unit="inches"/>
        <radius unit="feet"/>
        <number_per_unit_area unit="number_per_acre"/>
      </squirrel_middens>
      <basal_accumulation>
        <depth unit="inches" min="-3" max="-3">0.2</depth>
        <radius unit="feet" min="-3" max="-3">3</radius>
        <number_per_unit_area unit="number_per_acre">30</number_per_unit_area>
        <type>2</type>
      </basal_accumulation>
    </ground_fuel>
  </fuelbed>
</FCCS_file>
