<?xml version="1.0" encoding="UTF-8" standalone="yes"?>
<FCCS_file xmlns:xsi="http://www.w3.org/2001/XMLSchema-instance" xsi:noNamespaceSchemaLocation="cash.xsd" schemaVersion="1.4">
  <fuelbed_number>2028</fuelbed_number>
  <fuelbed_name>Douglas-fir -- ponderosa pine -- grand fir forest 80-150 yrs</fuelbed_name>
  <fuelbed_description>Dry Douglas-fir, ponderosa pine, grand fir forest. Occurs at middle elevations of the Cascade Range. Stands established 80 to 150 years ago following wildfire or clearcut harvest with no subsequent management and have insect and disease damage. Douglas-fir and ponderosa pine were co-dominant in earlier seral stages, but Douglas fir is dominant now and ponderosa pine occcurs as scattered large trees. The understory is a discontinuous shrub layer interspersed with herbs.  Common snowberry and creeping snowberry are dominant shrubs; other common shrubs include serviceberry, oceanspray, and Oregon grape.</fuelbed_description>
  <ecoregion>340,330</ecoregion>
  <vegetation_form>2</vegetation_form>
  <structural_class>6</structural_class>
  <cover_type>151,152</cover_type>
  <change_agent>5</change_agent>
  <natural_fire_regime>1</natural_fire_regime>
  <condition_class>3</condition_class>
  <user_name>Tom Leuschen</user_name>
  <address>PO Box 664 Twisp, WA 98856</address>
  <affiliation>Fire Vision LLC contract consultant</affiliation>
  <phone>509-997-5052</phone>
  <file_owner_email>tom@firevisionllc.com</file_owner_email>
  <notes>Created through a cooperative effort with Richy Harrod, Jim Bailey, John Barnes, and Rick Lind from the Okanogan &amp; Wenatchee NF. References: Field Guide for Forested Plant Associations of the Wenatchee National Forest (PNW-GTR-359) Forest Residues in Common Vegetation Types of the Pacific Northwest (PNW-105, 2-MC-2; 3-PPAssoc-4) ground fuels and canopy.  Rotten stumps left over from past disturbance. Note SAF 214 is missing in FCCS.</notes>
  <date_collected>Mar 26, 2009</date_collected>
  <fuelbed_confidence/>
  <fuelbed>
    <canopy>
      <trees>
        <total_percent_cover unit="number" min="40" max="75">75</total_percent_cover>
        <overstory>
          <percent_cover unit="number" min="10" max="80">50</percent_cover>
          <height unit="feet" min="20" max="40">85</height>
          <height_to_live_crown unit="feet" min="4" max="8">40</height_to_live_crown>
          <stem_density unit="number_per_acre" min="40" max="300">123</stem_density>
          <diameter_at_breast_height unit="inches" min="3.3" max="9">17</diameter_at_breast_height>
          <species>
            <species_description>
              <tsn>183424</tsn>
              <relative_cover>79</relative_cover>
            </species_description>
            <species_description>
              <tsn>183365</tsn>
              <relative_cover>21</relative_cover>
            </species_description>
          </species>
        </overstory>
        <midstory>
          <percent_cover unit="number" min="-2" max="-2">20</percent_cover>
          <height unit="feet" min="-2" max="-2">40</height>
          <height_to_live_crown unit="feet" min="-2" max="-2">10</height_to_live_crown>
          <stem_density unit="number_per_acre" min="-2" max="-2">75</stem_density>
          <diameter_at_breast_height unit="inches" min="-2" max="-2">6</diameter_at_breast_height>
          <species>
            <species_description>
              <tsn>183365</tsn>
              <relative_cover>5</relative_cover>
            </species_description>
            <species_description>
              <tsn>183284</tsn>
              <relative_cover>50</relative_cover>
            </species_description>
            <species_description>
              <tsn>183424</tsn>
              <relative_cover>45</relative_cover>
            </species_description>
          </species>
        </midstory>
        <understory>
          <percent_cover unit="number" min="5" max="70">10</percent_cover>
          <height unit="feet" min="1" max="10">5</height>
          <height_to_live_crown unit="feet" min="0" max="2">1</height_to_live_crown>
          <stem_density unit="number_per_acre" min="20" max="500">150</stem_density>
          <diameter_at_breast_height unit="inches" min="0.1" max="1">0.5</diameter_at_breast_height>
          <species>
            <species_description>
              <tsn>183424</tsn>
              <relative_cover>40</relative_cover>
            </species_description>
            <species_description>
              <tsn>183284</tsn>
              <relative_cover>60</relative_cover>
            </species_description>
          </species>
        </understory>
      </trees>
      <snags>
        <class_1_conifers_with_foliage>
          <percent_cover unit="number" min="0" max="75">9.12781</percent_cover>
          <height_to_crown_base unit="feet" min="0" max="75">50.025000000000006</height_to_crown_base>
          <stem_density unit="number_per_acre" min="0" max="15">40</stem_density>
          <diameter unit="inches" min="3" max="8">12</diameter>
          <height unit="feet" min="25" max="40">75</height>
          <species>
            <species_description>
              <tsn>183424</tsn>
              <relative_cover>50</relative_cover>
            </species_description>
            <species_description>
              <tsn>183284</tsn>
              <relative_cover>50</relative_cover>
            </species_description>
          </species>
        </class_1_conifers_with_foliage>
        <class_1_all_others>
          <stem_density unit="number_per_acre" min="-3" max="-3">100</stem_density>
          <diameter unit="inches" min="-3" max="-3">9</diameter>
          <height unit="feet" min="-3" max="-3">56</height>
          <species>
            <species_description>
              <tsn>183424</tsn>
              <relative_cover>80</relative_cover>
            </species_description>
            <species_description>
              <tsn>183284</tsn>
              <relative_cover>20</relative_cover>
            </species_description>
          </species>
        </class_1_all_others>
        <class_2>
          <stem_density unit="number_per_acre" min="-3" max="-3">10</stem_density>
          <diameter unit="inches" min="-3" max="-3">15</diameter>
          <height unit="feet" min="-3" max="-3">65</height>
          <species>
            <species_description>
              <tsn>183424</tsn>
              <relative_cover>50</relative_cover>
            </species_description>
            <species_description>
              <tsn>183284</tsn>
              <relative_cover>50</relative_cover>
            </species_description>
          </species>
        </class_2>
        <class_3>
          <stem_density unit="number_per_acre" min="-3" max="-3">8</stem_density>
          <diameter unit="inches" min="-3" max="-3">13</diameter>
          <height unit="feet" min="-3" max="-3">13</height>
          <species>
            <species_description>
              <tsn>183284</tsn>
              <relative_cover>50</relative_cover>
            </species_description>
            <species_description>
              <tsn>183424</tsn>
              <relative_cover>50</relative_cover>
            </species_description>
          </species>
        </class_3>
      </snags>
      <ladder_fuels>
        <minimum_height unit="feet" min="-3" max="-3">1</minimum_height>
        <maximum_height unit="feet" min="-3" max="-3">40</maximum_height>
        <is_vertically_contiguous>1</is_vertically_contiguous>
        <type>2</type>
      </ladder_fuels>
    </canopy>
    <shrubs>
      <primary_layer>
        <percent_cover unit="number" min="30" max="70">10</percent_cover>
        <height unit="feet" min="2" max="6">8</height>
        <percent_live unit="number" min="40" max="80">70</percent_live>
        <species>
          <species_description>
            <tsn>25109</tsn>
            <relative_cover>23</relative_cover>
          </species_description>
          <species_description>
            <tsn>25331</tsn>
            <relative_cover>33</relative_cover>
          </species_description>
          <species_description>
            <tsn>35332</tsn>
            <relative_cover>22</relative_cover>
          </species_description>
          <species_description>
            <tsn>18835</tsn>
            <relative_cover>22</relative_cover>
          </species_description>
        </species>
      </primary_layer>
      <secondary_layer>
        <percent_cover unit="number"/>
        <height unit="feet"/>
        <percent_live unit="number"/>
        <species/>
      </secondary_layer>
      <needle_drape>
        <is_sufficient_to_affect_fire_behavior>0</is_sufficient_to_affect_fire_behavior>
      </needle_drape>
    </shrubs>
    <herbaceous>
      <primary_layer>
        <percent_cover unit="number" min="10" max="40">15</percent_cover>
        <height unit="feet" min="1.5" max="4">0.5</height>
        <loading unit="tons_per_acre" min="0.2" max="1">0.1</loading>
        <percent_live unit="number" min="75" max="99">90</percent_live>
        <species>
          <species_description>
            <tsn>40540</tsn>
            <relative_cover>9</relative_cover>
          </species_description>
          <species_description>
            <tsn>39613</tsn>
            <relative_cover>48</relative_cover>
          </species_description>
          <species_description>
            <tsn>823706</tsn>
            <relative_cover>22</relative_cover>
          </species_description>
          <species_description>
            <tsn>37693</tsn>
            <relative_cover>4</relative_cover>
          </species_description>
          <species_description>
            <tsn>25916</tsn>
            <relative_cover>17</relative_cover>
          </species_description>
        </species>
      </primary_layer>
      <secondary_layer>
        <percent_cover unit="number"/>
        <height unit="feet"/>
        <loading unit="tons_per_acre"/>
        <percent_live unit="number"/>
        <species/>
      </secondary_layer>
    </herbaceous>
    <woody_fuel>
      <all_downed_woody_fuel>
        <total_percent_cover unit="number" min="30" max="70">87</total_percent_cover>
        <depth unit="inches" min="0.5" max="5">3</depth>
      </all_downed_woody_fuel>
      <sound_wood>
        <all_sound_wood>
          <species>
            <species_description>
              <tsn>183424</tsn>
              <relative_cover>60</relative_cover>
            </species_description>
            <species_description>
              <tsn>183365</tsn>
              <relative_cover>30</relative_cover>
            </species_description>
            <species_description>
              <tsn>183284</tsn>
              <relative_cover>10</relative_cover>
            </species_description>
          </species>
        </all_sound_wood>
        <loadings_zero_to_three_inches>
          <zero_to_quarter_inch unit="tons_per_acre" min="0" max="1">0.7</zero_to_quarter_inch>
          <quarter_inch_to_one_inch unit="tons_per_acre" min="0.1" max="1">1.6</quarter_inch_to_one_inch>
          <one_to_three_inches unit="tons_per_acre" min="0.7" max="4">1.9</one_to_three_inches>
        </loadings_zero_to_three_inches>
        <loadings_greater_than_three_inches>
          <three_to_nine_inches unit="tons_per_acre" min="0" max="0">11.7</three_to_nine_inches>
          <nine_to_twenty_inches unit="tons_per_acre" min="0" max="0">11.5</nine_to_twenty_inches>
          <greater_than_twenty_inches unit="tons_per_acre" min="0" max="0">1.8</greater_than_twenty_inches>
        </loadings_greater_than_three_inches>
      </sound_wood>
      <rotten_wood>
        <all_rotten_wood>
          <species>
            <species_description>
              <tsn>183424</tsn>
              <relative_cover>60</relative_cover>
            </species_description>
            <species_description>
              <tsn>183365</tsn>
              <relative_cover>30</relative_cover>
            </species_description>
            <species_description>
              <tsn>183284</tsn>
              <relative_cover>10</relative_cover>
            </species_description>
          </species>
        </all_rotten_wood>
        <loadings_greater_than_three_inches>
          <three_to_nine_inches unit="tons_per_acre" min="5" max="16">2.2</three_to_nine_inches>
          <nine_to_twenty_inches unit="tons_per_acre" min="4" max="24">2.2</nine_to_twenty_inches>
          <greater_than_twenty_inches unit="tons_per_acre"/>
        </loadings_greater_than_three_inches>
      </rotten_wood>
      <stumps>
        <sound>
          <stem_density unit="number_per_acre"/>
          <diameter unit="inches"/>
          <height unit="feet"/>
          <species/>
        </sound>
        <rotten>
          <stem_density unit="number_per_acre" min="80" max="150">8</stem_density>
          <diameter unit="inches" min="28" max="44">11</diameter>
          <height unit="feet" min="1" max="4">1</height>
          <species>
            <species_description>
              <tsn>183424</tsn>
              <relative_cover>75</relative_cover>
            </species_description>
            <species_description>
              <tsn>183365</tsn>
              <relative_cover>25</relative_cover>
            </species_description>
          </species>
        </rotten>
        <lightered_pitchy>
          <stem_density unit="number_per_acre"/>
          <diameter unit="inches"/>
          <height unit="feet"/>
          <species/>
        </lightered_pitchy>
      </stumps>
    </woody_fuel>
    <moss_lichen_litter>
      <moss>
        <type/>
        <percent_cover unit="number"/>
        <depth unit="inches"/>
      </moss>
      <ground_lichen>
        <percent_cover unit="number"/>
        <depth unit="inches"/>
      </ground_lichen>
      <litter>
        <percent_cover unit="number" min="90" max="100" reference_id="1364">100</percent_cover>
        <depth unit="inches" min="0.5" max="1.5">1.2</depth>
        <arrangement>1</arrangement>
        <litter_type>
          <short_needle_pine>
            <relative_cover/>
          </short_needle_pine>
          <long_needle_pine>
            <relative_cover>25.0</relative_cover>
          </long_needle_pine>
          <other_conifer>
            <relative_cover>75.00</relative_cover>
          </other_conifer>
          <broadleaf_deciduous>
            <relative_cover/>
          </broadleaf_deciduous>
          <broadleaf_evergreen>
            <relative_cover/>
          </broadleaf_evergreen>
          <palm_frond>
            <relative_cover/>
          </palm_frond>
          <grass>
            <relative_cover/>
          </grass>
        </litter_type>
      </litter>
    </moss_lichen_litter>
    <ground_fuel>
      <duff>
        <upper>
          <depth unit="inches" min="0.25" max="1.5">1</depth>
          <percent_cover unit="number" min="30" max="70">95</percent_cover>
          <derivation>1</derivation>
        </upper>
        <lower>
          <depth unit="inches" min="0.75" max="1.5">0.5</depth>
          <percent_cover unit="number" min="30" max="70">95</percent_cover>
          <derivation>3</derivation>
        </lower>
      </duff>
      <squirrel_middens>
        <depth unit="inches"/>
        <radius unit="feet"/>
        <number_per_unit_area unit="number_per_acre"/>
      </squirrel_middens>
      <basal_accumulation>
        <depth unit="inches"/>
        <radius unit="feet"/>
        <number_per_unit_area unit="number_per_acre"/>
        <type/>
      </basal_accumulation>
    </ground_fuel>
  </fuelbed>
</FCCS_file>
