<FCCS_file xmlns:xsi="http://www.w3.org/2001/XMLSchema-instance" schemaVersion="1.4" xsi:noNamespaceSchemaLocation="cash.xsd">
  <fuelbed_number>5081</fuelbed_number>
  <fuelbed_name>PP (cOR)|80-150yr|Low density</fuelbed_name>
  <fuelbed_description>Eastern Oregon ponderosa pine forest. Established 80 to 150 years ago. Past thin with no recent management.</fuelbed_description>
  <ecoregion>340,330</ecoregion>
  <vegetation_form>2</vegetation_form>
  <structural_class>1</structural_class>
  <cover_type>151,152</cover_type>
  <change_agent>18</change_agent>
  <natural_fire_regime>1</natural_fire_regime>
  <condition_class>3</condition_class>
  <user_name>Tom Leuschen, Roger Ottmar</user_name>
  <address>PWFSL, Seattle</address>
  <affiliation>Fire Vision LLC contract consultant, PNW</affiliation>
  <phone>509-997-5052, 206-732-7826</phone>
  <file_owner_email>tom@firevisionllc.com, rottmar@fs.fed.us</file_owner_email>
  <notes>Used CO126  fuelbed and adjusted for age.  AA - changed shrub and nonwoody species composition based on PIPO dry series in Simpson, 2007. Forested Plant Associations of the Oregon East Cascades. AA - edited name and description May 2009.
</notes>
  <date_collected>May 6, 2009</date_collected>
  <fuelbed_confidence />
  <fuelbed>
    <canopy>
      <trees>
        <total_percent_cover max="75" min="40" unit="number">45</total_percent_cover>
        <overstory>
          <percent_cover max="80" min="10" unit="number">10</percent_cover>
          <height max="40" min="20" unit="feet">110</height>
          <height_to_live_crown max="8" min="4" unit="feet">30</height_to_live_crown>
          <stem_density max="300" min="30" unit="number_per_acre">10</stem_density>
          <diameter_at_breast_height max="9" min="3.3" unit="inches">27</diameter_at_breast_height>
          <species>
            <species_description>
              <tsn>183365</tsn>
              <relative_cover>100</relative_cover>
            </species_description>
          </species>
        </overstory>
        <midstory>
          <percent_cover max="-2" min="-2" unit="number">25</percent_cover>
          <height max="-2" min="-2" unit="feet">60</height>
          <height_to_live_crown max="-2" min="-2" unit="feet">20</height_to_live_crown>
          <stem_density max="-2" min="-2" unit="number_per_acre">50</stem_density>
          <diameter_at_breast_height max="-2" min="-2" unit="inches">12</diameter_at_breast_height>
          <species>
            <species_description>
              <tsn>183365</tsn>
              <relative_cover>90</relative_cover>
            </species_description>
            <species_description>
              <tsn>194855</tsn>
              <relative_cover>10</relative_cover>
            </species_description>
          </species>
        </midstory>
        <understory>
          <percent_cover max="70" min="5" unit="number">10</percent_cover>
          <height max="10" min="1" unit="feet">20</height>
          <height_to_live_crown max="2" min="0" unit="feet">5</height_to_live_crown>
          <stem_density max="500" min="20" unit="number_per_acre">40</stem_density>
          <diameter_at_breast_height max="1" min="0.1" unit="inches">4</diameter_at_breast_height>
          <species>
            <species_description>
              <tsn>194855</tsn>
              <relative_cover>10</relative_cover>
            </species_description>
            <species_description>
              <tsn>183365</tsn>
              <relative_cover>90</relative_cover>
            </species_description>
          </species>
        </understory>
      </trees>
      <snags>
        <class_1_conifers_with_foliage>
          <percent_cover unit="number" />
          <height_to_crown_base unit="feet" />
          <stem_density unit="number_per_acre" />
          <diameter unit="inches" />
          <height unit="feet" />
          <species />
        </class_1_conifers_with_foliage>
        <class_1_all_others>
          <stem_density unit="number_per_acre" />
          <diameter unit="inches" />
          <height unit="feet" />
          <species />
        </class_1_all_others>
        <class_2>
          <stem_density max="-3" min="-3" unit="number_per_acre">4</stem_density>
          <diameter max="-3" min="-3" unit="inches">13</diameter>
          <height max="-3" min="-3" unit="feet">35</height>
          <species>
            <species_description>
              <tsn>183365</tsn>
              <relative_cover>100</relative_cover>
            </species_description>
          </species>
        </class_2>
        <class_3>
          <stem_density max="-3" min="-3" unit="number_per_acre">8</stem_density>
          <diameter max="-3" min="-3" unit="inches">16</diameter>
          <height max="-3" min="-3" unit="feet">35</height>
          <species>
            <species_description>
              <tsn>183365</tsn>
              <relative_cover>100</relative_cover>
            </species_description>
          </species>
        </class_3>
      </snags>
      <ladder_fuels>
        <minimum_height max="-3" min="-3" unit="feet">5</minimum_height>
        <maximum_height max="-3" min="-3" unit="feet">110</maximum_height>
        <is_vertically_contiguous>1</is_vertically_contiguous>
        <type>7</type>
      </ladder_fuels>
    </canopy>
    <shrubs>
      <primary_layer>
        <percent_cover max="70" min="20" unit="number">30</percent_cover>
        <height max="6" min="2" unit="feet">2</height>
        <percent_live max="80" min="40" unit="number">30</percent_live>
        <species>
          <species_description>
            <tsn>28517</tsn>
            <relative_cover>40</relative_cover>
          </species_description>
          <species_description>
            <tsn>25290</tsn>
            <relative_cover>40</relative_cover>
          </species_description>
          <species_description>
            <tsn>24457</tsn>
            <relative_cover>10</relative_cover>
          </species_description>
          <species_description>
            <tsn>35498</tsn>
            <relative_cover>10</relative_cover>
          </species_description>
        </species>
      </primary_layer>
      <secondary_layer>
        <percent_cover unit="number" />
        <height unit="feet" />
        <percent_live unit="number" />
        <species />
      </secondary_layer>
      <needle_drape>
        <is_sufficient_to_affect_fire_behavior>1</is_sufficient_to_affect_fire_behavior>
      </needle_drape>
    </shrubs>
    <herbaceous>
      <primary_layer>
        <percent_cover max="40" min="10" unit="number">20</percent_cover>
        <height max="4" min="1.5" unit="feet">0.6</height>
        <loading max="1" min="0.2" unit="tons_per_acre">0.05</loading>
        <percent_live max="99" min="75" unit="number">90</percent_live>
        <species>
          <species_description>
            <tsn>502264</tsn>
            <relative_cover>25</relative_cover>
          </species_description>
          <species_description>
            <tsn>40816</tsn>
            <relative_cover>45</relative_cover>
          </species_description>
          <species_description>
            <tsn>525109</tsn>
            <relative_cover>15</relative_cover>
          </species_description>
          <species_description>
            <tsn>39786</tsn>
            <relative_cover>15</relative_cover>
          </species_description>
        </species>
      </primary_layer>
      <secondary_layer>
        <percent_cover unit="number" />
        <height unit="feet" />
        <loading unit="tons_per_acre" />
        <percent_live unit="number" />
        <species />
      </secondary_layer>
    </herbaceous>
    <woody_fuel>
      <all_downed_woody_fuel>
        <total_percent_cover max="70" min="30" unit="number">90</total_percent_cover>
        <depth max="5" min="0.5" unit="inches">2</depth>
      </all_downed_woody_fuel>
      <sound_wood>
        <all_sound_wood>
          <species>
            <species_description>
              <tsn>183365</tsn>
              <relative_cover>100.00</relative_cover>
            </species_description>
          </species>
        </all_sound_wood>
        <loadings_zero_to_three_inches>
          <zero_to_quarter_inch max="1" min="0" unit="tons_per_acre">1</zero_to_quarter_inch>
          <quarter_inch_to_one_inch max="1" min="0.1" unit="tons_per_acre">2</quarter_inch_to_one_inch>
          <one_to_three_inches max="4" min="0.7" unit="tons_per_acre">3</one_to_three_inches>
        </loadings_zero_to_three_inches>
        <loadings_greater_than_three_inches>
          <three_to_nine_inches max="0" min="0" unit="tons_per_acre">3</three_to_nine_inches>
          <nine_to_twenty_inches max="0" min="0" unit="tons_per_acre">2.5</nine_to_twenty_inches>
          <greater_than_twenty_inches max="0" min="0" unit="tons_per_acre">0</greater_than_twenty_inches>
        </loadings_greater_than_three_inches>
      </sound_wood>
      <rotten_wood>
        <all_rotten_wood>
          <species>
            <species_description>
              <tsn>183365</tsn>
              <relative_cover>100</relative_cover>
            </species_description>
          </species>
        </all_rotten_wood>
        <loadings_greater_than_three_inches>
          <three_to_nine_inches max="16" min="5" unit="tons_per_acre">3.3</three_to_nine_inches>
          <nine_to_twenty_inches max="24" min="4" unit="tons_per_acre">0</nine_to_twenty_inches>
          <greater_than_twenty_inches max="10" min="0" unit="tons_per_acre">0</greater_than_twenty_inches>
        </loadings_greater_than_three_inches>
      </rotten_wood>
      <stumps>
        <sound>
          <stem_density unit="number_per_acre" />
          <diameter unit="inches" />
          <height unit="feet" />
          <species />
        </sound>
        <rotten>
          <stem_density unit="number_per_acre" />
          <diameter unit="inches" />
          <height unit="feet" />
          <species />
        </rotten>
        <lightered_pitchy>
          <stem_density unit="number_per_acre" />
          <diameter unit="inches" />
          <height unit="feet" />
          <species />
        </lightered_pitchy>
      </stumps>
    </woody_fuel>
    <moss_lichen_litter>
      <moss>
        <type />
        <percent_cover unit="number" />
        <depth unit="inches" />
      </moss>
      <ground_lichen>
        <percent_cover unit="number" />
        <depth unit="inches" />
      </ground_lichen>
      <litter>
        <percent_cover max="100" min="90" unit="number">96</percent_cover>
        <depth max="1.5" min="0.5" unit="inches">1.5</depth>
        <arrangement>1</arrangement>
        <litter_type>
          <short_needle_pine>
            <relative_cover />
          </short_needle_pine>
          <long_needle_pine>
            <relative_cover>80.0</relative_cover>
          </long_needle_pine>
          <other_conifer>
            <relative_cover />
          </other_conifer>
          <broadleaf_deciduous>
            <relative_cover />
          </broadleaf_deciduous>
          <broadleaf_evergreen>
            <relative_cover>10.0</relative_cover>
          </broadleaf_evergreen>
          <palm_frond>
            <relative_cover />
          </palm_frond>
          <grass>
            <relative_cover>10.0</relative_cover>
          </grass>
        </litter_type>
      </litter>
    </moss_lichen_litter>
    <ground_fuel>
      <duff>
        <upper>
          <depth max="1.5" min="0.25" unit="inches">0.4</depth>
          <percent_cover max="70" min="30" unit="number">96</percent_cover>
          <derivation>1</derivation>
        </upper>
        <lower>
          <depth max="1.5" min="0.75" unit="inches">0.2</depth>
          <percent_cover max="70" min="30" unit="number">50</percent_cover>
          <derivation>3</derivation>
        </lower>
      </duff>
      <squirrel_middens>
        <depth unit="inches" />
        <radius unit="feet" />
        <number_per_unit_area unit="number_per_acre" />
      </squirrel_middens>
      <basal_accumulation>
        <depth max="-3" min="-3" unit="inches">6</depth>
        <radius max="-3" min="-3" unit="feet">1.5</radius>
        <number_per_unit_area unit="number_per_acre">0.5</number_per_unit_area>
        <type>1</type>
      </basal_accumulation>
    </ground_fuel>
  </fuelbed>
</FCCS_file>