<FCCS_file xmlns:xsi="http://www.w3.org/2001/XMLSchema-instance" schemaVersion="1.4" xsi:schemaLocation="/conf/\us.fed.fs.fera.fccs.xsd">
  <fuelbed_number>5475</fuelbed_number>
  <fuelbed_name>WSB BG|80+yr</fuelbed_name>
  <fuelbed_description>Wyoming big sagebrush and bunchgrass shrubland. Established over 80 years after prescribed fire or wildfire.</fuelbed_description>
  <ecoregion>340,330</ecoregion>
  <vegetation_form>6</vegetation_form>
  <structural_class />
  <cover_type>199</cover_type>
  <change_agent>18</change_agent>
  <natural_fire_regime>2</natural_fire_regime>
  <condition_class>2</condition_class>
  <user_name />
  <address />
  <affiliation />
  <phone />
  <file_owner_email />
  <notes />
  <date_collected>Jan 15, 2013</date_collected>
  <fuelbed_confidence />
  <fuelbed>
    <canopy>
      <trees>
        <total_percent_cover unit="number" />
        <overstory>
          <percent_cover unit="number" />
          <height unit="feet" />
          <height_to_live_crown unit="feet" />
          <stem_density unit="number_per_acre" />
          <diameter_at_breast_height unit="inches" />
          <species />
        </overstory>
        <midstory>
          <percent_cover unit="number" />
          <height unit="feet" />
          <height_to_live_crown unit="feet" />
          <stem_density unit="number_per_acre" />
          <diameter_at_breast_height unit="inches" />
          <species />
        </midstory>
        <understory>
          <percent_cover unit="number" />
          <height unit="feet" />
          <height_to_live_crown unit="feet" />
          <stem_density unit="number_per_acre" />
          <diameter_at_breast_height unit="inches" />
          <species />
        </understory>
      </trees>
      <snags>
        <class_1_conifers_with_foliage>
          <percent_cover unit="number" />
          <height_to_crown_base unit="feet" />
          <stem_density unit="number_per_acre" />
          <diameter unit="inches" />
          <height unit="feet" />
          <species />
        </class_1_conifers_with_foliage>
        <class_1_all_others>
          <stem_density unit="number_per_acre" />
          <diameter unit="inches" />
          <height unit="feet" />
          <species />
        </class_1_all_others>
        <class_2>
          <stem_density unit="number_per_acre" />
          <diameter unit="inches" />
          <height unit="feet" />
          <species />
        </class_2>
        <class_3>
          <stem_density unit="number_per_acre" />
          <diameter unit="inches" />
          <height unit="feet" />
          <species />
        </class_3>
      </snags>
      <ladder_fuels>
        <minimum_height unit="feet" />
        <maximum_height unit="feet" />
        <is_vertically_contiguous>0</is_vertically_contiguous>
        <type />
      </ladder_fuels>
    </canopy>
    <shrubs>
      <primary_layer>
        <percent_cover max="-3" min="-3" unit="number">50</percent_cover>
        <height max="-3" min="-3" unit="feet">2.5</height>
        <percent_live max="-3" min="-3" unit="number">30</percent_live>
        <species>
          <species_description>
            <tsn>183741</tsn>
            <relative_cover>70.00</relative_cover>
          </species_description>
          <species_description>
            <tsn>37090</tsn>
            <relative_cover>30.00</relative_cover>
          </species_description>
        </species>
      </primary_layer>
      <secondary_layer>
        <percent_cover unit="number" />
        <height unit="feet" />
        <percent_live unit="number" />
        <species />
      </secondary_layer>
      <needle_drape>
        <is_sufficient_to_affect_fire_behavior>0</is_sufficient_to_affect_fire_behavior>
      </needle_drape>
    </shrubs>
    <herbaceous>
      <primary_layer>
        <percent_cover max="-3" min="-3" unit="number">10</percent_cover>
        <height max="-3" min="-3" unit="feet">1.5</height>
        <loading max="-3" min="-3" unit="tons_per_acre">0.15</loading>
        <percent_live max="-3" min="-3" unit="number">75</percent_live>
        <species>
          <species_description>
            <tsn>41103</tsn>
            <relative_cover>50.00</relative_cover>
          </species_description>
          <species_description>
            <tsn>504637</tsn>
            <relative_cover>50.00</relative_cover>
          </species_description>
        </species>
      </primary_layer>
      <secondary_layer>
        <percent_cover unit="number" />
        <height unit="feet" />
        <loading unit="tons_per_acre" />
        <percent_live unit="number" />
        <species />
      </secondary_layer>
    </herbaceous>
    <woody_fuel>
      <all_downed_woody_fuel>
        <total_percent_cover max="-3" min="-3" unit="number">5</total_percent_cover>
        <depth max="-3" min="-3" unit="inches">0.5</depth>
      </all_downed_woody_fuel>
      <sound_wood>
        <all_sound_wood>
          <species>
            <species_description>
              <tsn>183741</tsn>
              <relative_cover>70</relative_cover>
            </species_description>
            <species_description>
              <tsn>37090</tsn>
              <relative_cover>30</relative_cover>
            </species_description>
          </species>
        </all_sound_wood>
        <loadings_zero_to_three_inches>
          <zero_to_quarter_inch max="-3" min="-3" unit="tons_per_acre">0.17</zero_to_quarter_inch>
          <quarter_inch_to_one_inch max="-3" min="-3" unit="tons_per_acre">0.26</quarter_inch_to_one_inch>
          <one_to_three_inches max="-3" min="-3" unit="tons_per_acre">0.01</one_to_three_inches>
        </loadings_zero_to_three_inches>
        <loadings_greater_than_three_inches>
          <three_to_nine_inches unit="tons_per_acre" />
          <nine_to_twenty_inches unit="tons_per_acre" />
          <greater_than_twenty_inches unit="tons_per_acre" />
        </loadings_greater_than_three_inches>
      </sound_wood>
      <rotten_wood>
        <all_rotten_wood>
          <species />
        </all_rotten_wood>
        <loadings_greater_than_three_inches>
          <three_to_nine_inches unit="tons_per_acre" />
          <nine_to_twenty_inches unit="tons_per_acre" />
          <greater_than_twenty_inches unit="tons_per_acre" />
        </loadings_greater_than_three_inches>
      </rotten_wood>
      <stumps>
        <sound>
          <stem_density unit="number_per_acre" />
          <diameter unit="inches" />
          <height unit="feet" />
          <species />
        </sound>
        <rotten>
          <stem_density unit="number_per_acre" />
          <diameter unit="inches" />
          <height unit="feet" />
          <species />
        </rotten>
        <lightered_pitchy>
          <stem_density unit="number_per_acre" />
          <diameter unit="inches" />
          <height unit="feet" />
          <species />
        </lightered_pitchy>
      </stumps>
    </woody_fuel>
    <moss_lichen_litter>
      <moss>
        <type />
        <percent_cover unit="number" />
        <depth unit="inches" />
      </moss>
      <ground_lichen>
        <percent_cover unit="number" />
        <depth unit="inches" />
      </ground_lichen>
      <litter>
        <percent_cover max="-3" min="-3" unit="number">10</percent_cover>
        <depth max="-3" min="-3" unit="inches">1</depth>
        <arrangement>1</arrangement>
        <litter_type>
          <short_needle_pine>
            <relative_cover />
          </short_needle_pine>
          <long_needle_pine>
            <relative_cover />
          </long_needle_pine>
          <other_conifer>
            <relative_cover />
          </other_conifer>
          <broadleaf_deciduous>
            <relative_cover />
          </broadleaf_deciduous>
          <broadleaf_evergreen>
            <relative_cover>40.00</relative_cover>
          </broadleaf_evergreen>
          <palm_frond>
            <relative_cover />
          </palm_frond>
          <grass>
            <relative_cover>60.00</relative_cover>
          </grass>
        </litter_type>
      </litter>
    </moss_lichen_litter>
    <ground_fuel>
      <duff>
        <upper>
          <depth max="-3" min="-3" unit="inches">0.2</depth>
          <percent_cover max="-3" min="-3" unit="number">10</percent_cover>
          <derivation>1</derivation>
        </upper>
        <lower>
          <depth max="-3" min="-3" unit="inches">0.1</depth>
          <percent_cover max="-3" min="-3" unit="number">5</percent_cover>
          <derivation>3</derivation>
        </lower>
      </duff>
      <squirrel_middens>
        <depth unit="inches" />
        <radius unit="feet" />
        <number_per_unit_area unit="number_per_acre" />
      </squirrel_middens>
      <basal_accumulation>
        <depth unit="inches" />
        <radius unit="feet" />
        <number_per_unit_area unit="number_per_acre" />
        <type />
      </basal_accumulation>
    </ground_fuel>
  </fuelbed>
</FCCS_file>